[{"img":"https://www.alcampo.es/media/h0c/h11/10855020527646.jpg","name":"Uvas blancas sin pepitas, cesta 500 g.","price":"2,49 €","offer_price":0,"offer_type":null,"stock":false,"super":"alcampo"},{"img":"https://www.alcampo.es/media/h2b/h17/8891491680286.jpg","name":"Uvas negras sin pepitas, cesta 500 g.","price":"2,49 €","offer_price":0,"offer_type":null,"stock":false,"super":"alcampo"},{"img":"https://www.alcampo.es/media/h9d/hf7/8897732935710.jpg","name":"Ciruela roja, bandeja de 500 g.","price":"3,29 €","offer_price":0,"offer_type":null,"stock":false,"super":"alcampo"},{"img":"https://www.alcampo.es/media/h1f/h80/8893096984606.jpg","name":"Uvas blancas y rojas sin pepitas, cesta de 500 g.","price":"2,99 €","offer_price":0,"offer_type":null,"stock":false,"super":"alcampo"},{"img":"https://www.alcampo.es/media/hbe/h7b/9322186473502.jpg","name":"Ciruelas amarillas, bandeja de 500 gramos","price":"3,98 €","offer_price":0,"offer_type":null,"stock":false,"super":"alcampo"},{"img":"https://www.alcampo.es/media/h2f/h7c/8874088792094.jpg","name":"Nísperos, cesta de 500 gr.","price":"2,29 €","offer_price":0,"offer_type":null,"stock":false,"super":"alcampo"},{"img":"https://www.alcampo.es/media/h7c/hb5/8931298410526.jpg","name":"Nectarinas, bandeja de 600 g.","price":"5,99 €","offer_price":0,"offer_type":null,"stock":false,"super":"alcampo"},{"img":"https://www.alcampo.es/media/hba/h1b/9248153141278.jpg","name":"Melocotones rojos extra, bandeja de 600 g.","price":"5,99 €","offer_price":0,"offer_type":null,"stock":false,"super":"alcampo"},{"img":"https://www.alcampo.es/media/hdb/he3/8930813771806.jpg","name":"Granada, bandeja de 450 g. aprox.","price":"4,99 €","offer_price":0,"offer_type":null,"stock":false,"super":"alcampo"},{"img":"https://www.alcampo.es/media/h38/hdf/8929925136414.jpg","name":"Paraguaya bandeja de 600 g.","price":"6,99 €","offer_price":0,"offer_type":null,"stock":false,"super":"alcampo"},{"img":"https://www.alcampo.es/media/hbe/h62/9236435107870.jpg","name":"Nísperos extra, barqueta de 750 g.","price":"3,99 €","offer_price":0,"offer_type":null,"stock":false,"super":"alcampo"},{"img":"https://www.alcampo.es/media/h6a/h47/8968626077726.jpg","name":"Uvas rojas, cesta de 600 g.","price":"2,59 €","offer_price":0,"offer_type":null,"stock":false,"super":"alcampo"},{"img":"https://www.alcampo.es/media/h79/h2b/8968609693726.jpg","name":"Granadilla bandeja de 200 gramos","price":"2,90 €","offer_price":0,"offer_type":null,"stock":false,"super":"alcampo"},{"img":"https://www.alcampo.es/media/ha7/h16/8931305619486.jpg","name":"Nectarinas amarillas, cesta de 1 kg.","price":"1,59 €","offer_price":0,"offer_type":null,"stock":false,"super":"alcampo"},{"img":"https://www.alcampo.es/media/h37/h2a/9757008035870.jpg","name":"Granada Premium","price":"1,29 €","offer_price":0,"offer_type":null,"stock":false,"super":"alcampo"}]