[{"img":"https://www.alcampo.es/media/h34/h20/9141495332894.jpg","name":"Pera conferencia 1 kg.","price":"1,49 €","offer_price":0,"offer_type":null,"stock":false,"super":"alcampo"},{"img":"https://www.alcampo.es/media/h40/h95/9792513736734.jpg","name":"Manzana Golden bolsa 1,5 kg.","price":"1,64 €","offer_price":0,"offer_type":null,"stock":false,"super":"alcampo"},{"img":"https://www.alcampo.es/media/h0b/h6b/9126044499998.jpg","name":"Manzanas Royal Gala bolsa de 1,5 kg.","price":"1,89 €","offer_price":0,"offer_type":null,"stock":false,"super":"alcampo"},{"img":"https://www.alcampo.es/media/h32/h22/10193721786398.jpg","name":"Manzanas Fuji bolsa de 1,5 kg.","price":"2,29 €","offer_price":0,"offer_type":null,"stock":false,"super":"alcampo"},{"img":"https://www.alcampo.es/media/hb9/hb6/9126126190622.jpg","name":"Manzanas roja bolsa de 1,5 kg.","price":"1,99 €","offer_price":0,"offer_type":null,"stock":false,"super":"alcampo"},{"img":"https://www.alcampo.es/media/hfe/h70/9126037815326.jpg","name":"Manzanas Granny bolsa de 1,5 kg.","price":"1,89 €","offer_price":0,"offer_type":null,"stock":false,"super":"alcampo"},{"img":"https://www.alcampo.es/media/hae/h68/10857347285022.jpg","name":"Manzanas Golden ecológicas 700 g.","price":"2,99 €","offer_price":0,"offer_type":null,"stock":false,"super":"alcampo"},{"img":"https://www.alcampo.es/media/h1a/h41/8888709414942.jpg","name":"Manzanas pink lady 750 g.","price":"3,79 €","offer_price":0,"offer_type":null,"stock":false,"super":"alcampo"},{"img":"https://www.alcampo.es/media/h4c/h36/9141427503134.jpg","name":"Pera blanquilla 1 kg.","price":"1,59 €","offer_price":0,"offer_type":null,"stock":false,"super":"alcampo"},{"img":"https://www.alcampo.es/media/h83/hc3/9769255436318.jpg","name":"Manzanas Golden bandeja","price":"3,23 €","offer_price":0,"offer_type":null,"stock":false,"super":"alcampo"},{"img":"https://www.alcampo.es/media/he1/h58/9769282797598.jpg","name":"Peras conferencia bandeja","price":"3,79 €","offer_price":0,"offer_type":null,"stock":false,"super":"alcampo"},{"img":"https://www.alcampo.es/media/h87/h37/8968586428446.jpg","name":"Pera conferencia ecológica 750 g.","price":"3,59 €","offer_price":0,"offer_type":null,"stock":false,"super":"alcampo"},{"img":"https://www.alcampo.es/media/hac/h84/9126055575582.jpg","name":"Manzanas reinetas bolsa de 1,5 kg.","price":"1,99 €","offer_price":0,"offer_type":null,"stock":false,"super":"alcampo"},{"img":"https://www.alcampo.es/media/h79/h78/8928447365150.jpg","name":"Manzanas Royal ecológicas 800 g.","price":"3,69 €","offer_price":0,"offer_type":null,"stock":false,"super":"alcampo"},{"img":"https://www.alcampo.es/media/hcf/haf/9769300492318.jpg","name":"Peras blanquillas bandeja","price":"2,27 €","offer_price":0,"offer_type":null,"stock":false,"super":"alcampo"},{"img":"https://www.alcampo.es/media/h88/hab/9769298526238.jpg","name":"Manzanas Fuji bandeja","price":"3,79 €","offer_price":0,"offer_type":null,"stock":false,"super":"alcampo"},{"img":"https://www.alcampo.es/media/h43/h56/9126034735134.jpg","name":"Manzanas Gala ALCAMPO PRODUCCION CONTROLADA bandeja 4 uds","price":"2,29 €","offer_price":0,"offer_type":null,"stock":false,"super":"alcampo"},{"img":"https://www.alcampo.es/media/h18/ha8/8959775965214.jpg","name":"Manzana lavada y cortada FLORETTE 80 gramos","price":"0,72 €","offer_price":0,"offer_type":null,"stock":false,"super":"alcampo"},{"img":"https://www.alcampo.es/media/h9b/hb8/9444279058462.jpg","name":"Manzanas Cripps Pink bolsa 1,5 kg.","price":"2,49 €","offer_price":0,"offer_type":null,"stock":false,"super":"alcampo"},{"img":"https://www.alcampo.es/media/h8b/h91/9769290006558.jpg","name":"Manzanas Ambrosia bandeja ","price":"4,29 €","offer_price":0,"offer_type":null,"stock":false,"super":"alcampo"},{"img":"https://www.alcampo.es/media/he1/h9b/9155604676638.jpg","name":"Manzanas rojas de agricultura ecológica IBERECO 700 gr.","price":"3,29 €","offer_price":0,"offer_type":null,"stock":false,"super":"alcampo"},{"img":"https://www.alcampo.es/media/h42/h39/9388428918814.jpg","name":"Manzanas Granny Smith ALCAMPO PRODUCCION CONTROLADA 750 g.","price":"2,69 €","offer_price":0,"offer_type":null,"stock":false,"super":"alcampo"},{"img":"https://www.alcampo.es/media/hd0/h12/9291597676574.jpg","name":"Pera ercolina 1 kilogramo","price":"2,59 €","offer_price":0,"offer_type":null,"stock":false,"super":"alcampo"},{"img":"https://www.alcampo.es/media/h0f/h71/9769254617118.jpg","name":"Manzanas reineta gris bandeja","price":"3,41 €","offer_price":0,"offer_type":null,"stock":false,"super":"alcampo"},{"img":"https://www.alcampo.es/media/hff/h8f/9141472133150.jpg","name":"Pera ercolina WAY FRUIT 600 gr.","price":"2,29 €","offer_price":0,"offer_type":null,"stock":false,"super":"alcampo"},{"img":"https://www.alcampo.es/media/he4/hb5/9151057854494.jpg","name":"Manzana Fuji ALCAMPO PRODUCCIÓN CONTROLADA bandeja 4 uds. 900 g.","price":"3,39 €","offer_price":0,"offer_type":null,"stock":false,"super":"alcampo"},{"img":"https://www.alcampo.es/media/hd3/h5c/9769290989598.jpg","name":"Manzanas Grany bandeja ","price":"3,79 €","offer_price":0,"offer_type":null,"stock":false,"super":"alcampo"},{"img":"https://www.alcampo.es/media/h77/h6a/9769251995678.jpg","name":"Manzanas Royal Gala bandeja","price":"3,23 €","offer_price":0,"offer_type":null,"stock":false,"super":"alcampo"},{"img":"https://www.alcampo.es/media/h4d/h2a/9769267167262.jpg","name":"Manzanas Kanzi bandeja ","price":"3,99 €","offer_price":0,"offer_type":null,"stock":false,"super":"alcampo"},{"img":"https://www.alcampo.es/media/hf6/h50/9769282469918.jpg","name":"Manzanas reinetas verdes bandeja","price":"3,23 €","offer_price":0,"offer_type":null,"stock":false,"super":"alcampo"},{"img":"https://www.alcampo.es/media/hd6/h69/9565594943518.jpg","name":"Manzanas evelinas bandeja 750 g.","price":"2,69 €","offer_price":0,"offer_type":null,"stock":false,"super":"alcampo"}]