[{"img":"https://www.alcampo.es/media/h99/h6b/8901208965150.jpg","name":"Naranjas de zumo malla 2 kg.","price":"1,89 €","offer_price":0,"offer_type":null,"stock":false,"super":"alcampo"},{"img":"https://www.alcampo.es/media/hc1/h03/9060692525086.jpg","name":"Naranja de zumo ALCAMPO PRODUCCIÓN CONTROLADA malla de 4 kg.","price":"3,99 €","offer_price":0,"offer_type":null,"stock":false,"super":"alcampo"},{"img":"https://www.alcampo.es/media/hd3/hfc/8939961745438.jpg","name":"Límón ALCAMPO PRODUCCIÓN CONTROLADA malla 1 kg.","price":"1,99 €","offer_price":0,"offer_type":null,"stock":false,"super":"alcampo"},{"img":"https://www.alcampo.es/media/h9e/hce/8899596255262.jpg","name":"Limones 750 g.","price":"0,99 €","offer_price":0,"offer_type":null,"stock":false,"super":"alcampo"},{"img":"https://www.alcampo.es/media/h49/hc5/9141494186014.jpg","name":"Mandarinas 1 kilogramo","price":"0,99 €","offer_price":0,"offer_type":null,"stock":false,"super":"alcampo"},{"img":"https://www.alcampo.es/media/h6c/h3d/8968484454430.jpg","name":"Mandarinas AUCHAN PRODUCCIÓN CONTROLADA 1,5 kg.","price":"2,49 €","offer_price":0,"offer_type":null,"stock":false,"super":"alcampo"},{"img":"https://www.alcampo.es/media/he0/h92/8901138907166.jpg","name":"Naranjas de mesa ALCAMPO PRODUCCIÓN CONTROLADA malla de 3 kg.","price":"3,29 €","offer_price":0,"offer_type":null,"stock":false,"super":"alcampo"},{"img":"https://www.alcampo.es/media/ha9/h01/8934899613726.jpg","name":"Naranjas de mesa, malla 2 kg.","price":"2,77 €","offer_price":0,"offer_type":null,"stock":false,"super":"alcampo"},{"img":"https://www.alcampo.es/media/hdc/hf8/8901390172190.jpg","name":"Limón 500 g.","price":"1,29 €","offer_price":0,"offer_type":null,"stock":false,"super":"alcampo"},{"img":"https://www.alcampo.es/media/he0/hd9/9036434276382.jpg","name":"Mandarinas malla 1 kg.","price":"3,19 €","offer_price":0,"offer_type":null,"stock":false,"super":"alcampo"},{"img":"https://www.alcampo.es/media/he0/hf9/8971147149342.jpg","name":"Naranjas de mesa ecológicas 1 kg.","price":"1,99 €","offer_price":0,"offer_type":null,"stock":false,"super":"alcampo"},{"img":"https://www.alcampo.es/media/h37/hc1/9756993716254.jpg","name":"Clementinas sin pepitas 900 g.","price":"2,89 €","offer_price":0,"offer_type":null,"stock":false,"super":"alcampo"},{"img":"https://www.alcampo.es/media/hc9/h44/8961586823198.jpg","name":"Naranjas de zumo malla 5 kg.","price":"8,99 €","offer_price":0,"offer_type":null,"stock":false,"super":"alcampo"},{"img":"https://www.alcampo.es/media/h99/h60/9322156785694.jpg","name":"Limas, bandeja de 500 gramos","price":"3,29 €","offer_price":0,"offer_type":null,"stock":false,"super":"alcampo"},{"img":"https://www.alcampo.es/media/h3d/hf1/10358784655390.jpg","name":"Zumo de naranja natural, recién exprimido ALCAMPO PRODUCCIÓN CONTROLADA 1 l.","price":"3,69 €","offer_price":0,"offer_type":null,"stock":false,"super":"alcampo"},{"img":"https://www.alcampo.es/media/h29/h50/8968557854750.jpg","name":"Naranjas de mesa 3 kg.","price":"3,99 €","offer_price":0,"offer_type":null,"stock":false,"super":"alcampo"},{"img":"https://www.alcampo.es/media/h3d/h9c/8968596095006.jpg","name":"Mandarina de zumo 2 kg","price":"2,39 €","offer_price":0,"offer_type":null,"stock":false,"super":"alcampo"},{"img":"https://www.alcampo.es/media/h7c/h62/8968614445086.jpg","name":"Limón BIO bandeja 600 g..","price":"2,19 €","offer_price":0,"offer_type":null,"stock":false,"super":"alcampo"},{"img":"https://www.alcampo.es/media/h8a/ha1/8968637710366.jpg","name":"Mandarina ecológica bandeja 650 g.","price":"1,99 €","offer_price":0,"offer_type":null,"stock":false,"super":"alcampo"},{"img":"https://www.alcampo.es/media/hab/hc0/8934904397854.jpg","name":"Pomelo rojo, bandeja de 1 kilogramo","price":"2,99 €","offer_price":0,"offer_type":null,"stock":false,"super":"alcampo"},{"img":"https://www.alcampo.es/media/h73/h3e/8896911867934.jpg","name":"Mandarinas caja 2,3 kg.","price":"3,99 €","offer_price":0,"offer_type":null,"stock":false,"super":"alcampo"},{"img":"https://www.alcampo.es/media/h1b/h36/9565593468958.jpg","name":"Mandarinas bandeja 750 g.","price":"3,89 €","offer_price":0,"offer_type":null,"stock":false,"super":"alcampo"},{"img":"https://www.alcampo.es/media/h9a/hbd/10358789767198.jpg","name":"Zumo de naranja natural ALCAMPO PRODUCCIÓN CONTROLADA 500 ml.","price":"2,29 €","offer_price":0,"offer_type":null,"stock":false,"super":"alcampo"},{"img":"https://www.alcampo.es/media/h95/h55/9481146138654.jpg","name":"Naranjas de zumo Sanguina ALCAMPO PRODUCCIÓN CONTROLADA malla 1 kg.","price":"1,99 €","offer_price":0,"offer_type":null,"stock":false,"super":"alcampo"},{"img":"https://www.alcampo.es/media/hc5/h8d/9236460208158.jpg","name":"Pomelos rojos ecológicos 800 g.","price":"2,59 €","offer_price":0,"offer_type":null,"stock":false,"super":"alcampo"},{"img":"https://www.alcampo.es/media/ha7/hcf/10559535022110.jpg","name":"Pomelo mesa ud","price":"3,29 €","offer_price":0,"offer_type":null,"stock":false,"super":"alcampo"},{"img":"https://www.alcampo.es/media/hd8/h16/10482249433118.jpg","name":"Zumo fresco de naranja VEGUICIA 1 l.","price":"2,99 €","offer_price":0,"offer_type":null,"stock":false,"super":"alcampo"},{"img":"https://www.alcampo.es/media/hcc/hf5/8934898303006.jpg","name":"Pomelo amarillo, bandeja de 1 kilogramo","price":"3,79 €","offer_price":0,"offer_type":null,"stock":false,"super":"alcampo"}]