[{"img":"https://www.alcampo.es/media/h0c/h2b/8928512147486.jpg","name":"Plátano Canario extra bolsa","price":"1,89 €","offer_price":0,"offer_type":null,"stock":false,"super":"alcampo"},{"img":"https://www.alcampo.es/media/h95/hc3/9060728307742.jpg","name":"Banana FRUTA","price":"0,94 €","offer_price":0,"offer_type":null,"stock":false,"super":"alcampo"},{"img":"https://www.alcampo.es/media/h82/hd5/9304047878174.jpg","name":"Plátano de Canarias (Indicación Geográfica Protegida) ALCAMPO PRODUCCIÓN CONTROLADA bandeja 700 g.","price":"1,65 €","offer_price":0,"offer_type":null,"stock":false,"super":"alcampo"},{"img":"https://www.alcampo.es/media/he2/hde/8931309387806.jpg","name":"Plátanos ecológicos bandeja de 800 g.","price":"2,29 €","offer_price":0,"offer_type":null,"stock":false,"super":"alcampo"},{"img":"https://www.alcampo.es/media/ha3/h83/9232416079902.jpg","name":"Plátanos maduros de Canarias ","price":"1,75 €","offer_price":0,"offer_type":null,"stock":false,"super":"alcampo"},{"img":"https://www.alcampo.es/media/h3e/h7f/8928533774366.jpg","name":"Bananas, Comercio Justo","price":"1,89 €","offer_price":0,"offer_type":null,"stock":false,"super":"alcampo"},{"img":"https://www.alcampo.es/media/h9f/h0c/8934899286046.jpg","name":"Plátano macho 600 gramos","price":"1,99 €","offer_price":0,"offer_type":null,"stock":false,"super":"alcampo"},{"img":"https://www.alcampo.es/media/h8c/h28/9253642534942.jpg","name":"Plátano bandeja ","price":"2,49 €","offer_price":0,"offer_type":null,"stock":false,"super":"alcampo"},{"img":"https://www.alcampo.es/media/h6d/hdc/9653919121438.jpg","name":"Plátano rojo ALCAMPO PRODUCCIÓN CONTROLADA bandeja 700 g.","price":"3,29 €","offer_price":0,"offer_type":null,"stock":false,"super":"alcampo"},{"img":"https://www.alcampo.es/media/h75/hc8/9570949988382.jpg","name":"Bananas ecológicas ","price":"2,99 €","offer_price":0,"offer_type":null,"stock":false,"super":"alcampo"},{"img":"https://www.alcampo.es/media/hb7/h30/8968579383326.jpg","name":"Plátano baby barqueta 250 gramos","price":"2,49 €","offer_price":0,"offer_type":null,"stock":false,"super":"alcampo"}]