[{"img":"https://www.alcampo.es/media/h97/had/9283789979678.jpg","name":"Melón de autor Gran Selección","price":"5,73 €","offer_price":0,"offer_type":null,"stock":false,"super":"alcampo"},{"img":"https://www.alcampo.es/media/h9a/hcc/9144376524830.jpg","name":"Melón verde","price":"10,75 €","offer_price":0,"offer_type":null,"stock":false,"super":"alcampo"},{"img":"https://www.alcampo.es/media/h66/hb7/8928450314270.jpg","name":"Melón galia","price":"3,35 €","offer_price":0,"offer_type":null,"stock":false,"super":"alcampo"},{"img":"https://www.alcampo.es/media/h3f/ha5/8928476397598.jpg","name":"Melón cantaloup","price":"3,63 €","offer_price":0,"offer_type":null,"stock":false,"super":"alcampo"},{"img":"https://www.alcampo.es/media/h6a/ha4/9279173066782.gif","name":"Melón amarillo SERI","price":"8,45 €","offer_price":0,"offer_type":null,"stock":false,"super":"alcampo"},{"img":"https://www.alcampo.es/media/h2e/he1/9527017242654.jpg","name":"Sandía Foodie","price":"13,74 €","offer_price":0,"offer_type":null,"stock":false,"super":"alcampo"},{"img":"https://www.alcampo.es/media/hda/h75/8900216356894.jpg","name":"Sandía rayada sin pepitas","price":"6,54 €","offer_price":0,"offer_type":null,"stock":false,"super":"alcampo"},{"img":"https://www.alcampo.es/media/hc5/h42/9971561693214.jpg","name":"Melón piel sapo troceado FRUTIFRESH 400 g.","price":"2,10 €","offer_price":0,"offer_type":null,"stock":false,"super":"alcampo"},{"img":"https://www.alcampo.es/media/h31/h07/9519070117918.jpg","name":"Sandía","price":"16,36 €","offer_price":0,"offer_type":null,"stock":false,"super":"alcampo"},{"img":"https://www.alcampo.es/media/hb1/h49/10202937327646.jpg","name":"Melón de autor cortado","price":"9,16 €","offer_price":0,"offer_type":null,"stock":false,"super":"alcampo"},{"img":"https://www.alcampo.es/media/h55/h3d/10202924318750.jpg","name":"Sandía Foodie cortada ","price":"7,96 €","offer_price":0,"offer_type":null,"stock":false,"super":"alcampo"},{"img":"https://www.alcampo.es/media/h6f/h7a/9259358191646.jpg","name":"Melón blanco","price":"2,97 €","offer_price":0,"offer_type":null,"stock":false,"super":"alcampo"},{"img":"https://www.alcampo.es/media/h50/h79/8900064968734.jpg","name":"Sandía mini rayada baja en pepitas","price":"3,99 €","offer_price":0,"offer_type":null,"stock":false,"super":"alcampo"},{"img":"https://www.alcampo.es/media/h11/h98/9519771910174.jpg","name":"Melón Mochuelo tradicional de Madrid","price":"8,94 €","offer_price":0,"offer_type":null,"stock":false,"super":"alcampo"},{"img":"https://www.alcampo.es/media/hb7/hc2/9519753429022.jpg","name":"Melón Azul de Madrid","price":"10,14 €","offer_price":0,"offer_type":null,"stock":false,"super":"alcampo"}]