[{"img":"https://www.alcampo.es/media/hee/he4/9804673122334.jpg","name":"Aguacate malla de 500 g","price":"2,29 €","offer_price":0,"offer_type":null,"stock":false,"super":"alcampo"},{"img":"https://www.alcampo.es/media/h11/h79/10110962860062.jpg","name":"Kiwis ZESPRI GREEN 4 uds. 450 g.","price":"2,69 €","offer_price":0,"offer_type":null,"stock":false,"super":"alcampo"},{"img":"https://www.alcampo.es/media/h58/hf6/8898777907230.jpg","name":"Kiwis 1 kg.","price":"2,62 €","offer_price":0,"offer_type":null,"stock":false,"super":"alcampo"},{"img":"https://www.alcampo.es/media/h5a/h7f/9141446639646.jpg","name":"Piña entera por piezas","price":"1,60 €","offer_price":0,"offer_type":null,"stock":false,"super":"alcampo"},{"img":"https://www.alcampo.es/media/h1b/hd4/8968571486238.jpg","name":"Aguacate 1 pieza","price":"2,89 €","offer_price":0,"offer_type":null,"stock":false,"super":"alcampo"},{"img":"https://www.alcampo.es/media/h2f/h67/8928498712606.jpg","name":"Aguacate maduro 500 g.","price":"4,29 €","offer_price":0,"offer_type":null,"stock":false,"super":"alcampo"},{"img":"https://www.alcampo.es/media/hee/h20/8890964770846.jpg","name":"Kiwis ALCAMPO PRODUCCIÓN CONTROLADA 600 g. aprox.","price":"3,19 €","offer_price":0,"offer_type":null,"stock":false,"super":"alcampo"},{"img":"https://www.alcampo.es/media/hf8/hc1/9311006162974.jpg","name":"Kiwis ecológicos 600 g.","price":"2,69 €","offer_price":0,"offer_type":null,"stock":false,"super":"alcampo"},{"img":"https://www.alcampo.es/media/h10/hb1/9141449981982.jpg","name":"Mango 1 pieza","price":"4,59 €","offer_price":0,"offer_type":null,"stock":false,"super":"alcampo"},{"img":"https://www.alcampo.es/media/hb8/hed/8899859382302.jpg","name":"Coco 1 unidad","price":"1,19 €","offer_price":0,"offer_type":null,"stock":false,"super":"alcampo"},{"img":"https://www.alcampo.es/media/hf7/hed/9141463580702.jpg","name":"Papaya madura 650 g.","price":"3,79 €","offer_price":0,"offer_type":null,"stock":false,"super":"alcampo"},{"img":"https://www.alcampo.es/media/hb0/h43/9141476851742.jpg","name":"Piña entera","price":"3,58 €","offer_price":0,"offer_type":null,"stock":false,"super":"alcampo"},{"img":"https://www.alcampo.es/media/h3f/h1b/8968483799070.jpg","name":"Chirimoyas 1kilogramo","price":"2,89 €","offer_price":0,"offer_type":null,"stock":false,"super":"alcampo"},{"img":"https://www.alcampo.es/media/h8b/h0d/9322171269150.jpg","name":"Piña cortada FRUJUCA 420 g.","price":"2,69 €","offer_price":0,"offer_type":null,"stock":false,"super":"alcampo"},{"img":"https://www.alcampo.es/media/ha3/h65/9141454864414.jpg","name":"Papayón maduro 1 pz.","price":"6,99 €","offer_price":0,"offer_type":null,"stock":false,"super":"alcampo"},{"img":"https://www.alcampo.es/media/h73/hac/8890934427678.jpg","name":"Fruta de la Pasión 250 gramos","price":"2,89 €","offer_price":0,"offer_type":null,"stock":false,"super":"alcampo"},{"img":"https://www.alcampo.es/media/ha9/hc3/9025345290270.jpg","name":"Physalis Alquenquenje ESSENCIA del Trópico 100 gr.","price":"1,29 €","offer_price":0,"offer_type":null,"stock":false,"super":"alcampo"},{"img":"https://www.alcampo.es/media/h77/h94/9141422161950.jpg","name":"Maracuyá bandeja de 300 gramos.","price":"3,59 €","offer_price":0,"offer_type":null,"stock":false,"super":"alcampo"},{"img":"https://www.alcampo.es/media/hb1/h93/8971298996254.jpg","name":"Tamarindo 150 gramos","price":"1,89 €","offer_price":0,"offer_type":null,"stock":false,"super":"alcampo"},{"img":"https://www.alcampo.es/media/h9a/h68/9391391440926.jpg","name":"Coco ecológico 400 g.","price":"1,49 €","offer_price":0,"offer_type":null,"stock":false,"super":"alcampo"},{"img":"https://www.alcampo.es/media/h51/hdb/9257236299806.jpg","name":"Papayón cortado","price":"1,50 €","offer_price":0,"offer_type":null,"stock":false,"super":"alcampo"},{"img":"https://www.alcampo.es/media/hc1/h19/9141443624990.jpg","name":"Kumquat bandeja de 300 gramos","price":"3,99 €","offer_price":0,"offer_type":null,"stock":false,"super":"alcampo"},{"img":"https://www.alcampo.es/media/hf6/hc0/9291581521950.jpg","name":"Piña 1 unidad","price":"3,39 €","offer_price":0,"offer_type":null,"stock":false,"super":"alcampo"},{"img":"https://www.alcampo.es/media/ha3/h61/9591097065502.jpg","name":"Coco de agua ","price":"2,43 €","offer_price":0,"offer_type":null,"stock":false,"super":"alcampo"},{"img":"https://www.alcampo.es/media/h54/h81/9216413433886.jpg","name":"Kiwis astur 1 kg","price":"2,39 €","offer_price":0,"offer_type":null,"stock":false,"super":"alcampo"},{"img":"https://www.alcampo.es/media/h2f/h6a/8971303911454.jpg","name":"Tamarillo 400 gramos","price":"5,99 €","offer_price":0,"offer_type":null,"stock":false,"super":"alcampo"},{"img":"https://www.alcampo.es/media/h1a/h96/9186546057246.jpg","name":"Coco de agua, unidad","price":"3,19 €","offer_price":0,"offer_type":null,"stock":false,"super":"alcampo"},{"img":"https://www.alcampo.es/media/h66/he3/10138572062750.jpg","name":"Lichis 250 g.","price":"1,99 €","offer_price":0,"offer_type":null,"stock":false,"super":"alcampo"},{"img":"https://www.alcampo.es/media/hdc/h58/9260111233054.jpg","name":"Kiwi Zespri Sungold 2 uds 250 g.","price":"2,19 €","offer_price":0,"offer_type":null,"stock":false,"super":"alcampo"}]