[{"img":"https://www.alcampo.es/media/h19/hae/10284829966366.jpg","name":"Queso azul PRODUCTO ALCAMPO 100 g.","price":"1,04 €","offer_price":0,"offer_type":null,"stock":false,"super":"alcampo"},{"img":"https://www.alcampo.es/media/h2c/hb2/10033700929566.jpg","name":"Queso azul GRAN BAVARESE 100 g.","price":"1,45 €","offer_price":0,"offer_type":null,"stock":false,"super":"alcampo"},{"img":"https://www.alcampo.es/media/hab/h2f/9355352408094.jpg","name":"Queso azul RENY PICOT 100 g.","price":"1,24 €","offer_price":0,"offer_type":null,"stock":false,"super":"alcampo"},{"img":"https://www.alcampo.es/media/hbb/hf0/8890650394654.jpg","name":"Queso azul BERGADER 350 g.","price":"3,69 €","offer_price":0,"offer_type":null,"stock":false,"super":"alcampo"},{"img":"https://www.alcampo.es/media/h40/h64/9474778693662.jpg","name":"Queso azul BERGADER 100 g.","price":"1,75 €","offer_price":0,"offer_type":null,"stock":false,"super":"alcampo"},{"img":"https://www.alcampo.es/media/hd5/hb3/8899877208094.jpg","name":"Queso azul QUESO DE VALDEON 100 g.","price":"1,68 €","offer_price":0,"offer_type":null,"stock":false,"super":"alcampo"},{"img":"https://www.alcampo.es/media/h19/hdd/9151085740062.jpg","name":"Queso azul BAVARIA BLUE 150 g.","price":"2,59 €","offer_price":0,"offer_type":null,"stock":false,"super":"alcampo"},{"img":"https://www.alcampo.es/media/h13/h50/9543222067230.jpg","name":"Queso azul PEÑASANTA 125 g.","price":"2,09 €","offer_price":0,"offer_type":null,"stock":false,"super":"alcampo"},{"img":"https://www.alcampo.es/media/h43/h65/10826970497054.jpg","name":"Queso azul en lonchas LAZUR 100 g.","price":"1,79 €","offer_price":0,"offer_type":null,"stock":false,"super":"alcampo"},{"img":"https://www.alcampo.es/media/h53/h2b/9173321056286.jpg","name":"Queso azul TGT","price":"3,29 €","offer_price":0,"offer_type":null,"stock":false,"super":"alcampo"},{"img":"https://www.alcampo.es/media/h7c/hfc/10240575176734.jpg","name":"Queso Roncari azul TGT 100 g.","price":"1,85 €","offer_price":0,"offer_type":null,"stock":false,"super":"alcampo"},{"img":"https://www.alcampo.es/media/h18/he1/10834194137118.jpg","name":"Queso azul cremoso ENTREMONT 125 g.","price":"1,86 €","offer_price":0,"offer_type":null,"stock":false,"super":"alcampo"},{"img":"https://www.alcampo.es/media/h5a/hb8/8882543001630.jpg","name":"Queso azul CAMBOZOLA 150 g.","price":"2,98 €","offer_price":0,"offer_type":null,"stock":false,"super":"alcampo"},{"img":"https://www.alcampo.es/media/h1c/hf9/10406085918750.jpg","name":"Queso Francés Fourme D´Ambert ENTREMONT 150 g.","price":"2,82 €","offer_price":0,"offer_type":null,"stock":false,"super":"alcampo"},{"img":"https://www.alcampo.es/media/hb8/hc6/9133937033246.jpg","name":"Queso roquefort PAPILLON 100 g.","price":"2,79 €","offer_price":0,"offer_type":null,"stock":false,"super":"alcampo"},{"img":"https://www.alcampo.es/media/h46/he9/8900225728542.jpg","name":"Queso roquefort PRODUCTO ALCAMPO 100 g.","price":"1,44 €","offer_price":0,"offer_type":null,"stock":false,"super":"alcampo"},{"img":"https://www.alcampo.es/media/h1a/hb6/8930074853406.jpg","name":"Queso roquefort SOCIÉTÉ 100 g.","price":"2,56 €","offer_price":0,"offer_type":null,"stock":false,"super":"alcampo"},{"img":"https://www.alcampo.es/media/h3a/h04/9302371860510.jpg","name":"Queso en porciones roquefort PRODUCTO ALCAMPO 4 uds.","price":"1,79 €","offer_price":0,"offer_type":null,"stock":false,"super":"alcampo"},{"img":"https://www.alcampo.es/media/h29/hdb/9302385360926.jpg","name":"Queso en porciones roquefort SOCIÉTÉ 4 uds.","price":"2,49 €","offer_price":0,"offer_type":null,"stock":false,"super":"alcampo"},{"img":"https://www.alcampo.es/media/h7c/hf7/10801843044382.jpg","name":"Queso Francés Roquefort ENTREMONT 100 g.","price":"2,63 €","offer_price":0,"offer_type":null,"stock":false,"super":"alcampo"},{"img":"https://www.alcampo.es/media/he0/h3d/8876734611486.jpg","name":"Queso Roquefort ALCAMPO GOURMET 150 g.","price":"2,69 €","offer_price":0,"offer_type":null,"stock":false,"super":"alcampo"},{"img":"https://www.alcampo.es/media/h9a/h20/8952654823454.jpg","name":"Roquefort ALCAMPO ECOLÓGICO 100 g.","price":"2,29 €","offer_price":0,"offer_type":null,"stock":false,"super":"alcampo"},{"img":"https://www.alcampo.es/media/h08/hde/8897251967006.jpg","name":"Queso Roquefort ecológico en cuña PAPILLON 100 g.","price":"3,81 €","offer_price":0,"offer_type":null,"stock":false,"super":"alcampo"},{"img":"https://www.alcampo.es/media/hb8/hc6/9133937033246.jpg","name":"Queso roquefort PAPILLON 100 g.","price":"2,79 €","offer_price":0,"offer_type":null,"stock":false,"super":"alcampo"}]