[{"img":"https://www.alcampo.es/media/hfb/h92/8897756856350.jpg","name":"Queso brie PRODUCTO ALCAMPO 200 g.","price":"1,09 €","offer_price":0,"offer_type":null,"stock":false,"super":"alcampo"},{"img":"https://www.alcampo.es/media/h36/h53/9605498372126.jpg","name":"Queso brie PRÉSIDENT 200 g.","price":"2,64 €","offer_price":0,"offer_type":null,"stock":false,"super":"alcampo"},{"img":"https://www.alcampo.es/media/hdf/h6f/9605485723678.jpg","name":"Queso Birie liht PRESIDENT 200 g.","price":"2,69 €","offer_price":0,"offer_type":null,"stock":false,"super":"alcampo"},{"img":"https://www.alcampo.es/media/h62/h1a/8887352360990.jpg","name":"Queso brie TGT","price":"2,74 €","offer_price":0,"offer_type":null,"stock":false,"super":"alcampo"},{"img":"https://www.alcampo.es/media/h86/he0/8899815473182.jpg","name":"Queso brie PRÉSIDENT 500 g.","price":"5,95 €","offer_price":0,"offer_type":null,"stock":false,"super":"alcampo"},{"img":"https://www.alcampo.es/media/h36/h58/10772146815006.jpg","name":"Queso Brie CREMIERE DE FRANCE 200 g.","price":"2,50 €","offer_price":0,"offer_type":null,"stock":false,"super":"alcampo"},{"img":"https://www.alcampo.es/media/h06/h53/8895147278366.jpg","name":"Queso brie ERMITAGE 500 g.","price":"5,55 €","offer_price":0,"offer_type":null,"stock":false,"super":"alcampo"},{"img":"https://www.alcampo.es/media/hd4/h04/9226295738398.jpg","name":"Queso Brié PRESIDENT","price":"2,57 €","offer_price":0,"offer_type":null,"stock":false,"super":"alcampo"},{"img":"https://www.alcampo.es/media/h24/h98/9146682802206.jpg","name":"Queso brié en lonchas LE RUSTIQUE 125 g.","price":"2,49 €","offer_price":0,"offer_type":null,"stock":false,"super":"alcampo"},{"img":"https://www.alcampo.es/media/he3/hd0/10826969251870.jpg","name":"Queso brie PRESTIGE 125 g.","price":"1,95 €","offer_price":0,"offer_type":null,"stock":false,"super":"alcampo"},{"img":"https://www.alcampo.es/media/hfc/hfd/8897623228446.jpg","name":"Queso camembert PRODUCTO ALCAMPO 250 g.","price":"1,29 €","offer_price":0,"offer_type":null,"stock":false,"super":"alcampo"},{"img":"https://www.alcampo.es/media/h2c/hb7/8898623078430.jpg","name":"Queso camembert LE RUSTIQUE 250 g.","price":"3,45 €","offer_price":0,"offer_type":null,"stock":false,"super":"alcampo"},{"img":"https://www.alcampo.es/media/he6/h48/9465781813278.jpg","name":"Queso en porciones Camembert PRÉSIDENT 8 uds.","price":"3,47 €","offer_price":0,"offer_type":null,"stock":false,"super":"alcampo"},{"img":"https://www.alcampo.es/media/heb/h1a/9220059496478.jpg","name":"Queso Camembert PRÉSIDENT 250 g.","price":"3,71 €","offer_price":0,"offer_type":null,"stock":false,"super":"alcampo"},{"img":"https://www.alcampo.es/media/h07/h91/10247894335518.jpg","name":"Queso Camembert PRODUCTO ECONÓMICO ALCAMPO 240 g.","price":"1,19 €","offer_price":0,"offer_type":null,"stock":false,"super":"alcampo"},{"img":"https://www.alcampo.es/media/h69/h4a/8877966163998.jpg","name":"Queso en porciones camembert RENY PICOT 8 uds.","price":"2,98 €","offer_price":0,"offer_type":null,"stock":false,"super":"alcampo"},{"img":"https://www.alcampo.es/media/h72/h62/8897184530462.jpg","name":"Queso camembert LE PÈRE ANDRÉ 250 g.","price":"2,69 €","offer_price":0,"offer_type":null,"stock":false,"super":"alcampo"},{"img":"https://www.alcampo.es/media/h1f/h72/10834242306078.jpg","name":"Queso camembert GRAND FERMAGE 125 g.","price":"1,59 €","offer_price":0,"offer_type":null,"stock":false,"super":"alcampo"},{"img":"https://www.alcampo.es/media/h46/h85/9419744444446.jpg","name":"Pérail oveja PAPILLON 100 g.","price":"3,29 €","offer_price":0,"offer_type":null,"stock":false,"super":"alcampo"}]