[{"img":"https://www.alcampo.es/media/h42/h6a/10292680425502.jpg","name":"Queso de untar natural PRODUCTO ALCAMPO 300 g.","price":"0,84 €","offer_price":0,"offer_type":null,"stock":false,"super":"alcampo"},{"img":"https://www.alcampo.es/media/h0f/h5b/10826941366302.jpg","name":"Queso de untar formato familiar PHILADELPHIA Original 350 g.","price":"2,69 €","offer_price":0,"offer_type":null,"stock":false,"super":"alcampo"},{"img":"https://www.alcampo.es/media/h2a/h75/10445121749022.jpg","name":"Queso de untar formato ahorro PHILADELPHIA 2 x 250 g.","price":"3,84 €","offer_price":0,"offer_type":null,"stock":false,"super":"alcampo"},{"img":"https://www.alcampo.es/media/h91/h45/10826886676510.jpg","name":"Queso de untar light formato familiar PHILADELPHIA LIGHT 350 g.","price":"2,69 €","offer_price":0,"offer_type":null,"stock":false,"super":"alcampo"},{"img":"https://www.alcampo.es/media/hbe/h6f/10245496012830.jpg","name":"Queso de untar light natural PRODUCTO ALCAMPO 300 g.","price":"0,84 €","offer_price":0,"offer_type":null,"stock":false,"super":"alcampo"},{"img":"https://www.alcampo.es/media/hde/h3b/10826953588766.jpg","name":"Queso de untar sin lactosa PHILADELPHIA 150 g.","price":"1,85 €","offer_price":0,"offer_type":null,"stock":false,"super":"alcampo"},{"img":"https://www.alcampo.es/media/h97/h76/10445218480158.jpg","name":"Queso de untar light formato ahorro PHILADELPHIA 2 x 250 g.","price":"3,84 €","offer_price":0,"offer_type":null,"stock":false,"super":"alcampo"},{"img":"https://www.alcampo.es/media/h59/h6a/10569148792862.jpg","name":"Queso de untar natural PRODUCTO ALCAMPO 200 g.","price":"1,04 €","offer_price":0,"offer_type":null,"stock":false,"super":"alcampo"},{"img":"https://www.alcampo.es/media/h3b/hfc/10800321953822.jpg","name":"Queso de untar natural CREMETTE 200 g.","price":"1,25 €","offer_price":0,"offer_type":null,"stock":false,"super":"alcampo"},{"img":"https://www.alcampo.es/media/h9c/h5e/9639153664030.jpg","name":"Queso de untar con finas hierbas PRODUCTO ALCAMPO 200 g.","price":"1,24 €","offer_price":0,"offer_type":null,"stock":false,"super":"alcampo"},{"img":"https://www.alcampo.es/media/h52/h07/10826936975390.jpg","name":"Queso con finas hierbas para untar PHILADELPHIA ORIGINAL 150 g.","price":"1,70 €","offer_price":0,"offer_type":null,"stock":false,"super":"alcampo"},{"img":"https://www.alcampo.es/media/h57/h65/9470681579550.jpg","name":"Queso de untar natural SAN MILLÁN 200 g.","price":"1,80 €","offer_price":0,"offer_type":null,"stock":false,"super":"alcampo"},{"img":"https://www.alcampo.es/media/h4b/hff/9470713724958.jpg","name":"Queso de untar natural desnatado SAN MILLÁN 175 g.","price":"1,29 €","offer_price":0,"offer_type":null,"stock":false,"super":"alcampo"},{"img":"https://www.alcampo.es/media/hf0/h63/10826945822750.jpg","name":"Queso de untar con salmón PHILADELPHIA sabores 150 g.","price":"1,70 €","offer_price":0,"offer_type":null,"stock":false,"super":"alcampo"},{"img":"https://www.alcampo.es/media/h77/h7a/10800336076830.jpg","name":"Queso de untar con hierbas CREMETTE 200 g.","price":"1,25 €","offer_price":0,"offer_type":null,"stock":false,"super":"alcampo"},{"img":"https://www.alcampo.es/media/hcf/h7e/10614162194462.jpg","name":"Crema de queso semicurado PRODUCTO ALCAMPO 125 g.","price":"0,89 €","offer_price":0,"offer_type":null,"stock":false,"super":"alcampo"},{"img":"https://www.alcampo.es/media/h0c/h88/10292741865502.jpg","name":"Queso de untar azul PRODUCTO ALCAMPO 200 g.","price":"1,24 €","offer_price":0,"offer_type":null,"stock":false,"super":"alcampo"},{"img":"https://www.alcampo.es/media/h00/h03/10800287907870.jpg","name":"Queso de untar light natural CREMETTE LIGHT 200 g.","price":"1,25 €","offer_price":0,"offer_type":null,"stock":false,"super":"alcampo"},{"img":"https://www.alcampo.es/media/h2b/he9/10826939301918.jpg","name":"Queso de untar con trufa PHILADELPHIA Mousse 130 g.","price":"1,87 €","offer_price":0,"offer_type":null,"stock":false,"super":"alcampo"},{"img":"https://www.alcampo.es/media/h3a/h21/9470640128030.jpg","name":"Queso de untar con ajo y perejil SAN MILLÁN 125 g.","price":"1,80 €","offer_price":0,"offer_type":null,"stock":false,"super":"alcampo"},{"img":"https://www.alcampo.es/media/h23/hda/9659390197790.jpg","name":"Mousse de queso natural PRÉSIDENT Rondelé 125 g.","price":"1,54 €","offer_price":0,"offer_type":null,"stock":false,"super":"alcampo"},{"img":"https://www.alcampo.es/media/hc0/hb5/10826954309662.jpg","name":"Queso de untar con trufa PHILADELPHIA sabores 150 g.","price":"1,70 €","offer_price":0,"offer_type":null,"stock":false,"super":"alcampo"},{"img":"https://www.alcampo.es/media/h28/h8d/10826949459998.jpg","name":"Queso de untar con nueces PHILADELPHIA Mousse130 g.","price":"1,85 €","offer_price":0,"offer_type":null,"stock":false,"super":"alcampo"},{"img":"https://www.alcampo.es/media/ha7/he5/9313565081630.jpg","name":"Crema de queso curado GARCÍA BAQUERO 125 g","price":"1,13 €","offer_price":0,"offer_type":null,"stock":false,"super":"alcampo"},{"img":"https://www.alcampo.es/media/h64/he1/8887993958430.jpg","name":"Queso de untar natural ALACENA 300 g.","price":"1,85 €","offer_price":0,"offer_type":null,"stock":false,"super":"alcampo"},{"img":"https://www.alcampo.es/media/h0b/h2e/9125210259486.jpg","name":"Queso crema para untar natural RENY PICOT 500 g. ","price":"3,60 €","offer_price":0,"offer_type":null,"stock":false,"super":"alcampo"},{"img":"https://www.alcampo.es/media/he7/h89/10826948313118.jpg","name":"Queso de untar con finas hierbas MIREE 150 g.","price":"1,90 €","offer_price":0,"offer_type":null,"stock":false,"super":"alcampo"},{"img":"https://www.alcampo.es/media/h7e/h8e/9313599389726.jpg","name":"Crema al queso de oveja GARCÍA BAQUERO 125 g.","price":"1,13 €","offer_price":0,"offer_type":null,"stock":false,"super":"alcampo"},{"img":"https://www.alcampo.es/media/h6d/hb3/8961751154718.jpg","name":"Queso de untar light natural ALACENA LIGHT 300 g.","price":"2,20 €","offer_price":0,"offer_type":null,"stock":false,"super":"alcampo"},{"img":"https://www.alcampo.es/media/h7a/h42/8922535493662.jpg","name":"Queso de untar natural RENY PICOT 200 g.","price":"1,85 €","offer_price":0,"offer_type":null,"stock":false,"super":"alcampo"},{"img":"https://www.alcampo.es/media/hc4/h05/8899989012510.jpg","name":"Queso de untar light natural RENY PICOT 200 g.","price":"1,85 €","offer_price":0,"offer_type":null,"stock":false,"super":"alcampo"},{"img":"https://www.alcampo.es/media/h70/hd0/10911467012126.jpg","name":"Queso blando pasteurizado Classic, 100 % ingredientes naturales CREMETTE 150 g.","price":"1,25 €","offer_price":0,"offer_type":null,"stock":false,"super":"alcampo"},{"img":"https://www.alcampo.es/media/h54/h72/10911577374750.jpg","name":"Queso blando pasteurizado con finas hierbas, 100 % ingredientes naturales CREMETTE 150 g.","price":"1,25 €","offer_price":0,"offer_type":null,"stock":false,"super":"alcampo"},{"img":"https://www.alcampo.es/media/h81/h3c/8960208863262.jpg","name":"Queso de untar con pimienta CASTELLO 125 g.","price":"2,95 €","offer_price":0,"offer_type":null,"stock":false,"super":"alcampo"},{"img":"https://www.alcampo.es/media/h92/he2/10911424282654.jpg","name":"Queso blando pasteurizado con tomate, 100 % ingredientes naturales CREMETTE 150 g.","price":"1,25 €","offer_price":0,"offer_type":null,"stock":false,"super":"alcampo"},{"img":"https://www.alcampo.es/media/h4d/h25/10804220985374.jpg","name":"Crema de queseo semicurado CAMPOREAL CAPRICHO 125 g.","price":"1,39 €","offer_price":0,"offer_type":null,"stock":false,"super":"alcampo"},{"img":"https://www.alcampo.es/media/h51/h31/10546422546462.jpg","name":"Crema de queso para untar Camembert PRÉSIDENT 125 g.","price":"1,48 €","offer_price":0,"offer_type":null,"stock":false,"super":"alcampo"},{"img":"https://www.alcampo.es/media/h9b/hd2/10546705399838.jpg","name":"Crema de queso para untar Cheddar PRÉSIDENT 125 g.","price":"1,48 €","offer_price":0,"offer_type":null,"stock":false,"super":"alcampo"},{"img":"https://www.alcampo.es/media/h25/h13/10546822840350.jpg","name":"Crema de queso para untar azul PRÉSIDENT 125 g.","price":"1,48 €","offer_price":0,"offer_type":null,"stock":false,"super":"alcampo"},{"img":"https://www.alcampo.es/media/hf5/h7c/9750941859870.jpg","name":"Crema de queso de cabra para untar PRODUCTO ALCAMPO 200 g.","price":"1,24 €","offer_price":0,"offer_type":null,"stock":false,"super":"alcampo"},{"img":"https://www.alcampo.es/media/hbf/h1d/10546851151902.jpg","name":"Crema de queso para untar semi curado PRÉSIDENT 125 g.","price":"1,48 €","offer_price":0,"offer_type":null,"stock":false,"super":"alcampo"},{"img":"https://www.alcampo.es/media/hcd/haf/10546400002078.jpg","name":"Crema de Brie con trufa PRÉSIDENT 105 g","price":"1,48 €","offer_price":0,"offer_type":null,"stock":false,"super":"alcampo"},{"img":"https://www.alcampo.es/media/ha0/h01/10546372673566.jpg","name":"Crema de queso para untar brie PRÉSIDENT 125 g.","price":"1,48 €","offer_price":0,"offer_type":null,"stock":false,"super":"alcampo"},{"img":"https://www.alcampo.es/media/h7d/h6f/10614245589022.jpg","name":"Crema de queso para untar camembert PRODUCTO ALCAMPO 125 g.","price":"1,11 €","offer_price":0,"offer_type":null,"stock":false,"super":"alcampo"},{"img":"https://www.alcampo.es/media/hcf/h7e/10614162194462.jpg","name":"Crema de queso semicurado PRODUCTO ALCAMPO 125 g.","price":"0,89 €","offer_price":0,"offer_type":null,"stock":false,"super":"alcampo"},{"img":"https://www.alcampo.es/media/h0e/hb7/9194517233694.jpg","name":"Crema de queso para untar Cabrales TGT LA FUEYA 200 g.","price":"3,29 €","offer_price":0,"offer_type":null,"stock":false,"super":"alcampo"},{"img":"https://www.alcampo.es/media/h7e/h39/10546397282334.jpg","name":"Crema de queso para untar Emmental PRÉSIDENT 125 g.","price":"1,48 €","offer_price":0,"offer_type":null,"stock":false,"super":"alcampo"},{"img":"https://www.alcampo.es/media/hdd/h87/10896260300830.jpg","name":"Crema de queso EATLEAN 150 g.","price":"3,51 €","offer_price":0,"offer_type":null,"stock":false,"super":"alcampo"},{"img":"https://www.alcampo.es/media/h14/hb0/10614241689630.jpg","name":"Crema de queso para untar azul PRODUCTO ALCAMPO 125 g.","price":"0,91 €","offer_price":0,"offer_type":null,"stock":false,"super":"alcampo"},{"img":"https://www.alcampo.es/media/ha7/h97/9117583212574.jpg","name":"Queso de oveja en crema FLOR ESGUEVA 125 g.","price":"1,54 €","offer_price":0,"offer_type":null,"stock":false,"super":"alcampo"},{"img":"https://www.alcampo.es/media/h4d/h56/10546413961246.jpg","name":"Crema de queso para untar de cabra PRÉSIDENT 125 g.","price":"1,48 €","offer_price":0,"offer_type":null,"stock":false,"super":"alcampo"},{"img":"https://www.alcampo.es/media/h58/hbe/10614174711838.jpg","name":"Crema de queso para untar de cabra PRODUCTO ALCAMPO 125 g.","price":"1,11 €","offer_price":0,"offer_type":null,"stock":false,"super":"alcampo"},{"img":"https://www.alcampo.es/media/h7f/h53/8890876821534.jpg","name":"Crema de queso para untar semi curado TGT 125 g.","price":"1,45 €","offer_price":0,"offer_type":null,"stock":false,"super":"alcampo"},{"img":"https://www.alcampo.es/media/hd8/h9c/9659197718558.jpg","name":"Mousse de queso de ajo y finas hierbas PRÉSIDENT RONDELÑÉ 125 g.","price":"1,55 €","offer_price":0,"offer_type":null,"stock":false,"super":"alcampo"},{"img":"https://www.alcampo.es/media/h0e/h65/10614215540766.jpg","name":"Crema de queso para untar Emmental PRODUCTO ALCAMPO 125 g.","price":"1,11 €","offer_price":0,"offer_type":null,"stock":false,"super":"alcampo"},{"img":"https://www.alcampo.es/media/h5b/haa/8877955874846.jpg","name":"Crema de queso para untar Camembert TGT 125 g.","price":"1,45 €","offer_price":0,"offer_type":null,"stock":false,"super":"alcampo"},{"img":"https://www.alcampo.es/media/ha7/he5/9313565081630.jpg","name":"Crema de queso curado GARCÍA BAQUERO 125 g","price":"1,13 €","offer_price":0,"offer_type":null,"stock":false,"super":"alcampo"},{"img":"https://www.alcampo.es/media/hc2/h03/8896820117534.jpg","name":"Crema de queso para untar roquefort SOCIÉTÉ 100 g.","price":"2,20 €","offer_price":0,"offer_type":null,"stock":false,"super":"alcampo"},{"img":"https://www.alcampo.es/media/h7e/h8e/9313599389726.jpg","name":"Crema al queso de oveja GARCÍA BAQUERO 125 g.","price":"1,13 €","offer_price":0,"offer_type":null,"stock":false,"super":"alcampo"},{"img":"https://www.alcampo.es/media/hda/he5/8979576094750.jpg","name":"Crema queso azul RENY PICOT 125 g.","price":"1 €","offer_price":0,"offer_type":null,"stock":false,"super":"alcampo"},{"img":"https://www.alcampo.es/media/h57/hf1/8979569213470.jpg","name":"Crema queso Cheddar RENY PICOT 125 g.","price":"1 €","offer_price":0,"offer_type":null,"stock":false,"super":"alcampo"},{"img":"https://www.alcampo.es/media/hc3/h87/8979561021470.jpg","name":"Crema queso Emmental RENY PICOT 125 g.","price":"1 €","offer_price":0,"offer_type":null,"stock":false,"super":"alcampo"},{"img":"https://www.alcampo.es/media/he2/ha9/8896082608158.jpg","name":"Crema de queso para untar de cabra TGT 125 g.","price":"1,45 €","offer_price":0,"offer_type":null,"stock":false,"super":"alcampo"},{"img":"https://www.alcampo.es/media/hf3/h36/8890930036766.jpg","name":"Crema de queso para untar azul FLOR DE BURGOS 100 g.","price":"1,36 €","offer_price":0,"offer_type":null,"stock":false,"super":"alcampo"},{"img":"https://www.alcampo.es/media/h75/hf6/9627284570142.jpg","name":"Crema queso Camembert RENY PICOT 125 g.","price":"1 €","offer_price":0,"offer_type":null,"stock":false,"super":"alcampo"},{"img":"https://www.alcampo.es/media/h3f/h88/10826927702046.jpg","name":"Crema de queso para untar gorgonzola MIREE 150 g.","price":"1,90 €","offer_price":0,"offer_type":null,"stock":false,"super":"alcampo"},{"img":"https://www.alcampo.es/media/h97/h8c/8894372773918.jpg","name":"Crema de queso para untar azul GARGANTA DELL CARES 200 g.","price":"3,50 €","offer_price":0,"offer_type":null,"stock":false,"super":"alcampo"},{"img":"https://www.alcampo.es/media/h0a/ha4/8899414720542.jpg","name":"Crema de queso para untar emmental TGT 125 g.","price":"1,45 €","offer_price":0,"offer_type":null,"stock":false,"super":"alcampo"},{"img":"https://www.alcampo.es/media/hf2/hbe/10539684528158.jpg","name":"Petite Créme de Camembert PRÉSIDENT uds. 133 g.","price":"1,74 €","offer_price":0,"offer_type":null,"stock":false,"super":"alcampo"},{"img":"https://www.alcampo.es/media/h5d/hf7/10539672240158.jpg","name":"Petite Créme al queso azul PRÉSIDENT 8 uds. 133 g.","price":"1,88 €","offer_price":0,"offer_type":null,"stock":false,"super":"alcampo"},{"img":"https://www.alcampo.es/media/h3e/h18/10422846619678.jpg","name":"Crema de queso de rulo de cabra CAMPOREAL 125 g. ","price":"1,39 €","offer_price":0,"offer_type":null,"stock":false,"super":"alcampo"},{"img":"https://www.alcampo.es/media/h85/hb5/9226326507550.jpg","name":"Crema de queso azul RONCARI-BLUE125 g.","price":"2,95 €","offer_price":0,"offer_type":null,"stock":false,"super":"alcampo"},{"img":"https://www.alcampo.es/media/hd9/hc0/10804164329502.jpg","name":"Crema al queso azul CAMPO REAL 125 g.","price":"1,39 €","offer_price":0,"offer_type":null,"stock":false,"super":"alcampo"},{"img":"https://www.alcampo.es/media/h4d/h25/10804220985374.jpg","name":"Crema de queseo semicurado CAMPOREAL CAPRICHO 125 g.","price":"1,39 €","offer_price":0,"offer_type":null,"stock":false,"super":"alcampo"}]