[{"img":"https://www.alcampo.es/media/h79/h64/10911363366942.jpg","name":"Queso curado de oveja, cabra y vaca Ya Cortado GARCÍA BAQUERO, cuña de 250 g.","price":"3,70 €","offer_price":0,"offer_type":null,"stock":false,"super":"alcampo"},{"img":"https://www.alcampo.es/media/h92/hb4/9066821845022.jpg","name":"Queso cortado curado de oveja y vaca GRAN CAPITÁN CORTADAS 230 g.","price":"4,04 €","offer_price":0,"offer_type":null,"stock":false,"super":"alcampo"},{"img":"https://www.alcampo.es/media/h55/h06/8898195882014.jpg","name":"Queso mezcla curado reserva GARCÍA BAQUERO 200 g.","price":"3,50 €","offer_price":0,"offer_type":null,"stock":false,"super":"alcampo"},{"img":"https://www.alcampo.es/media/h9d/h3b/10362242531358.jpg","name":"Queso mezcla curado PRODUCTO ECONÓMICO ALCAMPO 300 g.","price":"2,48 €","offer_price":0,"offer_type":null,"stock":false,"super":"alcampo"},{"img":"https://www.alcampo.es/media/h60/he6/8923239677982.jpg","name":"Queso mezcla curado GARCÍA BAQUERO 385 g.","price":"4,14 €","offer_price":0,"offer_type":null,"stock":false,"super":"alcampo"},{"img":"https://www.alcampo.es/media/hde/hc2/8887526227998.jpg","name":"Queso mezcla viejo GARCÍA BAQUERO 380 g.","price":"5,09 €","offer_price":0,"offer_type":null,"stock":false,"super":"alcampo"},{"img":"https://www.alcampo.es/media/h11/ha8/9743784181790.jpg","name":"Queso cortado curado PRODUCTO ALCAMPO YA CORTADO 250 g.","price":"2,89 €","offer_price":0,"offer_type":null,"stock":false,"super":"alcampo"},{"img":"https://www.alcampo.es/media/he0/h5e/10911487393822.jpg","name":"Queso mezcla curado GRAN CAPITÁN 340 g.","price":"4,95 €","offer_price":0,"offer_type":null,"stock":false,"super":"alcampo"},{"img":"https://www.alcampo.es/media/hf1/h0f/10247822147614.jpg","name":"Queso mezcla curado PRODUCTO ALCAMPO","price":"4,98 €","offer_price":0,"offer_type":null,"stock":false,"super":"alcampo"},{"img":"https://www.alcampo.es/media/h7d/hb0/10843560476702.jpg","name":"Queso Ibérico curado cuña PRODUCTO ALCAMPO 250 g.","price":"3,75 €","offer_price":0,"offer_type":null,"stock":false,"super":"alcampo"},{"img":"https://www.alcampo.es/media/h0f/h77/9464012505118.jpg","name":"Queso Ibérico curado PRODUCTO ALCAMPO","price":"5,48 €","offer_price":0,"offer_type":null,"stock":false,"super":"alcampo"},{"img":"https://www.alcampo.es/media/h8d/he9/9302361735198.jpg","name":"Queso mezcla curado PRODUCTO ALCAMPO 330 g.","price":"3,59 €","offer_price":0,"offer_type":null,"stock":false,"super":"alcampo"},{"img":"https://www.alcampo.es/media/hb9/h33/9743705931806.jpg","name":"Queso mezcla curado PRODUCTO ALCAMPO 200 g.","price":"2,19 €","offer_price":0,"offer_type":null,"stock":false,"super":"alcampo"},{"img":"https://www.alcampo.es/media/h24/hd2/9523455950878.jpg","name":"Queso mezcla curado de cava artesanal GARCÍA BAQUERO 250 g.","price":"4,25 €","offer_price":0,"offer_type":null,"stock":false,"super":"alcampo"},{"img":"https://www.alcampo.es/media/h6d/h9b/10247834435614.jpg","name":"Queso de oveja curado mini PRODUCTO ALCAMPO","price":"9,09 €","offer_price":0,"offer_type":null,"stock":false,"super":"alcampo"},{"img":"https://www.alcampo.es/media/hea/ha3/9523434258462.jpg","name":"Queso mezcla curado mini GARCÍA BAQUERO 880 g.","price":"13,63 €","offer_price":0,"offer_type":null,"stock":false,"super":"alcampo"},{"img":"https://www.alcampo.es/media/he2/ha3/8941706739742.jpg","name":"Queso mezcla curado BOFFARD","price":"7,13 €","offer_price":0,"offer_type":null,"stock":false,"super":"alcampo"},{"img":"https://www.alcampo.es/media/h55/hc5/9465701957662.jpg","name":"Queso mezcla curado mini GRAN CAPITÁN 450 g.","price":"6,53 €","offer_price":0,"offer_type":null,"stock":false,"super":"alcampo"},{"img":"https://www.alcampo.es/media/h0f/hee/9490643910686.jpg","name":"Queso curado mezcla cuña CARVEL 250 g.","price":"3,15 €","offer_price":0,"offer_type":null,"stock":false,"super":"alcampo"},{"img":"https://www.alcampo.es/media/had/h63/10422820995102.jpg","name":"Queso mezcla añejo ALCAMPO GOURMET 200 g.","price":"2,99 €","offer_price":0,"offer_type":null,"stock":false,"super":"alcampo"},{"img":"https://www.alcampo.es/media/h1f/h0a/8960235470878.jpg","name":"Queso mezcla curado GARCÍA BAQUERO","price":"8,25 €","offer_price":0,"offer_type":null,"stock":false,"super":"alcampo"},{"img":"https://www.alcampo.es/media/h1a/hbe/9066797105182.jpg","name":"Queso mezcla curado GRAN CAPITÁN 860 g.","price":"12,55 €","offer_price":0,"offer_type":null,"stock":false,"super":"alcampo"},{"img":"https://www.alcampo.es/media/h3b/hbd/9659387674654.jpg","name":"Queso curado mezcla mini GARCÍA BAQUERO 440 g.","price":"6,35 €","offer_price":0,"offer_type":null,"stock":false,"super":"alcampo"},{"img":"https://www.alcampo.es/media/ha0/hff/10247728005150.jpg","name":"Queso mezcla curado mini PRODUCTO ALCAMPO","price":"9,41 €","offer_price":0,"offer_type":null,"stock":false,"super":"alcampo"},{"img":"https://www.alcampo.es/media/hdf/h02/10247825555486.jpg","name":"Queso mezcla curado PRODUCTO ALCAMPO","price":"15,92 €","offer_price":0,"offer_type":null,"stock":false,"super":"alcampo"},{"img":"https://www.alcampo.es/media/hd3/h70/10247843348510.jpg","name":"Queso de oveja curado PRODUCTO ALCAMPO","price":"17,52 €","offer_price":0,"offer_type":null,"stock":false,"super":"alcampo"},{"img":"https://www.alcampo.es/media/h95/h8e/9465037357086.jpg","name":"Queso Ibérico curado PRODUCTO ALCAMPO","price":"17,52 €","offer_price":0,"offer_type":null,"stock":false,"super":"alcampo"},{"img":"https://www.alcampo.es/media/h1e/hcc/9422126022686.jpg","name":"Queso mezcla curado","price":"4,88 €","offer_price":0,"offer_type":null,"stock":false,"super":"alcampo"},{"img":"https://www.alcampo.es/media/h5b/hf0/8898423226398.jpg","name":"Queso mezcla viejo GARCÍA BAQUERO","price":"8,07 €","offer_price":0,"offer_type":null,"stock":false,"super":"alcampo"},{"img":"https://www.alcampo.es/media/ha5/h61/8891532443678.jpg","name":"Queso mezcla curado CARDENCHA 200 g.","price":"3,45 €","offer_price":0,"offer_type":null,"stock":false,"super":"alcampo"},{"img":"https://www.alcampo.es/media/h9e/h5a/8901039489054.jpg","name":"Queso mezcla curado RECORD","price":"6,48 €","offer_price":0,"offer_type":null,"stock":false,"super":"alcampo"},{"img":"https://www.alcampo.es/media/hf2/h09/9523422822430.jpg","name":"Queso mezcla viejo mini GARCÍA BAQUERO","price":"14,35 €","offer_price":0,"offer_type":null,"stock":false,"super":"alcampo"},{"img":"https://www.alcampo.es/media/h5f/h1d/9293125222430.jpg","name":"Queso mezcla curado EL PASTOR 1/2 pieza 1600 g.","price":"20,95 €","offer_price":0,"offer_type":null,"stock":false,"super":"alcampo"},{"img":"https://www.alcampo.es/media/h4d/h0e/8890038812702.jpg","name":"Queso mezcla viejo RECORD 330 g.","price":"4,75 €","offer_price":0,"offer_type":null,"stock":false,"super":"alcampo"},{"img":"https://www.alcampo.es/media/hca/h8f/9470658347038.jpg","name":"Queso curado mezcla GRAN CARDENAL 250 g.","price":"3,85 €","offer_price":0,"offer_type":null,"stock":false,"super":"alcampo"},{"img":"https://www.alcampo.es/media/hcd/h80/10247894171678.jpg","name":"Queso mezcla curado en aceite de oliva virgen extra PRODUCTO ALCAMPO","price":"5,18 €","offer_price":0,"offer_type":null,"stock":false,"super":"alcampo"},{"img":"https://www.alcampo.es/media/h17/h7f/9156417028126.jpg","name":"Quesos Ibérico semicurado EL GRAN CARDENAL 1/8","price":"7,15 €","offer_price":0,"offer_type":null,"stock":false,"super":"alcampo"},{"img":"https://www.alcampo.es/media/hd8/heb/10632100544542.jpg","name":"Queso curado mezcla (oveja y cabra) en aceite de oliva EL PASTOR DE CAMPO REAL 200 g.","price":"3,75 €","offer_price":0,"offer_type":null,"stock":false,"super":"alcampo"},{"img":"https://www.alcampo.es/media/h80/hfa/9291593613342.jpg","name":"Queso en aceite de oliva virgen CAMPOREAL 540 g.","price":"8,45 €","offer_price":0,"offer_type":null,"stock":false,"super":"alcampo"},{"img":"https://www.alcampo.es/media/hc8/h7c/8896672235550.jpg","name":"Queso mezcla curado RECORD","price":"6,48 €","offer_price":0,"offer_type":null,"stock":false,"super":"alcampo"},{"img":"https://www.alcampo.es/media/h9e/h7d/8926142267422.jpg","name":"Queso mezcla curado EL GRAN CARDENAL","price":"4,75 €","offer_price":0,"offer_type":null,"stock":false,"super":"alcampo"},{"img":"https://www.alcampo.es/media/h62/h7f/9523438288926.jpg","name":"Queso curado en lonchas GARCÍA BAQUERO 125 g.","price":"2,20 €","offer_price":0,"offer_type":null,"stock":false,"super":"alcampo"},{"img":"https://www.alcampo.es/media/h41/h86/9523450675230.jpg","name":"Queso de oveja en lonchas GARCÍA BAQUERO 125 g.","price":"2,16 €","offer_price":0,"offer_type":null,"stock":false,"super":"alcampo"},{"img":"https://www.alcampo.es/media/hdd/h37/9470694326302.jpg","name":"Queso en lonchas curado GRAN CAPITÁN 140 g.","price":"2,62 €","offer_price":0,"offer_type":null,"stock":false,"super":"alcampo"},{"img":"https://www.alcampo.es/media/h4e/hec/10632155627550.jpg","name":"Queso en lonchas mezcla curado PRODUCTO ALCAMPO 200 g.","price":"2,38 €","offer_price":0,"offer_type":null,"stock":false,"super":"alcampo"}]