[{"img":"https://www.alcampo.es/media/h91/hd0/9462934175774.jpg","name":"Queso en lonchas Gouda PRODUCTO ALCAMPO 200 g.","price":"1,59 €","offer_price":0,"offer_type":null,"stock":false,"super":"alcampo"},{"img":"https://www.alcampo.es/media/ha1/h17/9470678827038.jpg","name":"Queso en lonchas Gouda OLDENBURGUER 200 g.","price":"2,10 €","offer_price":0,"offer_type":null,"stock":false,"super":"alcampo"},{"img":"https://www.alcampo.es/media/h78/h30/9470650089502.jpg","name":"Queso lonchas Gouda light OLDENBURGUER 200 g.","price":"2,10 €","offer_price":0,"offer_type":null,"stock":false,"super":"alcampo"},{"img":"https://www.alcampo.es/media/h09/h6a/10801883086878.jpg","name":"Queso lonchas Gouda FLOR DE BURGOS LA BOCATERÍA 200 g.","price":"1,95 €","offer_price":0,"offer_type":null,"stock":false,"super":"alcampo"},{"img":"https://www.alcampo.es/media/h4a/h45/8868403347486.jpg","name":"Queso lonchas gouda FLOR DE BURGOS 150 g.","price":"1,74 €","offer_price":0,"offer_type":null,"stock":false,"super":"alcampo"},{"img":"https://www.alcampo.es/media/h21/h8a/9757001121822.jpg","name":"Queso en lonchas Gouda MILLÁN VICENTE 150 g.","price":"1,59 €","offer_price":0,"offer_type":null,"stock":false,"super":"alcampo"},{"img":"https://www.alcampo.es/media/h7c/hdd/8887255302174.jpg","name":"Queso en lonchas gouda MILLÁN VICENTE 300 g.","price":"2,85 €","offer_price":0,"offer_type":null,"stock":false,"super":"alcampo"},{"img":"https://www.alcampo.es/media/h54/h95/10033929289758.jpg","name":"Queso en lonchas Gouda mild ROYAL ORANGE 200 g.","price":"1,95 €","offer_price":0,"offer_type":null,"stock":false,"super":"alcampo"},{"img":"https://www.alcampo.es/media/h83/hc7/9120225722398.jpg","name":"Queso gouda lonchas OLD AMSTERDAM 125 g.","price":"2,68 €","offer_price":0,"offer_type":null,"stock":false,"super":"alcampo"},{"img":"https://www.alcampo.es/media/h48/hb3/9069595263006.jpg","name":"Queso gouda de los alpes ecológico ASANA 130 g.","price":"2,04 €","offer_price":0,"offer_type":null,"stock":false,"super":"alcampo"},{"img":"https://www.alcampo.es/media/hf7/h9a/10546408718366.jpg","name":"Queso en lonchas Gouda ecológico MILLÁN VICENTE 125 g.","price":"2,40 €","offer_price":0,"offer_type":null,"stock":false,"super":"alcampo"},{"img":"https://www.alcampo.es/media/h34/h16/10801904484382.jpg","name":"Queso en lonchas gouda light FLOR DE BURGOS LA BOCATERÍA 200 g.","price":"1,95 €","offer_price":0,"offer_type":null,"stock":false,"super":"alcampo"},{"img":"https://www.alcampo.es/media/h04/hd9/9290704715806.jpg","name":"Queso viejo BRUGGE 250 g.","price":"4,17 €","offer_price":0,"offer_type":null,"stock":false,"super":"alcampo"},{"img":"https://www.alcampo.es/media/h87/h04/10247846166558.jpg","name":"Queso Emmental en lonchas PRODUCTO ALCAMPO 200 g.","price":"1,50 €","offer_price":0,"offer_type":null,"stock":false,"super":"alcampo"},{"img":"https://www.alcampo.es/media/hef/hcc/8968837988382.jpg","name":"Queso en lonchas Emmental OLDENBURGUER 200 g.","price":"2,10 €","offer_price":0,"offer_type":null,"stock":false,"super":"alcampo"},{"img":"https://www.alcampo.es/media/h09/h7b/9757012295710.jpg","name":"Queso en lonchas Emmental MILLÁN VICENTE 150 g.","price":"1,59 €","offer_price":0,"offer_type":null,"stock":false,"super":"alcampo"},{"img":"https://www.alcampo.es/media/h23/h4c/10801854677022.jpg","name":"Queso en lonchas emmental FLOR DE BURGOS LA BOCATERÍA 200 g.","price":"1,95 €","offer_price":0,"offer_type":null,"stock":false,"super":"alcampo"},{"img":"https://www.alcampo.es/media/h1f/h6a/10435501883422.jpg","name":"Queso en lonchas Emmental PRÉSIDENT 100 g.","price":"1,50 €","offer_price":0,"offer_type":null,"stock":false,"super":"alcampo"},{"img":"https://www.alcampo.es/media/h89/h80/10546710085662.jpg","name":"Queso en lonchas Emmental ecológico MILLÁN VICENTE 125 g.","price":"2,43 €","offer_price":0,"offer_type":null,"stock":false,"super":"alcampo"},{"img":"https://www.alcampo.es/media/h87/h54/8891621638174.jpg","name":"Queso en lonchas emmental MILLÁN VICENTE 100 g.","price":"1,58 €","offer_price":0,"offer_type":null,"stock":false,"super":"alcampo"},{"img":"https://www.alcampo.es/media/hdc/hbd/10033694867486.jpg","name":"Queso en lonchas Emmental ROYAL ORANGE 200 g.","price":"1,95 €","offer_price":0,"offer_type":null,"stock":false,"super":"alcampo"}]