[{"img":"https://www.alcampo.es/media/h73/he6/9664866091038.jpg","name":"Queso mozzarella rallado especial pizzas PRODUCTO ALCAMPO, 200 g.","price":"1,15 €","offer_price":0,"offer_type":null,"stock":false,"super":"alcampo"},{"img":"https://www.alcampo.es/media/ha3/hd0/9307423113246.jpg","name":"Queso rallado Emmental PRODUCTO ALCAMPO 200 g.","price":"1,10 €","offer_price":0,"offer_type":null,"stock":false,"super":"alcampo"},{"img":"https://www.alcampo.es/media/hbb/h23/10546411896862.jpg","name":"Queso rallado mezcla HOCHLAND 150 g.","price":"1,95 €","offer_price":0,"offer_type":null,"stock":false,"super":"alcampo"},{"img":"https://www.alcampo.es/media/h10/h6c/10826942021662.jpg","name":"Queso rallado en polvo EL CASERIO 80 g.","price":"0,95 €","offer_price":0,"offer_type":null,"stock":false,"super":"alcampo"},{"img":"https://www.alcampo.es/media/h2e/h62/8901003837470.jpg","name":"Queso rallado parmesano GALBANI 60 g.","price":"1,86 €","offer_price":0,"offer_type":null,"stock":false,"super":"alcampo"},{"img":"https://www.alcampo.es/media/he8/h40/9581171900446.jpg","name":"Queso rallado mezcla (cheddar, gouda y Emmental) PRODUCTO ECONÓMICO ALCAMPO 200 g.","price":"1,68 €","offer_price":0,"offer_type":null,"stock":false,"super":"alcampo"},{"img":"https://www.alcampo.es/media/hbd/h29/8922676690974.jpg","name":"Queso rallado padano ZANETTI 50 g.","price":"0,74 €","offer_price":0,"offer_type":null,"stock":false,"super":"alcampo"},{"img":"https://www.alcampo.es/media/hc8/h62/9662600052766.jpg","name":"Queso rallado mezcla (cheddar, gouda y Emmental) PRODUCTO ALCAMPO 200 g.","price":"1,41 €","offer_price":0,"offer_type":null,"stock":false,"super":"alcampo"},{"img":"https://www.alcampo.es/media/hde/h73/10865408442398.jpg","name":"Queso en hilo fundido para gratinar PRODUCTO ALCAMPO, 200 g.","price":"0,88 €","offer_price":0,"offer_type":null,"stock":false,"super":"alcampo"},{"img":"https://www.alcampo.es/media/h0d/h32/8898027716638.jpg","name":"Queso en polvo fundido HOCHLAND 100 g.","price":"0,99 €","offer_price":0,"offer_type":null,"stock":false,"super":"alcampo"},{"img":"https://www.alcampo.es/media/hf9/hc0/10247841710110.jpg","name":"Queso rallado con mozzarella PRODUCTO ECONÓMICO ALCAMPO, 200 g.","price":"1,04 €","offer_price":0,"offer_type":null,"stock":false,"super":"alcampo"},{"img":"https://www.alcampo.es/media/h9c/hef/10826942873630.jpg","name":"Copos de queso fresco Cottage con alto contenido en proteinas EXQUISA 200 g.","price":"1,39 €","offer_price":0,"offer_type":null,"stock":false,"super":"alcampo"},{"img":"https://www.alcampo.es/media/h4a/hb7/9132372426782.jpg","name":"Queso rallado mozzarella, especial para pizzas MILLÁN VICENTE 150 g.","price":"1,55 €","offer_price":0,"offer_type":null,"stock":false,"super":"alcampo"},{"img":"https://www.alcampo.es/media/hda/hec/9582875181086.jpg","name":"Queso rallado Parmiggiano 100 g.","price":"1,43 €","offer_price":0,"offer_type":null,"stock":false,"super":"alcampo"},{"img":"https://www.alcampo.es/media/hea/h03/9775634645022.jpg","name":"Queso en polvo fundido PRODUCTO ALCAMPO 50 g.","price":"0,59 €","offer_price":0,"offer_type":null,"stock":false,"super":"alcampo"},{"img":"https://www.alcampo.es/media/hd1/hbd/10911318900766.jpg","name":"Queso rallado mozzarella y Emmental PRÉSIDENT 150 g.","price":"1,91 €","offer_price":0,"offer_type":null,"stock":false,"super":"alcampo"},{"img":"https://www.alcampo.es/media/h53/hb2/10911565840414.jpg","name":"Queso rallado 4 quesos 100 % naturales EL CASERIO 130 g.","price":"1,85 €","offer_price":0,"offer_type":null,"stock":false,"super":"alcampo"},{"img":"https://www.alcampo.es/media/h9d/hcf/10284872368158.jpg","name":"Queso para ensalada fresco en tacos PRODUCTO ALCAMPO 200 g.","price":"1,51 €","offer_price":0,"offer_type":null,"stock":false,"super":"alcampo"},{"img":"https://www.alcampo.es/media/hd6/hd4/8892519612446.jpg","name":"Queso feta DODONI 200 g.","price":"2,74 €","offer_price":0,"offer_type":null,"stock":false,"super":"alcampo"},{"img":"https://www.alcampo.es/media/h68/h33/10800317595678.jpg","name":"Queso burrata para ensalada CENTRAL LECHERA ASTURIANA TOSCANELLA 150 g.","price":"2,19 €","offer_price":0,"offer_type":null,"stock":false,"super":"alcampo"},{"img":"https://www.alcampo.es/media/h9a/h3a/10911514820638.jpg","name":"Queso rallado Emmental PRÉSIDENT 150 g.","price":"1,91 €","offer_price":0,"offer_type":null,"stock":false,"super":"alcampo"},{"img":"https://www.alcampo.es/media/h7c/h1e/8897043890206.jpg","name":"Queso rallado mozzarella GALBANI 150 g.","price":"2,25 €","offer_price":0,"offer_type":null,"stock":false,"super":"alcampo"},{"img":"https://www.alcampo.es/media/hf2/h7a/10826929504286.jpg","name":"Queso rallado Filatto EL CASERÍO 80 g.","price":"0,95 €","offer_price":0,"offer_type":null,"stock":false,"super":"alcampo"},{"img":"https://www.alcampo.es/media/hf7/hcd/8876723339294.jpg","name":"Queso rallado mozzarella RENY PICOT 150 g.","price":"1,90 €","offer_price":0,"offer_type":null,"stock":false,"super":"alcampo"},{"img":"https://www.alcampo.es/media/hbf/h50/8898538111006.jpg","name":"Queso en polvo fundido HOCHLAND 50 g.","price":"0,53 €","offer_price":0,"offer_type":null,"stock":false,"super":"alcampo"},{"img":"https://www.alcampo.es/media/hd9/h90/10911486705694.jpg","name":"Queso rallado 3 quesos 100 % natural EL CASERIO 130 g.","price":"1,85 €","offer_price":0,"offer_type":null,"stock":false,"super":"alcampo"},{"img":"https://www.alcampo.es/media/h5b/h0b/9247194710046.jpg","name":"Queso rallado mozarella FLOR DE BURGOS 200 g.","price":"1,47 €","offer_price":0,"offer_type":null,"stock":false,"super":"alcampo"},{"img":"https://www.alcampo.es/media/hbb/h16/10911348949022.jpg","name":"Queso rallado mezcla (Emmental, cheddar, mozzarella y semi curado) PRÉSIDENT 150 g.","price":"1,91 €","offer_price":0,"offer_type":null,"stock":false,"super":"alcampo"},{"img":"https://www.alcampo.es/media/hf0/hfd/8894056628254.jpg","name":"Queso rallado HOCHLAND 100 g.","price":"0,99 €","offer_price":0,"offer_type":null,"stock":false,"super":"alcampo"},{"img":"https://www.alcampo.es/media/hf2/h58/10546340593694.jpg","name":"Queso rallado Gouda FLOR DE BURGOS 150 g.","price":"1,64 €","offer_price":0,"offer_type":null,"stock":false,"super":"alcampo"},{"img":"https://www.alcampo.es/media/haa/h9a/9309843554334.jpg","name":"Queso rallado Mozzarella sin lactosa MILLÁN VICENTE 150 g.","price":"2,05 €","offer_price":0,"offer_type":null,"stock":false,"super":"alcampo"},{"img":"https://www.alcampo.es/media/h94/h0b/10409449553950.jpg","name":"Queso rallado Grana Padano PRODUCTO ALCAMPO 100 g.","price":"1,49 €","offer_price":0,"offer_type":null,"stock":false,"super":"alcampo"},{"img":"https://www.alcampo.es/media/hf5/he5/9215413911582.jpg","name":"Queso rallado semicurado GARCÍA BAQUERO 110 g.","price":"0,98 €","offer_price":0,"offer_type":null,"stock":false,"super":"alcampo"},{"img":"https://www.alcampo.es/media/h64/hbf/10546826117150.jpg","name":"Queso rallado especial nachos HOCHLAND 150 g.","price":"1,95 €","offer_price":0,"offer_type":null,"stock":false,"super":"alcampo"},{"img":"https://www.alcampo.es/media/hac/h1c/8893385998366.jpg","name":"Queso rallado Emmental ENTREMONT 200 g.","price":"2,80 €","offer_price":0,"offer_type":null,"stock":false,"super":"alcampo"},{"img":"https://www.alcampo.es/media/hea/h3f/8923193540638.jpg","name":"Queso rallado mozzarella SANTÉ 150 g.","price":"1,60 €","offer_price":0,"offer_type":null,"stock":false,"super":"alcampo"},{"img":"https://www.alcampo.es/media/h11/h48/8896738295838.jpg","name":"Queso rallado Emmental PRÉSIDENT 90 g.","price":"1,37 €","offer_price":0,"offer_type":null,"stock":false,"super":"alcampo"},{"img":"https://www.alcampo.es/media/hce/h5d/9323523014686.jpg","name":"Queso rallado, 3 quesos MILLÁN VICENTE 150 g.","price":"1,70 €","offer_price":0,"offer_type":null,"stock":false,"super":"alcampo"},{"img":"https://www.alcampo.es/media/h18/hf8/9321445163038.jpg","name":"Queso para ensalada fresco BURGO DE ARIAS 108 g.","price":"0,99 €","offer_price":0,"offer_type":null,"stock":false,"super":"alcampo"},{"img":"https://www.alcampo.es/media/h07/h33/10784330022942.jpg","name":"Queso rallado light mezcla (gouda y cheddar) PRODUCTO ALCAMPO 150 g.","price":"1,45 €","offer_price":0,"offer_type":null,"stock":false,"super":"alcampo"},{"img":"https://www.alcampo.es/media/ha2/h71/9095349600286.jpg","name":"Queso rallado en hilo, especial para gratinar HOCHLAND 50 g.","price":"0,49 €","offer_price":0,"offer_type":null,"stock":false,"super":"alcampo"},{"img":"https://www.alcampo.es/media/h4a/h14/8888480432158.jpg","name":"Queso rallado GALBANI GRANA PADANO 60 g.","price":"1,44 €","offer_price":0,"offer_type":null,"stock":false,"super":"alcampo"},{"img":"https://www.alcampo.es/media/h91/he9/8894095425566.jpg","name":"Queso rallado Emmental PRODUCTO ALCAMPO 70 g. pack de 3 uds.","price":"1,89 €","offer_price":0,"offer_type":null,"stock":false,"super":"alcampo"},{"img":"https://www.alcampo.es/media/h51/hc5/10546735349790.jpg","name":"Queso rallado Cheddar rojo HOCHLAND 150 g.","price":"1,95 €","offer_price":0,"offer_type":null,"stock":false,"super":"alcampo"},{"img":"https://www.alcampo.es/media/h87/hfc/9133194543134.jpg","name":"Queso rallado Emmental AMBROSI 100 g.","price":"1,77 €","offer_price":0,"offer_type":null,"stock":false,"super":"alcampo"},{"img":"https://www.alcampo.es/media/h31/h3b/10409460269086.jpg","name":"Queso rallado Pecorino Romano PRODUCTO ALCAMPO 80 g.","price":"1,69 €","offer_price":0,"offer_type":null,"stock":false,"super":"alcampo"},{"img":"https://www.alcampo.es/media/hce/hb8/8892238463006.jpg","name":"Queso en polvo Parmigiano AMBROSI 60 g.","price":"1,90 €","offer_price":0,"offer_type":null,"stock":false,"super":"alcampo"},{"img":"https://www.alcampo.es/media/hf1/h68/10826954768414.jpg","name":"Queso blanco para ensaladas PHILADELPHIA 2 x 80 g.","price":"1,81 €","offer_price":0,"offer_type":null,"stock":false,"super":"alcampo"}]