[{"img":"https://www.alcampo.es/media/h83/h52/9750942416926.jpg","name":"Mozzarella PRODUCTO ALCAMPO 125 g.","price":"0,75 €","offer_price":0,"offer_type":null,"stock":false,"super":"alcampo"},{"img":"https://www.alcampo.es/media/h16/hf6/9720185028638.jpg","name":"Queso fresco PRODUCTO ALCAMPO 4 uds. 62,5 g.","price":"0,89 €","offer_price":0,"offer_type":null,"stock":false,"super":"alcampo"},{"img":"https://www.alcampo.es/media/h22/h94/9605388697630.jpg","name":"Mozzarella GALBANI 125 g.","price":"1,44 €","offer_price":0,"offer_type":null,"stock":false,"super":"alcampo"},{"img":"https://www.alcampo.es/media/h32/h91/10546335940638.jpg","name":"Queso fresco BURGO DE ARIAS tarrina de 72 g. pack de 6 uds.","price":"3,74 €","offer_price":0,"offer_type":null,"stock":false,"super":"alcampo"},{"img":"https://www.alcampo.es/media/h22/hf2/9035713642526.jpg","name":"Mozzarella light PRODUCTO ALCAMPO 125 g.","price":"0,89 €","offer_price":0,"offer_type":null,"stock":false,"super":"alcampo"},{"img":"https://www.alcampo.es/media/he5/h7d/9743779397662.jpg","name":"Queso fresco PRODUCTO ALCAMPO tarrina de 250 g. pack de 2 uds.","price":"1,47 €","offer_price":0,"offer_type":null,"stock":false,"super":"alcampo"},{"img":"https://www.alcampo.es/media/hd6/hd4/8892519612446.jpg","name":"Queso feta DODONI 200 g.","price":"2,74 €","offer_price":0,"offer_type":null,"stock":false,"super":"alcampo"},{"img":"https://www.alcampo.es/media/h64/h59/10444802588702.jpg","name":"Mozzarella ZANETTI 125 g.","price":"1,69 €","offer_price":0,"offer_type":null,"stock":false,"super":"alcampo"},{"img":"https://www.alcampo.es/media/h0f/h3f/9066808803358.jpg","name":"Mozzarella GALBANI 125 g.","price":"2,45 €","offer_price":0,"offer_type":null,"stock":false,"super":"alcampo"},{"img":"https://www.alcampo.es/media/h65/hc8/8897556709406.jpg","name":"Queso batido fresco desnatado FLOR DE BURGOS 450 g.","price":"1,63 €","offer_price":0,"offer_type":null,"stock":false,"super":"alcampo"},{"img":"https://www.alcampo.es/media/h2b/hf1/10247701790750.jpg","name":"Queso fresco con calcio PRODUCTO ALCAMPO tarrina de 62,5 g. pack de 4 uds.","price":"0,91 €","offer_price":0,"offer_type":null,"stock":false,"super":"alcampo"},{"img":"https://www.alcampo.es/media/hc4/hbb/9523462242334.jpg","name":"Queso fresco de Burgos Linea natural GARCIA BAQUERO pack 4 uds. 60 g.","price":"2 €","offer_price":0,"offer_type":null,"stock":false,"super":"alcampo"},{"img":"https://www.alcampo.es/media/h12/h2a/9302370091038.jpg","name":"Queso fresco de Burgos LA FLOR DE BURGOS tarrina 250 g.","price":"1,55 €","offer_price":0,"offer_type":null,"stock":false,"super":"alcampo"},{"img":"https://www.alcampo.es/media/h77/h2f/10546412388382.jpg","name":"Queso fresco desnatado BURGO DE ARIAS tarrina de 72 g. pack de 6 uds.","price":"3,74 €","offer_price":0,"offer_type":null,"stock":false,"super":"alcampo"},{"img":"https://www.alcampo.es/media/h22/h4d/9664867696670.jpg","name":"Queso feta ALCAMPO GOURMET 150 g.","price":"2,25 €","offer_price":0,"offer_type":null,"stock":false,"super":"alcampo"},{"img":"https://www.alcampo.es/media/h3d/h01/10445210714142.jpg","name":"Queso fresco de cabra BURGOS DE ARIAS 3 uds. x 70 g.","price":"2,24 €","offer_price":0,"offer_type":null,"stock":false,"super":"alcampo"},{"img":"https://www.alcampo.es/media/ha6/hd1/9762386706462.jpg","name":"Queso fresco BURGO DE ARIAS 2 X 230 g.","price":"3,64 €","offer_price":0,"offer_type":null,"stock":false,"super":"alcampo"},{"img":"https://www.alcampo.es/media/haa/h9a/9309843554334.jpg","name":"Queso rallado Mozzarella sin lactosa MILLÁN VICENTE 150 g.","price":"2,05 €","offer_price":0,"offer_type":null,"stock":false,"super":"alcampo"},{"img":"https://www.alcampo.es/media/hba/h9d/10800290267166.jpg","name":"Perlas de mozarrella FLOR DE BURGOS 125 g.","price":"1,64 €","offer_price":0,"offer_type":null,"stock":false,"super":"alcampo"},{"img":"https://www.alcampo.es/media/hd2/ha4/9293193216030.jpg","name":"Mozzarella mini GALBANI 150 g.","price":"2,14 €","offer_price":0,"offer_type":null,"stock":false,"super":"alcampo"},{"img":"https://www.alcampo.es/media/he0/hf1/9605339349022.jpg","name":"Mozzarella light GALBANI 125 g.","price":"1,45 €","offer_price":0,"offer_type":null,"stock":false,"super":"alcampo"},{"img":"https://www.alcampo.es/media/hdc/h87/9770103963678.jpg","name":"Queso fresco desnatado MAMÁ VACA 2 uds. x 250 g.","price":"2,75 €","offer_price":0,"offer_type":null,"stock":false,"super":"alcampo"},{"img":"https://www.alcampo.es/media/ha5/h30/8930762194974.jpg","name":"Ricotta de italia GALBANI 250 g.","price":"1,89 €","offer_price":0,"offer_type":null,"stock":false,"super":"alcampo"},{"img":"https://www.alcampo.es/media/h4c/h3e/9552633004062.jpg","name":"Burrata GALBANI 150 g.","price":"3,01 €","offer_price":0,"offer_type":null,"stock":false,"super":"alcampo"},{"img":"https://www.alcampo.es/media/h36/h9d/9302403612702.jpg","name":"Queso mascarpone PRODUCTO ALCAMPO 250 g.","price":"1,58 €","offer_price":0,"offer_type":null,"stock":false,"super":"alcampo"},{"img":"https://www.alcampo.es/media/hca/h2e/9146676707358.jpg","name":"Mozzarella sin lactosa SPÌGA 125 g.","price":"1,20 €","offer_price":0,"offer_type":null,"stock":false,"super":"alcampo"},{"img":"https://www.alcampo.es/media/h58/h9e/10801788715038.jpg","name":"Queso fresco BURGO DE ARIAS tarrina de 72 g. pack de 4 uds.","price":"2,95 €","offer_price":0,"offer_type":null,"stock":false,"super":"alcampo"},{"img":"https://www.alcampo.es/media/h16/h2c/9743798370334.jpg","name":"Queso fresco bajo contenido de sal PRODUCTO ALCAMPO 4 uds. 62,5 g.","price":"0,87 €","offer_price":0,"offer_type":null,"stock":false,"super":"alcampo"},{"img":"https://www.alcampo.es/media/h66/h33/10247635599390.jpg","name":"Queso fresco, 0 % materia grasa PRODUCTO ALCAMPO tarrina de 250 g. pack de 2 uds.","price":"1,47 €","offer_price":0,"offer_type":null,"stock":false,"super":"alcampo"},{"img":"https://www.alcampo.es/media/h2b/h76/8959831015454.jpg","name":"Mozzarella GALBANI 250 g.","price":"2,78 €","offer_price":0,"offer_type":null,"stock":false,"super":"alcampo"},{"img":"https://www.alcampo.es/media/h1f/h33/9743851192350.jpg","name":"Queso fresco PRODUCTO ALCAMPO tarrina de 250 g.","price":"1,23 €","offer_price":0,"offer_type":null,"stock":false,"super":"alcampo"},{"img":"https://www.alcampo.es/media/hf9/hc6/9567075303454.jpg","name":"Queso fresco batido 0 % Materia Grasa PASTORET 500 g.","price":"1,85 €","offer_price":0,"offer_type":null,"stock":false,"super":"alcampo"},{"img":"https://www.alcampo.es/media/haa/hfc/9738381819934.jpg","name":"Queso feta Denominación de origen Salakis 200 G.","price":"2,54 €","offer_price":0,"offer_type":null,"stock":false,"super":"alcampo"},{"img":"https://www.alcampo.es/media/h87/h33/10034015993886.jpg","name":"Queso fresco 0% materia grasa MAMA VACA 4 uds. x 62,5 g.","price":"1,59 €","offer_price":0,"offer_type":null,"stock":false,"super":"alcampo"},{"img":"https://www.alcampo.es/media/h3f/h48/10826944774174.jpg","name":"Quark natural con solo 0.2% de materia grasa EXQUISA 500 g.","price":"1,71 €","offer_price":0,"offer_type":null,"stock":false,"super":"alcampo"},{"img":"https://www.alcampo.es/media/h5a/h77/9471111987230.jpg","name":"Requesón 100% natural, de elaboración tradicional y con 0% materia grasa PASTORET 2 x 125 g.","price":"1,42 €","offer_price":0,"offer_type":null,"stock":false,"super":"alcampo"},{"img":"https://www.alcampo.es/media/hfd/h01/9743872753694.jpg","name":"Queso fresco tradicional de Burgos PRODUCTO ALCAMPO tarrina de 250 g.","price":"1,25 €","offer_price":0,"offer_type":null,"stock":false,"super":"alcampo"},{"img":"https://www.alcampo.es/media/h02/hfe/9743821701150.jpg","name":"Queso fresco sin lactosa PRODUCTO ALCAMPO 4 uds. x 62,5 g.","price":"1,31 €","offer_price":0,"offer_type":null,"stock":false,"super":"alcampo"},{"img":"https://www.alcampo.es/media/h8c/hdd/10435528458270.jpg","name":"Queso fresco Skyr BURGO DE ARIAS 400 g.","price":"1,98 €","offer_price":0,"offer_type":null,"stock":false,"super":"alcampo"},{"img":"https://www.alcampo.es/media/hfb/h92/8959886557214.jpg","name":"Requesón light ALBE packs 2 uds. x 150 g.","price":"1,83 €","offer_price":0,"offer_type":null,"stock":false,"super":"alcampo"},{"img":"https://www.alcampo.es/media/h94/h99/8959789236254.jpg","name":"Queso fresco de Burgos ANGULO SUAVE tarrina de 500 g.","price":"2,94 €","offer_price":0,"offer_type":null,"stock":false,"super":"alcampo"},{"img":"https://www.alcampo.es/media/h1c/h24/10435584917534.jpg","name":"Queso fresco batido BURGO DE ARIAS 400 g.","price":"1,87 €","offer_price":0,"offer_type":null,"stock":false,"super":"alcampo"},{"img":"https://www.alcampo.es/media/hcc/h50/10801759453214.jpg","name":"Queso fresco desnatado 0% materia grasa BURGO DE ARIAS tarrina de 72 g. pack de 4 uds.","price":"2,95 €","offer_price":0,"offer_type":null,"stock":false,"super":"alcampo"},{"img":"https://www.alcampo.es/media/h61/h87/9153883308062.jpg","name":"Queso feta ecológico con denominación de origen KALIOS 200 g.","price":"3,99 €","offer_price":0,"offer_type":null,"stock":false,"super":"alcampo"},{"img":"https://www.alcampo.es/media/h05/h12/8961292599326.jpg","name":"Queso de cabra fresco ecológico SUJAIRA 400 g.","price":"6,32 €","offer_price":0,"offer_type":null,"stock":false,"super":"alcampo"},{"img":"https://www.alcampo.es/media/h62/h5c/8895495929886.jpg","name":"Queso fresco FLOR DE ESGUEVA tarrina de 250 g.","price":"2,64 €","offer_price":0,"offer_type":null,"stock":false,"super":"alcampo"},{"img":"https://www.alcampo.es/media/he1/h1e/9066814865438.jpg","name":"Queso de untar mascarpone GALBANI 250 g.","price":"2,28 €","offer_price":0,"offer_type":null,"stock":false,"super":"alcampo"},{"img":"https://www.alcampo.es/media/hb2/h17/9762364751902.jpg","name":"Queso fresco sin lactosa BURGO DE ARIAS 72 g. pack 3 uds.","price":"2,18 €","offer_price":0,"offer_type":null,"stock":false,"super":"alcampo"}]