[{"img":"https://www.alcampo.es/media/h34/h13/8892293382174.jpg","name":"Queso semicurado de vaca, cabra y oveja GARCíA BAQUERO, 405 g.","price":"5,09 €","offer_price":0,"offer_type":null,"stock":false,"super":"alcampo"},{"img":"https://www.alcampo.es/media/h1c/h63/10911413927966.jpg","name":"Queso semicurado de vaca, oveja y cabra Ya Cortado GARCÍA BAQUERO, cuña de 250 g.","price":"3,70 €","offer_price":0,"offer_type":null,"stock":false,"super":"alcampo"},{"img":"https://www.alcampo.es/media/hd8/haa/10362375045150.jpg","name":"Queso mezcla semicurado PRODUCTO ECONÓMICO ALCAMPO 300 g.","price":"2,18 €","offer_price":0,"offer_type":null,"stock":false,"super":"alcampo"},{"img":"https://www.alcampo.es/media/ha6/h27/9066819485726.jpg","name":"Queso cortado semicurado GRAN CAPITÁN CORTADAS 230 g.","price":"4,04 €","offer_price":0,"offer_type":null,"stock":false,"super":"alcampo"},{"img":"https://www.alcampo.es/media/h24/hc5/9525361410078.jpg","name":"Queso semicurado cuña sin lactosa PRODUCTO ALCAMPO 250 g.","price":"2,85 €","offer_price":0,"offer_type":null,"stock":false,"super":"alcampo"},{"img":"https://www.alcampo.es/media/h89/hfd/8960134807582.jpg","name":"Queso mini semicurado de vaca, cabra y oveja GARCÍA BAQUERO, 930 g.","price":"12,50 €","offer_price":0,"offer_type":null,"stock":false,"super":"alcampo"},{"img":"https://www.alcampo.es/media/h57/hf7/9743783198750.jpg","name":"Queso cortado semicurado PRODUCTO ALCAMPO YA CORTADO 250 g.","price":"2,69 €","offer_price":0,"offer_type":null,"stock":false,"super":"alcampo"},{"img":"https://www.alcampo.es/media/hcd/h66/9659323088926.jpg","name":"Queso semicurado mezcla mini de vaca, cabra y oveja GARCÍA BAQUERO, 465 g.","price":"6,25 €","offer_price":0,"offer_type":null,"stock":false,"super":"alcampo"},{"img":"https://www.alcampo.es/media/h47/hd0/10247921041438.jpg","name":"Queso mezcla semicurado PRODUCTO ALCAMPO","price":"4,48 €","offer_price":0,"offer_type":null,"stock":false,"super":"alcampo"},{"img":"https://www.alcampo.es/media/hc0/hc8/10911334629406.jpg","name":"Queso mezcla semicurado GRAN CAPITÁN 365 g.","price":"4,95 €","offer_price":0,"offer_type":null,"stock":false,"super":"alcampo"},{"img":"https://www.alcampo.es/media/hc2/h53/9132465618974.jpg","name":"Queso semi mezcla cuña CAMPOREAL 250 g.","price":"2,94 €","offer_price":0,"offer_type":null,"stock":false,"super":"alcampo"},{"img":"https://www.alcampo.es/media/hee/h60/10911353995294.jpg","name":"Queso mezcla semicurado lightde vaca, cabra y oveja cortado GARCÍA BAQUERO 250 g.","price":"3,70 €","offer_price":0,"offer_type":null,"stock":false,"super":"alcampo"},{"img":"https://www.alcampo.es/media/h23/hf2/9683541098526.jpg","name":"Queso mezcla semicurado SAN VICENTE","price":"4,87 €","offer_price":0,"offer_type":null,"stock":false,"super":"alcampo"},{"img":"https://www.alcampo.es/media/h00/hb9/9470690394142.jpg","name":"Queso mezcla sin lactosa EL GRAN CARDENAL 250 g.","price":"3,55 €","offer_price":0,"offer_type":null,"stock":false,"super":"alcampo"},{"img":"https://www.alcampo.es/media/h42/h16/10362374029342.jpg","name":"Queso mezcla semicurado precortado PRODUCTO ECONÓMICO ALCAMPO YA CORTADO 300 g.","price":"2,97 €","offer_price":0,"offer_type":null,"stock":false,"super":"alcampo"},{"img":"https://www.alcampo.es/media/hd7/he0/8960110166046.jpg","name":"Queso semicurado de vaca, cabra y oveja GARCÍA BAQUERO","price":"6,75 €","offer_price":0,"offer_type":null,"stock":false,"super":"alcampo"},{"img":"https://www.alcampo.es/media/h27/hed/9743843491870.jpg","name":"Queso mezcla semicurado PRODUCTO ALCAMPO 330 g.","price":"3,75 €","offer_price":0,"offer_type":null,"stock":false,"super":"alcampo"},{"img":"https://www.alcampo.es/media/h2d/hca/10247634616350.jpg","name":"Queso mezcla semicurado, precortado ,sin lactosa PRODUCTO ALCAMPO 250 g.","price":"2,99 €","offer_price":0,"offer_type":null,"stock":false,"super":"alcampo"},{"img":"https://www.alcampo.es/media/h78/h3f/9066810540062.jpg","name":"Queso mezcla semicurado GRAN CAPITÁN 475 g.","price":"7 €","offer_price":0,"offer_type":null,"stock":false,"super":"alcampo"},{"img":"https://www.alcampo.es/media/hb0/h99/10247782957086.jpg","name":"Queso mezcla semicurado PRODUCTO ALCAMPO","price":"14,32 €","offer_price":0,"offer_type":null,"stock":false,"super":"alcampo"},{"img":"https://www.alcampo.es/media/h51/h35/9523417841694.jpg","name":"Queso mezcla semicurado light de vaca, cabra y oveja GARCÍA BAQUERO, 250 g.","price":"3,69 €","offer_price":0,"offer_type":null,"stock":false,"super":"alcampo"},{"img":"https://www.alcampo.es/media/hd1/hec/10806457466910.jpg","name":"Queso mezcla semicurado ABENIZ 250 g.","price":"2,60 €","offer_price":0,"offer_type":null,"stock":false,"super":"alcampo"},{"img":"https://www.alcampo.es/media/h87/h4c/9743871606814.jpg","name":"Queso mezcla semicurado PRODUCTO ALCAMPO 200 g.","price":"2,35 €","offer_price":0,"offer_type":null,"stock":false,"super":"alcampo"},{"img":"https://www.alcampo.es/media/hea/hb6/10247817920542.jpg","name":"Queso mezcla semicurado mini PRODUCTO ALCAMPO","price":"9,39 €","offer_price":0,"offer_type":null,"stock":false,"super":"alcampo"},{"img":"https://www.alcampo.es/media/h7f/h9d/8960214990878.jpg","name":"Queso mezcla semicurado mini GRAN CAPITÁN 930 g.","price":"12,31 €","offer_price":0,"offer_type":null,"stock":false,"super":"alcampo"},{"img":"https://www.alcampo.es/media/hb2/h73/9470675845150.jpg","name":"Queso mezcla semicurado EL GRAN CARDENAL 250 g.","price":"3,45 €","offer_price":0,"offer_type":null,"stock":false,"super":"alcampo"},{"img":"https://www.alcampo.es/media/h56/h3f/10068838776862.jpg","name":"Queso ibérico semicurado EL GRAN CARDENAL 250 g.","price":"3,45 €","offer_price":0,"offer_type":null,"stock":false,"super":"alcampo"},{"img":"https://www.alcampo.es/media/h56/hb8/9765870534686.jpg","name":"Queso mezcla semicurado LA MESNERA","price":"3,48 €","offer_price":0,"offer_type":null,"stock":false,"super":"alcampo"},{"img":"https://www.alcampo.es/media/h91/h9b/9490627624990.jpg","name":"Queso semicurado mezcla cuña CARVEL 250 g.","price":"2,99 €","offer_price":0,"offer_type":null,"stock":false,"super":"alcampo"},{"img":"https://www.alcampo.es/media/hac/hac/10632201928734.jpg","name":"Queso semicurado mezcla EL PASTOR DE CAMPO REAL 250 g.","price":"3,75 €","offer_price":0,"offer_type":null,"stock":false,"super":"alcampo"},{"img":"https://www.alcampo.es/media/hed/hce/10043912650782.jpg","name":"Queso semicurado mezcla CAMPOREAL ","price":"25,11 €","offer_price":0,"offer_type":null,"stock":false,"super":"alcampo"},{"img":"https://www.alcampo.es/media/hb1/h64/9172580597790.jpg","name":"Queso mezcla semicurado RECORD","price":"6,48 €","offer_price":0,"offer_type":null,"stock":false,"super":"alcampo"},{"img":"https://www.alcampo.es/media/hb3/h2d/9475599335454.jpg","name":"Queso mezcla semicurado GRAN CAPITÁN","price":"18,60 €","offer_price":0,"offer_type":null,"stock":false,"super":"alcampo"},{"img":"https://www.alcampo.es/media/h63/h89/10812966764574.jpg","name":"Queso mezcla semicurado cortado en cuñas, madurado con mohos naturales VEGA DEL OJA 200 g,","price":"3 €","offer_price":0,"offer_type":null,"stock":false,"super":"alcampo"},{"img":"https://www.alcampo.es/media/h52/h87/10087855816734.jpg","name":"Queso mezcla semicurado SAN ISIDRO","price":"3,82 €","offer_price":0,"offer_type":null,"stock":false,"super":"alcampo"},{"img":"https://www.alcampo.es/media/h99/hb4/8896883327006.jpg","name":"Queso mezcla semicurado RECORD 330 g.","price":"4,25 €","offer_price":0,"offer_type":null,"stock":false,"super":"alcampo"},{"img":"https://www.alcampo.es/media/hf1/h82/9226949918750.jpg","name":"Queso mezcla semicurado GRAN CARDENAL","price":"17,99 €","offer_price":0,"offer_type":null,"stock":false,"super":"alcampo"},{"img":"https://www.alcampo.es/media/h80/hc9/8902417973278.jpg","name":"Queso mezcla semicurado RECORD","price":"3,89 €","offer_price":0,"offer_type":null,"stock":false,"super":"alcampo"},{"img":"https://www.alcampo.es/media/h10/hc7/10632186200094.jpg","name":"Queso semicurado mezcla (oveja y cabra) con tomillo EL PASTOR DE CAMPO REAL 200 g.","price":"3,75 €","offer_price":0,"offer_type":null,"stock":false,"super":"alcampo"},{"img":"https://www.alcampo.es/media/hf1/hb9/9174636593182.jpg","name":"Queso mezcla semicurado curado EL GRAN CARDENAL ","price":"8,99 €","offer_price":0,"offer_type":null,"stock":false,"super":"alcampo"},{"img":"https://www.alcampo.es/media/hdd/h92/10444762480670.jpg","name":"Queso semicurado en lonchas GARCÍA BAQUERO 200 g.","price":"2,89 €","offer_price":0,"offer_type":null,"stock":false,"super":"alcampo"},{"img":"https://www.alcampo.es/media/h83/h14/10804220690462.jpg","name":"Queso en lonchas semi curado mezcla PRODUCTO ALCAMPO 200 g.","price":"2,15 €","offer_price":0,"offer_type":null,"stock":false,"super":"alcampo"},{"img":"https://www.alcampo.es/media/h91/h62/9538352971806.jpg","name":"Queso semicurado light en lonchas GARCÍA BAQUERO 150 g.","price":"2,25 €","offer_price":0,"offer_type":null,"stock":false,"super":"alcampo"},{"img":"https://www.alcampo.es/media/h6c/hb6/9293093077022.jpg","name":"Queso en lonchas semicurado mezcla EL PASTOR 100 g.","price":"1,20 €","offer_price":0,"offer_type":null,"stock":false,"super":"alcampo"},{"img":"https://www.alcampo.es/media/hef/h8f/9470631477278.jpg","name":"Queso en lonchas semi curado GRAN CAPITÁN 160 gr,","price":"1,98 €","offer_price":0,"offer_type":null,"stock":false,"super":"alcampo"},{"img":"https://www.alcampo.es/media/h67/hfa/10632093335582.jpg","name":"Queso en lonchas semicurado de oveja PRODUCTO ALCAMPO 200 g.","price":"2,19 €","offer_price":0,"offer_type":null,"stock":false,"super":"alcampo"},{"img":"https://www.alcampo.es/media/h24/hc7/9066805395486.jpg","name":"Queso en lonchas semi curado light GRAN CAPITÁN LIGHT 160 g.","price":"2,89 €","offer_price":0,"offer_type":null,"stock":false,"super":"alcampo"}]