[{"img":"https://www.alcampo.es/media/h73/h7a/10362387595294.jpg","name":"Queso mezcla tierno PRODUCTO ECONÓMICO ALCAMPO 300 g.","price":"1,94 €","offer_price":0,"offer_type":null,"stock":false,"super":"alcampo"},{"img":"https://www.alcampo.es/media/h86/h1b/8947717767198.jpg","name":"Queso cortado tierno EL VENTERO CORTADITAS 250 g.","price":"4,04 €","offer_price":0,"offer_type":null,"stock":false,"super":"alcampo"},{"img":"https://www.alcampo.es/media/h70/heb/9629271654430.jpg","name":"Queso Arzúa Ulloa D.O.P. PRODUCTO ALCAMPO 500 g.","price":"5,29 €","offer_price":0,"offer_type":null,"stock":false,"super":"alcampo"},{"img":"https://www.alcampo.es/media/h52/h31/10911479988254.jpg","name":"Queso mezcla tierno EL VENTERO 400 g.","price":"4,95 €","offer_price":0,"offer_type":null,"stock":false,"super":"alcampo"},{"img":"https://www.alcampo.es/media/h13/h58/8901713657886.jpg","name":"Queso mezcla tierno GARCÍA BAQUERO 395 g.","price":"4,69 €","offer_price":0,"offer_type":null,"stock":false,"super":"alcampo"},{"img":"https://www.alcampo.es/media/hde/h1b/10247703756830.jpg","name":"Queso mezcla tierno PRODUCTO ALCAMPO","price":"4,77 €","offer_price":0,"offer_type":null,"stock":false,"super":"alcampo"},{"img":"https://www.alcampo.es/media/h36/h73/10247722532894.jpg","name":"Queso mezcla tierno PRODUCTO ALCAMPO 200 g.","price":"1,99 €","offer_price":0,"offer_type":null,"stock":false,"super":"alcampo"},{"img":"https://www.alcampo.es/media/h8f/hc0/9218645327902.jpg","name":"Queso tierno Costeño ALBE 330 g.","price":"2,75 €","offer_price":0,"offer_type":null,"stock":false,"super":"alcampo"},{"img":"https://www.alcampo.es/media/ha7/h3e/9172577288222.jpg","name":"Queso de tetilla PRIETO","price":"7,46 €","offer_price":0,"offer_type":null,"stock":false,"super":"alcampo"},{"img":"https://www.alcampo.es/media/hed/he9/9487749644318.jpg","name":"Queso de tetilla PRODUCTO ALCAMPO 800 g.","price":"6,49 €","offer_price":0,"offer_type":null,"stock":false,"super":"alcampo"},{"img":"https://www.alcampo.es/media/h06/hd5/8901715034142.jpg","name":"Queso Arzúa Ulloa A GRANXA BELEY 500 g.","price":"5,45 €","offer_price":0,"offer_type":null,"stock":false,"super":"alcampo"},{"img":"https://www.alcampo.es/media/h6f/h83/10247714537502.jpg","name":"Queso mezcla tierno mini PRODUCTO ALCAMPO","price":"7,45 €","offer_price":0,"offer_type":null,"stock":false,"super":"alcampo"},{"img":"https://www.alcampo.es/media/h2e/h33/8959746211870.jpg","name":"Queso mezcla tierno EL CIGARRAL 250 g.","price":"3,85 €","offer_price":0,"offer_type":null,"stock":false,"super":"alcampo"},{"img":"https://www.alcampo.es/media/ha0/h72/9487790047262.jpg","name":"Queso D.O.P. San Simón de Costa PRODUCTO ALCAMPO 550 g.","price":"7,89 €","offer_price":0,"offer_type":null,"stock":false,"super":"alcampo"},{"img":"https://www.alcampo.es/media/hab/h87/9066743300126.jpg","name":"Queso mezcla tierno EL VENTERO 550 g.","price":"7,34 €","offer_price":0,"offer_type":null,"stock":false,"super":"alcampo"},{"img":"https://www.alcampo.es/media/h2e/hb7/9174698065950.jpg","name":"Queso ARZUA ULLOA P Granxa Beley","price":"3,18 €","offer_price":0,"offer_type":null,"stock":false,"super":"alcampo"},{"img":"https://www.alcampo.es/media/hfd/hce/10043870740510.jpg","name":"Queso curado ahumado D.O.P. San Simón da Costa DON SANTIAGO 550 g.","price":"7,60 €","offer_price":0,"offer_type":null,"stock":false,"super":"alcampo"},{"img":"https://www.alcampo.es/media/hb1/hf2/8942297120798.jpg","name":"Queso mezcla tierno light EL VENTERO LIGHT 550 g.","price":"7,34 €","offer_price":0,"offer_type":null,"stock":false,"super":"alcampo"},{"img":"https://www.alcampo.es/media/h22/hd5/8930142355486.jpg","name":"Queso mezcla tierno bajo contenido en sal EL VENTERO 550 g.","price":"7,34 €","offer_price":0,"offer_type":null,"stock":false,"super":"alcampo"},{"img":"https://www.alcampo.es/media/h94/h77/9743790637086.jpg","name":"Queso mezcla tierno PRODUCTO ALCAMPO 340 g.","price":"3,39 €","offer_price":0,"offer_type":null,"stock":false,"super":"alcampo"},{"img":"https://www.alcampo.es/media/h8b/h33/9066814341150.jpg","name":"Queso mezcla tierno bajo contenido en sal EL VENTERO 250 g.","price":"3,90 €","offer_price":0,"offer_type":null,"stock":false,"super":"alcampo"},{"img":"https://www.alcampo.es/media/hb4/hb5/9172691353630.jpg","name":"Queso de tetilla TGT","price":"8,78 €","offer_price":0,"offer_type":null,"stock":false,"super":"alcampo"},{"img":"https://www.alcampo.es/media/ha1/hcd/10247699988510.jpg","name":"Queso mezcla tierno PRODUCTO ALCAMPO","price":"12,72 €","offer_price":0,"offer_type":null,"stock":false,"super":"alcampo"},{"img":"https://www.alcampo.es/media/h66/h9b/9465747013662.jpg","name":"Queso mezcla tierno EL VENTERO 250 g.","price":"3,71 €","offer_price":0,"offer_type":null,"stock":false,"super":"alcampo"},{"img":"https://www.alcampo.es/media/h71/h42/9132468011038.jpg","name":"Queso tierno mezcla CAMPOREAL 250 g.","price":"3,25 €","offer_price":0,"offer_type":null,"stock":false,"super":"alcampo"},{"img":"https://www.alcampo.es/media/hea/h60/9523474989086.jpg","name":"Queso mezcla tierno mini GARCÍA BAQUERO","price":"12,45 €","offer_price":0,"offer_type":null,"stock":false,"super":"alcampo"},{"img":"https://www.alcampo.es/media/h3a/hde/9101486096414.jpg","name":"Queso cortado Gouda con neceas MILLÁN VICENTE 175 g.","price":"2,84 €","offer_price":0,"offer_type":null,"stock":false,"super":"alcampo"},{"img":"https://www.alcampo.es/media/h67/h8c/9172597735454.jpg","name":"Queso tierno Mezcla SAN VICENTE","price":"5,96 €","offer_price":0,"offer_type":null,"stock":false,"super":"alcampo"},{"img":"https://www.alcampo.es/media/h77/h6e/9066806050846.jpg","name":"Queso mezcla tierno EL VENTERO 980 g.","price":"12,94 €","offer_price":0,"offer_type":null,"stock":false,"super":"alcampo"},{"img":"https://www.alcampo.es/media/ha5/h67/9470622564382.jpg","name":"Queso mezcla tierno RECORD 480 g.","price":"5,10 €","offer_price":0,"offer_type":null,"stock":false,"super":"alcampo"},{"img":"https://www.alcampo.es/media/heb/h9b/8900618223646.jpg","name":"Queso mezcla tierno SAN VICENTE 250 g.","price":"1,95 €","offer_price":0,"offer_type":null,"stock":false,"super":"alcampo"},{"img":"https://www.alcampo.es/media/h08/h83/8892125806622.jpg","name":"Queso tierno o cebreiro MARQUÉS DE CERNADAS 500 g.","price":"8,95 €","offer_price":0,"offer_type":null,"stock":false,"super":"alcampo"},{"img":"https://www.alcampo.es/media/hf7/h73/9226939760670.jpg","name":"Queso tierno EL CIGARRAL","price":"21,15 €","offer_price":0,"offer_type":null,"stock":false,"super":"alcampo"},{"img":"https://www.alcampo.es/media/hc4/h5e/8959641747486.jpg","name":"Queso mezcla tierno EL CIGARRAL 980 g.","price":"12,60 €","offer_price":0,"offer_type":null,"stock":false,"super":"alcampo"},{"img":"https://www.alcampo.es/media/h99/hf7/8927401115678.jpg","name":"Queso mezcla tierno EL HÍGADO 250 g.","price":"2,99 €","offer_price":0,"offer_type":null,"stock":false,"super":"alcampo"},{"img":"https://www.alcampo.es/media/h43/hb7/9101458079774.jpg","name":"Queso cortado gouda cabra MILLÁN VICENTE 175 g.","price":"3,95 €","offer_price":0,"offer_type":null,"stock":false,"super":"alcampo"},{"img":"https://www.alcampo.es/media/h71/h5f/8960233504798.jpg","name":"Queso de vaca BERENGUELA 475 g.","price":"5,25 €","offer_price":0,"offer_type":null,"stock":false,"super":"alcampo"},{"img":"https://www.alcampo.es/media/h4a/h48/9130788913182.jpg","name":"Queso mezcla tierno mini LA CABAÑA 900 g.","price":"11,25 €","offer_price":0,"offer_type":null,"stock":false,"super":"alcampo"},{"img":"https://www.alcampo.es/media/h19/h5b/9066753916958.jpg","name":"Queso mezcla tierno EL VENTERO","price":"7,20 €","offer_price":0,"offer_type":null,"stock":false,"super":"alcampo"},{"img":"https://www.alcampo.es/media/h08/h0b/8941747666974.jpg","name":"Queso mezcla tierno cremoso LA CABAÑA ","price":"11,25 €","offer_price":0,"offer_type":null,"stock":false,"super":"alcampo"},{"img":"https://www.alcampo.es/media/h0e/h36/9240066719774.jpg","name":"Queso mezcla tierno EL HÍGADO 1 kg.","price":"10,95 €","offer_price":0,"offer_type":null,"stock":false,"super":"alcampo"},{"img":"https://www.alcampo.es/media/hff/h6a/10247900200990.jpg","name":"Queso tierno mezcla en lonchas PRODUCTO ALCAMPO 200 g.","price":"1,28 €","offer_price":0,"offer_type":null,"stock":false,"super":"alcampo"},{"img":"https://www.alcampo.es/media/h02/h8a/10431643189278.jpg","name":"Queso en lonchas cremoso LARSA CLÁSICO 12 uds. 250 g.","price":"2,46 €","offer_price":0,"offer_type":null,"stock":false,"super":"alcampo"},{"img":"https://www.alcampo.es/media/ha3/hb9/10911361335326.jpg","name":"Queso en lonchas tierno EL VENTERO 200 g.","price":"2,85 €","offer_price":0,"offer_type":null,"stock":false,"super":"alcampo"},{"img":"https://www.alcampo.es/media/h41/hf2/8960240713758.jpg","name":"Queso en lonchas tierno light GARCÍA BAQUERO LIGHT 100 g.","price":"1,35 €","offer_price":0,"offer_type":null,"stock":false,"super":"alcampo"},{"img":"https://www.alcampo.es/media/hc6/h61/10911509348382.jpg","name":"Queso en lonchas tierno light EL VENTERO LIGHT 200 g.","price":"2,85 €","offer_price":0,"offer_type":null,"stock":false,"super":"alcampo"},{"img":"https://www.alcampo.es/media/h65/h53/10804176551966.jpg","name":"Queso en lonchas tierno light PRODUCTO ALCAMPO 200 g.","price":"1,94 €","offer_price":0,"offer_type":null,"stock":false,"super":"alcampo"},{"img":"https://www.alcampo.es/media/hf8/h2c/10911356059678.jpg","name":"Queso en lonchas BURGO DE ARIAS 125 g.","price":"1,64 €","offer_price":0,"offer_type":null,"stock":false,"super":"alcampo"},{"img":"https://www.alcampo.es/media/h32/he4/9523444613150.jpg","name":"Queso tierno en lonchas GARCÍA BAQUERO 150 g.","price":"2,09 €","offer_price":0,"offer_type":null,"stock":false,"super":"alcampo"},{"img":"https://www.alcampo.es/media/h68/hc6/9523456442398.jpg","name":"Queso tierno en lonchas Al Natural GARCÍA BAQUERO 100 g.","price":"1,30 €","offer_price":0,"offer_type":null,"stock":false,"super":"alcampo"},{"img":"https://www.alcampo.es/media/hc0/h62/10911571312670.jpg","name":"Queso en lonchas tierno reducido en sal EL VENTERO 200 g.","price":"2,85 €","offer_price":0,"offer_type":null,"stock":false,"super":"alcampo"},{"img":"https://www.alcampo.es/media/h57/hc3/10445125320734.jpg","name":"Queso alto en proteína EATLEAN 350 g.","price":"6,10 €","offer_price":0,"offer_type":null,"stock":false,"super":"alcampo"},{"img":"https://www.alcampo.es/media/h6c/h94/9523398443038.jpg","name":"Queso semicurado en lonchas reducido en sal GARCÍA BAQUERO 150 g.","price":"2,48 €","offer_price":0,"offer_type":null,"stock":false,"super":"alcampo"},{"img":"https://www.alcampo.es/media/h0d/h5f/9066793467934.jpg","name":"Queso lonchas tierno EL VENTERO 180 g. pack de 2 uds.","price":"4,75 €","offer_price":0,"offer_type":null,"stock":false,"super":"alcampo"},{"img":"https://www.alcampo.es/media/h11/h18/9066745266206.jpg","name":"Queso en lonchas tierno mezcla EL VENTERO 140 g.","price":"2,29 €","offer_price":0,"offer_type":null,"stock":false,"super":"alcampo"},{"img":"https://www.alcampo.es/media/h17/h15/8891411529758.jpg","name":"Queso en lonchas tierno EL CIGARRAL 200 g.","price":"2,99 €","offer_price":0,"offer_type":null,"stock":false,"super":"alcampo"},{"img":"https://www.alcampo.es/media/h58/hd8/8890294009886.jpg","name":"Queso en lonchas QUESOS TRES OSCOS 200 g.","price":"2,65 €","offer_price":0,"offer_type":null,"stock":false,"super":"alcampo"}]