[{"img":"https://www.alcampo.es/media/h35/h90/8895028920350.jpg","name":"Agua mineral TELENO botella de 1,5 litros pack de 6 uds.","price":"1,62 €","offer_price":0,"offer_type":null,"stock":false,"super":"alcampo"},{"img":"https://www.alcampo.es/media/hb3/h1f/9374807818270.jpg","name":"Agua mineral BEZOYA botella de 1,50 l. pack de 6 uds.","price":"3,30 €","offer_price":0,"offer_type":null,"stock":false,"super":"alcampo"},{"img":"https://www.alcampo.es/media/ha0/haa/8901792170014.jpg","name":"Agua mineral TELENO garrafa de 5 litros","price":"0,94 €","offer_price":0,"offer_type":null,"stock":false,"super":"alcampo"},{"img":"https://www.alcampo.es/media/h71/h2a/9375864717342.jpg","name":"Agua mineral BEZOYA garrafa de 5 l.","price":"1,64 €","offer_price":0,"offer_type":null,"stock":false,"super":"alcampo"},{"img":"https://www.alcampo.es/media/haa/h9a/9290020388894.jpg","name":"Agua mineral PRODUCTO ECONÓMICO ALCAMPO garrafa de 8 l","price":"0,95 €","offer_price":0,"offer_type":null,"stock":false,"super":"alcampo"},{"img":"https://www.alcampo.es/media/h7f/hb4/9290073636894.jpg","name":"Agua mineral PRODUCTO ECONÓMICO ALCAMPO garrafa de 5 litros","price":"0,62 €","offer_price":0,"offer_type":null,"stock":false,"super":"alcampo"},{"img":"https://www.alcampo.es/media/h0f/h4f/9532068855838.jpg","name":"Agua mineral FONT VELLA garrafa de 6,25 l.","price":"1,84 €","offer_price":0,"offer_type":null,"stock":false,"super":"alcampo"},{"img":"https://www.alcampo.es/media/h32/h7d/9321407119390.jpg","name":"Agua mineral PRODUCTO ECONÓMICO ALCAMPO botella de 1,50 litros pack de 6 uds.","price":"1,14 €","offer_price":0,"offer_type":null,"stock":false,"super":"alcampo"},{"img":"https://www.alcampo.es/media/h7d/hba/9532070821918.jpg","name":"Agua sin gas mineral FONT VELLA pack de 6 uds. x 1,5 l","price":"3,25 €","offer_price":0,"offer_type":null,"stock":false,"super":"alcampo"},{"img":"https://www.alcampo.es/media/ha5/hd3/8952654659614.jpg","name":"Agua mineral SOLAN DE CABRAS garrafa de 5 litros","price":"1,98 €","offer_price":0,"offer_type":null,"stock":false,"super":"alcampo"},{"img":"https://www.alcampo.es/media/h56/h48/9097132408862.jpg","name":"Agua mineral SOLAN DE CABRAS botella de 1,5 litros pack de 6 uds.","price":"3,99 €","offer_price":0,"offer_type":null,"stock":false,"super":"alcampo"},{"img":"https://www.alcampo.es/media/h6d/hd3/10841125027870.jpg","name":"Agua mineral NESTLÉ AQUAREL garrafa de 5 l.","price":"0,89 €","offer_price":0,"offer_type":null,"stock":false,"super":"alcampo"},{"img":"https://www.alcampo.es/media/hc6/he7/9532083109918.jpg","name":"Agua mineral LANJARÓN garrafa de 6, 25 l.","price":"1,84 €","offer_price":0,"offer_type":null,"stock":false,"super":"alcampo"},{"img":"https://www.alcampo.es/media/he1/he4/10034026676254.jpg","name":"Agua mineral LANJARÓN pack de 6 uds.x 1,5 l.","price":"3,41 €","offer_price":0,"offer_type":null,"stock":false,"super":"alcampo"},{"img":"https://www.alcampo.es/media/hbf/h35/8930162999326.jpg","name":"Agua mineral FUENTE PRIMAVERA botella de 2 litros","price":"0,26 €","offer_price":0,"offer_type":null,"stock":false,"super":"alcampo"},{"img":"https://www.alcampo.es/media/h80/h6c/10207663620126.jpg","name":"Agua mineral AQUABONA botella de 1,50 litros","price":"0,42 €","offer_price":0,"offer_type":null,"stock":false,"super":"alcampo"},{"img":"https://www.alcampo.es/media/hf5/h32/8934870548510.jpg","name":"Agua mineral SOLAN DE CABRAS botella de 50 centilitros","price":"0,54 €","offer_price":0,"offer_type":null,"stock":false,"super":"alcampo"},{"img":"https://www.alcampo.es/media/h49/ha7/10801772855326.jpg","name":"Agua mineral TELENO pack 6 uds. x 50 cl.","price":"1,25 €","offer_price":0,"offer_type":null,"stock":false,"super":"alcampo"},{"img":"https://www.alcampo.es/media/h90/h6e/10217549365278.jpg","name":"Agua sin gas mineral AQUAREL pack 6 uds. x 1,50 l","price":"2,52 €","offer_price":0,"offer_type":null,"stock":false,"super":"alcampo"},{"img":"https://www.alcampo.es/media/ha0/h09/9292101582878.jpg","name":"Agua mineral PRODUCTO ECONÓMICO ALCAMPO botella de 50 cl.","price":"0,19 €","offer_price":0,"offer_type":null,"stock":false,"super":"alcampo"},{"img":"https://www.alcampo.es/media/hcc/h7a/9553353343006.jpg","name":"Agua mineral PRODUCTO ECONÓMICO ALCAMPO 1,5 l.","price":"0,19 €","offer_price":0,"offer_type":null,"stock":false,"super":"alcampo"},{"img":"https://www.alcampo.es/media/h0a/he5/8952565989406.jpg","name":"Agua mineral SOLAN DE CABRAS botella de 1,5 litros","price":"0,67 €","offer_price":0,"offer_type":null,"stock":false,"super":"alcampo"},{"img":"https://www.alcampo.es/media/h0b/hed/10506652188702.jpg","name":"Agua mineral FONT VELLA. pack de 6 uds x 33 cl.","price":"2,22 €","offer_price":0,"offer_type":null,"stock":false,"super":"alcampo"},{"img":"https://www.alcampo.es/media/h32/h6f/9282125234206.jpg","name":"Agua mineral natural tapón sport PRODUCTO ALCAMPO botella de 33 cl","price":"0,19 €","offer_price":0,"offer_type":null,"stock":false,"super":"alcampo"},{"img":"https://www.alcampo.es/media/h63/h2b/10445477085214.jpg","name":"Agua mineral PRODUCTO ECONÓMICO ALCAMPO pack 6 uds. x","price":"1,14 €","offer_price":0,"offer_type":null,"stock":false,"super":"alcampo"},{"img":"https://www.alcampo.es/media/hd5/h96/8969638608926.jpg","name":"Agua mineral TELENO 2,5l pack 2 und.","price":"0,66 €","offer_price":0,"offer_type":null,"stock":false,"super":"alcampo"},{"img":"https://www.alcampo.es/media/hea/h73/10664302313502.jpg","name":"Agua mineral AQUAREL botella de 33 cl. pack de 6 uds.","price":"1,79 €","offer_price":0,"offer_type":null,"stock":false,"super":"alcampo"},{"img":"https://www.alcampo.es/media/h4d/h33/8952723898398.jpg","name":"Agua mineral SOLAN DE CABRAS botella de 75 centilitros","price":"0,66 €","offer_price":0,"offer_type":null,"stock":false,"super":"alcampo"},{"img":"https://www.alcampo.es/media/h3e/h6f/10428598517790.jpg","name":"Agua mineral AQUABONA botella de 2,50 l.","price":"0,79 €","offer_price":0,"offer_type":null,"stock":false,"super":"alcampo"},{"img":"https://www.alcampo.es/media/hb1/h90/10411471110174.jpg","name":"Agua mineral natural LANJARÓN pack de 6 uds. x 2 l.","price":"4,68 €","offer_price":0,"offer_type":null,"stock":false,"super":"alcampo"},{"img":"https://www.alcampo.es/media/hf1/hbd/8965508071454.jpg","name":"Agua mineral TELENO botella de 2,5 litros","price":"0,47 €","offer_price":0,"offer_type":null,"stock":false,"super":"alcampo"},{"img":"https://www.alcampo.es/media/h3c/h88/9375852396574.jpg","name":"Agua mineral BEZOYA botella de 1,50 l.","price":"0,55 €","offer_price":0,"offer_type":null,"stock":false,"super":"alcampo"},{"img":"https://www.alcampo.es/media/h49/h76/10911476711454.jpg","name":"Agua mineral sin gas FONT VELLA pack 6 uds.x 2 l. ","price":"4,36 €","offer_price":0,"offer_type":null,"stock":false,"super":"alcampo"},{"img":"https://www.alcampo.es/media/hcb/h03/8897118339102.jpg","name":"Agua mineral, tapón sport, TELENO botella de 50 centilitros","price":"0,21 €","offer_price":0,"offer_type":null,"stock":false,"super":"alcampo"},{"img":"https://www.alcampo.es/media/h62/hf1/9097182707742.jpg","name":"Agua Mineral SOLAN DE CABRAS 33 Centilitros","price":"0,46 €","offer_price":0,"offer_type":null,"stock":false,"super":"alcampo"},{"img":"https://www.alcampo.es/media/hba/h3b/8971778654238.jpg","name":"Agua mineral TELENO botella de 50 centilitros","price":"0,21 €","offer_price":0,"offer_type":null,"stock":false,"super":"alcampo"},{"img":"https://www.alcampo.es/media/hc7/h01/10817043005470.jpg","name":"Agua mineral dispensador BEZOYA 8 l.","price":"2,39 €","offer_price":0,"offer_type":null,"stock":false,"super":"alcampo"},{"img":"https://www.alcampo.es/media/h7e/h4d/9659295694878.jpg","name":"Agua sport BEZOYA 6 x 33 cl.","price":"1,87 €","offer_price":0,"offer_type":null,"stock":false,"super":"alcampo"},{"img":"https://www.alcampo.es/media/h64/h26/9532037005342.jpg","name":"Agua mineral FONT VELLA botella de 1,5 l.","price":"0,57 €","offer_price":0,"offer_type":null,"stock":false,"super":"alcampo"},{"img":"https://www.alcampo.es/media/h8e/hd5/8975615983646.jpg","name":"Agua mineral, tapón sport, SOLAN DE CABRAS botella de 33 cl.","price":"0,46 €","offer_price":0,"offer_type":null,"stock":false,"super":"alcampo"},{"img":"https://www.alcampo.es/media/ha1/h65/10217496739870.jpg","name":"Agua mineral sin gas AQUAREL botella 1,50 l","price":"0,42 €","offer_price":0,"offer_type":null,"stock":false,"super":"alcampo"},{"img":"https://www.alcampo.es/media/h37/h83/9283776118814.jpg","name":"Agua mineral natural con tapón sport PRODUCTO ALCAMPO pack 6 botellas x 33 cl.","price":"1,02 €","offer_price":0,"offer_type":null,"stock":false,"super":"alcampo"},{"img":"https://www.alcampo.es/media/h78/h5d/10831611461662.jpg","name":"Agua mineral AQUAREL pack 6 botellas 2 l.","price":"3,80 €","offer_price":0,"offer_type":null,"stock":false,"super":"alcampo"},{"img":"https://www.alcampo.es/media/h32/h5a/9532044279838.jpg","name":"Agua mineral natural FONT VELLA pack de 6 uds. x 50 cl.","price":"2,70 €","offer_price":0,"offer_type":null,"stock":false,"super":"alcampo"},{"img":"https://www.alcampo.es/media/h27/h2a/8952569036830.jpg","name":"Agua mineral FUENTE LIVIANA botella de 2 litros pack de 6 uds.","price":"3,05 €","offer_price":0,"offer_type":null,"stock":false,"super":"alcampo"},{"img":"https://www.alcampo.es/media/ha2/h87/9429714567198.jpg","name":"Agua mineral BEZOYA pack 6 botellas x 50 cl. ","price":"2,10 €","offer_price":0,"offer_type":null,"stock":false,"super":"alcampo"},{"img":"https://www.alcampo.es/media/h3b/hb6/10156970704926.jpg","name":"Agua mineral, tapón sport, LANJARÓN botella de 75 cl.","price":"0,64 €","offer_price":0,"offer_type":null,"stock":false,"super":"alcampo"},{"img":"https://www.alcampo.es/media/h70/h70/10496734003230.jpg","name":"Agua mineral CABREIROA botella de 50 cl.","price":"0,54 €","offer_price":0,"offer_type":null,"stock":false,"super":"alcampo"},{"img":"https://www.alcampo.es/media/hed/h72/8896741179422.jpg","name":"Agua mineral TELENO botella de 1,5 litros","price":"0,31 €","offer_price":0,"offer_type":null,"stock":false,"super":"alcampo"},{"img":"https://www.alcampo.es/media/h7f/hb5/10496676036638.jpg","name":"Agua mineral CABREIROA botella pack de 6 uds x 1,5 l.","price":"3,48 €","offer_price":0,"offer_type":null,"stock":false,"super":"alcampo"},{"img":"https://www.alcampo.es/media/hab/hf2/9247130746910.jpg","name":"Agua mineral natural tapón sport PRODUCTO ALCAMPO botella 75 cl.","price":"0,43 €","offer_price":0,"offer_type":null,"stock":false,"super":"alcampo"},{"img":"https://www.alcampo.es/media/hff/h04/9429727248414.jpg","name":"Agua mineral natural BEZOYA 50 cl. ","price":"0,38 €","offer_price":0,"offer_type":null,"stock":false,"super":"alcampo"},{"img":"https://www.alcampo.es/media/h07/h3b/9532033957918.jpg","name":"Agua mineral FONT VELLA botella de 2 l.","price":"0,82 €","offer_price":0,"offer_type":null,"stock":false,"super":"alcampo"},{"img":"https://www.alcampo.es/media/h9f/hf3/10418348851230.jpg","name":"Agua mineral FONT VELLA botella de 2,50 l.","price":"0,87 €","offer_price":0,"offer_type":null,"stock":false,"super":"alcampo"},{"img":"https://www.alcampo.es/media/h89/h29/10411506237470.jpg","name":"Agua mineral sport infantil LANJARÓN pack de 6 uds. x 33 cl. ","price":"2,46 €","offer_price":0,"offer_type":null,"stock":false,"super":"alcampo"},{"img":"https://www.alcampo.es/media/h04/h55/10664292220958.jpg","name":"Agua mineral natural personajes infantil con tapon Nestlé AQUAREL botella 33 cl. ","price":"0,50 €","offer_price":0,"offer_type":null,"stock":false,"super":"alcampo"},{"img":"https://www.alcampo.es/media/h5a/h40/10481901764638.jpg","name":"Agua mineral natural FONT VELLA 75 cl.","price":"0,64 €","offer_price":0,"offer_type":null,"stock":false,"super":"alcampo"},{"img":"https://www.alcampo.es/media/hb1/h9a/10411480809502.jpg","name":"Agua mineral tapón sport infantil LANJARÓN botella 33 cl. ","price":"0,41 €","offer_price":0,"offer_type":null,"stock":false,"super":"alcampo"},{"img":"https://www.alcampo.es/media/h66/h5f/9532033335326.jpg","name":"Agua mineral FONT VELLA botella de 1 l.","price":"0,56 €","offer_price":0,"offer_type":null,"stock":false,"super":"alcampo"},{"img":"https://www.alcampo.es/media/hc3/h11/10506627153950.jpg","name":"Agua mineral LANJARÓN botella de 50 cl.","price":"0,51 €","offer_price":0,"offer_type":null,"stock":false,"super":"alcampo"},{"img":"https://www.alcampo.es/media/hf4/h99/10814900174878.jpg","name":"Agua mineral NESTLÉ AQUAREL botella de 33 cl.","price":"0,34 €","offer_price":0,"offer_type":null,"stock":false,"super":"alcampo"},{"img":"https://www.alcampo.es/media/h02/h2e/8941298417694.jpg","name":"Agua mineral MONDARIZ botella de 50 centilitros","price":"0,42 €","offer_price":0,"offer_type":null,"stock":false,"super":"alcampo"},{"img":"https://www.alcampo.es/media/h17/h03/10496680230942.jpg","name":"Agua mineral CABREIROA botella de 1,5 l.","price":"0,58 €","offer_price":0,"offer_type":null,"stock":false,"super":"alcampo"},{"img":"https://www.alcampo.es/media/h48/h0e/9532061646878.jpg","name":"Agua mineral EVIAN botella 1,25 l. ","price":"1,72 €","offer_price":0,"offer_type":null,"stock":false,"super":"alcampo"},{"img":"https://www.alcampo.es/media/hd2/h73/9532055355422.jpg","name":"Agua mineral FONT VELLA botella de 50 cl.","price":"0,45 €","offer_price":0,"offer_type":null,"stock":false,"super":"alcampo"},{"img":"https://www.alcampo.es/media/hf6/h06/8887811899422.jpg","name":"Agua mineral SIERRA DE CAZORLA botella de 1,5 litros pack de 6 uds.","price":"3,18 €","offer_price":0,"offer_type":null,"stock":false,"super":"alcampo"},{"img":"https://www.alcampo.es/media/h5c/h0f/9532070985758.jpg","name":"Agua mineral LANJARÓN botella de 1,5 l.","price":"0,57 €","offer_price":0,"offer_type":null,"stock":false,"super":"alcampo"},{"img":"https://www.alcampo.es/media/hf1/hc9/10664187068446.jpg","name":"Agua mineral tapón sport NESTLÉ AQUAREL 75 cl","price":"0,52 €","offer_price":0,"offer_type":null,"stock":false,"super":"alcampo"},{"img":"https://www.alcampo.es/media/h53/h4f/9374803099678.jpg","name":"Agua mineral, tapón sport, BEZOYA botella de 33 cl.","price":"0,36 €","offer_price":0,"offer_type":null,"stock":false,"super":"alcampo"},{"img":"https://www.alcampo.es/media/hec/ha9/9211115175966.jpg","name":"Agua mineral TELENO botella 33 cl. ","price":"0,39 €","offer_price":0,"offer_type":null,"stock":false,"super":"alcampo"},{"img":"https://www.alcampo.es/media/h54/h0f/9320509734942.jpg","name":"Agua sin gas mineral AQUAREL botella 2 l","price":"0,64 €","offer_price":0,"offer_type":null,"stock":false,"super":"alcampo"},{"img":"https://www.alcampo.es/media/h60/h44/8893665443870.jpg","name":"Agua mineral TELENO botella de 1 litro","price":"0,39 €","offer_price":0,"offer_type":null,"stock":false,"super":"alcampo"},{"img":"https://www.alcampo.es/media/hee/h8b/9112991399966.jpg","name":"Agua mineral natural easy FONT NATURA 1 l.","price":"0,28 €","offer_price":0,"offer_type":null,"stock":false,"super":"alcampo"},{"img":"https://www.alcampo.es/media/h04/h67/10444953518110.jpg","name":"Agua mineral FONT VELLA pack 4 uds. x 2,5 l.","price":"3,20 €","offer_price":0,"offer_type":null,"stock":false,"super":"alcampo"},{"img":"https://www.alcampo.es/media/h49/h94/10496683573278.jpg","name":"Agua mineral CABREIROA botella de 33 cl. pack de 6 uds.","price":"2,52 €","offer_price":0,"offer_type":null,"stock":false,"super":"alcampo"},{"img":"https://www.alcampo.es/media/h79/ha4/8894736039966.jpg","name":"Agua mineral SIERRA CAZORLA garrafa de 5 litros","price":"1,79 €","offer_price":0,"offer_type":null,"stock":false,"super":"alcampo"},{"img":"https://www.alcampo.es/media/haf/h83/10411504107550.jpg","name":"Agua mineral LANJARÓN botella de 2 l.","price":"0,77 €","offer_price":0,"offer_type":null,"stock":false,"super":"alcampo"},{"img":"https://www.alcampo.es/media/h96/h1f/8952643518494.jpg","name":"Agua mineral FUENTE LIVIANA botella de 2 litros","price":"0,54 €","offer_price":0,"offer_type":null,"stock":false,"super":"alcampo"},{"img":"https://www.alcampo.es/media/h20/h1b/10814853808158.jpg","name":"Agua mineral AQUAREL Sport botella de 50 cl. pack de 6 uds.","price":"2,16 €","offer_price":0,"offer_type":null,"stock":false,"super":"alcampo"},{"img":"https://www.alcampo.es/media/h9a/h25/8959859687454.jpg","name":"Agua mineral, tapón sport, SOLAN DE CABRAS botella de 33 centilitros pack de 6 uds.","price":"2,88 €","offer_price":0,"offer_type":null,"stock":false,"super":"alcampo"},{"img":"https://www.alcampo.es/media/h94/hc7/10496686030878.jpg","name":"Agua mineral, tapón sport, sin gas CABREIROÁ 75 cl.","price":"0,75 €","offer_price":0,"offer_type":null,"stock":false,"super":"alcampo"},{"img":"https://www.alcampo.es/media/heb/h4d/10156868239390.jpg","name":"Agua mineral, tapón sport, FONT VELLA botella 33 cl.","price":"0,54 €","offer_price":0,"offer_type":null,"stock":false,"super":"alcampo"},{"img":"https://www.alcampo.es/media/h2a/h7c/10481918181406.jpg","name":"Agua mineral natural sin gas LANJARÓN KIDS 33 cl.","price":"0,51 €","offer_price":0,"offer_type":null,"stock":false,"super":"alcampo"},{"img":"https://www.alcampo.es/media/h69/hf6/9355516903454.jpg","name":"Agua mineral AQUAREL botella de 50 cl.","price":"0,41 €","offer_price":0,"offer_type":null,"stock":false,"super":"alcampo"},{"img":"https://www.alcampo.es/media/ha8/he1/10411389517854.jpg","name":"Agua mineral FONT VELLA KIDS botella 33 cl.","price":"0,50 €","offer_price":0,"offer_type":null,"stock":false,"super":"alcampo"},{"img":"https://www.alcampo.es/media/h5b/h37/9532072296478.jpg","name":"Agua mineral sin gas LANJARÓN botella 1 l. ","price":"0,57 €","offer_price":0,"offer_type":null,"stock":false,"super":"alcampo"},{"img":"https://www.alcampo.es/media/hdd/hab/10207724306462.jpg","name":"Agua mineral AQUABONA botella de 50 centilitros","price":"0,40 €","offer_price":0,"offer_type":null,"stock":false,"super":"alcampo"},{"img":"https://www.alcampo.es/media/hd2/h36/10867948224542.jpg","name":"Agua mineral, tapón sport, VILADRAU botella de 50 cl.","price":"0,29 €","offer_price":0,"offer_type":null,"stock":false,"super":"alcampo"},{"img":"https://www.alcampo.es/media/h16/h2c/9532042739742.jpg","name":"Agua mineral EVIAN botella de 75 cl.","price":"1,25 €","offer_price":0,"offer_type":null,"stock":false,"super":"alcampo"},{"img":"https://www.alcampo.es/media/h94/hb3/10207640485918.jpg","name":"Agua mineral tapón sport, Emoji NESTLÉ AQUAREL pack 6 uds. x 50 cl.","price":"2,52 €","offer_price":0,"offer_type":null,"stock":false,"super":"alcampo"},{"img":"https://www.alcampo.es/media/hd9/h18/8952454938654.jpg","name":"Agua mineral INSALUS KUKUSUMUSU botella de 33 centilitros","price":"0,44 €","offer_price":0,"offer_type":null,"stock":false,"super":"alcampo"},{"img":"https://www.alcampo.es/media/h8b/h40/9388420562974.jpg","name":"Agua mineral BEZOYA 500 ml.","price":"0,53 €","offer_price":0,"offer_type":null,"stock":false,"super":"alcampo"},{"img":"https://www.alcampo.es/media/h78/h4f/10207669157918.jpg","name":"Agua mineral tapón sport, Emoji NESTLÉ AQUAREL 50 cl.","price":"0,42 €","offer_price":0,"offer_type":null,"stock":false,"super":"alcampo"},{"img":"https://www.alcampo.es/media/h51/h7f/8898172682270.jpg","name":"Agua mineral SIERRA CAZORLA BABY botella de 30 centilitros","price":"0,39 €","offer_price":0,"offer_type":null,"stock":false,"super":"alcampo"},{"img":"https://www.alcampo.es/media/h3d/h83/8959857229854.jpg","name":"Agua mineral, tapón sport, SOLAN DE CABRAS botella de 75 centilitros","price":"0,69 €","offer_price":0,"offer_type":null,"stock":false,"super":"alcampo"},{"img":"https://www.alcampo.es/media/h32/h85/9206251487262.jpg","name":"Agua mineral natural con zumo de limón sin azúcares añadidos CAZORLA botella 1,25 l. ","price":"1,20 €","offer_price":0,"offer_type":null,"stock":false,"super":"alcampo"},{"img":"https://www.alcampo.es/media/he0/hb5/8889759170590.jpg","name":"Agua mineral SIERRA DE CAZORLA botella de 1,5 litros","price":"0,53 €","offer_price":0,"offer_type":null,"stock":false,"super":"alcampo"},{"img":"https://www.alcampo.es/media/hda/haa/8973637156894.jpg","name":"Agua mineral TELENO 9 ud x 33 cl.","price":"3,49 €","offer_price":0,"offer_type":null,"stock":false,"super":"alcampo"},{"img":"https://www.alcampo.es/media/h88/h36/10831640395806.jpg","name":"Agua mineral NESTLÉ AQUAREL 1 l.","price":"0,88 €","offer_price":0,"offer_type":null,"stock":false,"super":"alcampo"},{"img":"https://www.alcampo.es/media/h98/h09/9124321624094.jpg","name":"Agua mineral más zumo de naranja sin azúcares añadidos SIERRA CAZORLA 1,25 l.","price":"1,20 €","offer_price":0,"offer_type":null,"stock":false,"super":"alcampo"},{"img":"https://www.alcampo.es/media/hf7/hef/8952807587870.jpg","name":"Agua mineral, tapón sport, CABREIROA botella de 33 centilitros","price":"0,49 €","offer_price":0,"offer_type":null,"stock":false,"super":"alcampo"},{"img":"https://www.alcampo.es/media/ha3/h7e/8952707514398.jpg","name":"Agua mineral, tapón sport, FUENTE PRIMAVERA botella de 33 centilitros","price":"0,19 €","offer_price":0,"offer_type":null,"stock":false,"super":"alcampo"},{"img":"https://www.alcampo.es/media/h23/h1a/8952644173854.jpg","name":"Agua mineral AQUAFINA botella de 50 centilitros","price":"0,60 €","offer_price":0,"offer_type":null,"stock":false,"super":"alcampo"},{"img":"https://www.alcampo.es/media/h55/hb6/10102198861854.jpg","name":"Agua mineral ACQUA PANNA 1 l.","price":"1,10 €","offer_price":0,"offer_type":null,"stock":false,"super":"alcampo"},{"img":"https://www.alcampo.es/media/h48/h73/9490636537886.jpg","name":"Agua mineral alcalina ALCASANA 1 l.","price":"1,19 €","offer_price":0,"offer_type":null,"stock":false,"super":"alcampo"},{"img":"https://www.alcampo.es/media/h2d/h5e/9490623660062.jpg","name":"Agua mineral alcalina ALCASANA 0,5 l.","price":"0,60 €","offer_price":0,"offer_type":null,"stock":false,"super":"alcampo"},{"img":"https://www.alcampo.es/media/hde/h16/9554443042846.jpg","name":"Agua vaporizada SMARTWATER GLACÉAU 600 ml.","price":"0,77 €","offer_price":0,"offer_type":null,"stock":false,"super":"alcampo"},{"img":"https://www.alcampo.es/media/hec/h79/8959834128414.jpg","name":"Agua mineral FUENTE LIVIANA botella de 1,5 litros","price":"0,55 €","offer_price":0,"offer_type":null,"stock":false,"super":"alcampo"},{"img":"https://www.alcampo.es/media/h75/h28/9567749832734.jpg","name":"Agua mineral Ocean 52 SANMY 330 ml.","price":"0,60 €","offer_price":0,"offer_type":null,"stock":false,"super":"alcampo"},{"img":"https://www.alcampo.es/media/h82/hb3/8897582465054.jpg","name":"Agua mineral con gas VICHY CATALAN botella de 1 litro","price":"1,17 €","offer_price":0,"offer_type":null,"stock":false,"super":"alcampo"},{"img":"https://www.alcampo.es/media/h89/ha7/8952575655966.jpg","name":"Agua mineral con gas FUENTE PRIMAVERA botella de 1,50 litros","price":"0,33 €","offer_price":0,"offer_type":null,"stock":false,"super":"alcampo"},{"img":"https://www.alcampo.es/media/h84/h24/10814862655518.jpg","name":"Agua mineral con gas SAN PELLEGRINO botella de 1 l.","price":"1,10 €","offer_price":0,"offer_type":null,"stock":false,"super":"alcampo"},{"img":"https://www.alcampo.es/media/h4d/hcb/9327923101726.jpg","name":"Agua mineral con gas PRODUCTO ECONÓMICO ALCAMPO botella de 50 centilitros","price":"0,20 €","offer_price":0,"offer_type":null,"stock":false,"super":"alcampo"},{"img":"https://www.alcampo.es/media/h39/h97/9570977972254.jpg","name":"Agua mineral con gas PRODUCTO ECONÓMICO ALCAMPO botella de 1,5 L.","price":"0,30 €","offer_price":0,"offer_type":null,"stock":false,"super":"alcampo"},{"img":"https://www.alcampo.es/media/h94/h71/9532058075166.jpg","name":"Agua mineral con gas FONTER botella de 1 l.","price":"0,75 €","offer_price":0,"offer_type":null,"stock":false,"super":"alcampo"},{"img":"https://www.alcampo.es/media/h43/hbf/10496686522398.jpg","name":"Agua mineral con gas CABREIROA MAGMA 1 L.","price":"0,97 €","offer_price":0,"offer_type":null,"stock":false,"super":"alcampo"},{"img":"https://www.alcampo.es/media/ha4/hd3/8902214877214.jpg","name":"Agua mineral con gas VICHY CATALAN botella de 1,2 l.","price":"1,31 €","offer_price":0,"offer_type":null,"stock":false,"super":"alcampo"},{"img":"https://www.alcampo.es/media/h75/hf7/10547112476702.jpg","name":"Agua mineral con gas VICHY CATALAN lata de 33 cl.","price":"0,79 €","offer_price":0,"offer_type":null,"stock":false,"super":"alcampo"},{"img":"https://www.alcampo.es/media/h15/h4c/10749235560478.jpg","name":"Agua mineral con gas PERRIER MURAKAMI botella de 1 l.","price":"1,09 €","offer_price":0,"offer_type":null,"stock":false,"super":"alcampo"},{"img":"https://www.alcampo.es/media/h40/hf5/8952592859166.jpg","name":"Agua mineral con gas FUENTE PRIMAVERA botella de 50 centilitros","price":"0,33 €","offer_price":0,"offer_type":null,"stock":false,"super":"alcampo"},{"img":"https://www.alcampo.es/media/h22/h59/9462989586462.jpg","name":"Agua mineral con gas PELLEGRINO botella de 50 cl.","price":"0,80 €","offer_price":0,"offer_type":null,"stock":false,"super":"alcampo"},{"img":"https://www.alcampo.es/media/hf0/h09/10496734822430.jpg","name":"Agua mineral con gas CABREIROA MAGMA botella de 1 litro","price":"1,01 €","offer_price":0,"offer_type":null,"stock":false,"super":"alcampo"},{"img":"https://www.alcampo.es/media/hc2/h85/10749065101342.jpg","name":"Agua mineral con gas PERRIER MURAKAMI botella 50 cl. ","price":"0,80 €","offer_price":0,"offer_type":null,"stock":false,"super":"alcampo"},{"img":"https://www.alcampo.es/media/h9b/haa/8897019117598.jpg","name":"Agua mineral con gas PEDRAS SALGADAS botella de 75 centilitros","price":"0,99 €","offer_price":0,"offer_type":null,"stock":false,"super":"alcampo"},{"img":"https://www.alcampo.es/media/hdb/ha0/9292113412126.jpg","name":"Agua mineral con sabor a naranja sin azúcares añadidos VICHY CATALAN botella 1,2 l. ","price":"1,50 €","offer_price":0,"offer_type":null,"stock":false,"super":"alcampo"},{"img":"https://www.alcampo.es/media/h49/h34/10547232800798.jpg","name":"Agua mineral con gas sabor lima limón VICHY CATALAN lata de 33 cl.","price":"0,81 €","offer_price":0,"offer_type":null,"stock":false,"super":"alcampo"},{"img":"https://www.alcampo.es/media/ha1/he1/10831623323678.jpg","name":"Agua mineral con gas PERRIER 25 cl.","price":"0,61 €","offer_price":0,"offer_type":null,"stock":false,"super":"alcampo"},{"img":"https://www.alcampo.es/media/hf9/hb0/9532081766430.jpg","name":"Agua mineral con gas FONTER botella de 50 cl.","price":"0,50 €","offer_price":0,"offer_type":null,"stock":false,"super":"alcampo"},{"img":"https://www.alcampo.es/media/h0f/h81/8952726519838.jpg","name":"Agua mineral con gas VICHY CATALAN botella de 25 centilitros pack de 6 uds.","price":"4,98 €","offer_price":0,"offer_type":null,"stock":false,"super":"alcampo"},{"img":"https://www.alcampo.es/media/h7e/h67/8881425874974.jpg","name":"Agua mineral con gas FUENTE PRIMAVERA botella de 50 centilitros pack de 6 uds.","price":"1,98 €","offer_price":0,"offer_type":null,"stock":false,"super":"alcampo"},{"img":"https://www.alcampo.es/media/hcc/h05/8922516586526.jpg","name":"Sifón LA REVOLTOSA botella 1,5 l.","price":"1,04 €","offer_price":0,"offer_type":null,"stock":false,"super":"alcampo"},{"img":"https://www.alcampo.es/media/h74/h26/10802531663902.jpg","name":"Agua mineral con gas PERRIER MURAKAMI botella de 33 cl.. pack de 4 uds.","price":"3,79 €","offer_price":0,"offer_type":null,"stock":false,"super":"alcampo"},{"img":"https://www.alcampo.es/media/h17/hd0/10102136373278.jpg","name":"Agua mineral con gas con aroma limón PERRIER 50 cl. ","price":"0,99 €","offer_price":0,"offer_type":null,"stock":false,"super":"alcampo"},{"img":"https://www.alcampo.es/media/h9a/hd8/8974053048350.jpg","name":"Sifón con tapón TOSCA 1,5 l.","price":"1,49 €","offer_price":0,"offer_type":null,"stock":false,"super":"alcampo"},{"img":"https://www.alcampo.es/media/h36/h54/9861312610334.jpg","name":"Agua con gas SAN PELLEGRINO 750 ml.","price":"1,32 €","offer_price":0,"offer_type":null,"stock":false,"super":"alcampo"},{"img":"https://www.alcampo.es/media/h3b/heb/9544131182622.jpg","name":"Agua con gas, soda SCHWEPPES 25 cl","price":"0,73 €","offer_price":0,"offer_type":null,"stock":false,"super":"alcampo"},{"img":"https://www.alcampo.es/media/h37/h3f/10547217661982.jpg","name":"Agua mineral con gas sabor limón VICHY CATALAN 33 cl.","price":"0,99 €","offer_price":0,"offer_type":null,"stock":false,"super":"alcampo"},{"img":"https://www.alcampo.es/media/h3b/h4e/8873099690014.jpg","name":"Agua mineral con gas PEDRAS SALGADAS botella de 25 centilitros","price":"0,69 €","offer_price":0,"offer_type":null,"stock":false,"super":"alcampo"},{"img":"https://www.alcampo.es/media/h3b/hdc/10814856265758.jpg","name":"Agua mineral con gas, sabor melocotón PERRIER 50 cl.","price":"0,93 €","offer_price":0,"offer_type":null,"stock":false,"super":"alcampo"},{"img":"https://www.alcampo.es/media/h72/hb9/9292086575134.jpg","name":"Agua mineral sabor a limón sin azúcares añadidos VICHY CATALAN FRUIT botella 1,2 l.","price":"1,55 €","offer_price":0,"offer_type":null,"stock":false,"super":"alcampo"},{"img":"https://www.alcampo.es/media/he3/hb3/8893914284062.jpg","name":"Agua mineral con gas BORSEC botella de 1,50 litros","price":"1,49 €","offer_price":0,"offer_type":null,"stock":false,"super":"alcampo"},{"img":"https://www.alcampo.es/media/hb3/h51/10831634235422.jpg","name":"Agua mineral con gas PERRIER botella de 75 cl.","price":"2,29 €","offer_price":0,"offer_type":null,"stock":false,"super":"alcampo"},{"img":"https://www.alcampo.es/media/h54/h87/9292109086750.jpg","name":"Agua mineral sabor a manzana sin azúcares añadidos VICHY CATALAN botella 1,2 l. ","price":"1,50 €","offer_price":0,"offer_type":null,"stock":false,"super":"alcampo"},{"img":"https://www.alcampo.es/media/h21/h40/8876390350878.jpg","name":"Agua mineral con gas sabor limón PEDRAS botella de 25 centilitros pack de 4 uds.","price":"2,76 €","offer_price":0,"offer_type":null,"stock":false,"super":"alcampo"},{"img":"https://www.alcampo.es/media/hf4/hbc/9203518963742.jpg","name":"Agua mineral con gas PEDRAS SALGADAS botella de 25 centilitros pack de 6 uds.","price":"4,14 €","offer_price":0,"offer_type":null,"stock":false,"super":"alcampo"},{"img":"https://www.alcampo.es/media/hd3/h96/9600042434590.jpg","name":"Agua mineral con gas,sabor pepino PERRIER 50 cl.","price":"0,94 €","offer_price":0,"offer_type":null,"stock":false,"super":"alcampo"},{"img":"https://www.alcampo.es/media/ha0/h3c/9185411792926.jpg","name":"Agua mineral natural con gas carbónico FUENTE PRIMAVERA botella 150 g. ","price":"1,98 €","offer_price":0,"offer_type":null,"stock":false,"super":"alcampo"},{"img":"https://www.alcampo.es/media/h5f/hcb/8962562359326.jpg","name":"Agua mineral con gas INSALUS botella de 70 centilitros","price":"0,99 €","offer_price":0,"offer_type":null,"stock":false,"super":"alcampo"},{"img":"https://www.alcampo.es/media/h8a/h36/9124338139166.jpg","name":"Gaseosa vintage clasica SANMY 1 l.","price":"2,99 €","offer_price":0,"offer_type":null,"stock":false,"super":"alcampo"},{"img":"https://www.alcampo.es/media/h39/h5f/8952703483934.jpg","name":"Agua mineral con gas VICHY CATALAN botella de 75 centilitros","price":"1,79 €","offer_price":0,"offer_type":null,"stock":false,"super":"alcampo"},{"img":"https://www.alcampo.es/media/h13/h6d/10496732954654.jpg","name":"Agua mineral con gas CABREIROA MAGMA botella de 50 cl.","price":"2,07 €","offer_price":0,"offer_type":null,"stock":false,"super":"alcampo"},{"img":"https://www.alcampo.es/media/h4c/h88/9532079374366.jpg","name":"Agua mineral sabor limón FONT VELLA SENSACIÓN botella 1,25 l.","price":"1,08 €","offer_price":0,"offer_type":null,"stock":false,"super":"alcampo"},{"img":"https://www.alcampo.es/media/h75/hfb/8974059929630.jpg","name":"Agua aromatizada ESSENZIA SAN BENEDETTO 1,5 l.","price":"0,72 €","offer_price":0,"offer_type":null,"stock":false,"super":"alcampo"},{"img":"https://www.alcampo.es/media/h7a/hfa/10157071433758.jpg","name":"Agua limón Zero FONT VELLA LEVITÉ 1,25 l","price":"0,98 €","offer_price":0,"offer_type":null,"stock":false,"super":"alcampo"},{"img":"https://www.alcampo.es/media/ha6/h00/10156879872030.jpg","name":"Agua mineral sabor limón FONT VELLA LEVITÉ botella de 1,25 l.","price":"1,26 €","offer_price":0,"offer_type":null,"stock":false,"super":"alcampo"},{"img":"https://www.alcampo.es/media/h3f/had/9532068528158.jpg","name":"Agua mineral sabor manzana FONT VELLA SENSACIÓN botella de 1,25 l.","price":"1,08 €","offer_price":0,"offer_type":null,"stock":false,"super":"alcampo"},{"img":"https://www.alcampo.es/media/hde/h6d/8959865421854.jpg","name":"Agua mineral sabor limón FONTECELTA botella de 1,25 litros","price":"0,89 €","offer_price":0,"offer_type":null,"stock":false,"super":"alcampo"},{"img":"https://www.alcampo.es/media/h75/h50/10157066551326.jpg","name":"Agua mineral sabor piña FONT VELLA PIÑA botella de 1,25 l.","price":"0,98 €","offer_price":0,"offer_type":null,"stock":false,"super":"alcampo"},{"img":"https://www.alcampo.es/media/h40/h3d/10157115113502.jpg","name":"Agua mineral sabor naranja FONT VELLA NARANJA botella de 1,25 l.","price":"1,26 €","offer_price":0,"offer_type":null,"stock":false,"super":"alcampo"},{"img":"https://www.alcampo.es/media/h68/h96/9241923125278.jpg","name":"Agua con sabor a granada, uva y aloe vera SOLAN DE CABRAS botella 33 cl. ","price":"0,95 €","offer_price":0,"offer_type":null,"stock":false,"super":"alcampo"},{"img":"https://www.alcampo.es/media/hf1/h93/9605385388062.jpg","name":"Agua mineral multifrutas BISOLAN SOLAN DE CABRAS 1 l","price":"1,61 €","offer_price":0,"offer_type":null,"stock":false,"super":"alcampo"},{"img":"https://www.alcampo.es/media/h1b/hb1/9133094699038.jpg","name":"Agua aromatizada essenzia manzana SAN BENEDETTO 1,5 l","price":"0,89 €","offer_price":0,"offer_type":null,"stock":false,"super":"alcampo"},{"img":"https://www.alcampo.es/media/h02/h8c/10547233456158.jpg","name":"Agua mineral con gas y sabor a menta VICHY CATALÁN 33 cl.","price":"0,88 €","offer_price":0,"offer_type":null,"stock":false,"super":"alcampo"},{"img":"https://www.alcampo.es/media/hda/hfc/9241979224094.jpg","name":"Agua con sabor a pomelo rosa y flor de azahar SOLAN DE CABRAS botella 33 cl. ","price":"0,95 €","offer_price":0,"offer_type":null,"stock":false,"super":"alcampo"},{"img":"https://www.alcampo.es/media/h1a/h4e/9355412439070.jpg","name":"Agua mineral multifrutas BISOLAN SOLAN DE CABRAS 33 cl.","price":"0,74 €","offer_price":0,"offer_type":null,"stock":false,"super":"alcampo"},{"img":"https://www.alcampo.es/media/h32/h85/9206251487262.jpg","name":"Agua mineral natural con zumo de limón sin azúcares añadidos CAZORLA botella 1,25 l. ","price":"1,20 €","offer_price":0,"offer_type":null,"stock":false,"super":"alcampo"},{"img":"https://www.alcampo.es/media/h63/h3e/9133198606366.jpg","name":"Agua mineral con zumo de manzana sin gas ENJOY 1,5 l.","price":"0,89 €","offer_price":0,"offer_type":null,"stock":false,"super":"alcampo"},{"img":"https://www.alcampo.es/media/hfa/hae/9861314412574.jpg","name":"Agua mineral con gas, sabor limón SAN PELLEGRINO ESSENZA 500 ml.","price":"0,90 €","offer_price":0,"offer_type":null,"stock":false,"super":"alcampo"},{"img":"https://www.alcampo.es/media/ha2/h6a/9861316608030.jpg","name":"Agua mineral con gas, sabor mandarina y fresa SAN PELEGRINO ESSENZA 500 ml","price":"0,91 €","offer_price":0,"offer_type":null,"stock":false,"super":"alcampo"},{"img":"https://www.alcampo.es/media/h98/h09/9124321624094.jpg","name":"Agua mineral más zumo de naranja sin azúcares añadidos SIERRA CAZORLA 1,25 l.","price":"1,20 €","offer_price":0,"offer_type":null,"stock":false,"super":"alcampo"},{"img":"https://www.alcampo.es/media/hbf/h49/9355438653470.jpg","name":"Agua mineral sabor manzana BISOLAN SOLAN DE CABRAS 33 cl.","price":"0,81 €","offer_price":0,"offer_type":null,"stock":false,"super":"alcampo"},{"img":"https://www.alcampo.es/media/hba/h48/10073668550686.jpg","name":"Agua con gas sabor fresa VICHY CATALAN FRUIT 1,2 l.","price":"1,79 €","offer_price":0,"offer_type":null,"stock":false,"super":"alcampo"},{"img":"https://www.alcampo.es/media/h61/h80/8902639091742.jpg","name":"Agua vitaminada VITAMIN WELL RELOAD botella de 50 cl.","price":"1,80 €","offer_price":0,"offer_type":null,"stock":false,"super":"alcampo"},{"img":"https://www.alcampo.es/media/ha6/hda/8902363447326.jpg","name":"Agua vitaminada con sabor a melocotón VITAMIN WELL ANTIOXIDANT botella de 50 centilitros","price":"2,08 €","offer_price":0,"offer_type":null,"stock":false,"super":"alcampo"},{"img":"https://www.alcampo.es/media/hee/h06/10073582632990.jpg","name":"Agua mineral con gas sabor piña-coco VICHY CATALAN FRUIT 1,2 l.","price":"1,69 €","offer_price":0,"offer_type":null,"stock":false,"super":"alcampo"},{"img":"https://www.alcampo.es/media/h37/h5d/10569090433054.jpg","name":"Zumo naranja 100 % exprimido sin pulpa PRODUCTO ALCAMPO 1 l","price":"0,98 €","offer_price":0,"offer_type":null,"stock":false,"super":"alcampo"},{"img":"https://www.alcampo.es/media/haf/h63/9494131572766.jpg","name":"Zumo de manzana PRODUCTO ECONÓMICO ALCAMPO 1 l.","price":"0,58 €","offer_price":0,"offer_type":null,"stock":false,"super":"alcampo"},{"img":"https://www.alcampo.es/media/h5a/hd9/9630035869726.jpg","name":"Brick zumo exprimido de naranja sin pulpa DON SIMÓN 1 l","price":"1,64 €","offer_price":0,"offer_type":null,"stock":false,"super":"alcampo"},{"img":"https://www.alcampo.es/media/h14/h1f/9345249247262.jpg","name":"Zumo de naranja PRODUCTO ECONÓMICO ALCAMPO 1 l","price":"0,68 €","offer_price":0,"offer_type":null,"stock":false,"super":"alcampo"},{"img":"https://www.alcampo.es/media/hb9/h00/9627340537886.jpg","name":"Zumo exprimido de naranja con pulpa DON SIMÓN brick de 1 l.","price":"1,64 €","offer_price":0,"offer_type":null,"stock":false,"super":"alcampo"},{"img":"https://www.alcampo.es/media/h50/h0a/9427876708382.jpg","name":"Zumo de melocotón, manzana y uva PRODUCTO ECONÓMICO ALCAMPO brick de 1 l.","price":"0,57 €","offer_price":0,"offer_type":null,"stock":false,"super":"alcampo"},{"img":"https://www.alcampo.es/media/h7a/h9f/8959728680990.jpg","name":"Brick zumo de piña y uva DON SIMÓN 6 uds x 20 cl.","price":"1,41 €","offer_price":0,"offer_type":null,"stock":false,"super":"alcampo"},{"img":"https://www.alcampo.es/media/h06/h85/10454289088542.jpg","name":"Zumo de melocotón, uva y manzana PRODUCTO ECONÓMICO ALCAMPO brick 6 uds x 20 cl.","price":"0,83 €","offer_price":0,"offer_type":null,"stock":false,"super":"alcampo"},{"img":"https://www.alcampo.es/media/h11/h25/10703030878238.jpg","name":"Zumo de piña, manzana y uva PRODUCTO ECONÓMICO ALCAMPO pack de 6 uds x 20 cl.","price":"1,15 €","offer_price":0,"offer_type":null,"stock":false,"super":"alcampo"},{"img":"https://www.alcampo.es/media/h45/h37/8952708497438.jpg","name":"Brick zumo de naranja DON SIMÓN 1l","price":"1,09 €","offer_price":0,"offer_type":null,"stock":false,"super":"alcampo"},{"img":"https://www.alcampo.es/media/h0e/h4e/9386881548318.jpg","name":"Zumo de piña, manzana y uva PRODUCTO ECONÓMICO ALCAMPO brick de 1 l.","price":"0,66 €","offer_price":0,"offer_type":null,"stock":false,"super":"alcampo"},{"img":"https://www.alcampo.es/media/h12/h5d/10569089843230.jpg","name":"Zumo naranja 100 % exprimida cion pulpa PRODUCTO ALCAMPO 1l-","price":"0,99 €","offer_price":0,"offer_type":null,"stock":false,"super":"alcampo"},{"img":"https://www.alcampo.es/media/h35/h35/10717775429662.jpg","name":"Néctar de melocotón GRANINI GO| pack 3 uds x 20 cl.","price":"1,28 €","offer_price":0,"offer_type":null,"stock":false,"super":"alcampo"},{"img":"https://www.alcampo.es/media/h48/hef/8867583885342.jpg","name":"Brick zumo de manzana DON SIMON 6 uds x 20 cl.","price":"1,41 €","offer_price":0,"offer_type":null,"stock":false,"super":"alcampo"},{"img":"https://www.alcampo.es/media/hf7/h0f/9345294696478.jpg","name":"Zumo de naranja sin pulpa refrigerado PRODUCTO ALCAMPO 1 l.","price":"1,23 €","offer_price":0,"offer_type":null,"stock":false,"super":"alcampo"},{"img":"https://www.alcampo.es/media/h7f/hfe/8892126199838.jpg","name":"Brick zumo de melocotón y uva DON SIMON 6 uds x 20 cl.","price":"1,41 €","offer_price":0,"offer_type":null,"stock":false,"super":"alcampo"},{"img":"https://www.alcampo.es/media/h10/h0b/8898187165726.jpg","name":"Zumo de piña DON SIMON brick de 1 l.","price":"1,05 €","offer_price":0,"offer_type":null,"stock":false,"super":"alcampo"},{"img":"https://www.alcampo.es/media/h5a/hc7/9371337719838.jpg","name":"Zumo de naranja con pulpa refrigerado PRODUCTO ALCAMPO brick de 1 l.","price":"1,23 €","offer_price":0,"offer_type":null,"stock":false,"super":"alcampo"},{"img":"https://www.alcampo.es/media/hbf/hf5/9297154244638.jpg","name":"Néctar sin azúcar añadido de naranja DON SIMON DISFRUTA botella de 1,5 l.","price":"1,31 €","offer_price":0,"offer_type":null,"stock":false,"super":"alcampo"},{"img":"https://www.alcampo.es/media/h45/h63/10409470951454.jpg","name":"Néctar de piña sin azúcar añadido PRODUCTO ALCAMPO pack 6 uds x 20 cl.","price":"1,14 €","offer_price":0,"offer_type":null,"stock":false,"super":"alcampo"},{"img":"https://www.alcampo.es/media/hd8/hd6/8894118232094.jpg","name":"Brick zumo de naranja DON SIMÓN 6 uds x 20 cl.","price":"1,44 €","offer_price":0,"offer_type":null,"stock":false,"super":"alcampo"},{"img":"https://www.alcampo.es/media/h3d/hf1/10358784655390.jpg","name":"Zumo de naranja natural, recién exprimido ALCAMPO PRODUCCIÓN CONTROLADA 1 l.","price":"3,69 €","offer_price":0,"offer_type":null,"stock":false,"super":"alcampo"},{"img":"https://www.alcampo.es/media/h54/h37/8923124957214.gif","name":"Refresco refrigerado de naranja SIMON LIFE botella de 1,5 l.","price":"1,34 €","offer_price":0,"offer_type":null,"stock":false,"super":"alcampo"},{"img":"https://www.alcampo.es/media/h22/hbb/8869553766430.jpg","name":"Zumo de manzana DON SIMON brick de 1 l.","price":"1,09 €","offer_price":0,"offer_type":null,"stock":false,"super":"alcampo"},{"img":"https://www.alcampo.es/media/h93/h2d/9345268416542.jpg","name":"Néctar sin azúcar añadido de frutas PRODUCTO ALCAMPO pack de 6 uds x 20 cl.","price":"1,14 €","offer_price":0,"offer_type":null,"stock":false,"super":"alcampo"},{"img":"https://www.alcampo.es/media/h8e/ha6/10717852958750.jpg","name":"Néctar de naranja GRANINI CLÁSICOS 1,5 l.","price":"2,85 €","offer_price":0,"offer_type":null,"stock":false,"super":"alcampo"},{"img":"https://www.alcampo.es/media/ha8/h34/10717720477726.jpg","name":"Néctar de naranja GRANINI CLÁSICOS 1 l.","price":"1,99 €","offer_price":0,"offer_type":null,"stock":false,"super":"alcampo"},{"img":"https://www.alcampo.es/media/h99/h4c/10292664008734.jpg","name":"Zumo de tomate PRODUCTO ALCAMPO 1 l.","price":"0,62 €","offer_price":0,"offer_type":null,"stock":false,"super":"alcampo"},{"img":"https://www.alcampo.es/media/h6a/h84/10454296625182.jpg","name":"Néctar sin azúcar añadido de piña DON SIMON DISFRUTA botella de 1,5 l.","price":"1,32 €","offer_price":0,"offer_type":null,"stock":false,"super":"alcampo"},{"img":"https://www.alcampo.es/media/h83/h4e/10411383521310.jpg","name":"Brick néctar de piña sin azúcar añadido JUVER DISFRUTA 2 l.","price":"2,27 €","offer_price":0,"offer_type":null,"stock":false,"super":"alcampo"},{"img":"https://www.alcampo.es/media/h7d/had/10411511873566.jpg","name":"Néctar sin azúcar añadido de naranja JUVER 2 l.","price":"2,21 €","offer_price":0,"offer_type":null,"stock":false,"super":"alcampo"},{"img":"https://www.alcampo.es/media/h1c/h48/10411495161886.jpg","name":"Néctar de piña, sin azúcares añadidos JUVER DISFRUTA pack 3 uds x 20 cl.","price":"1,29 €","offer_price":0,"offer_type":null,"stock":false,"super":"alcampo"},{"img":"https://www.alcampo.es/media/h58/hf7/8952594825246.jpg","name":"Mosto sin alcohol tradicional de uva blanco GREIP botella 1 l.","price":"1,77 €","offer_price":0,"offer_type":null,"stock":false,"super":"alcampo"},{"img":"https://www.alcampo.es/media/hed/h74/9297158668318.jpg","name":"Néctar sin azúcar añadido de melocotón DON SIMON DISFRUTA botella de 1,5 l.","price":"1,21 €","offer_price":0,"offer_type":null,"stock":false,"super":"alcampo"},{"img":"https://www.alcampo.es/media/h49/h2c/9781078982686.jpg","name":"Néctar multifrutas PRODUCTO ECONÓMICO ALCAMPO brick de 2 l.","price":"1,79 €","offer_price":0,"offer_type":null,"stock":false,"super":"alcampo"},{"img":"https://www.alcampo.es/media/hf8/hdd/10717858431006.jpg","name":"Néctar de piña GRANINI pack de 3 uds x 20 cl.","price":"1,27 €","offer_price":0,"offer_type":null,"stock":false,"super":"alcampo"},{"img":"https://www.alcampo.es/media/hd9/h0f/10717904666654.jpg","name":"Zumo de manzana GRANINI 100 % FRUTA 1 l.","price":"1,99 €","offer_price":0,"offer_type":null,"stock":false,"super":"alcampo"},{"img":"https://www.alcampo.es/media/hc0/hd7/10569139847198.jpg","name":"Néctar sin azúcar añadido de melocotón PRODUCTO ALCAMPO LIGHT brick de 6 uds x 20 cl.","price":"1,14 €","offer_price":0,"offer_type":null,"stock":false,"super":"alcampo"},{"img":"https://www.alcampo.es/media/hbc/h13/10569154166814.jpg","name":"Zumo de naranja PRODUCTO ECONÓMICO ALCAMPO brick de 6 uds x 20 cl.","price":"1,15 €","offer_price":0,"offer_type":null,"stock":false,"super":"alcampo"},{"img":"https://www.alcampo.es/media/h89/h04/10600538243102.jpg","name":"Zumo refrigerado exprimido de piña PRODUCTO ALCAMPO 1 l.","price":"1,53 €","offer_price":0,"offer_type":null,"stock":false,"super":"alcampo"},{"img":"https://www.alcampo.es/media/he1/hdd/10411489034270.jpg","name":"Néctar sin azúcar añadido de frutas JUVER 2 l.","price":"2,23 €","offer_price":0,"offer_type":null,"stock":false,"super":"alcampo"},{"img":"https://www.alcampo.es/media/hdd/h51/8899324018718.jpg","name":"Zumo exprimido de piña y uva sin pulpa DON SIMON pack 3 brik x 20 cl.","price":"0,92 €","offer_price":0,"offer_type":null,"stock":false,"super":"alcampo"},{"img":"https://www.alcampo.es/media/he9/hd6/10652087877662.jpg","name":"Zumo de naranja (100 % exprimido) sin pulpa DON SIMÓN 2 l.","price":"3,39 €","offer_price":0,"offer_type":null,"stock":false,"super":"alcampo"},{"img":"https://www.alcampo.es/media/h6a/hc7/8892052078622.jpg","name":"Zumo de melocotón DON SIMON brick de 1 l.","price":"1,09 €","offer_price":0,"offer_type":null,"stock":false,"super":"alcampo"},{"img":"https://www.alcampo.es/media/h84/h54/8959653707806.jpg","name":"Zumo exprimido de naranja sin pulpa DON SIMON brick de 3 uds x 20 cl.","price":"0,93 €","offer_price":0,"offer_type":null,"stock":false,"super":"alcampo"},{"img":"https://www.alcampo.es/media/h4e/h9f/10717777461278.jpg","name":"Néctar de melocontón y uva sin azúcar añadido GRANINI pack 3 x 20 cl.","price":"1,41 €","offer_price":0,"offer_type":null,"stock":false,"super":"alcampo"},{"img":"https://www.alcampo.es/media/h73/h1e/10717856628766.jpg","name":"Néctar de arándanos GRANINI ANTIOX 1 l.","price":"2,12 €","offer_price":0,"offer_type":null,"stock":false,"super":"alcampo"},{"img":"https://www.alcampo.es/media/hd7/ha5/10411470061598.jpg","name":"Néctar de manzana, sin azúcares añadidos JUVER 2 l.","price":"2,23 €","offer_price":0,"offer_type":null,"stock":false,"super":"alcampo"},{"img":"https://www.alcampo.es/media/h55/hdd/9374782717982.jpg","name":"Zumo de naranja y soja de origen 100% vegetal VIVESOY de Pascual 1 l.","price":"1,36 €","offer_price":0,"offer_type":null,"stock":false,"super":"alcampo"},{"img":"https://www.alcampo.es/media/h98/hfd/10717860986910.jpg","name":"Néctar de piña sin azúcares añadidos GRANINI pack 3 uds. x 20 cl.","price":"1,41 €","offer_price":0,"offer_type":null,"stock":false,"super":"alcampo"},{"img":"https://www.alcampo.es/media/hc3/h93/10652083453982.jpg","name":"Brick zumo de naranja con pulpa (100% naranja exprimida) DON SIMÓN 2l","price":"3,99 €","offer_price":0,"offer_type":null,"stock":false,"super":"alcampo"},{"img":"https://www.alcampo.es/media/h97/hdf/10717844373534.jpg","name":"Néctar de naranja dulce GRANINI 100 % FRUTA 1 l.","price":"2,26 €","offer_price":0,"offer_type":null,"stock":false,"super":"alcampo"},{"img":"https://www.alcampo.es/media/hec/h63/9297159323678.gif","name":"Néctar sin azúcar añadido tropical DON SIMON DISFRUTA botella de 1,5 l.","price":"1,21 €","offer_price":0,"offer_type":null,"stock":false,"super":"alcampo"},{"img":"https://www.alcampo.es/media/h9d/hb9/10411516854302.jpg","name":"Néctar de frutas variadas y vitaminas, sin azúcares añadidos JUVER DISFRUTA pack 3 uds x 20 cl.","price":"1,29 €","offer_price":0,"offer_type":null,"stock":false,"super":"alcampo"},{"img":"https://www.alcampo.es/media/h82/he3/10411379359774.jpg","name":"Néctar de melocotón, sin azúcares añadidos JUVER DISFRUTA pack 3 uds x 20 cl.","price":"1,29 €","offer_price":0,"offer_type":null,"stock":false,"super":"alcampo"},{"img":"https://www.alcampo.es/media/hda/hcd/10717794566174.jpg","name":"Néctar de naranja GRANINI pack 3 uds x 20 cl.","price":"1,32 €","offer_price":0,"offer_type":null,"stock":false,"super":"alcampo"},{"img":"https://www.alcampo.es/media/h7c/h69/10454312648734.jpg","name":"Néctar sin azúcar añadido de naranja PRODUCTO ALCAMPO LIGHT pack de 6 uds x 20 cl.","price":"1,14 €","offer_price":0,"offer_type":null,"stock":false,"super":"alcampo"},{"img":"https://www.alcampo.es/media/ha0/ha0/9357572833310.jpg","name":"Néctar de naranja PRODUCTO ECONÓMICO ALCAMPO brick de 2 l.","price":"1,79 €","offer_price":0,"offer_type":null,"stock":false,"super":"alcampo"},{"img":"https://www.alcampo.es/media/hd3/h84/10632072134686.jpg","name":"Bebida multifrutas a partir de concentrados (con vitaminas A, C y E), sin azúcares añadidos PRODUCTO ALCAMPO 1 l.","price":"0,79 €","offer_price":0,"offer_type":null,"stock":false,"super":"alcampo"},{"img":"https://www.alcampo.es/media/h17/hce/10717804429342.jpg","name":"Néctar de melocotón GRANINI CLÁSICOS 1,5 l.","price":"2,57 €","offer_price":0,"offer_type":null,"stock":false,"super":"alcampo"},{"img":"https://www.alcampo.es/media/ha3/hb0/10652043771934.gif","name":"Néctar de maracuyá DON SIMÓN botella de 1,5 l.","price":"1,50 €","offer_price":0,"offer_type":null,"stock":false,"super":"alcampo"},{"img":"https://www.alcampo.es/media/h44/h83/10411382964254.jpg","name":"Néctar de manzana, sin azúcares añadidos JUVER DISFRUTAbrick 3 uds x 20 cl.","price":"1,29 €","offer_price":0,"offer_type":null,"stock":false,"super":"alcampo"},{"img":"https://www.alcampo.es/media/h15/h4e/8896302284830.jpg","name":"Zumo exprimido de piña y uva DON SIMON brick de 4 uds x 12,5 cl.","price":"1,10 €","offer_price":0,"offer_type":null,"stock":false,"super":"alcampo"},{"img":"https://www.alcampo.es/media/hd5/ha6/8952661573662.jpg","name":"Mosto tinto CASTILLO DE SALOBREÑA botella de 1 l.","price":"1,27 €","offer_price":0,"offer_type":null,"stock":false,"super":"alcampo"},{"img":"https://www.alcampo.es/media/h0b/h8c/10411388010526.jpg","name":"Néctar de frutos rojos JUVER 1 l.","price":"1,18 €","offer_price":0,"offer_type":null,"stock":false,"super":"alcampo"},{"img":"https://www.alcampo.es/media/h6e/hb3/10717909254174.jpg","name":"Néctar de pera GRANINI SELECCIÓN 1 l.","price":"2,14 €","offer_price":0,"offer_type":null,"stock":false,"super":"alcampo"},{"img":"https://www.alcampo.es/media/heb/hac/10717736763422.jpg","name":"Néctar de piña GRANINI 1,5 l.","price":"2,94 €","offer_price":0,"offer_type":null,"stock":false,"super":"alcampo"},{"img":"https://www.alcampo.es/media/h6c/h7a/10411489198110.jpg","name":"Néctar de piña, sin azúcares añadidos JUVER DISFRUTA brick de 1 l.","price":"1,20 €","offer_price":0,"offer_type":null,"stock":false,"super":"alcampo"},{"img":"https://www.alcampo.es/media/h29/hbb/10717797777438.jpg","name":"Néctar de pomelo rosa GRANINI SELECCIÓN 1 l.","price":"2,14 €","offer_price":0,"offer_type":null,"stock":false,"super":"alcampo"},{"img":"https://www.alcampo.es/media/h6c/he4/10717729456158.jpg","name":"Zumo de tomate GRANINI 1 l.","price":"1,92 €","offer_price":0,"offer_type":null,"stock":false,"super":"alcampo"},{"img":"https://www.alcampo.es/media/hb3/ha5/10207706972190.jpg","name":"Néctar de naranja MINUTE MAID botella de 1 l.","price":"1,49 €","offer_price":0,"offer_type":null,"stock":false,"super":"alcampo"},{"img":"https://www.alcampo.es/media/h15/h78/10411381325854.jpg","name":"Néctar de naranja, sin azúcares añadidos JUVER brick de 1 l.","price":"1,29 €","offer_price":0,"offer_type":null,"stock":false,"super":"alcampo"},{"img":"https://www.alcampo.es/media/h63/h80/10411474288670.jpg","name":"Néctar de melocotón, sin azúcares añadidos JUVER DISFRUTA 1 l.","price":"1,20 €","offer_price":0,"offer_type":null,"stock":false,"super":"alcampo"},{"img":"https://www.alcampo.es/media/heb/h4f/10207656542238.jpg","name":"Bebida refrescante de manzana APLETISER botella de 75 cl.","price":"1,64 €","offer_price":0,"offer_type":null,"stock":false,"super":"alcampo"},{"img":"https://www.alcampo.es/media/h0b/h46/9401118261278.jpg","name":"Néctar multifrutas tropicales PRODUCTO ALCAMPO brick de 2 l.","price":"1,49 €","offer_price":0,"offer_type":null,"stock":false,"super":"alcampo"},{"img":"https://www.alcampo.es/media/hf5/h9f/9427863437342.jpg","name":"Néctar sin azúcar añadido de piña AUCHAN LIGHT brick de 2 l.","price":"1,49 €","offer_price":0,"offer_type":null,"stock":false,"super":"alcampo"},{"img":"https://www.alcampo.es/media/hd1/h80/10411505254430.jpg","name":"Néctar de arándanos exótico, sin azúcares añadidos JUVER DISFRUTA brick de 1 l. ","price":"1,18 €","offer_price":0,"offer_type":null,"stock":false,"super":"alcampo"},{"img":"https://www.alcampo.es/media/haf/hf1/10717927079966.jpg","name":"Néctar de melocotón GRANINI CLÁSICOS 1 l.","price":"1,59 €","offer_price":0,"offer_type":null,"stock":false,"super":"alcampo"},{"img":"https://www.alcampo.es/media/hac/ha9/10411512037406.jpg","name":"Néctar de melocotón sin azúcar añadido JUVER 2 l.","price":"2,23 €","offer_price":0,"offer_type":null,"stock":false,"super":"alcampo"},{"img":"https://www.alcampo.es/media/haf/h20/9297167122462.jpg","name":"Néctar sin azúcar añadido de mango DON SIMON DISFRUTA botella de 1,5 l.","price":"1,21 €","offer_price":0,"offer_type":null,"stock":false,"super":"alcampo"},{"img":"https://www.alcampo.es/media/h5b/hbe/10652127100958.gif","name":"Néctar de naranja DON SIMÓN botella de 1,5 l.","price":"1,37 €","offer_price":0,"offer_type":null,"stock":false,"super":"alcampo"},{"img":"https://www.alcampo.es/media/hca/h13/10884852154398.jpg","name":"Néctar de piña PRODUCTO ECONÓMICO ALCAMPO brick de 2 l.","price":"1,79 €","offer_price":0,"offer_type":null,"stock":false,"super":"alcampo"},{"img":"https://www.alcampo.es/media/hf3/he8/8952614748190.jpg","name":"Mosto sin alcohol tradicional de uva tinto GREIP botella 1 l.","price":"1,77 €","offer_price":0,"offer_type":null,"stock":false,"super":"alcampo"},{"img":"https://www.alcampo.es/media/h38/hee/10717923704862.jpg","name":"Néctar de plátano GRANINI SELECCIÓN 1 l.","price":"2,14 €","offer_price":0,"offer_type":null,"stock":false,"super":"alcampo"},{"img":"https://www.alcampo.es/media/h14/h58/9645001048094.jpg","name":"Zumo de manzana ecológico ALCAMPO ECOLÓGICO 1 l.","price":"1,99 €","offer_price":0,"offer_type":null,"stock":false,"super":"alcampo"},{"img":"https://www.alcampo.es/media/he1/h73/10508980518942.jpg","name":" Zumo refrigerado exprimido de naranja sin pulpa DON SIMÓN botella de 1 l.","price":"1,95 €","offer_price":0,"offer_type":null,"stock":false,"super":"alcampo"},{"img":"https://www.alcampo.es/media/hd4/h9f/10839071948830.jpg","name":"Néctar sin azúcar añadido de naranja PRODUCTO ALCAMPO brick de 2 l.","price":"1,49 €","offer_price":0,"offer_type":null,"stock":false,"super":"alcampo"},{"img":"https://www.alcampo.es/media/hde/h61/8901370707998.jpg","name":" Zumo refrigerado y exprimido de naranja EXCELLENT botella de 75 cl.","price":"1,49 €","offer_price":0,"offer_type":null,"stock":false,"super":"alcampo"},{"img":"https://www.alcampo.es/media/h9a/hbd/10358789767198.jpg","name":"Zumo de naranja natural ALCAMPO PRODUCCIÓN CONTROLADA 500 ml.","price":"2,29 €","offer_price":0,"offer_type":null,"stock":false,"super":"alcampo"},{"img":"https://www.alcampo.es/media/h41/h94/10411477631006.jpg","name":"Zumo de piña JUVER 1 l.","price":"1,17 €","offer_price":0,"offer_type":null,"stock":false,"super":"alcampo"},{"img":"https://www.alcampo.es/media/hcf/h61/9514747658270.jpg","name":"Zumo de naranja sin pulpa TROPICANA 900 ml.","price":"2,39 €","offer_price":0,"offer_type":null,"stock":false,"super":"alcampo"},{"img":"https://www.alcampo.es/media/hee/h9f/9795278307358.jpg","name":"Zumo de naranja exprimida sin pulpa, ZUMOSOL, 1 l.","price":"1,73 €","offer_price":0,"offer_type":null,"stock":false,"super":"alcampo"},{"img":"https://www.alcampo.es/media/hf0/hd4/9297147494430.jpg","name":"Néctar de naranja, mango y zanahoria sin azúcares añadidos DON SIMON 1,5 l.","price":"1,31 €","offer_price":0,"offer_type":null,"stock":false,"super":"alcampo"},{"img":"https://www.alcampo.es/media/h4a/h7b/9345302626334.jpg","name":"Néctar de melocotón PRODUCTO ECONÓMICO ALCAMPO brick de 2 l.","price":"1,79 €","offer_price":0,"offer_type":null,"stock":false,"super":"alcampo"},{"img":"https://www.alcampo.es/media/h9d/h51/9374785372190.jpg","name":"Zumo de piña y soja de origen 100% vegetal VIVESOY de Pascual 1 l.","price":"1,34 €","offer_price":0,"offer_type":null,"stock":false,"super":"alcampo"},{"img":"https://www.alcampo.es/media/h25/hed/10411481628702.jpg","name":"Zumo piña, bebida 100% Free JUVER 1 l.","price":"1,79 €","offer_price":0,"offer_type":null,"stock":false,"super":"alcampo"},{"img":"https://www.alcampo.es/media/h3f/ha8/10717870424094.jpg","name":"Néctar de naranja sin azúcares añadidos GRANINI SIN 1 l.","price":"2,09 €","offer_price":0,"offer_type":null,"stock":false,"super":"alcampo"},{"img":"https://www.alcampo.es/media/ha8/h7f/8922524155934.gif","name":"Refresco refrigerado de mandarina SIMON LIFE botella de 1,5 l.","price":"1,34 €","offer_price":0,"offer_type":null,"stock":false,"super":"alcampo"},{"img":"https://www.alcampo.es/media/h10/h9f/8886561603614.jpg","name":"Zumo refrigerado exprimido de piña EXCELLENT botella de 75 cl.","price":"1,99 €","offer_price":0,"offer_type":null,"stock":false,"super":"alcampo"},{"img":"https://www.alcampo.es/media/hf1/hff/10411512692766.jpg","name":"Néctar de naranja, sin azúcares añadidos JUVER DISFRUTA pack 3 uds x 20 cl.","price":"1,29 €","offer_price":0,"offer_type":null,"stock":false,"super":"alcampo"},{"img":"https://www.alcampo.es/media/h54/h91/10411458134046.jpg","name":"Zumo de melocotón, uva y manzana JUVER brick 6 uds x 20 cl.","price":"1,95 €","offer_price":0,"offer_type":null,"stock":false,"super":"alcampo"},{"img":"https://www.alcampo.es/media/h74/h66/10411477467166.jpg","name":"Néctar de naranja y mango JUVER ENERGY FRUIT brick 330 ml.","price":"0,74 €","offer_price":0,"offer_type":null,"stock":false,"super":"alcampo"},{"img":"https://www.alcampo.es/media/h29/hb1/10411386470430.jpg","name":"Néctar sin azúcar añadido de manzana JUVER DISFRUTA 1 l.","price":"1,20 €","offer_price":0,"offer_type":null,"stock":false,"super":"alcampo"},{"img":"https://www.alcampo.es/media/h19/he2/10717733060638.jpg","name":"Néctar de piña GRANINI CLÁSICOS 1 l.","price":"2,08 €","offer_price":0,"offer_type":null,"stock":false,"super":"alcampo"},{"img":"https://www.alcampo.es/media/hbf/h25/10717921968158.jpg","name":"Néctar de frutas sin azúcares añadidos Tu Merienda GRANINI pack 3 unidades de 20 cl.","price":"1,26 €","offer_price":0,"offer_type":null,"stock":false,"super":"alcampo"},{"img":"https://www.alcampo.es/media/hfc/hc4/10717792927774.jpg","name":"Néctar de naranja sin azúcares añadidos GRANINI pack 3 x 20 cl.","price":"1,41 €","offer_price":0,"offer_type":null,"stock":false,"super":"alcampo"},{"img":"https://www.alcampo.es/media/hf2/h9a/9124325294110.jpg","name":"Zumo de naranja refrigerado con pulpa La Huerta, DON SIMON 1 l.","price":"2,29 €","offer_price":0,"offer_type":null,"stock":false,"super":"alcampo"},{"img":"https://www.alcampo.es/media/hfd/hb5/10411484905502.jpg","name":"Néctar tropical, sin azúcares añadidos JUVER DISFRUTA 1 l.","price":"1,20 €","offer_price":0,"offer_type":null,"stock":false,"super":"alcampo"},{"img":"https://www.alcampo.es/media/h7e/he2/10411507875870.jpg","name":"Zumo manzana, bebida 100% Free JUVER 1 l.","price":"1,79 €","offer_price":0,"offer_type":null,"stock":false,"super":"alcampo"},{"img":"https://www.alcampo.es/media/h4f/hec/9645004914718.jpg","name":"Zumo de naranja ecológico ALCAMPO ECOLÓGICO 1 l.","price":"2,49 €","offer_price":0,"offer_type":null,"stock":false,"super":"alcampo"},{"img":"https://www.alcampo.es/media/h28/h0e/10411467046942.jpg","name":"Néctar de piña y coco DISFRUTA de JUVER 1 l.","price":"1,18 €","offer_price":0,"offer_type":null,"stock":false,"super":"alcampo"},{"img":"https://www.alcampo.es/media/h2d/hbc/8873395748894.jpg","name":"Zumo exprimido de melocotón y uva sin pulpa DON SIMON pack 3 uds x 20 cl.","price":"0,99 €","offer_price":0,"offer_type":null,"stock":false,"super":"alcampo"},{"img":"https://www.alcampo.es/media/hea/h8a/9401121505310.jpg","name":"Néctar sin azúcar añadido de melocotón AUCHAN LIGHT brick de 2 l.","price":"1,49 €","offer_price":0,"offer_type":null,"stock":false,"super":"alcampo"},{"img":"https://www.alcampo.es/media/h05/hfa/9297154080798.jpg","name":"Néctar sin azúcar mango y manzana DON SIMON 1,5 l.","price":"1,69 €","offer_price":0,"offer_type":null,"stock":false,"super":"alcampo"},{"img":"https://www.alcampo.es/media/hd6/h55/10717719920670.jpg","name":"Néctar de piña sin azúcares añadidos GRANINI SIN 1 l.","price":"2,09 €","offer_price":0,"offer_type":null,"stock":false,"super":"alcampo"},{"img":"https://www.alcampo.es/media/h5b/hf9/9630060412958.jpg","name":"Zumo exprimido de manzana DON SIMON brick de 1 l.","price":"1,64 €","offer_price":0,"offer_type":null,"stock":false,"super":"alcampo"},{"img":"https://www.alcampo.es/media/h0c/h26/10411506565150.jpg","name":"Néctar sin azúcar añadido de frutas JUVER DISFRUTA 1 l.","price":"1,20 €","offer_price":0,"offer_type":null,"stock":false,"super":"alcampo"},{"img":"https://www.alcampo.es/media/h7d/hf7/9272925585438.jpg","name":"Zumo exprimido de piña, mango y guayaba ALCAMPO GOURMET botella 750 ml.","price":"1,94 €","offer_price":0,"offer_type":null,"stock":false,"super":"alcampo"},{"img":"https://www.alcampo.es/media/hc6/he6/9576320008222.jpg","name":"Refresco de agua mineral con zumo de frutas SAN BENEDETTO 40 cl.","price":"0,79 €","offer_price":0,"offer_type":null,"stock":false,"super":"alcampo"},{"img":"https://www.alcampo.es/media/hd3/h02/10508992905246.jpg","name":" Zumo refrigerado exprimido de naranja con pulpa DON SIMÓN botella de 1 l.","price":"1,99 €","offer_price":0,"offer_type":null,"stock":false,"super":"alcampo"},{"img":"https://www.alcampo.es/media/h3a/hc5/9272937775134.jpg","name":"Limonada 24% de zumo y pulpa de limón PRODUCTO ALCAMPO botella 1 l.","price":"1,59 €","offer_price":0,"offer_type":null,"stock":false,"super":"alcampo"},{"img":"https://www.alcampo.es/media/h73/h90/9741711867934.jpg","name":"Zumo exprimido de naranja 100 % sin pulpa DON SIMÓN 1 l.","price":"1,79 €","offer_price":0,"offer_type":null,"stock":false,"super":"alcampo"},{"img":"https://www.alcampo.es/media/h15/hc1/10717918658590.jpg","name":"Néctar de naranja y zanahoria GRANINI INMUNE SUPPORT 1 l.","price":"2,12 €","offer_price":0,"offer_type":null,"stock":false,"super":"alcampo"},{"img":"https://www.alcampo.es/media/h88/h32/9123309879326.jpg","name":"Mosto blanco especial mesa CATILLO DE SALOBREÑA botella de 1 l.","price":"1,27 €","offer_price":0,"offer_type":null,"stock":false,"super":"alcampo"},{"img":"https://www.alcampo.es/media/h31/he1/9741701316638.jpg","name":"Zumo exprimido 100 % naranja con pulpa DON SIMÓN 1 l.","price":"1,79 €","offer_price":0,"offer_type":null,"stock":false,"super":"alcampo"},{"img":"https://www.alcampo.es/media/h95/h83/9123367583774.jpg","name":"Nectar de piña DON SIMON pack 6 x 20 ml.","price":"1,71 €","offer_price":0,"offer_type":null,"stock":false,"super":"alcampo"},{"img":"https://www.alcampo.es/media/h2c/h81/10411380998174.jpg","name":"Zumo de frutas tropicales sin azúcares añadidos DISFRUTA de JUVER pack 3 uds x 20 cl.","price":"1,29 €","offer_price":0,"offer_type":null,"stock":false,"super":"alcampo"},{"img":"https://www.alcampo.es/media/h0a/hb6/10411477139486.jpg","name":"Néctar de maracuyá DISFRUTA de JUVER\\t 1 l.","price":"1,18 €","offer_price":0,"offer_type":null,"stock":false,"super":"alcampo"},{"img":"https://www.alcampo.es/media/h10/h36/9627374485534.jpg","name":"Zumo exprimido de mandarina DON SIMON brick de 1 l.","price":"1,64 €","offer_price":0,"offer_type":null,"stock":false,"super":"alcampo"},{"img":"https://www.alcampo.es/media/h01/h3d/8895777996830.jpg","name":"Zumo refrigerado exprimido exprimido de mandarina EXCELLENT botella de 75 cl.","price":"1,35 €","offer_price":0,"offer_type":null,"stock":false,"super":"alcampo"},{"img":"https://www.alcampo.es/media/h99/hd4/9297151393822.jpg","name":"Néctar sin azúcar añadido de manzana DON SIMON DISFRUTA botella de 1,5 l.","price":"1,69 €","offer_price":0,"offer_type":null,"stock":false,"super":"alcampo"},{"img":"https://www.alcampo.es/media/h5f/h9d/10411513675806.jpg","name":"Néctar de mango JUVER DISFRUTA 1 l.","price":"1,18 €","offer_price":0,"offer_type":null,"stock":false,"super":"alcampo"},{"img":"https://www.alcampo.es/media/hec/h7d/8885127348254.jpg","name":"Zumo de tomate DON SIMON brick de 1 l.","price":"1,20 €","offer_price":0,"offer_type":null,"stock":false,"super":"alcampo"},{"img":"https://www.alcampo.es/media/hc9/hbd/10411511152670.jpg","name":"Néctar de melocotón, sin azúcares añadidos JUVER DISFRUTA pack 3 uds x 33 cl. ","price":"2,15 €","offer_price":0,"offer_type":null,"stock":false,"super":"alcampo"},{"img":"https://www.alcampo.es/media/h7c/hc6/9273919930398.jpg","name":"Zumo exprimido de granada refrigerado EXCELLENT botella 75 cl.","price":"2,39 €","offer_price":0,"offer_type":null,"stock":false,"super":"alcampo"},{"img":"https://www.alcampo.es/media/h46/hf5/9644086001694.jpg","name":"Bebida de arándano rojo PRODUCTO ALCAMPO 1 l","price":"1,59 €","offer_price":0,"offer_type":null,"stock":false,"super":"alcampo"},{"img":"https://www.alcampo.es/media/hbf/h8a/10717852696606.jpg","name":"Néctar cóctel de frutas GRANINI INMUNE SUPPORT 1,5 l.","price":"2,94 €","offer_price":0,"offer_type":null,"stock":false,"super":"alcampo"},{"img":"https://www.alcampo.es/media/h0e/h26/9297152213022.jpg","name":"Néctar sin azúcar añadido de granada y uva DON SIMON DISFRUTA botella de 1,5 l.","price":"1,79 €","offer_price":0,"offer_type":null,"stock":false,"super":"alcampo"},{"img":"https://www.alcampo.es/media/h2a/h2b/9552591126558.jpg","name":"Zumo de melocotón ALCAMPO ECOLÓGICO 1 l.","price":"2,25 €","offer_price":0,"offer_type":null,"stock":false,"super":"alcampo"},{"img":"https://www.alcampo.es/media/h77/h50/10717859840030.jpg","name":"Néctar de naranja y mango GRANINI SELECCIÓN MIX 1 l.","price":"2,10 €","offer_price":0,"offer_type":null,"stock":false,"super":"alcampo"},{"img":"https://www.alcampo.es/media/h76/ha4/10717854924830.jpg","name":"Néctar clásico cóctel de frutas GRANINI INMUNE SUPPORT 1 l.","price":"2,12 €","offer_price":0,"offer_type":null,"stock":false,"super":"alcampo"},{"img":"https://www.alcampo.es/media/h7d/ha0/10411462459422.jpg","name":"Néctar de piña, sin azúcares anadidos JUVER pack 3 uds x 33 cl.","price":"2,15 €","offer_price":0,"offer_type":null,"stock":false,"super":"alcampo"},{"img":"https://www.alcampo.es/media/h37/h4d/10717733617694.jpg","name":"Néctar de naranja y zanahoria GRANINI Inmune support 1,5 l.","price":"2,94 €","offer_price":0,"offer_type":null,"stock":false,"super":"alcampo"},{"img":"https://www.alcampo.es/media/ha4/hc5/10717843062814.jpg","name":"Néctar de naranja GRANINI 33 cl.","price":"1,03 €","offer_price":0,"offer_type":null,"stock":false,"super":"alcampo"},{"img":"https://www.alcampo.es/media/h8f/h70/9630035378206.jpg","name":"Zumo exprimido de melocotón y uva DON SIMON brick de 1 l.","price":"1,64 €","offer_price":0,"offer_type":null,"stock":false,"super":"alcampo"},{"img":"https://www.alcampo.es/media/hba/h7b/10207656149022.jpg","name":"Néctar de piña MINUTE MAID botella de 1 l.","price":"1,48 €","offer_price":0,"offer_type":null,"stock":false,"super":"alcampo"},{"img":"https://www.alcampo.es/media/h38/hc8/10411514953758.jpg","name":"Zumo de piña, uva y manzana JUVER brick 6 uds x 20 cl.","price":"2,37 €","offer_price":0,"offer_type":null,"stock":false,"super":"alcampo"},{"img":"https://www.alcampo.es/media/hb8/h49/9269698297886.jpg","name":"Smoothie de frutas mango, manzana, maracuyá LA HUERTA DON SIMÓN botella 330 ml. ","price":"1,08 €","offer_price":0,"offer_type":null,"stock":false,"super":"alcampo"},{"img":"https://www.alcampo.es/media/h23/h38/10411506892830.jpg","name":"Zumo melocotón, bebida 100% Free JUVER 1 l.","price":"1,79 €","offer_price":0,"offer_type":null,"stock":false,"super":"alcampo"},{"img":"https://www.alcampo.es/media/h09/hd0/9576344977438.jpg","name":"Zumo exprimido piña-uva DON SIMÓN 1 l.","price":"1,62 €","offer_price":0,"offer_type":null,"stock":false,"super":"alcampo"},{"img":"https://www.alcampo.es/media/h8b/he2/10717785260062.jpg","name":"Nectar de piña y coco GRANINI SELECCIÓN MIX 1 l. ","price":"2,14 €","offer_price":0,"offer_type":null,"stock":false,"super":"alcampo"},{"img":"https://www.alcampo.es/media/h25/h86/10717775101982.jpg","name":"Nectar de piña GRANINI 33 cl.","price":"1,02 €","offer_price":0,"offer_type":null,"stock":false,"super":"alcampo"},{"img":"https://www.alcampo.es/media/h40/h84/9119155683358.jpg","name":"Refresco de mandarina sin gas SIMON LIFE pack 4 uds x 20 cl. ","price":"1,24 €","offer_price":0,"offer_type":null,"stock":false,"super":"alcampo"},{"img":"https://www.alcampo.es/media/hc2/h5b/9659368407070.jpg","name":"Refresco vitaminico sabor a lima limón SUNNY WAIKIKI 310 ml. ","price":"0,77 €","offer_price":0,"offer_type":null,"stock":false,"super":"alcampo"},{"img":"https://www.alcampo.es/media/h34/hf2/9514772299806.jpg","name":"Zumo de naranja con pulpa TROPICANA 900 ml.","price":"2,39 €","offer_price":0,"offer_type":null,"stock":false,"super":"alcampo"},{"img":"https://www.alcampo.es/media/h7c/hef/10411508957214.jpg","name":"Néctar sin azúcar añadido tropical JUVER 2 l.","price":"2,23 €","offer_price":0,"offer_type":null,"stock":false,"super":"alcampo"},{"img":"https://www.alcampo.es/media/h1b/h18/9259214536734.jpg","name":"Zumo exprimido de uva roja, granada y grosella negra ALCAMPO GOURMET 750 ml.","price":"1,54 €","offer_price":0,"offer_type":null,"stock":false,"super":"alcampo"},{"img":"https://www.alcampo.es/media/ha1/h3c/9552616947742.jpg","name":"Zumo de zanahoria ALCAMPO ECOLÓGICO 1 l.","price":"2,25 €","offer_price":0,"offer_type":null,"stock":false,"super":"alcampo"},{"img":"https://www.alcampo.es/media/h5e/h23/9595660304414.jpg","name":"Refresco vitaminico sabor a frutas del bosque SUNNY 1,25 l. ","price":"1,80 €","offer_price":0,"offer_type":null,"stock":false,"super":"alcampo"},{"img":"https://www.alcampo.es/media/h9c/hcc/10652046131230.jpg","name":"Néctar piña/coco DON SIMÓN 1,5 l.","price":"1,79 €","offer_price":0,"offer_type":null,"stock":false,"super":"alcampo"},{"img":"https://www.alcampo.es/media/he3/h3c/9193458696222.jpg","name":" Zumo refrigerado exprimido de naranja con pulpa ZUMOSOL botella de 75 cl.","price":"1,71 €","offer_price":0,"offer_type":null,"stock":false,"super":"alcampo"},{"img":"https://www.alcampo.es/media/hfb/h2f/10411486609438.jpg","name":"Zumo de naranja exprimida con pulpa JUVER 1 l.","price":"1,51 €","offer_price":0,"offer_type":null,"stock":false,"super":"alcampo"},{"img":"https://www.alcampo.es/media/h9f/hdf/10411506728990.jpg","name":"Néctar de naranja y zanahoria, sin azúcares añadidos JUVER DISFRUTA brick 1 l.","price":"1,18 €","offer_price":0,"offer_type":null,"stock":false,"super":"alcampo"},{"img":"https://www.alcampo.es/media/h13/hdc/9776707928094.jpg","name":"Néctar naranja DON SIMÓN DISFRUTA de Don Simón 20 cl.","price":"1,53 €","offer_price":0,"offer_type":null,"stock":false,"super":"alcampo"},{"img":"https://www.alcampo.es/media/hb8/h61/10411514134558.jpg","name":"Zumo de naranja exprimida sin pulpa JUVER 1 l.","price":"1,58 €","offer_price":0,"offer_type":null,"stock":false,"super":"alcampo"},{"img":"https://www.alcampo.es/media/hc1/hf5/10551686692894.jpg","name":"Néctar sin azúcar añadido de naranja y mandarina, sin azúcares añadidos JUVER DISFRUTA brick de 2 l.","price":"2,20 €","offer_price":0,"offer_type":null,"stock":false,"super":"alcampo"},{"img":"https://www.alcampo.es/media/h45/h88/9552636543006.jpg","name":"Zumo de piña ALCAMPO ECOLÓGICO 1 l.","price":"2,65 €","offer_price":0,"offer_type":null,"stock":false,"super":"alcampo"},{"img":"https://www.alcampo.es/media/hcf/hed/9119157026846.jpg","name":"Resfresco de naranja sin gas SIMON LIFE pack 4 uds x 200 ml. ","price":"1,24 €","offer_price":0,"offer_type":null,"stock":false,"super":"alcampo"},{"img":"https://www.alcampo.es/media/he1/h47/10703001518110.jpg","name":"Néctar mango light PRODUCTO ALCAMPO 1 l.","price":"0,79 €","offer_price":0,"offer_type":null,"stock":false,"super":"alcampo"},{"img":"https://www.alcampo.es/media/hb9/h52/10411510562846.jpg","name":"Néctar de pera y piña sin azúcar añadidos JUVER 2 l.","price":"2,27 €","offer_price":0,"offer_type":null,"stock":false,"super":"alcampo"},{"img":"https://www.alcampo.es/media/he0/hff/9374803787806.jpg","name":"Zumo de papaya, mango y soja de origen 100% vegetal VIVESOY 1 l.","price":"1,44 €","offer_price":0,"offer_type":null,"stock":false,"super":"alcampo"},{"img":"https://www.alcampo.es/media/h5a/h8a/10652053962782.jpg","name":"Néctar de melocotón DON SIMÍON 1,5 l.","price":"1,79 €","offer_price":0,"offer_type":null,"stock":false,"super":"alcampo"},{"img":"https://www.alcampo.es/media/h86/h3e/10632180203550.jpg","name":"Bebida de frutos rojos y manzana a partir de concentrados, sin azúcares añadidos PRODUCTO ALCAMPO 1 l.","price":"1,39 €","offer_price":0,"offer_type":null,"stock":false,"super":"alcampo"},{"img":"https://www.alcampo.es/media/h02/h72/10411474944030.jpg","name":"Zumo de naranja JUVER 1 l.","price":"1,39 €","offer_price":0,"offer_type":null,"stock":false,"super":"alcampo"},{"img":"https://www.alcampo.es/media/h28/h77/9627372355614.jpg","name":"Zumo exprimido tropical DON SIMON brick de 1 l.","price":"1,95 €","offer_price":0,"offer_type":null,"stock":false,"super":"alcampo"},{"img":"https://www.alcampo.es/media/h58/h2c/10717720969246.jpg","name":"Néctar de melocotón GRANINI 33 cl. ","price":"1,03 €","offer_price":0,"offer_type":null,"stock":false,"super":"alcampo"},{"img":"https://www.alcampo.es/media/hb5/hc7/10546353143838.jpg","name":"Néctar de melocotón Disfruta DON SIMÓN 1 l.","price":"1,29 €","offer_price":0,"offer_type":null,"stock":false,"super":"alcampo"},{"img":"https://www.alcampo.es/media/hc5/hd0/10652124512286.jpg","name":"Néctar de piña DON SIMÓN 1,5 l.","price":"1,59 €","offer_price":0,"offer_type":null,"stock":false,"super":"alcampo"},{"img":"https://www.alcampo.es/media/ha9/hcf/10411500142622.jpg","name":"Néctar de pera y piña, sin azúcares añadidos JUVER DISFRUTA brick de 3 uds x 33 cl.","price":"1,79 €","offer_price":0,"offer_type":null,"stock":false,"super":"alcampo"},{"img":"https://www.alcampo.es/media/hf4/h29/10411380834334.jpg","name":"Néctar de naranja JUVER 2 l.","price":"1,38 €","offer_price":0,"offer_type":null,"stock":false,"super":"alcampo"},{"img":"https://www.alcampo.es/media/hc4/h73/10411485560862.jpg","name":"Néctar multifrutas JUVER 1 l.","price":"1,29 €","offer_price":0,"offer_type":null,"stock":false,"super":"alcampo"},{"img":"https://www.alcampo.es/media/h30/h5f/10652095643678.gif","name":"Néctar de mango DON SIMÓN botella de 1,5 l.","price":"1,79 €","offer_price":0,"offer_type":null,"stock":false,"super":"alcampo"},{"img":"https://www.alcampo.es/media/h3e/h61/10551731027998.jpg","name":"Néctar de guayaba sin azúcares añadidos JUVER 1 l.","price":"1,18 €","offer_price":0,"offer_type":null,"stock":false,"super":"alcampo"},{"img":"https://www.alcampo.es/media/h92/h63/10546711658526.jpg","name":"Néctar de naranja DON SIMÓN DISFRUTA 1 l.","price":"1,29 €","offer_price":0,"offer_type":null,"stock":false,"super":"alcampo"},{"img":"https://www.alcampo.es/media/hff/h34/9525357084702.jpg","name":"Néctar de pera y piña AUCHAN Prisma brick de 1 l.","price":"1,39 €","offer_price":0,"offer_type":null,"stock":false,"super":"alcampo"},{"img":"https://www.alcampo.es/media/hee/hd5/8952625856542.jpg","name":"Néctar multifrutas DON SIMON brick de 1 l.","price":"1,29 €","offer_price":0,"offer_type":null,"stock":false,"super":"alcampo"},{"img":"https://www.alcampo.es/media/hce/hdb/9374814470174.jpg","name":"Zumo de melocotón y soja de origen 100% vegetal VIVESOY de Pascual 1 l.","price":"1,34 €","offer_price":0,"offer_type":null,"stock":false,"super":"alcampo"},{"img":"https://www.alcampo.es/media/h87/hba/10551697145886.jpg","name":"Néctar de mango y manzana, sin azúcares añadidos JUVER 2 l.","price":"2,23 €","offer_price":0,"offer_type":null,"stock":false,"super":"alcampo"},{"img":"https://www.alcampo.es/media/h9b/h51/9742614855710.jpg","name":"Zumo tropical con kale EXCELLENT 750 ml.","price":"1,69 €","offer_price":0,"offer_type":null,"stock":false,"super":"alcampo"},{"img":"https://www.alcampo.es/media/h39/hb7/10411488313374.jpg","name":"Zumo de mango sin azúcares añadidos disfruta JUVER DISFRUTA brick 3 uds x 33 cl. ","price":"1,99 €","offer_price":0,"offer_type":null,"stock":false,"super":"alcampo"},{"img":"https://www.alcampo.es/media/h1c/ha8/10614234841118.jpg","name":"Néctar de melocotón sin azúcares añadidos MINUTE MAID botella de 1 l.","price":"1,49 €","offer_price":0,"offer_type":null,"stock":false,"super":"alcampo"},{"img":"https://www.alcampo.es/media/hb2/hb8/9554393694238.jpg","name":"Refresco Zero frutos rojos SAN BENEDETTO 40 cl.","price":"0,79 €","offer_price":0,"offer_type":null,"stock":false,"super":"alcampo"},{"img":"https://www.alcampo.es/media/hbe/hda/10546341838878.jpg","name":"Zumo exprimido de naranja y mango ZUMOSOL brick de 1 litro","price":"1,55 €","offer_price":0,"offer_type":null,"stock":false,"super":"alcampo"},{"img":"https://www.alcampo.es/media/h7f/h30/8938210557982.jpg","name":"Néctar de maracuyá COMPAL VITAL 1 l.","price":"1,69 €","offer_price":0,"offer_type":null,"stock":false,"super":"alcampo"},{"img":"https://www.alcampo.es/media/h48/ha3/10546408226846.jpg","name":"Néctar de piña sin azúcares añadidos DON SIMÓN DISFRUTA 1 l.","price":"1,19 €","offer_price":0,"offer_type":null,"stock":false,"super":"alcampo"},{"img":"https://www.alcampo.es/media/h69/hf5/10011647442974.jpg","name":"Zumo de piña 100 % ZUMOSOL 1 l.","price":"2,28 €","offer_price":0,"offer_type":null,"stock":false,"super":"alcampo"},{"img":"https://www.alcampo.es/media/h87/hb8/9795253764126.jpg","name":"Zumo de naranja exprimido con pulpa ZUMOSOL 1 l.","price":"1,78 €","offer_price":0,"offer_type":null,"stock":false,"super":"alcampo"},{"img":"https://www.alcampo.es/media/hb4/hf4/10717733781534.jpg","name":"Néctar de granada y manzana GRANINI SELECCIÓN MIX 1 l.","price":"2,11 €","offer_price":0,"offer_type":null,"stock":false,"super":"alcampo"},{"img":"https://www.alcampo.es/media/hc6/hce/10411463507998.jpg","name":"Zumo de melocotón, manzana y uva JUVER 1 l.","price":"1,29 €","offer_price":0,"offer_type":null,"stock":false,"super":"alcampo"},{"img":"https://www.alcampo.es/media/h2b/hff/10411513511966.jpg","name":"Zumo frutas del bosque, zanahorias, remolacha morada, sin azucares añadidos JUVER 1 l.","price":"1,98 €","offer_price":0,"offer_type":null,"stock":false,"super":"alcampo"},{"img":"https://www.alcampo.es/media/h83/h48/9167240167454.jpg","name":" Zumo refrigerado exprimido de naranja sin pulpa PASCUAL botella de 75 cl.","price":"1,79 €","offer_price":0,"offer_type":null,"stock":false,"super":"alcampo"},{"img":"https://www.alcampo.es/media/h38/h07/9514780983326.jpg","name":"Zumo de manzana con pulpa TROPICANA 900 ml.","price":"2,29 €","offer_price":0,"offer_type":null,"stock":false,"super":"alcampo"},{"img":"https://www.alcampo.es/media/h67/hfa/9687724425246.jpg","name":"Zumo de piña (de Costa Rica), lima y jengibre ALCAMPO GOURMET 750 ml.","price":"1,79 €","offer_price":0,"offer_type":null,"stock":false,"super":"alcampo"},{"img":"https://www.alcampo.es/media/hcd/h4c/10411465048094.jpg","name":"Néctar de manzana sin azucares añadidos JUVER DISFRUTA pack 3 uds x 33 cl.","price":"1,99 €","offer_price":0,"offer_type":null,"stock":false,"super":"alcampo"},{"img":"https://www.alcampo.es/media/h66/hba/8938751819806.jpg","name":"Néctar de sandía y fresa con stevia COMPAL VITAL 1 l.","price":"1,69 €","offer_price":0,"offer_type":null,"stock":false,"super":"alcampo"},{"img":"https://www.alcampo.es/media/hc9/h04/9269689286686.jpg","name":"Smoothie de fresa y plátano LA HUERTA DON SIMÓN botella 330 ml.","price":"1,08 €","offer_price":0,"offer_type":null,"stock":false,"super":"alcampo"},{"img":"https://www.alcampo.es/media/h0b/hcb/8960109510686.jpg","name":"Refresco de aloe vera y fresa GRACE botella de 50 cl.","price":"1,59 €","offer_price":0,"offer_type":null,"stock":false,"super":"alcampo"},{"img":"https://www.alcampo.es/media/ha2/h26/10717915938846.jpg","name":"Zumo multifrutas GRANINI 100 % FRUTA 1 l.","price":"2,26 €","offer_price":0,"offer_type":null,"stock":false,"super":"alcampo"},{"img":"https://www.alcampo.es/media/h2c/h1c/10772147568670.jpg","name":"Zumo exprimido de uva, fresa y naranja DON SIMÓN 1 l.","price":"1,95 €","offer_price":0,"offer_type":null,"stock":false,"super":"alcampo"},{"img":"https://www.alcampo.es/media/hfb/he8/9269687255070.jpg","name":"Smoothie veggies manzana, calabaza, calabacín y zanahoria LA HUERTA DON SIMÓN 330 ml.","price":"1,08 €","offer_price":0,"offer_type":null,"stock":false,"super":"alcampo"},{"img":"https://www.alcampo.es/media/hed/h18/10276881498142.jpg","name":"Néctar de cítricos PRODUCTO ALCAMPO brick de 2 l.","price":"1,79 €","offer_price":0,"offer_type":null,"stock":false,"super":"alcampo"},{"img":"https://www.alcampo.es/media/h8c/h38/9269684240414.jpg","name":"Smoothie de frutos rojos sin azúcares añadidos LA HUERTA DON SIMON botella 330 ml. ","price":"1,08 €","offer_price":0,"offer_type":null,"stock":false,"super":"alcampo"},{"img":"https://www.alcampo.es/media/h0b/hca/10411503452190.jpg","name":"Néctar de piña JUVER 2 l.","price":"1,38 €","offer_price":0,"offer_type":null,"stock":false,"super":"alcampo"},{"img":"https://www.alcampo.es/media/h04/h82/8869061001246.jpg","name":"Zumo de manzana 100% exprimido AUCHAN Mmm! 750 ml.","price":"1,49 €","offer_price":0,"offer_type":null,"stock":false,"super":"alcampo"},{"img":"https://www.alcampo.es/media/h37/h36/9645122453534.jpg","name":"Zumo multifrutas ecológico ALCAMPO ECOLÓGICO 1 l.","price":"2,49 €","offer_price":0,"offer_type":null,"stock":false,"super":"alcampo"},{"img":"https://www.alcampo.es/media/h47/hd6/9743869607966.jpg","name":"Zumo de manzana, granada y grosella ALCAMPO GOURMET 1 l.","price":"1,99 €","offer_price":0,"offer_type":null,"stock":false,"super":"alcampo"},{"img":"https://www.alcampo.es/media/hee/h85/10717850402846.jpg","name":"Zumo de melocotón y uva GRANINI 100 % FRUTA 1 l","price":"2,26 €","offer_price":0,"offer_type":null,"stock":false,"super":"alcampo"},{"img":"https://www.alcampo.es/media/h85/hf6/9795317432350.jpg","name":"Zumo exprimido de naranja y fresa ZUMOSOL brick de 1 l.","price":"1,78 €","offer_price":0,"offer_type":null,"stock":false,"super":"alcampo"},{"img":"https://www.alcampo.es/media/ha2/h8e/9312791330846.jpg","name":"Zumo refrigerado exprimido de pepino y apio SONATURAL 75 cl.","price":"4,84 €","offer_price":0,"offer_type":null,"stock":false,"super":"alcampo"},{"img":"https://www.alcampo.es/media/hde/h1d/10411513970718.jpg","name":"Fruta batida (melocotón-mango-plátano) JUVER 100 % Smoothie 1 l.","price":"1,98 €","offer_price":0,"offer_type":null,"stock":false,"super":"alcampo"},{"img":"https://www.alcampo.es/media/h7b/hd7/9290618961950.jpg","name":"Zumo natural de naranja FELIXIA botella 1 l. ","price":"3,20 €","offer_price":0,"offer_type":null,"stock":false,"super":"alcampo"},{"img":"https://www.alcampo.es/media/h9e/h2d/9294087258142.jpg","name":"Refresco zumo sabor naranja SIMON LIFE pack de 4 uds x 330 ml.","price":"1,69 €","offer_price":0,"offer_type":null,"stock":false,"super":"alcampo"},{"img":"https://www.alcampo.es/media/h18/h18/10546733219870.jpg","name":"Zumo exprimido de naranja y kiwi ZUMOSOL brick de 1 litro","price":"1,55 €","offer_price":0,"offer_type":null,"stock":false,"super":"alcampo"},{"img":"https://www.alcampo.es/media/hbe/hb5/9514751000606.jpg","name":"Zumo multifrutas TROPICANA 900 ml.","price":"2,39 €","offer_price":0,"offer_type":null,"stock":false,"super":"alcampo"},{"img":"https://www.alcampo.es/media/hd7/he6/9742647197726.jpg","name":"Zumo de naranja con zanahoria EXCELLENT 750 ml.","price":"1,49 €","offer_price":0,"offer_type":null,"stock":false,"super":"alcampo"},{"img":"https://www.alcampo.es/media/h30/h72/10411476975646.jpg","name":"Néctar de melocotón JUVER brick de 2 l.","price":"1,38 €","offer_price":0,"offer_type":null,"stock":false,"super":"alcampo"},{"img":"https://www.alcampo.es/media/h75/h78/8922947420190.gif","name":"Refresco zumo con sabor mandarina SIMON LIFE pack de 4 uds x 330 ml.","price":"1,69 €","offer_price":0,"offer_type":null,"stock":false,"super":"alcampo"},{"img":"https://www.alcampo.es/media/hc1/h3c/9743846899742.jpg","name":"Zumo de mango, plátano con vainilla de Magadascar ALCAMPO GOURMET 1 l.","price":"2,20 €","offer_price":0,"offer_type":null,"stock":false,"super":"alcampo"},{"img":"https://www.alcampo.es/media/he6/h30/9552643915806.jpg","name":"Zumo granada exprimida ALCAMPO ECOLÓGICO 0,75 l.","price":"3,99 €","offer_price":0,"offer_type":null,"stock":false,"super":"alcampo"},{"img":"https://www.alcampo.es/media/hf0/h7f/9571794059294.jpg","name":"Zumo refrigerado de granada 100 % natural DON SIMÓN LA HUERTA 750 ml.","price":"1,89 €","offer_price":0,"offer_type":null,"stock":false,"super":"alcampo"},{"img":"https://www.alcampo.es/media/h40/hf0/8952653021214.jpg","name":"Zumo de frutas CHAMPIN botella de 75 cl.","price":"2,39 €","offer_price":0,"offer_type":null,"stock":false,"super":"alcampo"},{"img":"https://www.alcampo.es/media/h95/hc2/8901917736990.jpg","name":"Agua de coco natural ecológica COCOMI BIO ORGANIC 330 ml.","price":"1,79 €","offer_price":0,"offer_type":null,"stock":false,"super":"alcampo"},{"img":"https://www.alcampo.es/media/h11/hf1/10411457380382.jpg","name":"Zumo mango,manzana,calabaza zanahoria JUVER 1 l.","price":"1,98 €","offer_price":0,"offer_type":null,"stock":false,"super":"alcampo"},{"img":"https://www.alcampo.es/media/h5f/ha5/9139252625438.jpg","name":"Zumo de tomate ecológico a partir de concentrado LAMBDA 1 l.","price":"3,85 €","offer_price":0,"offer_type":null,"stock":false,"super":"alcampo"},{"img":"https://www.alcampo.es/media/h15/hc0/8959756697630.jpg","name":"Zumo de Manzana Ecologico Botella LAMBDA 1 l.","price":"3,79 €","offer_price":0,"offer_type":null,"stock":false,"super":"alcampo"},{"img":"https://www.alcampo.es/media/h2a/hbf/10717908762654.jpg","name":"Zumo de manzana, naranja y zanahoria GRANINI 100 % FRUTA 1 l.","price":"2,26 €","offer_price":0,"offer_type":null,"stock":false,"super":"alcampo"},{"img":"https://www.alcampo.es/media/hd0/h99/10546834735134.jpg","name":"Zumo exprimido de naranja y guayaba ZUMOSOL brick de 1 litro","price":"1,79 €","offer_price":0,"offer_type":null,"stock":false,"super":"alcampo"},{"img":"https://www.alcampo.es/media/h95/h20/9664908099614.jpg","name":"Zumo de fresa. lichi ALCAMPO GOURMET 75 cl.","price":"1,85 €","offer_price":0,"offer_type":null,"stock":false,"super":"alcampo"},{"img":"https://www.alcampo.es/media/h70/h68/10846934761502.jpg","name":"Néctar de piña DON SIMÓN 1 L.","price":"1,29 €","offer_price":0,"offer_type":null,"stock":false,"super":"alcampo"},{"img":"https://www.alcampo.es/media/hc8/hee/9743795814430.jpg","name":"Zumo de uva, manazanas, aloe vera y agua de rosas ALCAMPO GOURMET 1 l.","price":"1,99 €","offer_price":0,"offer_type":null,"stock":false,"super":"alcampo"},{"img":"https://www.alcampo.es/media/ha8/h20/9730107670558.jpg","name":"Refresco de kefir EL CANTERO de LETUR 500 ml.","price":"2,61 €","offer_price":0,"offer_type":null,"stock":false,"super":"alcampo"},{"img":"https://www.alcampo.es/media/hb4/h3d/8929737670686.jpg","name":"Zumo exprimido de granada ecológica DELIZUM botella de 20 cl.","price":"1,65 €","offer_price":0,"offer_type":null,"stock":false,"super":"alcampo"},{"img":"https://www.alcampo.es/media/h19/h1e/9312792608798.jpg","name":"Zumo refrigerado exprimido de zanahoria SONATURAL 75 cl.","price":"3,89 €","offer_price":0,"offer_type":null,"stock":false,"super":"alcampo"},{"img":"https://www.alcampo.es/media/h1f/h1e/10546852528158.jpg","name":"Zumo exprimido de naranja y zanahoria ZUMOSOL brick de 1 litro","price":"1,45 €","offer_price":0,"offer_type":null,"stock":false,"super":"alcampo"},{"img":"https://www.alcampo.es/media/h5e/h49/8902070042654.jpg","name":"Néctar de coco y piña COMPAL VITAL EQUILÍBRIO brick de 1 l.","price":"1,69 €","offer_price":0,"offer_type":null,"stock":false,"super":"alcampo"},{"img":"https://www.alcampo.es/media/hbe/h7f/10411492442142.jpg","name":"Fruta batida (fresa-plátano-uva tinta) JUVER 100 % Smoothie 1 l.","price":"2,12 €","offer_price":0,"offer_type":null,"stock":false,"super":"alcampo"},{"img":"https://www.alcampo.es/media/hc2/h2a/8959949897758.jpg","name":"Zumo ecológico de melocotón y manzana LAMBDA botella de 1 l.","price":"3,97 €","offer_price":0,"offer_type":null,"stock":false,"super":"alcampo"},{"img":"https://www.alcampo.es/media/h1f/hf2/8959938527262.jpg","name":"Zumo ecológico de mango y naranja LAMBDA botella de 1 l.","price":"3,97 €","offer_price":0,"offer_type":null,"stock":false,"super":"alcampo"},{"img":"https://www.alcampo.es/media/hc5/haa/9269696987166.jpg","name":"Zumo veggies piña/calabaza/pepino sin azúcar añadido LA HUERTA DON SIMÓN botella 330 ml. ","price":"1,08 €","offer_price":0,"offer_type":null,"stock":false,"super":"alcampo"},{"img":"https://www.alcampo.es/media/had/he7/9312808599582.jpg","name":"Zumo refrigerado de naranja SONATURAL 75 cl.","price":"3,29 €","offer_price":0,"offer_type":null,"stock":false,"super":"alcampo"},{"img":"https://www.alcampo.es/media/h28/h72/8902473285662.jpg","name":"Néctar de frutos rojos COMPAL VITAL EQUILÍBRIO brick de 1 l.","price":"1,69 €","offer_price":0,"offer_type":null,"stock":false,"super":"alcampo"},{"img":"https://www.alcampo.es/media/h94/h45/9312788840478.jpg","name":"Zumo refrigerado exprimido de jengibre SONATURAL botella de 75 cl.","price":"4,84 €","offer_price":0,"offer_type":null,"stock":false,"super":"alcampo"},{"img":"https://www.alcampo.es/media/h70/h53/9312790052894.jpg","name":"Smoothie de manzana, plátano, frambuesa y arándano SONATURAL 25 cl.","price":"3,89 €","offer_price":0,"offer_type":null,"stock":false,"super":"alcampo"},{"img":"https://www.alcampo.es/media/hb9/h11/8888710922270.jpg","name":"Zumo de Tomate y Granada Ecológico BIOSABOR 1 l.","price":"4,05 €","offer_price":0,"offer_type":null,"stock":false,"super":"alcampo"},{"img":"https://www.alcampo.es/media/h3e/ha7/9312778518558.jpg","name":"Zumo refrigerado exprimido de limón y menta SONATURAL botella de 75 cl.","price":"4,84 €","offer_price":0,"offer_type":null,"stock":false,"super":"alcampo"},{"img":"https://www.alcampo.es/media/h07/h21/8960010321950.jpg","name":"Zumo ecológico de uva LAMBDA botella de 1 l.","price":"3,97 €","offer_price":0,"offer_type":null,"stock":false,"super":"alcampo"},{"img":"https://www.alcampo.es/media/h15/h1d/9380028973086.jpg","name":"Zumo de zanahoria ecológico BJORG 75 cl.","price":"3,79 €","offer_price":0,"offer_type":null,"stock":false,"super":"alcampo"},{"img":"https://www.alcampo.es/media/h8a/hbe/8900298965022.jpg","name":"Zumo de tomate Cherry Ecológico BIOSABOR 500 ml.","price":"2,13 €","offer_price":0,"offer_type":null,"stock":false,"super":"alcampo"},{"img":"https://www.alcampo.es/media/h7f/h85/8889520422942.jpg","name":"Zumo de frutas CHAMPIN botella de 20 cl.","price":"1,99 €","offer_price":0,"offer_type":null,"stock":false,"super":"alcampo"},{"img":"https://www.alcampo.es/media/h50/h37/9543885553694.jpg","name":"Bebida refrigerada naranja sin gas PRODUCTO ALCAMPO 1 l.","price":"1,29 €","offer_price":0,"offer_type":null,"stock":false,"super":"alcampo"},{"img":"https://www.alcampo.es/media/hd2/hf5/8960065241118.jpg","name":"Zumo ecológico de naranja LAMBDA botella de 1 l.","price":"5,43 €","offer_price":0,"offer_type":null,"stock":false,"super":"alcampo"},{"img":"https://www.alcampo.es/media/hfc/hfd/9312779829278.jpg","name":"Zumo refrigerado de manzana, zanahoria, remolacha y jengibre SONATURAL 75 cl.","price":"3,71 €","offer_price":0,"offer_type":null,"stock":false,"super":"alcampo"},{"img":"https://www.alcampo.es/media/hb8/hee/10420600012830.jpg","name":"Néctar de melocotón a partir de concentrado ZUMOSOL 1 l.","price":"1,75 €","offer_price":0,"offer_type":null,"stock":false,"super":"alcampo"},{"img":"https://www.alcampo.es/media/hd8/h16/10482249433118.jpg","name":"Zumo fresco de naranja VEGUICIA 1 l.","price":"2,99 €","offer_price":0,"offer_type":null,"stock":false,"super":"alcampo"},{"img":"https://www.alcampo.es/media/hb1/h7f/10411489361950.jpg","name":"Nectar pomelo JUVER SELECCIÓN 1 l.","price":"1,79 €","offer_price":0,"offer_type":null,"stock":false,"super":"alcampo"},{"img":"https://www.alcampo.es/media/h16/h56/9312773406750.jpg","name":"Zumo refrigerado exprimido de aguacate SONATURAL botella de 75 cl.","price":"4,84 €","offer_price":0,"offer_type":null,"stock":false,"super":"alcampo"},{"img":"https://www.alcampo.es/media/h0b/h62/10420617510942.jpg","name":"Zumo de manzana a partir de concentrado ZUMODOL 1 l. ","price":"1,75 €","offer_price":0,"offer_type":null,"stock":false,"super":"alcampo"},{"img":"https://www.alcampo.es/media/h98/ha6/9352954511390.jpg","name":"Zumo de melocotón y soja de origen 100% vegetal VIVESOY 3 x 25 cl","price":"1,80 €","offer_price":0,"offer_type":null,"stock":false,"super":"alcampo"},{"img":"https://www.alcampo.es/media/he4/h41/9352950972446.jpg","name":"Zumo de naranja y soja de origen 100% vegetal VIVESOY 3 x 25 cl","price":"1,80 €","offer_price":0,"offer_type":null,"stock":false,"super":"alcampo"},{"img":"https://www.alcampo.es/media/hbb/h34/10411496701982.jpg","name":"Zumo de naranja JUVER DISFRUTA pack 3 uds x 33 cl. ","price":"2,15 €","offer_price":0,"offer_type":null,"stock":false,"super":"alcampo"},{"img":"https://www.alcampo.es/media/he8/h6d/9352928821278.jpg","name":"Zumo de piña y soja de origen 100% vegetal VIVESOY 3 x 25 cl","price":"1,60 €","offer_price":0,"offer_type":null,"stock":false,"super":"alcampo"},{"img":"https://www.alcampo.es/media/hb7/h07/10420602798110.jpg","name":"Néctar de piña a partir de concentrado ZUMOSOL 1 l.","price":"1,75 €","offer_price":0,"offer_type":null,"stock":false,"super":"alcampo"},{"img":"https://www.alcampo.es/media/h9d/h5a/9312795164702.jpg","name":"Zumo refrigerado de naranja SONATURAL 250 ml.","price":"1,35 €","offer_price":0,"offer_type":null,"stock":false,"super":"alcampo"},{"img":"https://www.alcampo.es/media/hf3/h89/10411386044446.jpg","name":"Néctar de frutas tropicales, sin azúcares añadidos JUVER DISFRUTA brick de 3 uds x 33 cl.","price":"2,15 €","offer_price":0,"offer_type":null,"stock":false,"super":"alcampo"},{"img":"https://www.alcampo.es/media/h6b/h61/10011622408222.jpg","name":"Zumo de granada, frambuesa, uva y mora ZUMOSOL 1 l.","price":"1,98 €","offer_price":0,"offer_type":null,"stock":false,"super":"alcampo"},{"img":"https://www.alcampo.es/media/h29/ha7/9269692694558.jpg","name":"Zumo veggie remolacha, plátano, manzana y zanahoria LA HUERTA DE DON SIMÓN botella 330 ml. ","price":"1,08 €","offer_price":0,"offer_type":null,"stock":false,"super":"alcampo"},{"img":"https://www.alcampo.es/media/h90/hfe/9290573316126.jpg","name":"Zumo natural de manzana y naranja FELIXIA botella 1 l.","price":"3,20 €","offer_price":0,"offer_type":null,"stock":false,"super":"alcampo"}]