[{"img":"https://www.alcampo.es/media/h9d/h7d/10319003910174.jpg","name":"Ginebra española tipo London Dry gin con doble destilación LARIOS botella de 1 l.","price":"10 €","offer_price":0,"offer_type":null,"stock":false,"super":"alcampo"},{"img":"https://www.alcampo.es/media/haf/h56/8952702500894.jpg","name":"Ginebra inglesa tipo London dry gin BEEFEATER botella de 70 cl.","price":"11,98 €","offer_price":0,"offer_type":null,"stock":false,"super":"alcampo"},{"img":"https://www.alcampo.es/media/h47/hd7/9125270650910.jpg","name":"Ginebra española premium con sabor a fresa PUERTO DE INDIAS botella de 70 cl.","price":"13,28 €","offer_price":0,"offer_type":null,"stock":false,"super":"alcampo"},{"img":"https://www.alcampo.es/media/h64/hb2/10318987690014.jpg","name":"Whisky blended de 5 años con doble destilación DYC botella de 1 l.","price":"10,99 €","offer_price":0,"offer_type":null,"stock":false,"super":"alcampo"},{"img":"https://www.alcampo.es/media/h0e/ha6/9592962547742.jpg","name":"Ginebra americana tipo Dry Gin SEAGRAM'S botella de 70 cl.","price":"14,19 €","offer_price":0,"offer_type":null,"stock":false,"super":"alcampo"},{"img":"https://www.alcampo.es/media/hf9/h80/8874543480862.jpg","name":"Whisky blended escocés MACBRIDE'S botella de 1 litro","price":"8,34 €","offer_price":0,"offer_type":null,"stock":false,"super":"alcampo"},{"img":"https://www.alcampo.es/media/hf7/h29/9573468373022.jpg","name":"Whisky blended destilado, mezclado y embotellado en Escocia J&amp;B botella 1 l.","price":"13,94 €","offer_price":0,"offer_type":null,"stock":false,"super":"alcampo"},{"img":"https://www.alcampo.es/media/h12/h78/8952693391390.jpg","name":"Whisky blended GOLD KISS botella de 70 cl.","price":"4,88 €","offer_price":0,"offer_type":null,"stock":false,"super":"alcampo"},{"img":"https://www.alcampo.es/media/h8d/hac/8973625557022.jpg","name":"Whisky blended de 3 años MARYLAND botella 70 cl.","price":"4,88 €","offer_price":0,"offer_type":null,"stock":false,"super":"alcampo"},{"img":"https://www.alcampo.es/media/h77/h4c/10772171849758.jpg","name":"Whisky blended destilado, mezclado y embotellado en Escocia BALLANTINES botella de 70 cl.","price":"10,98 €","offer_price":0,"offer_type":null,"stock":false,"super":"alcampo"},{"img":"https://www.alcampo.es/media/hf4/h87/9573336940574.jpg","name":"Whisky blended destilado, mezclado y embotellado en Escocia JOHNNIE WALKER Red label botella de 1 l.","price":"16,13 €","offer_price":0,"offer_type":null,"stock":false,"super":"alcampo"},{"img":"https://www.alcampo.es/media/h58/h97/8887111712798.jpg","name":"Ginebra inglesa premium tipo London dry gin BOMBAY SAPPHIRE botella de 70 cl..","price":"16,99 €","offer_price":0,"offer_type":null,"stock":false,"super":"alcampo"},{"img":"https://www.alcampo.es/media/hd1/he5/10235919597598.jpg","name":"Ginebra premium tipo London dry gin TANQUERAY botella de 70 cl.","price":"12,99 €","offer_price":0,"offer_type":null,"stock":false,"super":"alcampo"},{"img":"https://www.alcampo.es/media/hbb/h35/9148182200350.jpg","name":"Ron añejo procedente de caña de azucar NEGRITA botella de 1 l.","price":"10,69 €","offer_price":0,"offer_type":null,"stock":false,"super":"alcampo"},{"img":"https://www.alcampo.es/media/h4f/h9a/8929775222814.jpg","name":"Ron añejo 3 años HAVANA CLUB botella de 70 cl.","price":"11,14 €","offer_price":0,"offer_type":null,"stock":false,"super":"alcampo"},{"img":"https://www.alcampo.es/media/hd2/h63/10318948597790.jpg","name":"Bebida espirituosa de brandy elaborada en España CENTENARIO botella de 1 l.","price":"8,25 €","offer_price":0,"offer_type":null,"stock":false,"super":"alcampo"},{"img":"https://www.alcampo.es/media/h38/hcb/9599483346974.jpg","name":"Whisky blended destilado, mezclado y embotellado en Escocia J&amp;B botella de 70 cl.","price":"9,99 €","offer_price":0,"offer_type":null,"stock":false,"super":"alcampo"},{"img":"https://www.alcampo.es/media/h9c/hff/9573421645854.jpg","name":"Whisky blended destilado, mezclado y embotellado en Escocia JOHNNIE WALKER Red label botella de 70 cl.","price":"11,29 €","offer_price":0,"offer_type":null,"stock":false,"super":"alcampo"},{"img":"https://www.alcampo.es/media/h7d/hc3/8973636042782.jpg","name":"Bebida espirituosa de brandy MARYLAND botella 1 l.","price":"5,48 €","offer_price":0,"offer_type":null,"stock":false,"super":"alcampo"},{"img":"https://www.alcampo.es/media/he0/hff/8952665014302.jpg","name":"Bebida espirituosa SOBERANO botella de 1 litro","price":"8,04 €","offer_price":0,"offer_type":null,"stock":false,"super":"alcampo"},{"img":"https://www.alcampo.es/media/hc2/h46/9696337395742.jpg","name":"Ron añejo dominicano de calidad superior, añejado en barricas de roble BARCELÓ botella de 70 cl.","price":"13,40 €","offer_price":0,"offer_type":null,"stock":false,"super":"alcampo"},{"img":"https://www.alcampo.es/media/hd6/h27/8952729305118.jpg","name":"Whisky blended DEWARS botella 1 l.","price":"14,49 €","offer_price":0,"offer_type":null,"stock":false,"super":"alcampo"},{"img":"https://www.alcampo.es/media/h4c/h5d/8952572215326.jpg","name":"Breezer lima BACARDI botella de 27,5 cl.","price":"1,97 €","offer_price":0,"offer_type":null,"stock":false,"super":"alcampo"},{"img":"https://www.alcampo.es/media/h5e/h6a/10318950793246.jpg","name":"Ron añejo de calidad superior, destilado, envejecido y embotellado en Republica Dominicana BRUGAL botella 1l.","price":"16,45 €","offer_price":0,"offer_type":null,"stock":false,"super":"alcampo"},{"img":"https://www.alcampo.es/media/h21/h2d/8952644993054.jpg","name":"Breezer limón BACARDI botella de 27,5 cl.","price":"1,90 €","offer_price":0,"offer_type":null,"stock":false,"super":"alcampo"},{"img":"https://www.alcampo.es/media/h2e/h2c/9673031450654.jpg","name":"Vodka blanco premium elaborado en Suecia ABSOLUT botella de 70 cl.","price":"12,09 €","offer_price":0,"offer_type":null,"stock":false,"super":"alcampo"},{"img":"https://www.alcampo.es/media/hd8/h3e/8952668356638.jpg","name":"Whisky blended escocés WILLIAM LAWSON botella de 70 cl.","price":"8,54 €","offer_price":0,"offer_type":null,"stock":false,"super":"alcampo"},{"img":"https://www.alcampo.es/media/hc6/h18/9574805012510.jpg","name":"Whisky blended de 12 años, destilado y embotellado en Escocia JOHNNIE WALKER Black label botella 70 cl.","price":"22,25 €","offer_price":0,"offer_type":null,"stock":false,"super":"alcampo"},{"img":"https://www.alcampo.es/media/h76/h3a/8900495409182.jpg","name":"Cocktail de mojito MG SPIRIT botella de 27,5 cl.","price":"1,49 €","offer_price":0,"offer_type":null,"stock":false,"super":"alcampo"},{"img":"https://www.alcampo.es/media/hf0/hb8/8952559009822.jpg","name":"Brandy imperial gran reserva TORRES 10 botella de 70 cl.","price":"10,99 €","offer_price":0,"offer_type":null,"stock":false,"super":"alcampo"},{"img":"https://www.alcampo.es/media/h8d/h8a/9696344047646.jpg","name":"Ron añejo dominicano de calidad superior, añejado en barricas de roble BARCELÓ botella 1l.","price":"18,95 €","offer_price":0,"offer_type":null,"stock":false,"super":"alcampo"},{"img":"https://www.alcampo.es/media/h61/hc1/9130754113566.jpg","name":"Whisky blended escocés CUTTY SARK botella de 1 l.","price":"14,16 €","offer_price":0,"offer_type":null,"stock":false,"super":"alcampo"},{"img":"https://www.alcampo.es/media/hc4/h3d/8952677695518.jpg","name":"Brandy imperial solera reserva TORRES 5 botella de 70 cl.","price":"8,80 €","offer_price":0,"offer_type":null,"stock":false,"super":"alcampo"},{"img":"https://www.alcampo.es/media/h19/h74/10772041465886.jpg","name":"Whisky blended destilado, mezclado y embotellado en Escocia BALLANTINES botella 1l.","price":"13,99 €","offer_price":0,"offer_type":null,"stock":false,"super":"alcampo"},{"img":"https://www.alcampo.es/media/hed/h98/10806391275550.jpg","name":"Bebida espirituosa de Brandy elaborada en España DOMINIO DE UNZOLA botella de 1 l.","price":"5,74 €","offer_price":0,"offer_type":null,"stock":false,"super":"alcampo"},{"img":"https://www.alcampo.es/media/h7e/h81/9573326290974.jpg","name":"Vodka ruso con triple destilación y filtrado 10 veces SMIRNOFF botella de 1 l.","price":"11,42 €","offer_price":0,"offer_type":null,"stock":false,"super":"alcampo"},{"img":"https://www.alcampo.es/media/h96/ha8/8901980061726.jpg","name":"Whisky blended escocés DEWARS WHITE LABEL botella de 70 cl.","price":"11,98 €","offer_price":0,"offer_type":null,"stock":false,"super":"alcampo"},{"img":"https://www.alcampo.es/media/h39/h1c/9573322063902.jpg","name":"Ginebra inglesa tipo London dry gin GORDON’S botella de 1 l.","price":"10,48 €","offer_price":0,"offer_type":null,"stock":false,"super":"alcampo"},{"img":"https://www.alcampo.es/media/hdf/h53/8900561076254.jpg","name":"Ron elixir de Cuba 7 Años LEGENDARIO botella de 70 cl.","price":"12,68 €","offer_price":0,"offer_type":null,"stock":false,"super":"alcampo"},{"img":"https://www.alcampo.es/media/hdd/hac/9454730215454.jpg","name":"Ron blanco de calidad superior BACARDI Carta blanca botella de 1l.","price":"15,59 €","offer_price":0,"offer_type":null,"stock":false,"super":"alcampo"},{"img":"https://www.alcampo.es/media/h43/hb5/10318986543134.jpg","name":"Whisky blended mezclado, envejecido y embotellado en Escocia THE FAMOUS GROUSE botella de 1 litro","price":"15,99 €","offer_price":0,"offer_type":null,"stock":false,"super":"alcampo"},{"img":"https://www.alcampo.es/media/heb/h47/10712357863454.jpg","name":"Bebida espirituosa a base de ginebra, elaborada en España MAYERLING botella de 70 cl.","price":"4,18 €","offer_price":0,"offer_type":null,"stock":false,"super":"alcampo"},{"img":"https://www.alcampo.es/media/h4a/h57/9750810460190.jpg","name":"Ginebra con toques herbales, elaborada en Galicia NORDÉS botella de 70 cl.","price":"23,05 €","offer_price":0,"offer_type":null,"stock":false,"super":"alcampo"},{"img":"https://www.alcampo.es/media/h32/h43/10318946041886.jpg","name":"Ginebra española tipo London Dry gin, elaborada mediante una doble destilación LARIOS botella de 1,5 litro.","price":"15 €","offer_price":0,"offer_type":null,"stock":false,"super":"alcampo"},{"img":"https://www.alcampo.es/media/hfe/hb5/9673047474206.jpg","name":"Whisky blended, mezclado y embotellado en Escocia BALLANTINES botella de 1,5 l.","price":"23,38 €","offer_price":0,"offer_type":null,"stock":false,"super":"alcampo"},{"img":"https://www.alcampo.es/media/h58/hbe/9206105636894.jpg","name":"Bebida espirituosa de Brandy VETERANO botella de 1 l.","price":"8,25 €","offer_price":0,"offer_type":null,"stock":false,"super":"alcampo"},{"img":"https://www.alcampo.es/media/hbc/h78/8896602898462.jpg","name":"Ron añejo MAGUA botella de 70 cl.","price":"5,99 €","offer_price":0,"offer_type":null,"stock":false,"super":"alcampo"},{"img":"https://www.alcampo.es/media/h79/h97/10318990639134.jpg","name":"Ron añejo de calidad superior, destilado, envejecido y embotellado en Republica Dominicana BRUGAL botella de 70 cl.","price":"12,40 €","offer_price":0,"offer_type":null,"stock":false,"super":"alcampo"},{"img":"https://www.alcampo.es/media/hdd/hc4/8952584601630.jpg","name":"Tennessee Whiskey tipo bourbon JACK DANIEL'S botella de 70 cl.","price":"19,65 €","offer_price":0,"offer_type":null,"stock":false,"super":"alcampo"},{"img":"https://www.alcampo.es/media/hb0/hb7/9545957670942.jpg","name":"Vodka blanco premium de triple destilación ERISTOFF botella de 1 l.","price":"11,19 €","offer_price":0,"offer_type":null,"stock":false,"super":"alcampo"},{"img":"https://www.alcampo.es/media/h84/h6d/8973632110622.jpg","name":"Ron añejo dominicano TRINIDAD botella de 70 cl.","price":"6,84 €","offer_price":0,"offer_type":null,"stock":false,"super":"alcampo"},{"img":"https://www.alcampo.es/media/h33/h5c/10712260771870.jpg","name":"Bebida espirituosa a base de aguardiente de caña MAYERLING botella de 75 cl.","price":"5,28 €","offer_price":0,"offer_type":null,"stock":false,"super":"alcampo"},{"img":"https://www.alcampo.es/media/h03/h46/10358799237150.jpg","name":"Combinado de Bombay Sapphire London Dry Gin con tónica BOMBAY Sapphire &amp; tonica lata de 250 ml.","price":"2,35 €","offer_price":0,"offer_type":null,"stock":false,"super":"alcampo"},{"img":"https://www.alcampo.es/media/h28/h0e/8952686641182.jpg","name":"Whisky bourbon FOUR ROSES botella de 70 cl.","price":"14,27 €","offer_price":0,"offer_type":null,"stock":false,"super":"alcampo"},{"img":"https://www.alcampo.es/media/h87/hee/8952650891294.jpg","name":"Brandy solera reserva MAGNO botella de 70 cl.","price":"10,75 €","offer_price":0,"offer_type":null,"stock":false,"super":"alcampo"},{"img":"https://www.alcampo.es/media/h84/h3b/8892130983966.jpg","name":"Ron dorado NEGRITA botella de 70 cl.","price":"7,49 €","offer_price":0,"offer_type":null,"stock":false,"super":"alcampo"},{"img":"https://www.alcampo.es/media/h8f/hfa/8959712788510.jpg","name":"Ginebra inglesa premium tipo London dry MARTIN MILLER'S botella de 70 cl.","price":"23,64 €","offer_price":0,"offer_type":null,"stock":false,"super":"alcampo"},{"img":"https://www.alcampo.es/media/he0/hd0/9573310398494.jpg","name":"Whisky single malt de 12 años, destilado y embotellado en Escocia CARDHU botella de 70 cl.","price":"23,48 €","offer_price":0,"offer_type":null,"stock":false,"super":"alcampo"},{"img":"https://www.alcampo.es/media/hbc/hc9/9148183674910.jpg","name":"Combinado de ron blanco y zumo de piña BREEZER de Bacardi botella de 27.5 cl.","price":"1,89 €","offer_price":0,"offer_type":null,"stock":false,"super":"alcampo"},{"img":"https://www.alcampo.es/media/h86/he1/8952690769950.jpg","name":"Whisky blended escocés reserva 12 años CHIVAS REGAL botella de 70 cl.","price":"25,18 €","offer_price":0,"offer_type":null,"stock":false,"super":"alcampo"},{"img":"https://www.alcampo.es/media/hb1/hff/9573307580446.jpg","name":"Ron dorado añejo de calidad superior CACIQUE botella de 70 cl.","price":"10,59 €","offer_price":0,"offer_type":null,"stock":false,"super":"alcampo"},{"img":"https://www.alcampo.es/media/ha2/hd2/10235936079902.jpg","name":"Ginebra tipo London dry gin con un toque de lima TANQUERAY Rangpur botella de 70 cl.","price":"15,97 €","offer_price":0,"offer_type":null,"stock":false,"super":"alcampo"},{"img":"https://www.alcampo.es/media/he9/haa/10712366022686.jpg","name":"Bebida espirituosa a base de aguardiente de caña MAYERLING botella de 70 cl.","price":"4,16 €","offer_price":0,"offer_type":null,"stock":false,"super":"alcampo"},{"img":"https://www.alcampo.es/media/h4e/hc4/9573386747934.jpg","name":"Ron dorado añejo de calidad superior CACIQUE botella 1l.","price":"14,69 €","offer_price":0,"offer_type":null,"stock":false,"super":"alcampo"},{"img":"https://www.alcampo.es/media/h2a/heb/9902756921374.jpg","name":"Ginebra inglesa tipo London Dry Gin BEEFEATER botella de 1 l.","price":"17,14 €","offer_price":0,"offer_type":null,"stock":false,"super":"alcampo"},{"img":"https://www.alcampo.es/media/h64/hdb/10318949318686.jpg","name":"Ginebra elaborada con botánicos naturales mediante una doble destilación LARIOS botella de 70 cl.","price":"6,99 €","offer_price":0,"offer_type":null,"stock":false,"super":"alcampo"},{"img":"https://www.alcampo.es/media/h70/h57/10318992408606.jpg","name":"Whisky blended de 5 años y doble destilación, elaborado en España DYC botella de 1,5 l.","price":"16,95 €","offer_price":0,"offer_type":null,"stock":false,"super":"alcampo"},{"img":"https://www.alcampo.es/media/hc3/h54/9161480339486.jpg","name":"Ron añejo venezolano, gran reserva SANTA TERESA botella de 70 cl.","price":"14,04 €","offer_price":0,"offer_type":null,"stock":false,"super":"alcampo"},{"img":"https://www.alcampo.es/media/h95/h24/8899028189214.jpg","name":"Cocktail de gin tonic MG SPIRIT botella de 27,5 cl.","price":"1,49 €","offer_price":0,"offer_type":null,"stock":false,"super":"alcampo"},{"img":"https://www.alcampo.es/media/hd6/hfe/10318996832286.jpg","name":"Whisky blended de 5 años y doble destilación, elaborado en España DYC botella de 70 cl.","price":"7,99 €","offer_price":0,"offer_type":null,"stock":false,"super":"alcampo"},{"img":"https://www.alcampo.es/media/h96/hd4/10459892514846.jpg","name":"Whisky selected blended, elaborado en España DOBLE V botella de 70 cl.","price":"8,64 €","offer_price":0,"offer_type":null,"stock":false,"super":"alcampo"},{"img":"https://www.alcampo.es/media/h35/hc7/8892236627998.jpg","name":"Cocktail de vodka con naranja MG SPIRIT botella de 27,5 cl.","price":"1,40 €","offer_price":0,"offer_type":null,"stock":false,"super":"alcampo"},{"img":"https://www.alcampo.es/media/h27/he9/9151046451230.jpg","name":"Tennessee Whiskey tipo bourbon JACK DANIEL'S botella de 1 l.","price":"27,20 €","offer_price":0,"offer_type":null,"stock":false,"super":"alcampo"},{"img":"https://www.alcampo.es/media/h83/ha3/10318952988702.jpg","name":"Ginebra nacional premium, destilada cinco veces con flor de azahar LARIOS 12 botella de 70 cl.","price":"12,76 €","offer_price":0,"offer_type":null,"stock":false,"super":"alcampo"},{"img":"https://www.alcampo.es/media/h55/hc7/10494926716958.jpg","name":"Ginebra tipo Dry Gin elaborada con botanicos de distintas partes del mundo SEAGRAM´S botella de 1 l.","price":"19,98 €","offer_price":0,"offer_type":null,"stock":false,"super":"alcampo"},{"img":"https://www.alcampo.es/media/hb4/hf9/10318999093278.jpg","name":"Whisky finest old de 8 años, elaborado en España DYC botella de 70 cl.","price":"10,94 €","offer_price":0,"offer_type":null,"stock":false,"super":"alcampo"},{"img":"https://www.alcampo.es/media/h63/hfe/8952607604766.jpg","name":"Whisky blended 100 PIPERS botella 1l.","price":"13,50 €","offer_price":0,"offer_type":null,"stock":false,"super":"alcampo"},{"img":"https://www.alcampo.es/media/h5c/h86/8929789968414.jpg","name":"Ron añejo de 7 años HAVANA CLUB botella de 70 cl.","price":"19,64 €","offer_price":0,"offer_type":null,"stock":false,"super":"alcampo"},{"img":"https://www.alcampo.es/media/h2b/h41/9130869129246.jpg","name":"Whisky blended escocés de 5 años CUTTY SARK botella de 70 cl.","price":"9,94 €","offer_price":0,"offer_type":null,"stock":false,"super":"alcampo"},{"img":"https://www.alcampo.es/media/h31/h3c/10129304387614.jpg","name":"Tequila reposado elaborado en Jalisco (Mexico), con Agave azul JOSE CUERVO Especial botella de 70 cl.","price":"12,69 €","offer_price":0,"offer_type":null,"stock":false,"super":"alcampo"},{"img":"https://www.alcampo.es/media/h7d/h08/10551736500254.jpg","name":"Bebida con gas y alcohol, baja en colorias y con extractos y aromas naturales FELINA 275 ml.","price":"2,49 €","offer_price":0,"offer_type":null,"stock":false,"super":"alcampo"},{"img":"https://www.alcampo.es/media/ha3/he0/10375808155678.jpg","name":"Combinado Bacardí carta blanca mojito BACARDÍ Lata de 250 ml.","price":"1,83 €","offer_price":0,"offer_type":null,"stock":false,"super":"alcampo"},{"img":"https://www.alcampo.es/media/h87/hd6/9696340082718.jpg","name":"Vodka blanco de triple destilación MOSKOVSKAYA botella de 70 cl.","price":"9,49 €","offer_price":0,"offer_type":null,"stock":false,"super":"alcampo"},{"img":"https://www.alcampo.es/media/ha6/h49/8891595292702.jpg","name":"Whisky blended escocés VAT 69 botella de 70 cl.","price":"9,10 €","offer_price":0,"offer_type":null,"stock":false,"super":"alcampo"},{"img":"https://www.alcampo.es/media/he6/h3c/9545955213342.jpg","name":"Vodka blanco premium de triple destilación ERISTOFF botella de 70 cl.","price":"7,98 €","offer_price":0,"offer_type":null,"stock":false,"super":"alcampo"},{"img":"https://www.alcampo.es/media/ha4/h38/9673058680862.jpg","name":"Whisky de triple destilación, madurado y embotellado en Irlanda JAMESON botella de 70 cl.","price":"15,89 €","offer_price":0,"offer_type":null,"stock":false,"super":"alcampo"},{"img":"https://www.alcampo.es/media/heb/h53/10318997159966.jpg","name":"Ginebra premium, destilada cuatro veces y con un intenso aroma a fresas LARIOS Rosé botella de 70 cl.","price":"12,78 €","offer_price":0,"offer_type":null,"stock":false,"super":"alcampo"},{"img":"https://www.alcampo.es/media/h95/h42/8952591384606.jpg","name":"Whisky blended escocés GRANT´S botella 1l.","price":"13,64 €","offer_price":0,"offer_type":null,"stock":false,"super":"alcampo"},{"img":"https://www.alcampo.es/media/hff/hdd/8894561779742.jpg","name":"Ron blanco premium BACARDI botella de 70 cl.","price":"11,63 €","offer_price":0,"offer_type":null,"stock":false,"super":"alcampo"},{"img":"https://www.alcampo.es/media/hd8/h8b/8952651874334.jpg","name":"Ginebra escocesa premium HENDRICKS botella de 70 cl.","price":"29,99 €","offer_price":0,"offer_type":null,"stock":false,"super":"alcampo"},{"img":"https://www.alcampo.es/media/h96/hc5/9673081225246.jpg","name":"Ginebra inglesa tipo London dry gin BEEFEATER botella 1,5 l.","price":"25,69 €","offer_price":0,"offer_type":null,"stock":false,"super":"alcampo"},{"img":"https://www.alcampo.es/media/hf3/ha3/10318949908510.jpg","name":"Ron añejo de calidad superior, destilado, envejecido y embotellado en Republica Dominicana BRUGAL botella de 1.75 l.","price":"28,79 €","offer_price":0,"offer_type":null,"stock":false,"super":"alcampo"},{"img":"https://www.alcampo.es/media/h27/h45/10375760347166.jpg","name":"Ginebra inglesa tipo London dry gin, elaborada a partir de 8 destilaciones BOMBAY botella de 70 cl.","price":"12,04 €","offer_price":0,"offer_type":null,"stock":false,"super":"alcampo"},{"img":"https://www.alcampo.es/media/h11/h83/8922539393054.jpg","name":"Whisky blended escocés MACBRIDE'S botella de 70 cl.","price":"6,89 €","offer_price":0,"offer_type":null,"stock":false,"super":"alcampo"},{"img":"https://www.alcampo.es/media/h2a/ha4/10869968306206.jpg","name":"Bebida alcoholica carbonatada con sabor tropical TOPO CHICO lata de 330 ml.","price":"1,79 €","offer_price":0,"offer_type":null,"stock":false,"super":"alcampo"},{"img":"https://www.alcampo.es/media/hc8/h7b/10318942928926.jpg","name":"Whisky finest old de 8 años, destilado y embotellado en España DYC botella de 1 l.","price":"15,63 €","offer_price":0,"offer_type":null,"stock":false,"super":"alcampo"},{"img":"https://www.alcampo.es/media/h93/h08/8960149553182.jpg","name":"Ron añejo 5 años FLOR DE CAÑA botella de 70 cl.","price":"11,74 €","offer_price":0,"offer_type":null,"stock":false,"super":"alcampo"},{"img":"https://www.alcampo.es/media/hc6/h2e/8885924593694.jpg","name":"Ron dorado AREHUCAS botella de 70 cl.","price":"10,14 €","offer_price":0,"offer_type":null,"stock":false,"super":"alcampo"},{"img":"https://www.alcampo.es/media/hf7/hd3/9573401231390.jpg","name":"Ron gran reserva extra añejo, con solera 23 años ZACAPA Centenario botella de 70 cl.","price":"44,93 €","offer_price":0,"offer_type":null,"stock":false,"super":"alcampo"},{"img":"https://www.alcampo.es/media/hd1/h0b/9246422171678.jpg","name":"Whisky escoces single malt con envejecimiento de 12 años THE MACALLAN botella de 70 cl.","price":"49,84 €","offer_price":0,"offer_type":null,"stock":false,"super":"alcampo"},{"img":"https://www.alcampo.es/media/h6e/hfe/10235934539806.jpg","name":"Preparado de ginebra tipo London Dry Gin con tónica TANQUERAY botella de 275 ml.","price":"2,69 €","offer_price":0,"offer_type":null,"stock":false,"super":"alcampo"},{"img":"https://www.alcampo.es/media/h9b/h57/8929803403294.jpg","name":"Brandy solera gran reserva ALMA DE MAGNO botella de 70 cl.","price":"15,19 €","offer_price":0,"offer_type":null,"stock":false,"super":"alcampo"},{"img":"https://www.alcampo.es/media/h9e/h92/8959686377502.jpg","name":"Tequila reposado elaborado en Mexico HERRADURA botella de 70 cl.","price":"33,85 €","offer_price":0,"offer_type":null,"stock":false,"super":"alcampo"},{"img":"https://www.alcampo.es/media/h36/h5c/9264027467806.jpg","name":"Brandy solera gran reserva CARDENAL MENDOZA botella de 70 cl.","price":"23,14 €","offer_price":0,"offer_type":null,"stock":false,"super":"alcampo"},{"img":"https://www.alcampo.es/media/hfe/h9b/8899953885214.jpg","name":"Ginebra española tipo London dry gin RIVES botella de 1 litro.","price":"10,62 €","offer_price":0,"offer_type":null,"stock":false,"super":"alcampo"},{"img":"https://www.alcampo.es/media/h96/h22/10712357306398.jpg","name":"Bebida espirituosa a base de vodka blanco MAYERLING botella de 70 cl.","price":"4,29 €","offer_price":0,"offer_type":null,"stock":false,"super":"alcampo"},{"img":"https://www.alcampo.es/media/h63/hcc/9573367054366.jpg","name":"Whisky escoces single malt envejecido en barricas seleccionadas CARDHU Gold reserve botella de 70 cl.","price":"24,34 €","offer_price":0,"offer_type":null,"stock":false,"super":"alcampo"},{"img":"https://www.alcampo.es/media/h38/h3b/9024738656286.jpg","name":"Ginebra premium sin alcohol y con sabor a fresa GINSIN botella 70 cl.","price":"7,49 €","offer_price":0,"offer_type":null,"stock":false,"super":"alcampo"},{"img":"https://www.alcampo.es/media/hb5/hc6/8932639670302.jpg","name":"Ginebra de fresa MOMBASA CLUB botella de 70 cl.","price":"15,18 €","offer_price":0,"offer_type":null,"stock":false,"super":"alcampo"},{"img":"https://www.alcampo.es/media/h92/hdf/10319003582494.jpg","name":"Whisky tipo bourbon JIM BEAM botella de 70 cl.","price":"11,45 €","offer_price":0,"offer_type":null,"stock":false,"super":"alcampo"},{"img":"https://www.alcampo.es/media/h00/he7/10564412047390.jpg","name":"Ginebra premium elaborado en Francia a partir de la destilación de uvas G VINE Floraison botella 70 cl.","price":"33,84 €","offer_price":0,"offer_type":null,"stock":false,"super":"alcampo"},{"img":"https://www.alcampo.es/media/h6d/h99/8895672549406.jpg","name":"Brandy solera reserva 1877 botella de 70 cl.","price":"8,99 €","offer_price":0,"offer_type":null,"stock":false,"super":"alcampo"},{"img":"https://www.alcampo.es/media/hf9/h93/10235886108702.jpg","name":"Ginebra tipo London Dry Gin con un toque de naranaja agridulce sevillana TANQUERAY Flor de Sevilla botella de 70 cl","price":"15,98 €","offer_price":0,"offer_type":null,"stock":false,"super":"alcampo"},{"img":"https://www.alcampo.es/media/hcb/h4a/8889711001630.jpg","name":"Ginebra española tipo dry WAN GULD botella de 1 litro.","price":"6,99 €","offer_price":0,"offer_type":null,"stock":false,"super":"alcampo"},{"img":"https://www.alcampo.es/media/h1d/hb8/8959989350430.jpg","name":"Ginebra inglesa premium tipo London dry gin BULLDOG botella 70 cl.","price":"21,44 €","offer_price":0,"offer_type":null,"stock":false,"super":"alcampo"},{"img":"https://www.alcampo.es/media/h11/ha0/8959942197278.jpg","name":"Ginebra inglesa premium tipo London dry gin THE LONDON Nº1 botella de 70 cl..","price":"30,29 €","offer_price":0,"offer_type":null,"stock":false,"super":"alcampo"},{"img":"https://www.alcampo.es/media/h90/hd7/8952413028382.jpg","name":"Tennessee Whiskey con un toque de miel JACK DANIEL'S botella de 70 cl.","price":"18,99 €","offer_price":0,"offer_type":null,"stock":false,"super":"alcampo"},{"img":"https://www.alcampo.es/media/h3b/hd2/8888417714206.jpg","name":"Ron dorado venezolano PAMPERO Aniversario botella de 70 cl.","price":"21,69 €","offer_price":0,"offer_type":null,"stock":false,"super":"alcampo"},{"img":"https://www.alcampo.es/media/hc0/ha2/8890635419678.jpg","name":"Ron dorado de origen venezolano PAMPERO botella de 70 cl.","price":"11,51 €","offer_price":0,"offer_type":null,"stock":false,"super":"alcampo"},{"img":"https://www.alcampo.es/media/hbd/h3b/8897371176990.jpg","name":"Cocktail de vodka con lima MG SPIRIT botella de 27,5 cl.","price":"1,49 €","offer_price":0,"offer_type":null,"stock":false,"super":"alcampo"},{"img":"https://www.alcampo.es/media/h0b/hc0/8894185013278.jpg","name":"Tennessee Whiskey tipo bourbon con un toque de refresco de cola JACK DANIEL'S lata de 33 cl.","price":"2,48 €","offer_price":0,"offer_type":null,"stock":false,"super":"alcampo"},{"img":"https://www.alcampo.es/media/h25/h98/10318999322654.jpg","name":"Ginebra japonesa, elaborada con 6 botanicos japoneses únicos ROKU botella de 70 cl.","price":"20,09 €","offer_price":0,"offer_type":null,"stock":false,"super":"alcampo"},{"img":"https://www.alcampo.es/media/h67/hff/8870332792862.jpg","name":"Whisky escocés single malt de 8 años GLENROGER'S botella de 70 cl.","price":"14,99 €","offer_price":0,"offer_type":null,"stock":false,"super":"alcampo"},{"img":"https://www.alcampo.es/media/h4a/h7c/10869951496222.jpg","name":"Bebida alcoholica carbonatada con sabor a lima-limón TOPO CHICO lata de 330 ml.","price":"1,79 €","offer_price":0,"offer_type":null,"stock":false,"super":"alcampo"},{"img":"https://www.alcampo.es/media/hbb/hc5/10869963063326.jpg","name":"Bebida alcoholica carbonatada con sabor a cereza y acai TOPO CHICO lata de 330 ml.","price":"1,79 €","offer_price":0,"offer_type":null,"stock":false,"super":"alcampo"},{"img":"https://www.alcampo.es/media/h5b/h52/10496739409950.jpg","name":"Whisky blended destilado y madura en Escocia MACBRIDE´S botella de 1.5 l.","price":"12,29 €","offer_price":0,"offer_type":null,"stock":false,"super":"alcampo"},{"img":"https://www.alcampo.es/media/he0/h6d/10235885781022.jpg","name":"Preparado de ginebra con naranjas sevillas y tónica TANQUERAY Flor de Sevilla botella de 275 ml.","price":"2,79 €","offer_price":0,"offer_type":null,"stock":false,"super":"alcampo"},{"img":"https://www.alcampo.es/media/h4d/h5a/9132376064030.jpg","name":"Bebida espirituosa de vodka con cereza BORIS JELZIN botella de 70 cl.","price":"4,99 €","offer_price":0,"offer_type":null,"stock":false,"super":"alcampo"},{"img":"https://www.alcampo.es/media/h52/h3d/9265129095198.jpg","name":"Brandy solera gran reserva de Jerez GRAN DUQUE DE ALBA botella de 70 cl.","price":"23,50 €","offer_price":0,"offer_type":null,"stock":false,"super":"alcampo"},{"img":"https://www.alcampo.es/media/he9/hf8/9661628776478.jpg","name":"Ron dorado con solera de 7 años y elaborado en la República Dominicana MATUSALEM botella de 70 cl.","price":"19,69 €","offer_price":0,"offer_type":null,"stock":false,"super":"alcampo"},{"img":"https://www.alcampo.es/media/ha8/hed/9308417556510.jpg","name":"Bebida espirituosa de vodka TARISKOFF botella de 70 cl.","price":"5,05 €","offer_price":0,"offer_type":null,"stock":false,"super":"alcampo"},{"img":"https://www.alcampo.es/media/h70/hdb/8892557885470.jpg","name":"Ginebra nacional premium selección especial KINROSS botella de 70 cl..","price":"6,50 €","offer_price":0,"offer_type":null,"stock":false,"super":"alcampo"},{"img":"https://www.alcampo.es/media/h2c/h9e/9218527428638.jpg","name":"Caipirinha elaborada con Cachaca, zumo de lima y azúcar MAGUA botella de 70 cl.","price":"4,99 €","offer_price":0,"offer_type":null,"stock":false,"super":"alcampo"},{"img":"https://www.alcampo.es/media/h21/he9/8901336760350.jpg","name":"Ron dorado con miel GUANCHE botella de 70 cl.","price":"7,43 €","offer_price":0,"offer_type":null,"stock":false,"super":"alcampo"},{"img":"https://www.alcampo.es/media/h90/he9/9481793929246.jpg","name":"Ron dorado jamaicano CAPTAIN MORGAN botella de 70 cl.","price":"10,43 €","offer_price":0,"offer_type":null,"stock":false,"super":"alcampo"},{"img":"https://www.alcampo.es/media/hae/hb0/8952912707614.jpg","name":"Bebida refrescante de mojito MIXES LA CELEBRACIÓN botella de 1,75 litros","price":"8,29 €","offer_price":0,"offer_type":null,"stock":false,"super":"alcampo"},{"img":"https://www.alcampo.es/media/h06/he6/9637004509214.jpg","name":"Ginebra sevillana premium con un toque de melocotón PUERTO DE INDIAS Guadalquivir botella de 70 cl.","price":"13,99 €","offer_price":0,"offer_type":null,"stock":false,"super":"alcampo"},{"img":"https://www.alcampo.es/media/h4c/hd1/8897581547550.jpg","name":"Whisky irlandés TULLAMORE DEW botella de 70 cl.","price":"15,48 €","offer_price":0,"offer_type":null,"stock":false,"super":"alcampo"},{"img":"https://www.alcampo.es/media/hc1/h0b/8969066283038.jpg","name":"Ron dominicano dorado extra viejo MAGUA botella 70 cl.","price":"9,39 €","offer_price":0,"offer_type":null,"stock":false,"super":"alcampo"},{"img":"https://www.alcampo.es/media/hf3/h95/8896129925150.jpg","name":"Ginebra nacional premium selección triple destilación KINROSS botella de 70 cl.","price":"7,99 €","offer_price":0,"offer_type":null,"stock":false,"super":"alcampo"},{"img":"https://www.alcampo.es/media/hf7/h71/8895015813150.gif","name":"Bebida espirituosa solera FELIPE II botella de 1 litro","price":"7,79 €","offer_price":0,"offer_type":null,"stock":false,"super":"alcampo"},{"img":"https://www.alcampo.es/media/h3d/h49/8952608456734.jpg","name":"Breezer naranja (Combinado de ron con zumo de naranja) BACARDI botella de 27,5 cl.","price":"1,99 €","offer_price":0,"offer_type":null,"stock":false,"super":"alcampo"},{"img":"https://www.alcampo.es/media/h91/h01/9132369379358.jpg","name":"Bebida espirituosa de vodka con fresas BORIS JELZIN botella de 70 cl.","price":"4,99 €","offer_price":0,"offer_type":null,"stock":false,"super":"alcampo"},{"img":"https://www.alcampo.es/media/h08/h0d/8899404759070.jpg","name":"Ron añejo con miel MAGUA botella de 70 cl.","price":"6,39 €","offer_price":0,"offer_type":null,"stock":false,"super":"alcampo"},{"img":"https://www.alcampo.es/media/hcc/hf5/8922615119902.jpg","name":"Tequila blanco especial de importación XALAPAK botella de 70 cl.","price":"7,04 €","offer_price":0,"offer_type":null,"stock":false,"super":"alcampo"},{"img":"https://www.alcampo.es/media/h07/hae/8952606457886.jpg","name":"Brandy solera reserva CARLOS III botella de 70 cl.","price":"10,99 €","offer_price":0,"offer_type":null,"stock":false,"super":"alcampo"},{"img":"https://www.alcampo.es/media/h95/h2d/9573410078750.jpg","name":"Ron extra añejo CACIQUE 500 botella de 70 cl.","price":"19,33 €","offer_price":0,"offer_type":null,"stock":false,"super":"alcampo"},{"img":"https://www.alcampo.es/media/ha8/h9d/9454728118302.jpg","name":"Ron añejo especial cubano HAVANA CLUB 70 botella de 70 cl. ","price":"13,58 €","offer_price":0,"offer_type":null,"stock":false,"super":"alcampo"},{"img":"https://www.alcampo.es/media/ha6/h95/10318945222686.jpg","name":"Brandy de Jerez solera reserva TERRY 1900 botella de 70 cl.","price":"9,89 €","offer_price":0,"offer_type":null,"stock":false,"super":"alcampo"},{"img":"https://www.alcampo.es/media/h31/h00/9642849435678.jpg","name":"Whisky escoces single malt, con maduración de 12 años GLENFIDDICH botella de 70 cl.","price":"25,98 €","offer_price":0,"offer_type":null,"stock":false,"super":"alcampo"},{"img":"https://www.alcampo.es/media/h5c/h84/8898723151902.jpg","name":"Cocktail de mojito MAYERLING botella de 1 litro","price":"5,99 €","offer_price":0,"offer_type":null,"stock":false,"super":"alcampo"},{"img":"https://www.alcampo.es/media/h65/hac/9642917527582.jpg","name":"Ron negro superior importado de Puerto Rico BACARDÍ Carta negra botella de 70 cl.","price":"8,90 €","offer_price":0,"offer_type":null,"stock":false,"super":"alcampo"},{"img":"https://www.alcampo.es/media/h9f/hb5/9545960259614.jpg","name":"Bebida espirituosa de vodka con un toque de bayas silvestres ERISTOFF Black botella de 70 cl.","price":"10,25 €","offer_price":0,"offer_type":null,"stock":false,"super":"alcampo"},{"img":"https://www.alcampo.es/media/h9a/ha5/10664276361246.jpg","name":"Mojito clásico listo para tomar MIOVINO vaso de 200 ml.","price":"1,79 €","offer_price":0,"offer_type":null,"stock":false,"super":"alcampo"},{"img":"https://www.alcampo.es/media/h69/hc4/10236006727710.jpg","name":"Ginebra escocesa tipo London dry gin TANQUERAY TEN botella de 70 cl..","price":"30,07 €","offer_price":0,"offer_type":null,"stock":false,"super":"alcampo"},{"img":"https://www.alcampo.es/media/h29/had/8929791279134.jpg","name":"Whisky single malt de 5 años GLEN GRANT botella de 70 cl.","price":"17,19 €","offer_price":0,"offer_type":null,"stock":false,"super":"alcampo"},{"img":"https://www.alcampo.es/media/h23/h81/8900823220254.jpg","name":"Whisky single malt con maduración de 18 años GLENFIDDICH botella de 70 cl.","price":"67,25 €","offer_price":0,"offer_type":null,"stock":false,"super":"alcampo"},{"img":"https://www.alcampo.es/media/haa/h78/9573378883614.jpg","name":"Vodka blanco con triple destilación y filtrado diez veces SMIRNOFF Etiqueta roja botella de 70 cl.","price":"8,68 €","offer_price":0,"offer_type":null,"stock":false,"super":"alcampo"},{"img":"https://www.alcampo.es/media/h00/hde/8952890261534.jpg","name":"Ginebra inglesa premium tipo London dry gin MOMBASA CLUB botella de 70 cl..","price":"18,05 €","offer_price":0,"offer_type":null,"stock":false,"super":"alcampo"},{"img":"https://www.alcampo.es/media/had/h82/10664191131678.jpg","name":"Daiquiri de fresa, listo para tomar MIOVINO vaso de 200 ml.","price":"1,79 €","offer_price":0,"offer_type":null,"stock":false,"super":"alcampo"},{"img":"https://www.alcampo.es/media/h71/h7b/9173984608286.jpg","name":"Bebida espirituosa de vodka con sabor a caramelo KARLOVA Karamel botella de 70 cl.","price":"4,99 €","offer_price":0,"offer_type":null,"stock":false,"super":"alcampo"},{"img":"https://www.alcampo.es/media/he3/hd5/10319002435614.jpg","name":"Whisky blended destilado, madurado y embotellado en Escocia THE FAMOUS GROUSE botella de 70 cl.","price":"11,72 €","offer_price":0,"offer_type":null,"stock":false,"super":"alcampo"},{"img":"https://www.alcampo.es/media/hf7/hdc/9673086992414.jpg","name":"Vodka con sabor a cítricos, producido y embotellado en Suecia ABSOLUT Citron botella de 70 cl.","price":"15,67 €","offer_price":0,"offer_type":null,"stock":false,"super":"alcampo"},{"img":"https://www.alcampo.es/media/h63/h1d/10318945058846.jpg","name":"Ron extra viejo destilado, envejecido y embotellado en Republica Dominicana BRUGAL botella de 70 cl.","price":"16,44 €","offer_price":0,"offer_type":null,"stock":false,"super":"alcampo"},{"img":"https://www.alcampo.es/media/hcb/h78/8900782260254.jpg","name":"Bebida espirituosa de vodka azul KARLOVA blue botella de 70 cl.","price":"4,99 €","offer_price":0,"offer_type":null,"stock":false,"super":"alcampo"},{"img":"https://www.alcampo.es/media/hab/h9a/9573314396190.jpg","name":"Whisky blended, destilado, mezclado y embotellado en Escocia JOHNNIE WALKER Double black label botella de 70 cl.","price":"28,75 €","offer_price":0,"offer_type":null,"stock":false,"super":"alcampo"},{"img":"https://www.alcampo.es/media/h8b/hff/9660268871710.jpg","name":"Ginebra rosa tipo London Gin, que fusiona sabores cítricos con fresa BEEFEATER Pink botella de 70 cl.","price":"13,89 €","offer_price":0,"offer_type":null,"stock":false,"super":"alcampo"},{"img":"https://www.alcampo.es/media/h20/h66/9661618946078.jpg","name":"Ron dorado gran reserva, solera de 15 años e importado de cuba MATUSALEM botella de 70 cl.","price":"32,34 €","offer_price":0,"offer_type":null,"stock":false,"super":"alcampo"},{"img":"https://www.alcampo.es/media/h41/h47/8897597734942.jpg","name":"Bebida espirituosa de vodka negro KARLOVA Black botella de 70 cl.","price":"4,99 €","offer_price":0,"offer_type":null,"stock":false,"super":"alcampo"},{"img":"https://www.alcampo.es/media/h58/ha3/9740744818718.jpg","name":"Ginebra premium tipo London Dry gin infusionada con exquisitos botánicos BROCKMANS botella de 70 cl.","price":"31,99 €","offer_price":0,"offer_type":null,"stock":false,"super":"alcampo"},{"img":"https://www.alcampo.es/media/h29/h5f/8928742211614.jpg","name":"Brandy solera reserva de Jerez MAGNO botella 1 l.","price":"14,49 €","offer_price":0,"offer_type":null,"stock":false,"super":"alcampo"},{"img":"https://www.alcampo.es/media/h58/h33/9573329436702.jpg","name":"Ginebra importada inglesa tipo London dry gin GORDON’S botella de 70 cl.","price":"7,69 €","offer_price":0,"offer_type":null,"stock":false,"super":"alcampo"},{"img":"https://www.alcampo.es/media/h66/h9e/8901187731486.jpg","name":"Tequila gold TRES SOMBREROS botella de 70 cl.","price":"12,99 €","offer_price":0,"offer_type":null,"stock":false,"super":"alcampo"},{"img":"https://www.alcampo.es/media/h86/h42/9631861768222.jpg","name":"Ron dorado añejo (3 años) RON VIEJO DE CALDAS botella de 70 cl.","price":"9,01 €","offer_price":0,"offer_type":null,"stock":false,"super":"alcampo"},{"img":"https://www.alcampo.es/media/hcf/h31/8883447332894.jpg","name":"Cocktail de vodka con piña MG SPIRIT botella de 27,5 cl.","price":"1,49 €","offer_price":0,"offer_type":null,"stock":false,"super":"alcampo"},{"img":"https://www.alcampo.es/media/hdb/hb3/8876060901406.jpg","name":"Bebida espirituosa de vodka rojo KARLOVA ROJO botella de 70 cl.","price":"4,99 €","offer_price":0,"offer_type":null,"stock":false,"super":"alcampo"},{"img":"https://www.alcampo.es/media/h08/h69/8959666159646.jpg","name":"Vodka ruso RUSSIAN STANDARD botella de 70 cl.","price":"13,49 €","offer_price":0,"offer_type":null,"stock":false,"super":"alcampo"},{"img":"https://www.alcampo.es/media/h64/h35/10664271183902.jpg","name":"Piña colada clásica, lista para tomar MIOVINO vaso de 200 ml.","price":"1,79 €","offer_price":0,"offer_type":null,"stock":false,"super":"alcampo"},{"img":"https://www.alcampo.es/media/h3c/h6b/10569092268062.jpg","name":"Ginebra destilada de sabor natural de moras y frambuesas BOMBAY Bramble botella de 70 cl.","price":"17,81 €","offer_price":0,"offer_type":null,"stock":false,"super":"alcampo"},{"img":"https://www.alcampo.es/media/ha1/he8/9157144805406.jpg","name":"Ginebra extra seca, tipo London dry y de elaboración artesanal MG botella de 70 cl.","price":"11,13 €","offer_price":0,"offer_type":null,"stock":false,"super":"alcampo"},{"img":"https://www.alcampo.es/media/h23/hf3/9661614030878.jpg","name":"Ron añejo elaborado en la Republica Dominicana MATUSALEM botella de 70 cl.","price":"14,24 €","offer_price":0,"offer_type":null,"stock":false,"super":"alcampo"},{"img":"https://www.alcampo.es/media/hb7/hac/8952664522782.jpg","name":"Vodka norteamericano SKYY botella de 70 cl.","price":"13,30 €","offer_price":0,"offer_type":null,"stock":false,"super":"alcampo"},{"img":"https://www.alcampo.es/media/h34/h92/10318990802974.jpg","name":"Whisky single malt de calidad premium, elaborado en España DYC botella de 70 cl.","price":"14,19 €","offer_price":0,"offer_type":null,"stock":false,"super":"alcampo"},{"img":"https://www.alcampo.es/media/h00/hbb/9161411821598.jpg","name":"Preparado de mojito con ron Bacardi carta blanca, menta natural y zumo de lima BACARDI botella de 70 cl.","price":"8,18 €","offer_price":0,"offer_type":null,"stock":false,"super":"alcampo"},{"img":"https://www.alcampo.es/media/h03/hf9/8946415697950.jpg","name":"Bebida espirituosa de vodka con sabor a moras KARLOVA Violet botella de 70 cl.","price":"4,99 €","offer_price":0,"offer_type":null,"stock":false,"super":"alcampo"},{"img":"https://www.alcampo.es/media/hd3/h58/9750893985822.jpg","name":"Ginebra premium con un toque de melón, elaborada en España AMPERSAND botella de 70 cl.","price":"12,84 €","offer_price":0,"offer_type":null,"stock":false,"super":"alcampo"},{"img":"https://www.alcampo.es/media/hef/he5/9480977678366.jpg","name":"Ginebra tipo London dry gin, destilada en Gran Bretaña GORDON’S botella de 1 l.","price":"11,99 €","offer_price":0,"offer_type":null,"stock":false,"super":"alcampo"},{"img":"https://www.alcampo.es/media/heb/had/8899981836318.jpg","name":"Ron añejo 3 años VARADERO botella de 70 cl.","price":"9,99 €","offer_price":0,"offer_type":null,"stock":false,"super":"alcampo"},{"img":"https://www.alcampo.es/media/h0f/hc1/8952580571166.jpg","name":"Breezer sandía (Combinado de ron con zumo de sandia) BACARDI botella de 27,5 cl.","price":"1,90 €","offer_price":0,"offer_type":null,"stock":false,"super":"alcampo"},{"img":"https://www.alcampo.es/media/h33/h8d/9573459525662.jpg","name":"Vodka blanco premium francés con 5 destilaciones CÎROC botella de 70 cl.","price":"31,98 €","offer_price":0,"offer_type":null,"stock":false,"super":"alcampo"},{"img":"https://www.alcampo.es/media/hf4/hb9/10318950465566.jpg","name":"Whisky tipo bourbon infusionado con licor de miel real JIM BEAM botella de 70 cl.","price":"11,99 €","offer_price":0,"offer_type":null,"stock":false,"super":"alcampo"},{"img":"https://www.alcampo.es/media/hf1/hbb/9573331828766.jpg","name":"Whisky single islay malt de 16 años LAGAVULIN botella 70 cl.","price":"67,63 €","offer_price":0,"offer_type":null,"stock":false,"super":"alcampo"},{"img":"https://www.alcampo.es/media/he1/h23/10318990311454.jpg","name":"Ginebra premium destilada con naranjas del mediterraneo LARIOS Citrus botella de 70 cl.","price":"12,29 €","offer_price":0,"offer_type":null,"stock":false,"super":"alcampo"},{"img":"https://www.alcampo.es/media/h23/h1b/8894155915294.jpg","name":"Ron dorado LEGENDARIO botella de 70 cl.","price":"11,46 €","offer_price":0,"offer_type":null,"stock":false,"super":"alcampo"},{"img":"https://www.alcampo.es/media/h37/hce/9696340574238.jpg","name":"Ginebra inglesa tipo London dry gin MASTER'S Selection botella de 70 cl.","price":"12,98 €","offer_price":0,"offer_type":null,"stock":false,"super":"alcampo"},{"img":"https://www.alcampo.es/media/ha9/h4b/9206111961118.jpg","name":"Ron añejo gran reserva, con envejecido de 7 años FLOR DE CAÑA botella de 70 cl.","price":"19,13 €","offer_price":0,"offer_type":null,"stock":false,"super":"alcampo"},{"img":"https://www.alcampo.es/media/hb1/h98/9573460377630.jpg","name":"Whisky escoces single malt con envejecimiento de 10 años TALISKER botella de 70 cl.","price":"47,37 €","offer_price":0,"offer_type":null,"stock":false,"super":"alcampo"},{"img":"https://www.alcampo.es/media/h2b/hd3/9750897295390.jpg","name":"Brandy de Jerez solera gran reserva CARLOS I botella de 70 cl.","price":"22,49 €","offer_price":0,"offer_type":null,"stock":false,"super":"alcampo"},{"img":"https://www.alcampo.es/media/h45/hf7/10318946959390.jpg","name":"Whisky single malt destilado y embotellado en Escocia LAPHROAIG Select botella 70 cl.","price":"29,78 €","offer_price":0,"offer_type":null,"stock":false,"super":"alcampo"},{"img":"https://www.alcampo.es/media/h92/h97/9095393443870.jpg","name":"Ron miel dorado, elaborado en la isla de La Palma ALDEA botella de 70 cl.","price":"6,99 €","offer_price":0,"offer_type":null,"stock":false,"super":"alcampo"},{"img":"https://www.alcampo.es/media/hbe/h90/8892038774814.gif","name":"Bebida espirituosa solera 103 botella de 70 cl.","price":"8,14 €","offer_price":0,"offer_type":null,"stock":false,"super":"alcampo"},{"img":"https://www.alcampo.es/media/h63/hf5/9198822424606.jpg","name":"Whisky escoces single malt, con maduración de 10 años JURA Origin botella de 70 cl.","price":"24,84 €","offer_price":0,"offer_type":null,"stock":false,"super":"alcampo"},{"img":"https://www.alcampo.es/media/hab/h79/8965498896414.jpg","name":"Cocktail de mojito PLAYA BÁVARO botella de 70 cl.","price":"5,40 €","offer_price":0,"offer_type":null,"stock":false,"super":"alcampo"},{"img":"https://www.alcampo.es/media/h63/h0d/9270347497502.jpg","name":"Tequila reposado tradicional, elaborado en Mexico JOSE CUERVO botella de 70 cl.","price":"22,44 €","offer_price":0,"offer_type":null,"stock":false,"super":"alcampo"},{"img":"https://www.alcampo.es/media/h12/h63/9014899277854.jpg","name":"Ginebra premium sin alcohol elaborada con 12 botánicos GINSIN botella 70 cl.","price":"7,49 €","offer_price":0,"offer_type":null,"stock":false,"super":"alcampo"},{"img":"https://www.alcampo.es/media/h62/hf1/9573345722398.jpg","name":"Whisky blendend, madurado, mezclado y embotellado en Escocia JOHNNIE WALKER Gold reserve botella de 70 cl.","price":"36,99 €","offer_price":0,"offer_type":null,"stock":false,"super":"alcampo"},{"img":"https://www.alcampo.es/media/h40/hbd/10319001321502.jpg","name":"Whisky single malt, destilado, madurado durante 10 años y embotellado en Escocia GLENROTHES botella de 70 cl.","price":"33,34 €","offer_price":0,"offer_type":null,"stock":false,"super":"alcampo"},{"img":"https://www.alcampo.es/media/hdd/h0d/9543216005150.jpg","name":"Tennessee Whiskey con un toque de licor de canela JACK DANIEL'S Tennesse fire botella de 70 cl.","price":"19,44 €","offer_price":0,"offer_type":null,"stock":false,"super":"alcampo"},{"img":"https://www.alcampo.es/media/h6b/hf6/8952661245982.jpg","name":"Tennessee Whiskey de barril único JACK DANIEL'S botella de 70 cl.","price":"36,99 €","offer_price":0,"offer_type":null,"stock":false,"super":"alcampo"},{"img":"https://www.alcampo.es/media/had/h3f/9192631140382.jpg","name":"Ron blanco canario AREHUCA Carta blanca botella de 70 cl.","price":"8 €","offer_price":0,"offer_type":null,"stock":false,"super":"alcampo"},{"img":"https://www.alcampo.es/media/he0/h57/9151042486302.jpg","name":"Whisky blended escocés GRANT'S botella de 1.5 l.","price":"20,95 €","offer_price":0,"offer_type":null,"stock":false,"super":"alcampo"},{"img":"https://www.alcampo.es/media/h83/h67/8896899055646.jpg","name":"Ginebra premium MOM botella de 70 cl.","price":"20,09 €","offer_price":0,"offer_type":null,"stock":false,"super":"alcampo"},{"img":"https://www.alcampo.es/media/h34/h04/8922784137246.jpg","name":"Piña colada FLORIDAJUS botella de 70 cl.","price":"6,83 €","offer_price":0,"offer_type":null,"stock":false,"super":"alcampo"},{"img":"https://www.alcampo.es/media/hf8/h6f/9355456577566.jpg","name":"Ginebra nacional premium selección triple destilación KINROSS BERRY botella de 70 cl.","price":"9,99 €","offer_price":0,"offer_type":null,"stock":false,"super":"alcampo"},{"img":"https://www.alcampo.es/media/h3b/he5/8882550800414.jpg","name":"Cocktail de mojito MAGUA boptella de 70 cl.","price":"4,99 €","offer_price":0,"offer_type":null,"stock":false,"super":"alcampo"},{"img":"https://www.alcampo.es/media/h26/h35/8952691261470.jpg","name":"Whisky blended escocés WHITE HORSE botella de 70 cl.","price":"10,80 €","offer_price":0,"offer_type":null,"stock":false,"super":"alcampo"},{"img":"https://www.alcampo.es/media/hbc/hc9/9161482371102.jpg","name":"Ron blanco sabor limón BACARDI botella de 70 cl.","price":"13,39 €","offer_price":0,"offer_type":null,"stock":false,"super":"alcampo"},{"img":"https://www.alcampo.es/media/h45/hdf/9318490243102.jpg","name":"Whisky blended escoces PASSPORT botella de 1 l.","price":"13,99 €","offer_price":0,"offer_type":null,"stock":false,"super":"alcampo"},{"img":"https://www.alcampo.es/media/h50/h76/9696340738078.jpg","name":"Vodka blanco STOLICHNAYA botella de 70 cl.","price":"11,89 €","offer_price":0,"offer_type":null,"stock":false,"super":"alcampo"},{"img":"https://www.alcampo.es/media/h80/hb7/8952565825566.jpg","name":"Brandy gran reserva LEPANTO botella de 70 cl.","price":"23,74 €","offer_price":0,"offer_type":null,"stock":false,"super":"alcampo"},{"img":"https://www.alcampo.es/media/he3/h4d/8881238442014.jpg","name":"Vodka con sabor a caramelo LEVEL botella de 70 cl.","price":"10,85 €","offer_price":0,"offer_type":null,"stock":false,"super":"alcampo"},{"img":"https://www.alcampo.es/media/h81/hab/8902045696030.jpg","name":"Vodka con sabor a caramelo RIVES botella de 70 cl.","price":"8,94 €","offer_price":0,"offer_type":null,"stock":false,"super":"alcampo"},{"img":"https://www.alcampo.es/media/h5e/h5a/9161465298974.jpg","name":"Ginebra inglesa tipo premium con rosas BOSFORD Rose botella de 70 cl.","price":"9 €","offer_price":0,"offer_type":null,"stock":false,"super":"alcampo"},{"img":"https://www.alcampo.es/media/hdd/ha3/8928742539294.jpg","name":"Ginebra española tipo London dry WINT botella de 70 cl.","price":"15,08 €","offer_price":0,"offer_type":null,"stock":false,"super":"alcampo"},{"img":"https://www.alcampo.es/media/hf4/h6a/8899169484830.jpg","name":"Vodka lituano STRUMBRAS HERBAL botella de 1 litro","price":"10,30 €","offer_price":0,"offer_type":null,"stock":false,"super":"alcampo"},{"img":"https://www.alcampo.es/media/h01/hc3/8885263466526.jpg","name":"Cognac PLANAT Vs. SELECT botella de 70 cl.","price":"15,99 €","offer_price":0,"offer_type":null,"stock":false,"super":"alcampo"},{"img":"https://www.alcampo.es/media/h65/h4d/8892599173150.jpg","name":"Tequila blanco TRES OCHOS botella de 70 cl.","price":"9,39 €","offer_price":0,"offer_type":null,"stock":false,"super":"alcampo"},{"img":"https://www.alcampo.es/media/h98/h49/8965480054814.jpg","name":"Armagnac MONTESQUIOU botella de 70 cl.","price":"24,95 €","offer_price":0,"offer_type":null,"stock":false,"super":"alcampo"},{"img":"https://www.alcampo.es/media/h7c/h55/9893336875038.jpg","name":"Whisky blended japones envejecido en barricas de Mizunara SAASHI botella de 70 cl.","price":"40,99 €","offer_price":0,"offer_type":null,"stock":false,"super":"alcampo"},{"img":"https://www.alcampo.es/media/heb/hb3/9573397594142.jpg","name":"Whisky blended escocés reserva 15 años J&amp;B botella de 70 cl.","price":"21,20 €","offer_price":0,"offer_type":null,"stock":false,"super":"alcampo"},{"img":"https://www.alcampo.es/media/h0e/h9a/9971612287006.jpg","name":"Cognac V.S producido y embotellado en Francia HENNESSY botella de 70 cl.","price":"32,33 €","offer_price":0,"offer_type":null,"stock":false,"super":"alcampo"},{"img":"https://www.alcampo.es/media/h67/hc2/9696344211486.jpg","name":"Ron dominicano añejado en barricas de roble BARCELÓ Imperial botella de 70 cl.","price":"36,02 €","offer_price":0,"offer_type":null,"stock":false,"super":"alcampo"},{"img":"https://www.alcampo.es/media/hed/he9/8894950539294.jpg","name":"Whisky single malt GLEN SILVERS botella de 70 cl.","price":"11,95 €","offer_price":0,"offer_type":null,"stock":false,"super":"alcampo"},{"img":"https://www.alcampo.es/media/h11/h45/8891037974558.jpg","name":"Tequila reposado DON JULIO botella de 70 cl.","price":"38,99 €","offer_price":0,"offer_type":null,"stock":false,"super":"alcampo"},{"img":"https://www.alcampo.es/media/h0f/h9d/9673067888670.jpg","name":"Ginebra inglesa premium tipo London dry gin BEEFEATER 24 botella 70 cl..","price":"20,44 €","offer_price":0,"offer_type":null,"stock":false,"super":"alcampo"},{"img":"https://www.alcampo.es/media/h40/h95/9454729068574.jpg","name":"Ron de reserva, antiguo de venezuela DIPLOMÁTICO botella de 70 cl.","price":"36,99 €","offer_price":0,"offer_type":null,"stock":false,"super":"alcampo"},{"img":"https://www.alcampo.es/media/h72/hd4/8900520771614.jpg","name":"Ginebra MACARONESIAN botella de 70 cl.","price":"21,38 €","offer_price":0,"offer_type":null,"stock":false,"super":"alcampo"},{"img":"https://www.alcampo.es/media/hcd/h47/9160506802206.jpg","name":"Tequila reposado hecho en Mexico y realizado con Agave puro EL ESPOLÓN botella de 70 cl.","price":"23,99 €","offer_price":0,"offer_type":null,"stock":false,"super":"alcampo"},{"img":"https://www.alcampo.es/media/h9a/h87/8952690442270.jpg","name":"Ginebra inglesa premium tipo London dry gin TANN´S botella de 70 cl.","price":"19,99 €","offer_price":0,"offer_type":null,"stock":false,"super":"alcampo"},{"img":"https://www.alcampo.es/media/h3f/h12/9252854956062.jpg","name":"Vodka blanco de origen frances GREY GOOSE botella de 70 cl.","price":"42,72 €","offer_price":0,"offer_type":null,"stock":false,"super":"alcampo"},{"img":"https://www.alcampo.es/media/hd5/h30/9644106579998.jpg","name":"Whisky single malt, destilado, envejecido (15 años) y embotellado en Escocia GLENFIDDICH botella de 70 cl.","price":"42,33 €","offer_price":0,"offer_type":null,"stock":false,"super":"alcampo"},{"img":"https://www.alcampo.es/media/hcc/h27/10318947516446.jpg","name":"Whisky bourbon madurado durante 6 años JIM BEAM Double oak botella de 70 cl..","price":"24,88 €","offer_price":0,"offer_type":null,"stock":false,"super":"alcampo"},{"img":"https://www.alcampo.es/media/h37/hf0/8885456601118.gif","name":"Brandy de Jerez gran reserva INDEPENDENCIA botella 70 cl.","price":"16,63 €","offer_price":0,"offer_type":null,"stock":false,"super":"alcampo"},{"img":"https://www.alcampo.es/media/h52/h20/8952662622238.jpg","name":"Ron añejo PLAYA BÁVARO botella de 70 cl.","price":"6,99 €","offer_price":0,"offer_type":null,"stock":false,"super":"alcampo"},{"img":"https://www.alcampo.es/media/h72/h6b/10318941454366.jpg","name":"Cognac VSOP elaborado en Francia COURVOISIER botella de 70 cl.","price":"30,87 €","offer_price":0,"offer_type":null,"stock":false,"super":"alcampo"},{"img":"https://www.alcampo.es/media/h53/h91/9436860973086.jpg","name":"Ginebra española tipo London dry con cítricos del Sur AMPERSAND botella 70 cl.","price":"12,84 €","offer_price":0,"offer_type":null,"stock":false,"super":"alcampo"},{"img":"https://www.alcampo.es/media/h4f/hd3/8928513130526.jpg","name":"Ginebra con fresas BLUE EYES botella de 70 cl.","price":"7,99 €","offer_price":0,"offer_type":null,"stock":false,"super":"alcampo"},{"img":"https://www.alcampo.es/media/h7f/h67/9176206802974.jpg","name":"Tequila especial mejicano, hecho con Agave azul JOSE CUERVO botella de 70 cl.","price":"13,20 €","offer_price":0,"offer_type":null,"stock":false,"super":"alcampo"},{"img":"https://www.alcampo.es/media/h10/hf3/9737160982558.jpg","name":"Brandy solera gran reserva 1866 botella de 70 cl.","price":"42,79 €","offer_price":0,"offer_type":null,"stock":false,"super":"alcampo"},{"img":"https://www.alcampo.es/media/hd9/hc0/9318504529950.jpg","name":"Whisky blended escoces PASSPORT botella de 70 cl.","price":"8,93 €","offer_price":0,"offer_type":null,"stock":false,"super":"alcampo"},{"img":"https://www.alcampo.es/media/h75/h66/8901666471966.jpg","name":"Ron extra añejo reserva de Venezuela DIPLOMÁTICO botella de 70 cl.","price":"21,51 €","offer_price":0,"offer_type":null,"stock":false,"super":"alcampo"},{"img":"https://www.alcampo.es/media/h22/h7c/8900370300958.jpg","name":"Tequila blanco TRES SOMBREROS botella 70 cl.","price":"10,95 €","offer_price":0,"offer_type":null,"stock":false,"super":"alcampo"},{"img":"https://www.alcampo.es/media/hc6/h10/8959633424414.jpg","name":"Whisky bourbon WOODFORD RESERVE botella de 70 cl.","price":"36,95 €","offer_price":0,"offer_type":null,"stock":false,"super":"alcampo"},{"img":"https://www.alcampo.es/media/he8/hef/8867377053726.jpg","name":"Vodka de imprtación LITHUANIAN botella de 1 litro","price":"9,99 €","offer_price":0,"offer_type":null,"stock":false,"super":"alcampo"},{"img":"https://www.alcampo.es/media/h0e/h5f/10375771881502.jpg","name":"Combinado de Bacardí carta blanca con cola BACARDÍ Lara de 250 ml.","price":"1,83 €","offer_price":0,"offer_type":null,"stock":false,"super":"alcampo"},{"img":"https://www.alcampo.es/media/h9f/h55/9631950471198.jpg","name":"Ron dorado puro cubano HAVANA CLUB Selección de maestros botella de 70 cl.","price":"42,99 €","offer_price":0,"offer_type":null,"stock":false,"super":"alcampo"},{"img":"https://www.alcampo.es/media/h9c/hdb/9960029356062.jpg","name":"Ron añejo blended de 8 años DOS MADERAS botella de 70 cl.","price":"19,86 €","offer_price":0,"offer_type":null,"stock":false,"super":"alcampo"},{"img":"https://www.alcampo.es/media/ha5/hd6/9631948472350.jpg","name":"Whisky blended envejecido y embotellado en Escocia JOHNNIE WALKER A song of fire botella de 70 cl.","price":"19,98 €","offer_price":0,"offer_type":null,"stock":false,"super":"alcampo"},{"img":"https://www.alcampo.es/media/h6e/h0a/9534518099998.jpg","name":"Whisky blended destilado y embotellado en Escocia J&amp;B botella de 20 cl.","price":"4,97 €","offer_price":0,"offer_type":null,"stock":false,"super":"alcampo"},{"img":"https://www.alcampo.es/media/hbc/h15/9534500470814.jpg","name":"Whisky blended escoces de 12 años JOHNNIE WALKER Black laber botella de 20 cl.","price":"9,98 €","offer_price":0,"offer_type":null,"stock":false,"super":"alcampo"},{"img":"https://www.alcampo.es/media/h9d/h48/9631958564894.jpg","name":"Whisky blended mezclado, envejecido (15 años) y embotellado en Escocia CHIVAS REGAL Xv botella de 70 cl.","price":"40,94 €","offer_price":0,"offer_type":null,"stock":false,"super":"alcampo"},{"img":"https://www.alcampo.es/media/ha9/haa/8952698404894.jpg","name":"Whisky escocés DEWARS botella de 70 cl.","price":"23,09 €","offer_price":0,"offer_type":null,"stock":false,"super":"alcampo"},{"img":"https://www.alcampo.es/media/h86/h2b/10849142308894.jpg","name":"Bebida espirituosa de ginebra sin alcohol (0.0%) TANQUERAY botella de 70 cl.","price":"13,48 €","offer_price":0,"offer_type":null,"stock":false,"super":"alcampo"},{"img":"https://www.alcampo.es/media/hdc/hed/9573455200286.jpg","name":"Whisky blended destilado, mezclado y embotellado en Escocia JOHNNIE WALKER Blue label botella de 70 cl.","price":"149 €","offer_price":0,"offer_type":null,"stock":false,"super":"alcampo"},{"img":"https://www.alcampo.es/media/hf6/h8c/10318944075806.jpg","name":"Whisky tipo bourbon estilo Kentucky, elaborado a mano MAKER'S MARK botella de 70 cl.","price":"28,74 €","offer_price":0,"offer_type":null,"stock":false,"super":"alcampo"},{"img":"https://www.alcampo.es/media/hdd/hee/8972338331678.jpg","name":"Mezcla de coñac y licor de naranja amarga GRAND MARNIER botella 70 cl.","price":"20,89 €","offer_price":0,"offer_type":null,"stock":false,"super":"alcampo"},{"img":"https://www.alcampo.es/media/h4f/h0d/10452317929502.jpg","name":"Ron artesanal envejecido 12 años FLOR DE CAÑA Centenario botella de 70 cl.","price":"25,89 €","offer_price":0,"offer_type":null,"stock":false,"super":"alcampo"},{"img":"https://www.alcampo.es/media/hc5/h8f/9599481217054.jpg","name":"Whisky blended,destilado, mezclado y embotella do en Escocia J&amp;B botella 1.5 l.","price":"21,42 €","offer_price":0,"offer_type":null,"stock":false,"super":"alcampo"},{"img":"https://www.alcampo.es/media/h50/hc9/9046041657374.jpg","name":"Ron de caña de azucar con doble añejamiento BARCELÓ Signio botella de 70 cl.","price":"17,99 €","offer_price":0,"offer_type":null,"stock":false,"super":"alcampo"},{"img":"https://www.alcampo.es/media/hc2/h49/9181602086942.jpg","name":"Whisky blended japones TOKINOKA botella de 50 cl.","price":"26,99 €","offer_price":0,"offer_type":null,"stock":false,"super":"alcampo"},{"img":"https://www.alcampo.es/media/h37/h06/9174670901278.jpg","name":"Ron reserva de la isla de la Palma ALDEA Maestro botella de 70 cl.","price":"19,97 €","offer_price":0,"offer_type":null,"stock":false,"super":"alcampo"},{"img":"https://www.alcampo.es/media/hf9/hcd/10319002763294.jpg","name":"Whisky single malt elaborado en Escocia y madurarado en barricas de roble 15 años THE MACALLAN botella de 70 cl.","price":"95,99 €","offer_price":0,"offer_type":null,"stock":false,"super":"alcampo"},{"img":"https://www.alcampo.es/media/h5a/h38/9373507649566.jpg","name":"Whisky single malt de 10 años, de origen gallego y alma escocesa SIR JOHN MOORE botella de 70 cl.","price":"15 €","offer_price":0,"offer_type":null,"stock":false,"super":"alcampo"},{"img":"https://www.alcampo.es/media/h3f/h09/9373542514718.jpg","name":"Whisky single malt gallego con alma escocesa SIR JOHN MOORE botella de 70 cl.","price":"10 €","offer_price":0,"offer_type":null,"stock":false,"super":"alcampo"},{"img":"https://www.alcampo.es/media/h35/h4b/9471107825694.jpg","name":"Ron dorado venezolano con solera SANTA TERESA botella de 70 cl.","price":"42,48 €","offer_price":0,"offer_type":null,"stock":false,"super":"alcampo"},{"img":"https://www.alcampo.es/media/he6/h5e/9541798559774.jpg","name":"Tequila reposado de agave 100%, elaborado en Mexico LA COFRADIA botella de 70 cl.","price":"25,05 €","offer_price":0,"offer_type":null,"stock":false,"super":"alcampo"},{"img":"https://www.alcampo.es/media/h35/h60/9530530758686.jpg","name":"Ginebra infusionada con esencias florales de origen natural HENDRICKS Midsummer Solstice botella de 70 cl.","price":"37,72 €","offer_price":0,"offer_type":null,"stock":false,"super":"alcampo"},{"img":"https://www.alcampo.es/media/h97/h3d/9373539893278.jpg","name":"Whisky blended gallego con alma escocesa SIR JOHN MOORE 70 cl.","price":"7 €","offer_price":0,"offer_type":null,"stock":false,"super":"alcampo"},{"img":"https://www.alcampo.es/media/hb6/h52/10564390649886.jpg","name":"Ginebra premium elaborada en Francia G-VINE Nouaison botella de 70 cl..","price":"35,86 €","offer_price":0,"offer_type":null,"stock":false,"super":"alcampo"},{"img":"https://www.alcampo.es/media/h64/hb2/8898304933918.jpg","name":"Ginebra premium GERANIUM botella de 70 cl.","price":"29,95 €","offer_price":0,"offer_type":null,"stock":false,"super":"alcampo"},{"img":"https://www.alcampo.es/media/h2c/h06/8873775333406.jpg","name":"Ron clásico reserva de 10 años MATUSALEM botella de 70 cl.","price":"25,43 €","offer_price":0,"offer_type":null,"stock":false,"super":"alcampo"},{"img":"https://www.alcampo.es/media/h02/h05/8946389647390.jpg","name":"Cocktail de whisky con cola MG SPIRIT botella de 27,5 cl.","price":"1,40 €","offer_price":0,"offer_type":null,"stock":false,"super":"alcampo"},{"img":"https://www.alcampo.es/media/h83/h84/8926149476382.jpg","name":"Ginebra inglesa tipo dry PINK ROYAL botella de 70 cl.","price":"25,33 €","offer_price":0,"offer_type":null,"stock":false,"super":"alcampo"},{"img":"https://www.alcampo.es/media/h4e/h1b/8891616362526.jpg","name":"Ginebra premium tipo London dry GOA botella de 70 cl..","price":"10 €","offer_price":0,"offer_type":null,"stock":false,"super":"alcampo"},{"img":"https://www.alcampo.es/media/h90/hd8/9381133516830.jpg","name":"Tequila reposado elaborado con Agave 100% EL JIMADOR botella de 70 cl.","price":"21,99 €","offer_price":0,"offer_type":null,"stock":false,"super":"alcampo"},{"img":"https://www.alcampo.es/media/h98/h38/9437586325534.jpg","name":"Ginebra tipo London Dry Gin, elaborada en Galicia O´VENTOSELA botella de 70 cl.","price":"14,99 €","offer_price":0,"offer_type":null,"stock":false,"super":"alcampo"},{"img":"https://www.alcampo.es/media/hd8/h6d/8960207880222.jpg","name":"Brandy reserva de Jerez INSUPERABLE botella de 70 cl.","price":"12,95 €","offer_price":0,"offer_type":null,"stock":false,"super":"alcampo"},{"img":"https://www.alcampo.es/media/h84/ha6/8959981158430.jpg","name":"Ginebra premium tipo London dry gin THE BOTANICAL'S botella de 70 cl.","price":"26,08 €","offer_price":0,"offer_type":null,"stock":false,"super":"alcampo"},{"img":"https://www.alcampo.es/media/h22/h05/9206116581406.gif","name":"Brandy de Jerez, con solera gran reserva CARLOS I Imperial botella 70 cl.","price":"48,24 €","offer_price":0,"offer_type":null,"stock":false,"super":"alcampo"},{"img":"https://www.alcampo.es/media/hca/hea/9308416409630.jpg","name":"Ginebra inglesa tipo London dry PLYMOUTH GIN botella de 70 cl.","price":"25 €","offer_price":0,"offer_type":null,"stock":false,"super":"alcampo"},{"img":"https://www.alcampo.es/media/hb1/h72/8929118912542.jpg","name":"Ginebra tipo dry RIVES PINK botella de 70 cl.","price":"19,95 €","offer_price":0,"offer_type":null,"stock":false,"super":"alcampo"},{"img":"https://www.alcampo.es/media/h88/hf1/9049321930782.jpg","name":"Ginebra seca premium, elaborada en Inglaterra BROKER'S botella de 70 cl.","price":"14,10 €","offer_price":0,"offer_type":null,"stock":false,"super":"alcampo"},{"img":"https://www.alcampo.es/media/h54/he7/10318943584286.jpg","name":"Whisky blended mezclado, madurado y embotellado en Escocia THE FAMOUS GROUSE botella de 1 l.","price":"0,50 €","offer_price":0,"offer_type":null,"stock":false,"super":"alcampo"},{"img":"https://www.alcampo.es/media/h2e/h50/9105270931486.jpg","name":"Whisky blended escocés de 18 años JOHNNIE WALKER botella de 70 cl.","price":"65,13 €","offer_price":0,"offer_type":null,"stock":false,"super":"alcampo"},{"img":"https://www.alcampo.es/media/h25/hdf/8952470339614.jpg","name":"Vodka polaco SOBIESKI botella de 70 cl.","price":"7,61 €","offer_price":0,"offer_type":null,"stock":false,"super":"alcampo"},{"img":"https://www.alcampo.es/media/h97/h78/9148253601822.jpg","name":"Bebida espirituosa de vodka con un toque de caramelo y notas de almendra SILDKA botella de 70 cl.","price":"8,99 €","offer_price":0,"offer_type":null,"stock":false,"super":"alcampo"},{"img":"https://www.alcampo.es/media/h11/h71/10318988771358.jpg","name":"Ron blanco destilado, envejecido y embotellado en Republica Dominicana BRUGAL Supremo 70 cl.","price":"13,20 €","offer_price":0,"offer_type":null,"stock":false,"super":"alcampo"},{"img":"https://www.alcampo.es/media/h8c/h45/8876722159646.jpg","name":"Whisky single malt 12 años GLENKINCHIE botella de 70 cl.","price":"33,99 €","offer_price":0,"offer_type":null,"stock":false,"super":"alcampo"},{"img":"https://www.alcampo.es/media/h28/h9d/9224049983518.jpg","name":"Ron dorado 8 años gran reserva BACARDI botella de 70 cl.","price":"21,09 €","offer_price":0,"offer_type":null,"stock":false,"super":"alcampo"},{"img":"https://www.alcampo.es/media/hc7/h14/8893934272542.jpg","name":"Ginebra premium BRECON Special reserva botella de 70 cl.","price":"29,99 €","offer_price":0,"offer_type":null,"stock":false,"super":"alcampo"},{"img":"https://www.alcampo.es/media/heb/h89/8884977795102.jpg","name":"Ginebra tipo London dry BLACK DEATH botella de 70 cl..","price":"5 €","offer_price":0,"offer_type":null,"stock":false,"super":"alcampo"},{"img":"https://www.alcampo.es/media/h3c/he5/10318945550366.jpg","name":"Whisky escocés single malt con maduración de 12 años HIGHLAND PARK botella de 70 cl.","price":"35,19 €","offer_price":0,"offer_type":null,"stock":false,"super":"alcampo"},{"img":"https://www.alcampo.es/media/hf3/h4a/9226330046494.jpg","name":"Whisky blended escoces WILLIAM PEEL botella de 150 cl","price":"14,99 €","offer_price":0,"offer_type":null,"stock":false,"super":"alcampo"},{"img":"https://www.alcampo.es/media/h51/h31/9204713750558.jpg","name":"Ron añejo elaborado en la isla de la Palma ALDEA botella de 70 cl.","price":"8,99 €","offer_price":0,"offer_type":null,"stock":false,"super":"alcampo"},{"img":"https://www.alcampo.es/media/h9e/h14/8866852110366.jpg","name":"Whisky single malt 14 años OBAN botella de 70 cl.","price":"51,55 €","offer_price":0,"offer_type":null,"stock":false,"super":"alcampo"},{"img":"https://www.alcampo.es/media/h65/h5f/8971371708446.jpg","name":"Spirit de ginebra SECOLARRIS botella 70 cl.","price":"6,99 €","offer_price":0,"offer_type":null,"stock":false,"super":"alcampo"},{"img":"https://www.alcampo.es/media/hfc/h7b/8930274443294.jpg","name":"Spirit de ginebra GINIAL botella de 70 cl.","price":"12,99 €","offer_price":0,"offer_type":null,"stock":false,"super":"alcampo"},{"img":"https://www.alcampo.es/media/h07/hea/9218415853598.jpg","name":"Mojito servido en un simpático bote ESPADAFOR 25 cl.","price":"1 €","offer_price":0,"offer_type":null,"stock":false,"super":"alcampo"},{"img":"https://www.alcampo.es/media/h57/h54/9218422833182.jpg","name":"Daiquiri servido en un simpático bote ESPADAFOR 25 cl.","price":"1 €","offer_price":0,"offer_type":null,"stock":false,"super":"alcampo"},{"img":"https://www.alcampo.es/media/h34/h14/9218439348254.jpg","name":"Piña colada servido en un simpático tarro ESPADAFOR 25 cl.","price":"1 €","offer_price":0,"offer_type":null,"stock":false,"super":"alcampo"},{"img":"https://www.alcampo.es/media/h6e/hf4/10318994374686.jpg","name":"Whisky single malt de 12 años, destilado y embotellado en Escocia BOWMORE botella de 70 cl.","price":"30,86 €","offer_price":0,"offer_type":null,"stock":false,"super":"alcampo"},{"img":"https://www.alcampo.es/media/he1/h29/10318945878046.jpg","name":"Whisky single malt de 12 años, desitlado y embotellado en Escocia AUCHENTOSHAN botella de 70 cl.","price":"24,95 €","offer_price":0,"offer_type":null,"stock":false,"super":"alcampo"},{"img":"https://www.alcampo.es/media/h69/h24/8891542143006.jpg","name":"Vodka de importación SMIRNOFF botella de 1 litro","price":"14,99 €","offer_price":0,"offer_type":null,"stock":false,"super":"alcampo"},{"img":"https://www.alcampo.es/media/h00/h73/9151028199454.jpg","name":"Ron miel canario LA INDIANA botella de 70 cl.","price":"8,59 €","offer_price":0,"offer_type":null,"stock":false,"super":"alcampo"},{"img":"https://www.alcampo.es/media/hcb/hed/8887425761310.jpg","name":"Ginebra premium BLUE GIN botella de 70 cl..","price":"20 €","offer_price":0,"offer_type":null,"stock":false,"super":"alcampo"},{"img":"https://www.alcampo.es/media/he7/h11/8896218136606.jpg","name":"Whisky escoces single malt KNOCKANDO botella de 70 cl.","price":"26,93 €","offer_price":0,"offer_type":null,"stock":false,"super":"alcampo"},{"img":"https://www.alcampo.es/media/h8d/h3a/8899054665758.jpg","name":"Whisky single malt 12 años CRAGGANMORE botella de 70 cl.","price":"34,99 €","offer_price":0,"offer_type":null,"stock":false,"super":"alcampo"},{"img":"https://www.alcampo.es/media/hf5/h29/8952637620254.jpg","name":"Vodka premium de importación SOBIESKI botella de 1litro","price":"11,95 €","offer_price":0,"offer_type":null,"stock":false,"super":"alcampo"},{"img":"https://www.alcampo.es/media/hcb/h5c/8898947317790.jpg","name":"Cocktail de caipirinha CRUZ CARIBE botella de 70 cl.","price":"7,49 €","offer_price":0,"offer_type":null,"stock":false,"super":"alcampo"},{"img":"https://www.alcampo.es/media/h92/hf4/9148215197726.jpg","name":"Preparado de mojito listo para servir VARADERO botella de 75 cl.","price":"11,95 €","offer_price":0,"offer_type":null,"stock":false,"super":"alcampo"},{"img":"https://www.alcampo.es/media/hc6/hf1/9216482082846.jpg","name":"Whisky blended escoces madurado en barricas de roble WILLIAM PEEL botella de 200 cl.","price":"17,99 €","offer_price":0,"offer_type":null,"stock":false,"super":"alcampo"},{"img":"https://www.alcampo.es/media/hde/h53/8952566153246.jpg","name":"Ginebra tipo London dry PINK 47 botella de 70 cl.","price":"21,53 €","offer_price":0,"offer_type":null,"stock":false,"super":"alcampo"},{"img":"https://www.alcampo.es/media/h9c/h99/8952669667358.jpg","name":"Ginebra escocesa BOË botella de 70 cl.","price":"15,41 €","offer_price":0,"offer_type":null,"stock":false,"super":"alcampo"},{"img":"https://www.alcampo.es/media/h58/h5f/9151103008798.jpg","name":"Vodka de destilado de grano BLAT botella de 70 cl.","price":"10 €","offer_price":0,"offer_type":null,"stock":false,"super":"alcampo"},{"img":"https://www.alcampo.es/media/he2/h1d/9466052771870.jpg","name":"Vodka blanco destilado y embotellado en Polonia EVOLUTION botella de 70 cñ-","price":"8,47 €","offer_price":0,"offer_type":null,"stock":false,"super":"alcampo"},{"img":"https://www.alcampo.es/media/h30/heb/8960107544606.jpg","name":"Ginebra tipo London dry STAR OF BOMBAY botella de 70 cl.","price":"28,43 €","offer_price":0,"offer_type":null,"stock":false,"super":"alcampo"},{"img":"https://www.alcampo.es/media/h0f/ha9/9166358577182.jpg","name":"Ginebra inglesa especial tipo dry CUBICAL Kiss botella de 70 cl.","price":"20 €","offer_price":0,"offer_type":null,"stock":false,"super":"alcampo"},{"img":"https://www.alcampo.es/media/h0c/h41/9574758809630.jpg","name":"Whisky blended de 15 años, destilado, mezclado y embotellado en Escocia JOHNNIE WALKER Green label botella de 70 cl..","price":"34,26 €","offer_price":0,"offer_type":null,"stock":false,"super":"alcampo"},{"img":"https://www.alcampo.es/media/hce/hdd/10454218407966.jpg","name":"Combinado de agua con gas, alcohol fermentado de caña de azúcar y zumo de lima-limón AQVA SPRITZ lata de 250 ml.","price":"1,49 €","offer_price":0,"offer_type":null,"stock":false,"super":"alcampo"},{"img":"https://www.alcampo.es/media/h61/h96/10454312288286.jpg","name":"Combinado de agua con gas, alcohol fermentado de caña de azúcar y zumo de pomelo rosa AQVA SPRITZ lata de 250 ml.","price":"1,49 €","offer_price":0,"offer_type":null,"stock":false,"super":"alcampo"},{"img":"https://www.alcampo.es/media/h8c/h61/9631954272286.jpg","name":"Whisky blended de maltas raras, mezclado, envejecido y embotellado en Escocia CHIVAS REGAL Extra botella de 70 cl.","price":"33,14 €","offer_price":0,"offer_type":null,"stock":false,"super":"alcampo"},{"img":"https://www.alcampo.es/media/h84/hf7/8959895732254.jpg","name":"Ginebra inglesa premium tipo London dry gin FIFTY POUNDS botella de 70 cl.","price":"20,38 €","offer_price":0,"offer_type":null,"stock":false,"super":"alcampo"},{"img":"https://www.alcampo.es/media/h3f/h48/8993360117790.jpg","name":"Preparado de cocktail margarita CRUZ DEL CARIBE botella 70 cl.","price":"7,49 €","offer_price":0,"offer_type":null,"stock":false,"super":"alcampo"},{"img":"https://www.alcampo.es/media/hf6/h41/9148216246302.jpg","name":"Vodka premium con triple destilación ERISTOFF botella de 2 l.","price":"23,21 €","offer_price":0,"offer_type":null,"stock":false,"super":"alcampo"},{"img":"https://www.alcampo.es/media/h69/h05/8891696939038.jpg","name":"Ginebra tipo London dry PLATINUM TV botella de 70 cl..","price":"18 €","offer_price":0,"offer_type":null,"stock":false,"super":"alcampo"},{"img":"https://www.alcampo.es/media/hec/hbb/9148229779486.jpg","name":"Whisky escoces single malt con maduración de 12 años GLENLIVET botella de 70 cl.","price":"29,99 €","offer_price":0,"offer_type":null,"stock":false,"super":"alcampo"},{"img":"https://www.alcampo.es/media/h57/h9d/8893420666910.jpg","name":"Whisky blended GRANT'S botella de 70 cl.","price":"10,59 €","offer_price":0,"offer_type":null,"stock":false,"super":"alcampo"},{"img":"https://www.alcampo.es/media/hb7/ha8/8898525331486.jpg","name":"Ginebra española tipo London dry gin RIVES botella de 70 cl.","price":"7,64 €","offer_price":0,"offer_type":null,"stock":false,"super":"alcampo"},{"img":"https://www.alcampo.es/media/hcc/ha5/8952557699102.jpg","name":"Cognac REMY MARTIN botella de 70 cl.","price":"33,60 €","offer_price":0,"offer_type":null,"stock":false,"super":"alcampo"},{"img":"https://www.alcampo.es/media/h4d/hf8/8899730931742.jpg","name":"Whisky blended escocés 100 PIPERS botella de 70 cl.","price":"11,14 €","offer_price":0,"offer_type":null,"stock":false,"super":"alcampo"},{"img":"https://www.alcampo.es/media/hcf/h82/9573406343198.jpg","name":"Ginebra premium elaborada con aromatizantes naturales GORDON'S Pink botella de 70 cl.","price":"11,65 €","offer_price":0,"offer_type":null,"stock":false,"super":"alcampo"},{"img":"https://www.alcampo.es/media/ha6/had/9198807580702.jpg","name":"Preparado de margarita de fresa MAGUA botella de 70 cl.","price":"4,99 €","offer_price":0,"offer_type":null,"stock":false,"super":"alcampo"},{"img":"https://www.alcampo.es/media/h6d/h8f/9132455165982.jpg","name":"Whisky blended escocés CUTTY SARK botella de 1.75 l.","price":"22,55 €","offer_price":0,"offer_type":null,"stock":false,"super":"alcampo"},{"img":"https://www.alcampo.es/media/h58/hcb/8895897468958.jpg","name":"Whisky blended WILLIAM PEEL botella de 1 litro","price":"10,52 €","offer_price":0,"offer_type":null,"stock":false,"super":"alcampo"},{"img":"https://www.alcampo.es/media/hfb/hc2/8890994196510.jpg","name":"Ron añejo 7 años VARADERO botella de 70 cl.","price":"16,38 €","offer_price":0,"offer_type":null,"stock":false,"super":"alcampo"},{"img":"https://www.alcampo.es/media/hd2/h59/8896039616542.jpg","name":"Vodka de calidad premium, procedente de Dinamarca DANZKA botella de 70 cl.","price":"10,54 €","offer_price":0,"offer_type":null,"stock":false,"super":"alcampo"},{"img":"https://www.alcampo.es/media/h55/h68/9226342006814.jpg","name":"Vodka lituano con tripe destilación y filtrado cuatro veces LITHUANIAN Gold Botella de 100 cl.","price":"9,99 €","offer_price":0,"offer_type":null,"stock":false,"super":"alcampo"},{"img":"https://www.alcampo.es/media/h3e/hb7/9832616853534.jpg","name":"Mezcal blanco elaborado en Mexico a base de Ágave 100% Espadin azul BUI botella de 70 cl.","price":"32,95 €","offer_price":0,"offer_type":null,"stock":false,"super":"alcampo"},{"img":"https://www.alcampo.es/media/hd9/hcf/8960082280478.jpg","name":"Tequila blanco LA COFRADÍA botella de 70 cl.","price":"22,99 €","offer_price":0,"offer_type":null,"stock":false,"super":"alcampo"},{"img":"https://www.alcampo.es/media/h2c/h20/10143165251614.jpg","name":"Tennessee Whiskey Jack Daniel's Old No.7 con triple seco y refrescante limonada JACK DANIELS Lynchburg limonade botella de 33 cl.","price":"2,59 €","offer_price":0,"offer_type":null,"stock":false,"super":"alcampo"},{"img":"https://www.alcampo.es/media/hcc/h60/9902689452062.jpg","name":"Whisky blended envejecido durante 8 años, destilado, mezclado y embotellado en Escoia DEWARS Caribbean smooth botella de 70 cl.","price":"13,34 €","offer_price":0,"offer_type":null,"stock":false,"super":"alcampo"},{"img":"https://www.alcampo.es/media/hbe/h42/10652123332638.jpg","name":"Vodka premium elaborado con agua de la Sierra Norte de Madrid ESPÍRITU ENIGMA botella de 70 cl.","price":"24,95 €","offer_price":0,"offer_type":null,"stock":false,"super":"alcampo"},{"img":"https://www.alcampo.es/media/h2d/h0a/10909565714462.jpg","name":"Ginebra inglesa tipo London Dry Gin BOMBAY Shaphire sunset botella de 70 cl","price":"21,90 €","offer_price":0,"offer_type":null,"stock":false,"super":"alcampo"},{"img":"https://www.alcampo.es/media/h6b/h1e/10652068937758.jpg","name":"Ginebra premium tipo London Dry Gin, elaborada con botánicos mediterráneos ESPÍRITU ENIGMA botella de 75 cl.","price":"24,95 €","offer_price":0,"offer_type":null,"stock":false,"super":"alcampo"},{"img":"https://www.alcampo.es/media/h28/h35/9631945850910.jpg","name":"Whisky blended mezclado, envejecido y embotellado en Escocia CHIVAS REGAL Mizunara botella de 75 cl.","price":"44,14 €","offer_price":0,"offer_type":null,"stock":false,"super":"alcampo"},{"img":"https://www.alcampo.es/media/h27/ha9/9636985831454.jpg","name":"Vodka rosa de categoria premium con un toque de lima y frambuesa MOSKOVSKAYA botella de 75 cl.","price":"10 €","offer_price":0,"offer_type":null,"stock":false,"super":"alcampo"},{"img":"https://www.alcampo.es/media/h66/hd4/9631933235230.jpg","name":"Vodka blanco hechoi a mano, elaborado y embotellado en Suecia ABSOLUT Elix botella de 70 cl.","price":"44,95 €","offer_price":0,"offer_type":null,"stock":false,"super":"alcampo"},{"img":"https://www.alcampo.es/media/h69/h4a/10318989492254.jpg","name":"Bebida espirituosa de brandy elaborada en España TERRY Centenario botella de 1 l.","price":"10,99 €","offer_price":0,"offer_type":null,"stock":false,"super":"alcampo"},{"img":"https://www.alcampo.es/media/h0b/h86/9631937495070.jpg","name":"Whisky blended envejecido y embotellado en Escocia JOHNNIE WALKER A song of ice botella de 70 cl.","price":"28,86 €","offer_price":0,"offer_type":null,"stock":false,"super":"alcampo"},{"img":"https://www.alcampo.es/media/h83/hd2/9534527897630.jpg","name":"Whisky blended destilado y embotella en Escocia JOHNNIE WALKER botella de 20 cl.","price":"4,97 €","offer_price":0,"offer_type":null,"stock":false,"super":"alcampo"},{"img":"https://www.alcampo.es/media/hbf/h68/8892746301470.jpg","name":"Ginebra inglesa BOGART'S botella de 70 cl.","price":"10 €","offer_price":0,"offer_type":null,"stock":false,"super":"alcampo"},{"img":"https://www.alcampo.es/media/ha1/ha4/9534516330526.jpg","name":"Whisky blended escocés con maduración de 12 años BUCHANAN'S botella de 1 l.","price":"34,31 €","offer_price":0,"offer_type":null,"stock":false,"super":"alcampo"},{"img":"https://www.alcampo.es/media/h4b/hd9/8968813084702.jpg","name":"Ron añejo VARADERO botella de 70 cl.","price":"12,30 €","offer_price":0,"offer_type":null,"stock":false,"super":"alcampo"},{"img":"https://www.alcampo.es/media/h80/h5a/9545959440414.jpg","name":"Bebida espirituosa de vodka y bayas de endrino ERISTOFF Red botella de 70 cl.","price":"8 €","offer_price":0,"offer_type":null,"stock":false,"super":"alcampo"},{"img":"https://www.alcampo.es/media/h82/h70/9573401395230.jpg","name":"Whisky single malt de 15 años, destilado y embotellado en Escocia CARDHU botella de 70 cl.","price":"44,56 €","offer_price":0,"offer_type":null,"stock":false,"super":"alcampo"},{"img":"https://www.alcampo.es/media/hb6/h13/9718461235230.jpg","name":"Whisky single malt, destilado, madurado y embotellado en Escocia TAMNAVULIN botella de 70 cl.","price":"18,94 €","offer_price":0,"offer_type":null,"stock":false,"super":"alcampo"},{"img":"https://www.alcampo.es/media/h8b/h68/9151962251294.jpg","name":"Whisky escoces single malt de 10 años GLENMORANGIE botella de 70 cl.","price":"38,95 €","offer_price":0,"offer_type":null,"stock":false,"super":"alcampo"},{"img":"https://www.alcampo.es/media/hfe/h8c/8952713248798.jpg","name":"Ginebra premium tipo London dry HASWELL botella de 70 cl.","price":"19,95 €","offer_price":0,"offer_type":null,"stock":false,"super":"alcampo"},{"img":"https://www.alcampo.es/media/h3f/hb4/8952570740766.jpg","name":"Whisky blended OLD ST ANDREW'S botella de 70 cl.","price":"22,99 €","offer_price":0,"offer_type":null,"stock":false,"super":"alcampo"},{"img":"https://www.alcampo.es/media/h21/h11/10318989000734.jpg","name":"Vodka premium holandes, elaborado mediante cinco destilaciones VOX botella de 70 cl.","price":"13,99 €","offer_price":0,"offer_type":null,"stock":false,"super":"alcampo"},{"img":"https://www.alcampo.es/media/haa/h48/9646175223838.jpg","name":"Whisky single malt, destilado, envejecido (12 años) y embotellado en Escocia CARDHU botella de 20 cl.","price":"9,99 €","offer_price":0,"offer_type":null,"stock":false,"super":"alcampo"},{"img":"https://www.alcampo.es/media/h89/he5/8952641224734.jpg","name":"Vodka de importación FINLANDIA botella de 70 cl.","price":"15,12 €","offer_price":0,"offer_type":null,"stock":false,"super":"alcampo"},{"img":"https://www.alcampo.es/media/h63/h68/8877951025182.jpg","name":"Ginebra inglesa tipo London dry gin JODHPUR botella de 70 cl.","price":"19,18 €","offer_price":0,"offer_type":null,"stock":false,"super":"alcampo"},{"img":"https://www.alcampo.es/media/hc4/h24/8965505941534.jpg","name":"Brandy solera reserva NAPOLEÓN figura de 70 cl.","price":"18,99 €","offer_price":0,"offer_type":null,"stock":false,"super":"alcampo"},{"img":"https://www.alcampo.es/media/had/h8f/9166359625758.jpg","name":"Ginebra premium tipo London dry gin CUBICAL botella de 70 cl..","price":"22,42 €","offer_price":0,"offer_type":null,"stock":false,"super":"alcampo"},{"img":"https://www.alcampo.es/media/h5e/h9f/9673063301150.jpg","name":"Whisky blended escocés, con maduración de 18 años CHIVAS botella de 70 cl.","price":"59,17 €","offer_price":0,"offer_type":null,"stock":false,"super":"alcampo"},{"img":"https://www.alcampo.es/media/ha0/ha5/9161414246430.jpg","name":"Vermouth rosso MARTINI botella de 1 l.","price":"7,98 €","offer_price":0,"offer_type":null,"stock":false,"super":"alcampo"},{"img":"https://www.alcampo.es/media/hae/h4c/8891360870430.jpg","name":"Vermouth rojo CASTELRÍO botella de 100 cl.","price":"1,95 €","offer_price":0,"offer_type":null,"stock":false,"super":"alcampo"},{"img":"https://www.alcampo.es/media/h78/ha0/9161473359902.jpg","name":"Vermouth rosso MARTINI botella de 1,5 l.","price":"11,59 €","offer_price":0,"offer_type":null,"stock":false,"super":"alcampo"},{"img":"https://www.alcampo.es/media/h2e/h80/8929938898974.jpg","name":"Vermouth rojo YZAGUIRRE botella de 1 litro","price":"6,45 €","offer_price":0,"offer_type":null,"stock":false,"super":"alcampo"},{"img":"https://www.alcampo.es/media/h97/h16/9161390194718.jpg","name":"Vermouth bianco MARTINI botella de 1,5 l.","price":"11,59 €","offer_price":0,"offer_type":null,"stock":false,"super":"alcampo"},{"img":"https://www.alcampo.es/media/h7a/h50/9641953001502.jpg","name":"Vermouth rojo de grifo ZARRO botella de 1,5 litros","price":"4,69 €","offer_price":0,"offer_type":null,"stock":false,"super":"alcampo"},{"img":"https://www.alcampo.es/media/h50/he8/8960161677342.jpg","name":"Vermouth artesano VIDAL botella de 1 litro","price":"3,49 €","offer_price":0,"offer_type":null,"stock":false,"super":"alcampo"},{"img":"https://www.alcampo.es/media/h12/h5c/9543199522846.jpg","name":"Vermouth rojo casero VALDEPABLO botella de 1.5 l.","price":"5,49 €","offer_price":0,"offer_type":null,"stock":false,"super":"alcampo"},{"img":"https://www.alcampo.es/media/h2f/he6/9161405988894.jpg","name":"Vermouth bianco MARTINI botella de 1 l","price":"7,98 €","offer_price":0,"offer_type":null,"stock":false,"super":"alcampo"},{"img":"https://www.alcampo.es/media/h0d/h9f/10758673498142.jpg","name":"Vermut rojo de elaboración tradicional DOMINIO DE UNZOLA botella de 1 l.","price":"2,95 €","offer_price":0,"offer_type":null,"stock":false,"super":"alcampo"},{"img":"https://www.alcampo.es/media/hfc/h20/8952818499614.jpg","name":"Vermouth rojo reserva YZAGUIRRE botella de 1 l.","price":"10,05 €","offer_price":0,"offer_type":null,"stock":false,"super":"alcampo"},{"img":"https://www.alcampo.es/media/h02/h85/8901230395422.jpg","name":"Vermouth rojo de grifo ZARRO box de 3 litros","price":"9,77 €","offer_price":0,"offer_type":null,"stock":false,"super":"alcampo"},{"img":"https://www.alcampo.es/media/h96/h26/8894688329758.jpg","name":"Bebida aromatizada a base de vino blanco CASTELRÍO botella de 1 l.","price":"1,95 €","offer_price":0,"offer_type":null,"stock":false,"super":"alcampo"},{"img":"https://www.alcampo.es/media/hcb/hae/9744753098782.jpg","name":"Vermouth rojo receta tradicional italina CINZANO botella de 1 l.","price":"6,06 €","offer_price":0,"offer_type":null,"stock":false,"super":"alcampo"},{"img":"https://www.alcampo.es/media/h85/h85/8952827674654.jpg","name":"Vermouth blanco YZAGUIRRE botella de 1 litro","price":"6,44 €","offer_price":0,"offer_type":null,"stock":false,"super":"alcampo"},{"img":"https://www.alcampo.es/media/h15/hb6/9221530091550.jpg","name":"Licor a base infusiones de hierbas y raices seleccionadas APEROL botella de 70 cl.","price":"10,89 €","offer_price":0,"offer_type":null,"stock":false,"super":"alcampo"},{"img":"https://www.alcampo.es/media/h25/h94/10519332257822.jpg","name":"Vermut MARIANITO 1l.","price":"7,75 €","offer_price":0,"offer_type":null,"stock":false,"super":"alcampo"},{"img":"https://www.alcampo.es/media/he1/h9e/9522071044126.jpg","name":"Vermouth reserva macerado en barrica y típico de Madrid ZARRO botella de 1 l.","price":"6,30 €","offer_price":0,"offer_type":null,"stock":false,"super":"alcampo"},{"img":"https://www.alcampo.es/media/h53/h45/9644989710366.jpg","name":"Vermut rubino reserva MARTINI botella de 75 cl.","price":"8,62 €","offer_price":0,"offer_type":null,"stock":false,"super":"alcampo"},{"img":"https://www.alcampo.es/media/hfb/hc1/9380843487262.jpg","name":"Vermouth rosso MARTINI botella de 4x 60 ml.","price":"2,66 €","offer_price":0,"offer_type":null,"stock":false,"super":"alcampo"},{"img":"https://www.alcampo.es/media/hc7/ha0/10806375874590.jpg","name":"Vermut rojo elaborado en Jerez de la Frontera LUSTAU botella de 75 cl.","price":"11,97 €","offer_price":0,"offer_type":null,"stock":false,"super":"alcampo"},{"img":"https://www.alcampo.es/media/h7b/h18/10500736909342.jpg","name":"Vermouth blanco elaborado en Italia CINZANO botella de 1 l.","price":"6,06 €","offer_price":0,"offer_type":null,"stock":false,"super":"alcampo"},{"img":"https://www.alcampo.es/media/h8b/h7a/9161360113694.jpg","name":"Vermouth rosato MARTINI Royale botella de 75 cl.","price":"8,82 €","offer_price":0,"offer_type":null,"stock":false,"super":"alcampo"},{"img":"https://www.alcampo.es/media/h59/h38/9161380560926.jpg","name":"Vermoth bianco MARTINI Royale botella de 75 cl.","price":"7,80 €","offer_price":0,"offer_type":null,"stock":false,"super":"alcampo"},{"img":"https://www.alcampo.es/media/h82/h19/8952593023006.jpg","name":"Vermouth extra dry MARTINI botella de 1 litro","price":"8,64 €","offer_price":0,"offer_type":null,"stock":false,"super":"alcampo"},{"img":"https://www.alcampo.es/media/h12/ha7/9448011628574.jpg","name":"Vermut rojo artesano de grifo ZECCHINI Bag in box 3 l.","price":"11,99 €","offer_price":0,"offer_type":null,"stock":false,"super":"alcampo"},{"img":"https://www.alcampo.es/media/hae/h03/9541784633374.jpg","name":"Aperitivo ideal para mezclar con tónica MARTINI Fiero botella de 75 cl.","price":"9,49 €","offer_price":0,"offer_type":null,"stock":false,"super":"alcampo"},{"img":"https://www.alcampo.es/media/he8/he0/10566592528414.jpg","name":"Vermouth envejecido en fudres durante un año PERUCCI Reserva botella de 1 l.","price":"8,95 €","offer_price":0,"offer_type":null,"stock":false,"super":"alcampo"},{"img":"https://www.alcampo.es/media/h32/h2f/9224046903326.jpg","name":"Vermouth rosso MARTINI botella de 50 cl.","price":"4,69 €","offer_price":0,"offer_type":null,"stock":false,"super":"alcampo"},{"img":"https://www.alcampo.es/media/h84/h1f/9161401204766.jpg","name":"Vermouth rosato MARTINI botella de 1 l.","price":"8,74 €","offer_price":0,"offer_type":null,"stock":false,"super":"alcampo"},{"img":"https://www.alcampo.es/media/hf2/h12/8950337241118.jpg","name":"Vermut sin alcohol versin, ESPADAFOR, botella de 1 litro.","price":"3,99 €","offer_price":0,"offer_type":null,"stock":false,"super":"alcampo"},{"img":"https://www.alcampo.es/media/haa/ha5/9448007532574.jpg","name":"Vermut rojo de elaboración tradicional y sabor fresco y elegante ZECCHINI botella de 1 l.","price":"6,99 €","offer_price":0,"offer_type":null,"stock":false,"super":"alcampo"},{"img":"https://www.alcampo.es/media/h52/hf9/8892635545630.jpg","name":"Vermouth reserva ambrato MARTINI botella de 75 cl.","price":"8,62 €","offer_price":0,"offer_type":null,"stock":false,"super":"alcampo"},{"img":"https://www.alcampo.es/media/he0/h43/10519388651550.jpg","name":"Vermut rojo LA COPA botella de 75 cl.","price":"9,62 €","offer_price":0,"offer_type":null,"stock":false,"super":"alcampo"},{"img":"https://www.alcampo.es/media/hf6/h4d/9233754423326.jpg","name":"Vermouth bianco MARTINI botella de 50 cl.","price":"4,69 €","offer_price":0,"offer_type":null,"stock":false,"super":"alcampo"},{"img":"https://www.alcampo.es/media/h80/h4b/8895137316894.jpg","name":"Vermouth rojo casero VALDEPABLO botella de 1 litro","price":"3,95 €","offer_price":0,"offer_type":null,"stock":false,"super":"alcampo"},{"img":"https://www.alcampo.es/media/h60/h00/8952617402398.jpg","name":"Licor de aperitivo amargo CYNAR botella de 1 litro","price":"14,24 €","offer_price":0,"offer_type":null,"stock":false,"super":"alcampo"},{"img":"https://www.alcampo.es/media/h11/hff/10138647986206.jpg","name":"Aperitivo sin alcohol, ligero y floral con notas de artemina y manzanilla romana MARTINI Floreale botella de 75 cl.","price":"9 €","offer_price":0,"offer_type":null,"stock":false,"super":"alcampo"},{"img":"https://www.alcampo.es/media/h7d/h21/9661649518622.jpg","name":"Preparado de cocktail espumoso italiano (Spritz) CHERRY ROCHER botella de 70 cl.","price":"6,85 €","offer_price":0,"offer_type":null,"stock":false,"super":"alcampo"},{"img":"https://www.alcampo.es/media/hdd/hed/8898241822750.jpg","name":"Vermouth blanco ZARRO botella de 1,5 litros","price":"4,69 €","offer_price":0,"offer_type":null,"stock":false,"super":"alcampo"},{"img":"https://www.alcampo.es/media/h8d/hdb/8874723737630.jpg","name":"Vermouth artesano CRUZ CONDE botella de 70 cl.","price":"7,95 €","offer_price":0,"offer_type":null,"stock":false,"super":"alcampo"},{"img":"https://www.alcampo.es/media/h64/h1a/10138626621470.jpg","name":"Aperitivo sin alcohol, afrutado y balanceado con notas de artemisa y bergamota italiana MARTINI Vibrante botella de 75 cl.","price":"9,25 €","offer_price":0,"offer_type":null,"stock":false,"super":"alcampo"},{"img":"https://www.alcampo.es/media/h29/h26/9338312687646.jpg","name":"Vermouth blanco (francés) con vino fino de jerez GONZÁLEZ BYASS La copa botella de 75 cl.","price":"7,99 €","offer_price":0,"offer_type":null,"stock":false,"super":"alcampo"},{"img":"https://www.alcampo.es/media/h90/h7e/9448022507550.jpg","name":"Vermut rojo de elaboración tradicional ZECCHINI Edición Madrid botella de 1 l.","price":"6,99 €","offer_price":0,"offer_type":null,"stock":false,"super":"alcampo"},{"img":"https://www.alcampo.es/media/h3d/hac/10285541163038.jpg","name":"Vermut rosado elaborado en Alemania BELSAZAR Rosé botella de 75 cl.","price":"12,99 €","offer_price":0,"offer_type":null,"stock":false,"super":"alcampo"},{"img":"https://www.alcampo.es/media/h61/h8b/10566516834334.jpg","name":"Spritz (licor italiano de naranjas amargas y mandarinas) PERUCCHI botella de 1 l.","price":"14,95 €","offer_price":0,"offer_type":null,"stock":false,"super":"alcampo"}]