[{"img":"https://www.alcampo.es/media/had/h77/9299972522014.jpg","name":"Cava brut nature JAUME SERRA botella de 75 cl.","price":"2,79 €","offer_price":0,"offer_type":null,"stock":false,"super":"alcampo"},{"img":"https://www.alcampo.es/media/h5f/h27/8929730134046.jpg","name":"Cava semiseco DUBOIS Gran cremant botella de 75 cl.","price":"2,04 €","offer_price":0,"offer_type":null,"stock":false,"super":"alcampo"},{"img":"https://www.alcampo.es/media/h76/hf0/10519331012638.jpg","name":"Cava brut rosado BACH Extrisimo botella de 75 cl.","price":"3,59 €","offer_price":0,"offer_type":null,"stock":false,"super":"alcampo"},{"img":"https://www.alcampo.es/media/h41/ha3/8923193409566.jpg","name":"Cava seco CODORNIU Benjamin 3 x 25 cl.","price":"4,19 €","offer_price":0,"offer_type":null,"stock":false,"super":"alcampo"},{"img":"https://www.alcampo.es/media/h2b/hd3/10775003791390.jpg","name":"Cava premium semiseco elaborado según el método tradicional FREIXENET Carta nevada botella de 75 cl.","price":"4,39 €","offer_price":0,"offer_type":null,"stock":false,"super":"alcampo"},{"img":"https://www.alcampo.es/media/h42/h29/8923125940254.jpg","name":"Cava brut CANALS NUBIOLA botella de 75 cl.","price":"3,59 €","offer_price":0,"offer_type":null,"stock":false,"super":"alcampo"},{"img":"https://www.alcampo.es/media/h55/h6e/10518996615198.jpg","name":"Cava brut nature, elaborado de forma tradicional y con denominación de origen Cava BACH Extrísimo botella de 75 cl.","price":"3,59 €","offer_price":0,"offer_type":null,"stock":false,"super":"alcampo"},{"img":"https://www.alcampo.es/media/hfe/hb4/8890801717278.jpg","name":"Cava semiseco LAR DE PLATA botella de 75 cl.","price":"2,49 €","offer_price":0,"offer_type":null,"stock":false,"super":"alcampo"},{"img":"https://www.alcampo.es/media/h18/h9f/8952568119326.jpg","name":"Cava brut nature reserva JAUME SERRA botella de 75 cl.","price":"3,29 €","offer_price":0,"offer_type":null,"stock":false,"super":"alcampo"},{"img":"https://www.alcampo.es/media/h54/h5e/8884295696414.jpg","name":"Cava brut LAR DE LARES botella de 75 cl.","price":"2,79 €","offer_price":0,"offer_type":null,"stock":false,"super":"alcampo"},{"img":"https://www.alcampo.es/media/h76/ha9/10519259054110.jpg","name":"Cava brut con demoninación de origen Cava BACH Extrísimo botella de 75 cl.","price":"3,95 €","offer_price":0,"offer_type":null,"stock":false,"super":"alcampo"},{"img":"https://www.alcampo.es/media/h77/h70/10774784737310.jpg","name":"Cava premium semiseco elaborado según el método tradicional FREIXENET Carta nevada benjamín de 3 x 20 cl.","price":"4,54 €","offer_price":0,"offer_type":null,"stock":false,"super":"alcampo"},{"img":"https://www.alcampo.es/media/h64/h0d/9519754936350.gif","name":"Cava brut nature gran reserva, elaborado según el método tradicional JUVÉ &amp; CAMPS botella de 75 cl.","price":"15,99 €","offer_price":0,"offer_type":null,"stock":false,"super":"alcampo"},{"img":"https://www.alcampo.es/media/h6a/h6f/8888561827870.jpg","name":"Cava brut nature CODORNIU EXTRA botella de 75 cl.","price":"5,54 €","offer_price":0,"offer_type":null,"stock":false,"super":"alcampo"},{"img":"https://www.alcampo.es/media/h9e/h38/8923182727198.jpg","name":"Cava brut nature elaborado según el métdodo tradicional VALL DE JUY botella de 75 cl.","price":"3,94 €","offer_price":0,"offer_type":null,"stock":false,"super":"alcampo"},{"img":"https://www.alcampo.es/media/hda/h3b/8896192643102.jpg","name":"Cava semiseco LAR DE LARES botella de 75 cl.","price":"2,95 €","offer_price":0,"offer_type":null,"stock":false,"super":"alcampo"},{"img":"https://www.alcampo.es/media/h10/hd9/9218494267422.jpg","name":"Cava brut nature LAR DE PLATA botella de 75 cl.","price":"2,99 €","offer_price":0,"offer_type":null,"stock":false,"super":"alcampo"},{"img":"https://www.alcampo.es/media/hb1/h28/10519048159262.jpg","name":"Cava brut premium, elaborado de forma tradicional FREIXENET Carta nevada botella de 75 cl.","price":"4,39 €","offer_price":0,"offer_type":null,"stock":false,"super":"alcampo"},{"img":"https://www.alcampo.es/media/h18/hfc/10774909681694.jpg","name":"Cava semiseco elaborado según el método tradicional FREIXENET Cordón negro gran selección benjamín 3 x 25 cl.","price":"5,59 €","offer_price":0,"offer_type":null,"stock":false,"super":"alcampo"},{"img":"https://www.alcampo.es/media/h51/h0d/8870504366110.jpg","name":"Cava brut elaborado según el méodo tradicional VALL DE JUY botella de 75 cl.","price":"3,59 €","offer_price":0,"offer_type":null,"stock":false,"super":"alcampo"},{"img":"https://www.alcampo.es/media/he6/hf3/8901003968542.jpg","name":"Cava brut LAR DE PLATA botella de 75 cl.","price":"2,77 €","offer_price":0,"offer_type":null,"stock":false,"super":"alcampo"},{"img":"https://www.alcampo.es/media/h09/h8f/8966690111518.jpg","name":"Cava brut reserva JUVE &amp; CAMPS Cinta púrpura botella de 75 cl.","price":"10,58 €","offer_price":0,"offer_type":null,"stock":false,"super":"alcampo"},{"img":"https://www.alcampo.es/media/h9e/hfc/9338423050270.jpg","name":"Cava brut nature ANNA DE CODORNIU botella 75 cl.","price":"7,79 €","offer_price":0,"offer_type":null,"stock":false,"super":"alcampo"},{"img":"https://www.alcampo.es/media/hd1/he6/8952562614302.jpg","name":"Cava brut reserva SEGURA VIUDAS botella de 75 cl.","price":"7,64 €","offer_price":0,"offer_type":null,"stock":false,"super":"alcampo"},{"img":"https://www.alcampo.es/media/h25/hbf/10839117692958.jpg","name":"Cava brut nature reserva, procedente de agricultura ecológica NATURA botella de 75 cl.","price":"6,24 €","offer_price":0,"offer_type":null,"stock":false,"super":"alcampo"},{"img":"https://www.alcampo.es/media/h12/h54/8869036949534.jpg","name":"Cava brut CODORNIU GRAN CREMANT botella de 75 cl.","price":"4,84 €","offer_price":0,"offer_type":null,"stock":false,"super":"alcampo"},{"img":"https://www.alcampo.es/media/hfd/hb6/8922444038174.jpg","name":"Cava brut ANNA DE CODORNIU botella de 37 cl.","price":"5,66 €","offer_price":0,"offer_type":null,"stock":false,"super":"alcampo"},{"img":"https://www.alcampo.es/media/h59/hed/9642958290974.jpg","name":"Cava brut nature reserva con denominación de origen Cava FREIXENET benjamín de 37,5 cl.","price":"5,49 €","offer_price":0,"offer_type":null,"stock":false,"super":"alcampo"},{"img":"https://www.alcampo.es/media/h33/h76/8952711446558.jpg","name":"Cava brut FREIXENET BARROCO botella de 75 cl.","price":"10,70 €","offer_price":0,"offer_type":null,"stock":false,"super":"alcampo"},{"img":"https://www.alcampo.es/media/h31/hc3/8894445453342.jpg","name":"Cava brut nature VIA DE LA PLATA botella de 75 cl.","price":"5,40 €","offer_price":0,"offer_type":null,"stock":false,"super":"alcampo"},{"img":"https://www.alcampo.es/media/ha8/h4d/10519499309086.jpg","name":"Cava rosado semi seco, elaborado siguiendo el método tradicinal FREIXENET Ice rose botella 75 cl.","price":"7,99 €","offer_price":0,"offer_type":null,"stock":false,"super":"alcampo"},{"img":"https://www.alcampo.es/media/h15/hb7/9300007354398.jpg","name":"Cava brut elaborado de forma tradicional ANNA DE CODORNIU benjamín 3 x 20 cl.","price":"6,89 €","offer_price":0,"offer_type":null,"stock":false,"super":"alcampo"},{"img":"https://www.alcampo.es/media/hec/hb0/9642939285534.jpg","name":"Cava brut elaborado siguiendo el método tradicional + bombones lindor ANNA DE CODORNIÚ 2 x 75 cl","price":"15,59 €","offer_price":0,"offer_type":null,"stock":false,"super":"alcampo"},{"img":"https://www.alcampo.es/media/h63/hda/8968838643742.jpg","name":"Cava semi seco RONDEL ORO botella 75 cl.","price":"3,49 €","offer_price":0,"offer_type":null,"stock":false,"super":"alcampo"},{"img":"https://www.alcampo.es/media/h21/h60/8896901152798.jpg","name":"Cava semiseco VALL DE JUY botella de 75 cl.","price":"3,59 €","offer_price":0,"offer_type":null,"stock":false,"super":"alcampo"},{"img":"https://www.alcampo.es/media/h02/h5b/8952698241054.jpg","name":"Cava brut nature CONDE DE CARALT botella de 75 cl.","price":"4,19 €","offer_price":0,"offer_type":null,"stock":false,"super":"alcampo"},{"img":"https://www.alcampo.es/media/hca/he5/9642905960478.jpg","name":"Cava brut nature elaborado siguiendo el método tradicional RAIMAT botella de 75 cl.","price":"8,44 €","offer_price":0,"offer_type":null,"stock":false,"super":"alcampo"},{"img":"https://www.alcampo.es/media/h2e/h4e/10508999950366.jpg","name":"Cava dulce premium, elaborado siguiendo el método tradicional FREIXENET Carta nevada botella de 75 cl.","price":"4,98 €","offer_price":0,"offer_type":null,"stock":false,"super":"alcampo"},{"img":"https://www.alcampo.es/media/h72/h8d/8923007647774.jpg","name":"Cava brut rosé FREIXENET Benjamón 3 x 20 cl.","price":"6,24 €","offer_price":0,"offer_type":null,"stock":false,"super":"alcampo"},{"img":"https://www.alcampo.es/media/h5c/hb8/8895452545054.jpg","name":"Cava brut CODORNIU EXTRA botella de 75 cl.","price":"5,54 €","offer_price":0,"offer_type":null,"stock":false,"super":"alcampo"},{"img":"https://www.alcampo.es/media/hc0/hcf/10508972490782.jpg","name":"Cava semiseco elaborado según el método tradicional FREIXENET Cordon negro Gran selección botella de 75 cl.","price":"6,39 €","offer_price":0,"offer_type":null,"stock":false,"super":"alcampo"},{"img":"https://www.alcampo.es/media/h6f/he1/8891144077342.jpg","name":"Cava brut RONDEL botella de 75 cl.","price":"1 €","offer_price":0,"offer_type":null,"stock":false,"super":"alcampo"},{"img":"https://www.alcampo.es/media/h94/hfd/9642958454814.jpg","name":"Cava brut con denominación de origen Cava ANNA DE CODORNIU Blanc de noiris botella de 75 cl.","price":"8,49 €","offer_price":0,"offer_type":null,"stock":false,"super":"alcampo"},{"img":"https://www.alcampo.es/media/h29/h01/10791251312670.jpg","name":"Estuche de 2 botellas de cava brut reserva CODORNIU Extra 2 x 75 cl.","price":"10,99 €","offer_price":0,"offer_type":null,"stock":false,"super":"alcampo"},{"img":"https://www.alcampo.es/media/h82/h54/8873115779102.jpg","name":"Cava brut rosado JUVÉ &amp; CAMPS botella de 75 cl.","price":"12,41 €","offer_price":0,"offer_type":null,"stock":false,"super":"alcampo"},{"img":"https://www.alcampo.es/media/ha6/ha0/10643736854558.jpg","name":"Cava brut nature reserva con denominación de origen Cava CODORNIU Gran plus ultra botella de 75 cl.","price":"11,41 €","offer_price":0,"offer_type":null,"stock":false,"super":"alcampo"},{"img":"https://www.alcampo.es/media/h0f/h3f/10643728400414.jpg","name":"Cava premim brut nature elaborado siguiendo el método tradicional FREIXENET Carta nevada botella de 75 cl.","price":"5,68 €","offer_price":0,"offer_type":null,"stock":false,"super":"alcampo"},{"img":"https://www.alcampo.es/media/h1b/h53/8901270372382.jpg","name":"Cava brut nature SEGURA VIUDAS botella de 75 cl.","price":"8,79 €","offer_price":0,"offer_type":null,"stock":false,"super":"alcampo"},{"img":"https://www.alcampo.es/media/h76/h42/9631931138078.jpg","name":"Estuche con 2 botellas de cava brut nature elaboradas siguiendo el método tradicional ANNA DE CODORNIU.","price":"17,99 €","offer_price":0,"offer_type":null,"stock":false,"super":"alcampo"},{"img":"https://www.alcampo.es/media/ha4/hf0/8959868043294.jpg","name":"Cava brut nature duo CASTELLBLANCH botella de 75 cl.","price":"3,25 €","offer_price":0,"offer_type":null,"stock":false,"super":"alcampo"},{"img":"https://www.alcampo.es/media/h94/hff/10519130210334.jpg","name":"Cava brut gran reserva IMPERIAL GRAMONA botella de 75 cl.","price":"18,56 €","offer_price":0,"offer_type":null,"stock":false,"super":"alcampo"},{"img":"https://www.alcampo.es/media/h73/he7/8875689639966.jpg","name":"Cava brut nature CANALS NUBIOLA botella de 75 cl.","price":"4,99 €","offer_price":0,"offer_type":null,"stock":false,"super":"alcampo"},{"img":"https://www.alcampo.es/media/h50/h05/8897656782878.jpg","name":"Cava brut GRAN BACH botella de 75 cl.","price":"7,14 €","offer_price":0,"offer_type":null,"stock":false,"super":"alcampo"},{"img":"https://www.alcampo.es/media/hdf/hf1/9641934356510.jpg","name":"Cava brut de elaboración tradicional ANNA DE CODORNIU botella de 75 cl.","price":"7,79 €","offer_price":0,"offer_type":null,"stock":false,"super":"alcampo"},{"img":"https://www.alcampo.es/media/h41/hd9/10506632101918.jpg","name":"Cava rosado premium, elaborado según el método tradicional FREIXENET Carta rosé botella de 75 cl.","price":"4,69 €","offer_price":0,"offer_type":null,"stock":false,"super":"alcampo"},{"img":"https://www.alcampo.es/media/h86/h94/8922962853918.jpg","name":"Cava semiseco CODORNIU EXTRA botella de 75 cl.","price":"5,54 €","offer_price":0,"offer_type":null,"stock":false,"super":"alcampo"},{"img":"https://www.alcampo.es/media/hf3/h95/8881977884702.jpg","name":"Cava brut VIA DE LA PLATA botella de 75 cl.","price":"3,90 €","offer_price":0,"offer_type":null,"stock":false,"super":"alcampo"},{"img":"https://www.alcampo.es/media/hdb/h1b/9338357907486.jpg","name":"Cava semi seco ANNA DE CODORNÍU Ice edition botella 75 cl.","price":"9,94 €","offer_price":0,"offer_type":null,"stock":false,"super":"alcampo"},{"img":"https://www.alcampo.es/media/h40/h91/8968814723102.jpg","name":"Cava brut rosado VALL DE JUY botella de 75 cl.","price":"3,79 €","offer_price":0,"offer_type":null,"stock":false,"super":"alcampo"},{"img":"https://www.alcampo.es/media/h22/h7a/10494871207966.jpg","name":"Cava semi seco ecológico, elaborado siguiendo el método tradicional CODORNIU 1551 botella de 75 cl.","price":"5,94 €","offer_price":0,"offer_type":null,"stock":false,"super":"alcampo"},{"img":"https://www.alcampo.es/media/h1a/h3f/10519506518046.jpg","name":"Cava rosado elaborado siguiendo el método tradicional FREIXENET Ice rose bejamin 3 x 20 cl.","price":"8,34 €","offer_price":0,"offer_type":null,"stock":false,"super":"alcampo"},{"img":"https://www.alcampo.es/media/h8b/hfc/9022996906014.jpg","name":"Cava brut rosado ANNA DE CODORNIU botella de 75 cl.","price":"8,19 €","offer_price":0,"offer_type":null,"stock":false,"super":"alcampo"},{"img":"https://www.alcampo.es/media/hcc/h22/10508983500830.jpg","name":"Cava premium semiseco elaborado según el método tradicional FREIXENET Carta nevada benjamín de 37,5 cl.","price":"3,94 €","offer_price":0,"offer_type":null,"stock":false,"super":"alcampo"},{"img":"https://www.alcampo.es/media/h5e/h53/8893694607390.jpg","name":"Cava brut nature RAIMAT botella de 75 cl.","price":"13,15 €","offer_price":0,"offer_type":null,"stock":false,"super":"alcampo"},{"img":"https://www.alcampo.es/media/hf4/h2c/10509116866590.jpg","name":"Cava brut elaborado siguiendo el método tradicional FREIXENET Cordón negro Gran selección botella de 75 cl.","price":"6,39 €","offer_price":0,"offer_type":null,"stock":false,"super":"alcampo"},{"img":"https://www.alcampo.es/media/h5b/h06/10494866751518.jpg","name":"Cava brut ecológico, elaborado siguiendo el método tradicional CODORNIU 1551 botella de 75 cl.","price":"5,54 €","offer_price":0,"offer_type":null,"stock":false,"super":"alcampo"},{"img":"https://www.alcampo.es/media/hd5/h11/10519494787102.jpg","name":"Cava semi seco ANNA DE CODORNÍU Ice edition benjamin 3 x 20 cl.","price":"7,98 €","offer_price":0,"offer_type":null,"stock":false,"super":"alcampo"},{"img":"https://www.alcampo.es/media/ha0/h0f/8892863676446.jpg","name":"Cava semiseco reserva SEGURA VIUDAS botella de 75 cl.","price":"8,99 €","offer_price":0,"offer_type":null,"stock":false,"super":"alcampo"},{"img":"https://www.alcampo.es/media/hbe/ha9/9642957799454.jpg","name":"Cava brut con denominación de origen Cava ANNA DE CODORNIU Magnum de 1,5 l.","price":"14,81 €","offer_price":0,"offer_type":null,"stock":false,"super":"alcampo"},{"img":"https://www.alcampo.es/media/h87/hfc/8890751254558.jpg","name":"Cava brut pinot noir ELYSSIA botella de 75 cl.","price":"12,74 €","offer_price":0,"offer_type":null,"stock":false,"super":"alcampo"},{"img":"https://www.alcampo.es/media/haa/hb1/10643752026142.jpg","name":"Cava brut rosado CODORNIU Pinot noir botella de 75 cl.","price":"13,94 €","offer_price":0,"offer_type":null,"stock":false,"super":"alcampo"},{"img":"https://www.alcampo.es/media/haf/h54/10519049928734.jpg","name":"Cava semiseco suave BACH botella de 75 cl.","price":"3,59 €","offer_price":0,"offer_type":null,"stock":false,"super":"alcampo"},{"img":"https://www.alcampo.es/media/h5b/h6f/9642847764510.jpg","name":"Cava semi seco, elaborado según el método tradicional FREIXENET Ice botella de 75 cl.","price":"8,77 €","offer_price":0,"offer_type":null,"stock":false,"super":"alcampo"},{"img":"https://www.alcampo.es/media/h29/ha0/10519260495902.jpg","name":"Cava brut ecológico elaborado según el método tradicional CODORNIU botella de 75 cl.","price":"7,24 €","offer_price":0,"offer_type":null,"stock":false,"super":"alcampo"},{"img":"https://www.alcampo.es/media/h49/hf9/8952662392862.jpg","name":"Cava brut nature ROYAL CARLTON botella de 75 cl.","price":"6,99 €","offer_price":0,"offer_type":null,"stock":false,"super":"alcampo"},{"img":"https://www.alcampo.es/media/h78/h80/10519102160926.jpg","name":"Cava brut rosado, elaborado según el método tradicional FREIXENET Rosé botella de 75 cl.","price":"8,29 €","offer_price":0,"offer_type":null,"stock":false,"super":"alcampo"},{"img":"https://www.alcampo.es/media/h02/h42/8893157408798.jpg","name":"Cava semiseco CANALS NUBIOLA Plata botella de 75 cl.","price":"4,49 €","offer_price":0,"offer_type":null,"stock":false,"super":"alcampo"},{"img":"https://www.alcampo.es/media/h88/h56/8899097657374.jpg","name":"Cava brut VALL DE JUY botella de 75 cl.","price":"3,89 €","offer_price":0,"offer_type":null,"stock":false,"super":"alcampo"},{"img":"https://www.alcampo.es/media/ha5/h73/8952649908254.jpg","name":"Cava brut nature FREIXENET MERITUM botella de 75 cl.","price":"14,09 €","offer_price":0,"offer_type":null,"stock":false,"super":"alcampo"},{"img":"https://www.alcampo.es/media/h8d/h8d/9650877431838.jpg","name":"Cava brut reserva con denominación de origen Cava CODORNIU Non plus ultra botella de 75 cl.","price":"10,02 €","offer_price":0,"offer_type":null,"stock":false,"super":"alcampo"},{"img":"https://www.alcampo.es/media/hd9/hca/9117579771934.jpg","name":"Cava semiseco elaborado siguiendo el método tradicional CASTELLBLANC botella de 75 cl.","price":"3,99 €","offer_price":0,"offer_type":null,"stock":false,"super":"alcampo"},{"img":"https://www.alcampo.es/media/h0b/hf6/8952566644766.jpg","name":"Cava brut nature CASTELLBLANCH DOS LUSTROS botella de 75 cl.","price":"7,95 €","offer_price":0,"offer_type":null,"stock":false,"super":"alcampo"},{"img":"https://www.alcampo.es/media/h24/hd1/9642019029022.jpg","name":"Cava rosado semi seco, elaborado según el método tradicional ANNA de Codornu Ice edition rosé botella de 75 cl.","price":"8,89 €","offer_price":0,"offer_type":null,"stock":false,"super":"alcampo"},{"img":"https://www.alcampo.es/media/h95/h13/8952633065502.jpg","name":"Cava brut nature MARQUÉS DE MONISTROL botella de 75 cl.","price":"4,95 €","offer_price":0,"offer_type":null,"stock":false,"super":"alcampo"},{"img":"https://www.alcampo.es/media/h8c/h9f/8871636041758.jpg","name":"Cava brut RONDEL BLUE botella de 75 cl.","price":"2,99 €","offer_price":0,"offer_type":null,"stock":false,"super":"alcampo"},{"img":"https://www.alcampo.es/media/h58/hbd/8891477327902.jpg","name":"Cava brut MAS D'ANOIA botella de 75 cl.","price":"2,99 €","offer_price":0,"offer_type":null,"stock":false,"super":"alcampo"},{"img":"https://www.alcampo.es/media/h8a/h97/9636977967134.jpg","name":"Cava ecológico reserva brut, edición limitada con denominación de origen Cava ANNA DE CODORNIU botella de 75 cl.","price":"8,74 €","offer_price":0,"offer_type":null,"stock":false,"super":"alcampo"},{"img":"https://www.alcampo.es/media/haf/h49/9466816593950.jpg","name":"Estuche de 2 botellas de cava brut nature, elaboradas según el método tradicional ANNA DE CODORNÍU","price":"19,99 €","offer_price":0,"offer_type":null,"stock":false,"super":"alcampo"},{"img":"https://www.alcampo.es/media/hfd/hd2/8889975308318.jpg","name":"Cava brut SIERRA DE GUADALUPE botella de 75 cl.","price":"3,99 €","offer_price":0,"offer_type":null,"stock":false,"super":"alcampo"},{"img":"https://www.alcampo.es/media/hb1/h6c/8896544112670.jpg","name":"Estuche de cartón para 3 botellas","price":"1,75 €","offer_price":0,"offer_type":null,"stock":false,"super":"alcampo"},{"img":"https://www.alcampo.es/media/hce/hc9/8894992089118.jpg","name":"Cava brut RAIMAT botella de 75 cl.","price":"13,96 €","offer_price":0,"offer_type":null,"stock":false,"super":"alcampo"},{"img":"https://www.alcampo.es/media/ha7/h70/9364387233822.jpg","name":"Estuche con 2 botellas de cava reserva brut nature, elaborado siguiendo el método tradicional FREIXENET 2 x 75 cl.","price":"17,98 €","offer_price":0,"offer_type":null,"stock":false,"super":"alcampo"},{"img":"https://www.alcampo.es/media/hd9/h63/8883812892702.jpg","name":"Vino espumoso SEÑORÍO DE ORGAZ botella de 75 cl.","price":"2,99 €","offer_price":0,"offer_type":null,"stock":false,"super":"alcampo"},{"img":"https://www.alcampo.es/media/h93/h87/8888540594206.jpg","name":"Cava brut CASTELLBLANCH GRAN CUVÉE botella de 75 cl.","price":"4,28 €","offer_price":0,"offer_type":null,"stock":false,"super":"alcampo"},{"img":"https://www.alcampo.es/media/hac/hd6/9246386978846.jpg","name":"Casa rosado brut nature GRAN DUCAY botella de 70 cl.","price":"4,99 €","offer_price":0,"offer_type":null,"stock":false,"super":"alcampo"},{"img":"https://www.alcampo.es/media/hf0/hc6/8877948796958.jpg","name":"Cava semiseco DELAPIERRE ETIQUETA NEGRA botella de 75 cl.","price":"2,99 €","offer_price":0,"offer_type":null,"stock":false,"super":"alcampo"},{"img":"https://www.alcampo.es/media/h6c/h59/9081831620638.jpg","name":"Estuche con 2 botellas de cava gran cuvee brut FREIXENET Elyssia 2 x 75 cl.","price":"23,98 €","offer_price":0,"offer_type":null,"stock":false,"super":"alcampo"},{"img":"https://www.alcampo.es/media/h8c/h12/9431849435166.jpg","name":"Cava rosado brut nature elaborado en Almendralejo (Extremadura) VIÑA ROMALE botella de 75 cl.","price":"4,29 €","offer_price":0,"offer_type":null,"stock":false,"super":"alcampo"},{"img":"https://www.alcampo.es/media/h2b/hdb/8922949746718.jpg","name":"Cava semiseco CODORNIU GRAN CREMANT botella de 75 cl.","price":"4,84 €","offer_price":0,"offer_type":null,"stock":false,"super":"alcampo"},{"img":"https://www.alcampo.es/media/haf/h66/8900641751070.jpg","name":"Cava brut CASTELLBLANCH ZERO botella de 75 cl.","price":"6,72 €","offer_price":0,"offer_type":null,"stock":false,"super":"alcampo"},{"img":"https://www.alcampo.es/media/hf0/h39/8884151844894.jpg","name":"Cava brut nature GRAN DUCAY botella de 75 cl.","price":"4,99 €","offer_price":0,"offer_type":null,"stock":false,"super":"alcampo"},{"img":"https://www.alcampo.es/media/h79/h71/8952580243486.jpg","name":"Cava brut reserva SEGURA VIUDAS botella de 75 cl.","price":"21,64 €","offer_price":0,"offer_type":null,"stock":false,"super":"alcampo"},{"img":"https://www.alcampo.es/media/h85/hbf/9642830463006.jpg","name":"Cava brut nature reserva, elaborado de forma tradicional y denominación de origen Cava FREIXENET botella de 75 cl.","price":"7,69 €","offer_price":0,"offer_type":null,"stock":false,"super":"alcampo"},{"img":"https://www.alcampo.es/media/h21/h22/8887521443870.jpg","name":"Cava semiseco SIERRA DE GUADALUPE botella de 75 cl.","price":"3 €","offer_price":0,"offer_type":null,"stock":false,"super":"alcampo"},{"img":"https://www.alcampo.es/media/h2c/h1f/9584299507742.jpg","name":"Cava blanc elaborado siguiendo el método tradicional FREIXENET Ice bejamin 3 x 20 cl.","price":"7,81 €","offer_price":0,"offer_type":null,"stock":false,"super":"alcampo"},{"img":"https://www.alcampo.es/media/hf8/hd5/8895457525790.jpg","name":"Champagne brut rosé MOET &amp; CHANDON benjamín de 20 cl.","price":"14,99 €","offer_price":0,"offer_type":null,"stock":false,"super":"alcampo"},{"img":"https://www.alcampo.es/media/h83/h63/9641951526942.jpg","name":"Champagne brut imperial MOET &amp; CHANDON botella de 75 cl.","price":"37,28 €","offer_price":0,"offer_type":null,"stock":false,"super":"alcampo"},{"img":"https://www.alcampo.es/media/h51/h3d/9641962405918.jpg","name":"Champagne brut VEUVE CLICQUOT botella de 75 cl.","price":"42,02 €","offer_price":0,"offer_type":null,"stock":false,"super":"alcampo"},{"img":"https://www.alcampo.es/media/h58/h3e/8883806470174.jpg","name":"Champagne brut gran reserva VEUVE EMILE botella de 75 cl.","price":"20,99 €","offer_price":0,"offer_type":null,"stock":false,"super":"alcampo"},{"img":"https://www.alcampo.es/media/hac/hd4/8899499917342.jpg","name":"Champagne rosé brut imperial MOET &amp; CHANDON botella de 75 cl.","price":"45,58 €","offer_price":0,"offer_type":null,"stock":false,"super":"alcampo"},{"img":"https://www.alcampo.es/media/h04/he2/8940398051358.jpg","name":"Champagne brut reserva TAITTINGER botella 75 cl.","price":"39,94 €","offer_price":0,"offer_type":null,"stock":false,"super":"alcampo"},{"img":"https://www.alcampo.es/media/h97/h63/9696338378782.jpg","name":"Champgane rosado brut elaborado en Francia Montaudon Grande rose botella de 75 cl.","price":"19,99 €","offer_price":0,"offer_type":null,"stock":false,"super":"alcampo"},{"img":"https://www.alcampo.es/media/h3c/hdc/8923126595614.jpg","name":"Champagne brut imperial MOET &amp; CHANDON benjamín de 37,5 cl.","price":"21,69 €","offer_price":0,"offer_type":null,"stock":false,"super":"alcampo"},{"img":"https://www.alcampo.es/media/h68/h68/9696342081566.jpg","name":"Champagne brut elaborado en Francia MONTAUDON botella de 75 cl.","price":"18,99 €","offer_price":0,"offer_type":null,"stock":false,"super":"alcampo"},{"img":"https://www.alcampo.es/media/h49/hb5/8885645803550.jpg","name":"Champagne brut rosé imperial MOET &amp; CHANDON botella de 37,5 cl.","price":"28,76 €","offer_price":0,"offer_type":null,"stock":false,"super":"alcampo"},{"img":"https://www.alcampo.es/media/hab/h1b/9252704976926.jpg","name":"Champagne brut MOET &amp; CHANDON Imperial Benjamín de 20 cl.","price":"13,95 €","offer_price":0,"offer_type":null,"stock":false,"super":"alcampo"},{"img":"https://www.alcampo.es/media/h9a/h08/8922774306846.jpg","name":"Champagne semi seco VEUVE EMILE botella de 75 cl.","price":"18,99 €","offer_price":0,"offer_type":null,"stock":false,"super":"alcampo"},{"img":"https://www.alcampo.es/media/h43/hda/8895451955230.jpg","name":"Champagne brut VEUVE EMILE botella de 75 cl.","price":"23,99 €","offer_price":0,"offer_type":null,"stock":false,"super":"alcampo"},{"img":"https://www.alcampo.es/media/h15/hbf/8889257558046.jpg","name":"Champagne brut rosé POMMERY botella de 75 cl.","price":"39,99 €","offer_price":0,"offer_type":null,"stock":false,"super":"alcampo"},{"img":"https://www.alcampo.es/media/he5/h48/9338390773790.jpg","name":"Champagne brut royal POMMERY botella de 75 cl.","price":"32,50 €","offer_price":0,"offer_type":null,"stock":false,"super":"alcampo"},{"img":"https://www.alcampo.es/media/h05/hd6/9192745631774.jpg","name":"Champagne brut VEUVE CLICQUOT benjamin de 37,5 cl.","price":"32,70 €","offer_price":0,"offer_type":null,"stock":false,"super":"alcampo"},{"img":"https://www.alcampo.es/media/h2e/h1b/8952707678238.jpg","name":"Champagne brut HENRI ABELÉ botella de 75 cl.","price":"20 €","offer_price":0,"offer_type":null,"stock":false,"super":"alcampo"},{"img":"https://www.alcampo.es/media/hf9/hfe/8922970226718.jpg","name":"Champagne brut VEUVE EMILE botella de 75 cl.","price":"19,89 €","offer_price":0,"offer_type":null,"stock":false,"super":"alcampo"},{"img":"https://www.alcampo.es/media/hcd/h62/9049355157534.jpg","name":"Champagne especial para disfrutarlo con hielo MOET &amp; CHANDON Ice impérial botella de 75 cl.","price":"45,74 €","offer_price":0,"offer_type":null,"stock":false,"super":"alcampo"},{"img":"https://www.alcampo.es/media/h35/hc6/8870863634462.jpg","name":"Champagne brut DON PERIGNON botella de 75 cl.","price":"176,67 €","offer_price":0,"offer_type":null,"stock":false,"super":"alcampo"},{"img":"https://www.alcampo.es/media/he3/h30/10172174663710.jpg","name":"Sidra de manzana LADRÓN DE MANZANAS botellin de 25 cl.","price":"0,87 €","offer_price":0,"offer_type":null,"stock":false,"super":"alcampo"},{"img":"https://www.alcampo.es/media/hfd/h64/9546848272414.jpg","name":"Sidra de manzana LADRÓN DE MANZANAS lata de 33 cl.","price":"1,30 €","offer_price":0,"offer_type":null,"stock":false,"super":"alcampo"},{"img":"https://www.alcampo.es/media/ha3/h7b/9546897489950.jpg","name":"Sidra de manzana con frutos rojos LADRÓN DE MANZANAS botellin de 25 cl.","price":"0,74 €","offer_price":0,"offer_type":null,"stock":false,"super":"alcampo"},{"img":"https://www.alcampo.es/media/h64/h1b/9642023419934.jpg","name":"Sidra asturiana natural CORTINA botella de 75 cl.","price":"1,78 €","offer_price":0,"offer_type":null,"stock":false,"super":"alcampo"},{"img":"https://www.alcampo.es/media/h3e/h39/9546881368094.jpg","name":"Sidra de manzana verde LADRÓN DE MANZANAS 25 cl.","price":"0,92 €","offer_price":0,"offer_type":null,"stock":false,"super":"alcampo"},{"img":"https://www.alcampo.es/media/hd6/hb1/9546864132126.jpg","name":"Sidra de manzana con un toque de frutos rojos LADRÓN DE MANZANAS 33 cl.","price":"1,30 €","offer_price":0,"offer_type":null,"stock":false,"super":"alcampo"},{"img":"https://www.alcampo.es/media/h4e/h3f/9662663819294.jpg","name":"Sidra elaborada en Asturias EL GAITERO botella de 75 cl.","price":"1,85 €","offer_price":0,"offer_type":null,"stock":false,"super":"alcampo"},{"img":"https://www.alcampo.es/media/hdc/h42/9757001941022.jpg","name":"Sidra natural elaborada en Asturias CAMIN botella de 70 cl.","price":"1,89 €","offer_price":0,"offer_type":null,"stock":false,"super":"alcampo"},{"img":"https://www.alcampo.es/media/h66/h57/8870649528350.jpg","name":"Sidra natural ZAPIAIN botella de 75 cl.","price":"1,97 €","offer_price":0,"offer_type":null,"stock":false,"super":"alcampo"},{"img":"https://www.alcampo.es/media/h51/ha9/9510439976990.jpg","name":"Sidra elaborada con manzana 100% EL GAITERO 25 cl.","price":"0,80 €","offer_price":0,"offer_type":null,"stock":false,"super":"alcampo"},{"img":"https://www.alcampo.es/media/h61/h7f/8893861462046.jpg","name":"Sidra natural SAIZAR botella de 75 cl.","price":"2,05 €","offer_price":0,"offer_type":null,"stock":false,"super":"alcampo"},{"img":"https://www.alcampo.es/media/ha9/h1a/9294048002078.jpg","name":"Sidra natural sin alcohol, sin azucares añadidos y con stevia MAELOC botella de 75 cl.","price":"1,91 €","offer_price":0,"offer_type":null,"stock":false,"super":"alcampo"},{"img":"https://www.alcampo.es/media/he3/h9a/9642040360990.jpg","name":"Sidra natural LLAGAR DE LA FERRERÍA botella de 75 cl.","price":"1,79 €","offer_price":0,"offer_type":null,"stock":false,"super":"alcampo"},{"img":"https://www.alcampo.es/media/he8/h9e/9710747779102.jpg","name":"Sidra asturiana, sin alcohol EL GAITERO Nº1 botella de 70 cl.","price":"1,99 €","offer_price":0,"offer_type":null,"stock":false,"super":"alcampo"},{"img":"https://www.alcampo.es/media/h71/h7a/9016830918686.jpg","name":"Sidra seca de manzana verde THE GOOD CIDER Dry apple botella 33 cl.","price":"1,05 €","offer_price":0,"offer_type":null,"stock":false,"super":"alcampo"},{"img":"https://www.alcampo.es/media/h9f/h22/8928542621726.jpg","name":"Sidra irlandesa MAGNERS lata de 50 cl.","price":"1,87 €","offer_price":0,"offer_type":null,"stock":false,"super":"alcampo"},{"img":"https://www.alcampo.es/media/hcb/h00/9068219007006.jpg","name":"Sidra natrual sin alcohol EVA botella de 75 cl.","price":"1,49 €","offer_price":0,"offer_type":null,"stock":false,"super":"alcampo"},{"img":"https://www.alcampo.es/media/h08/h99/9662715822110.jpg","name":"Sidra asturiana de categoria extra EL GAITERO botella de 75 cl.","price":"2,40 €","offer_price":0,"offer_type":null,"stock":false,"super":"alcampo"},{"img":"https://www.alcampo.es/media/h48/h8f/9533677240350.jpg","name":"Sidra natural de manzana, elaborada en San Sebastian THE GOOD CIDER botella de 1 l.","price":"1,95 €","offer_price":0,"offer_type":null,"stock":false,"super":"alcampo"},{"img":"https://www.alcampo.es/media/hff/h09/9016829050910.jpg","name":"Sdira de San Sebastian con zumo de fresa THE GOOD CIDER 33 cl.","price":"1,05 €","offer_price":0,"offer_type":null,"stock":false,"super":"alcampo"},{"img":"https://www.alcampo.es/media/h0b/hc6/8959704301598.jpg","name":"Sidra natural ecológica asturiana CORTINA Botella de 75 cl.","price":"2,59 €","offer_price":0,"offer_type":null,"stock":false,"super":"alcampo"},{"img":"https://www.alcampo.es/media/h56/hab/8896247431198.jpg","name":"Sidra achampanada extra ecológica MAELOC botella de 75 cl.","price":"1,98 €","offer_price":0,"offer_type":null,"stock":false,"super":"alcampo"},{"img":"https://www.alcampo.es/media/hb3/hf4/10537009086494.jpg","name":"Sidra de manzanas rojas y verdes LA PROHIBIDA 25 cl.","price":"0,89 €","offer_price":0,"offer_type":null,"stock":false,"super":"alcampo"},{"img":"https://www.alcampo.es/media/h9c/h3d/9016829935646.jpg","name":"Sidra con zumo de frutos de bosque THE GOOD CIDER botella 33 cl.","price":"0,99 €","offer_price":0,"offer_type":null,"stock":false,"super":"alcampo"},{"img":"https://www.alcampo.es/media/h6e/hef/8960146112542.jpg","name":"Sidra sin alcohol EL GAITERO botella de 33 cl.","price":"1,08 €","offer_price":0,"offer_type":null,"stock":false,"super":"alcampo"},{"img":"https://www.alcampo.es/media/hbb/hf8/10566606061598.jpg","name":"Sidra elaborada con manzanas rojas y verdes LA PROHIBIDA Lata de 33 cl.","price":"1,22 €","offer_price":0,"offer_type":null,"stock":false,"super":"alcampo"},{"img":"https://www.alcampo.es/media/hd3/hd3/8888425709598.jpg","name":"Sidra pasteurizada EVA botella de 25 cl. pack de 6 uds","price":"3,69 €","offer_price":0,"offer_type":null,"stock":false,"super":"alcampo"},{"img":"https://www.alcampo.es/media/ha1/h54/8940700303390.jpg","name":"Sidra con mora MAELOC botella de 20 cl. pack de 4 uds","price":"2,74 €","offer_price":0,"offer_type":null,"stock":false,"super":"alcampo"},{"img":"https://www.alcampo.es/media/hb3/hd9/9002992893982.jpg","name":"Sidra seca, elaborada sin gluten y cosechada en Galicia MAELOC 4 x 20 cl.","price":"2,74 €","offer_price":0,"offer_type":null,"stock":false,"super":"alcampo"},{"img":"https://www.alcampo.es/media/h61/h7f/8960203620382.jpg","name":"Sidra con pera MAELOC botella de 20 cl. pack de 4 uds","price":"2,74 €","offer_price":0,"offer_type":null,"stock":false,"super":"alcampo"},{"img":"https://www.alcampo.es/media/he8/h2f/9533620322334.jpg","name":"Sidra natural con zumo de frutas del bosque, elaborada en San Sebatian THE GOOD CIDER botella de 70 cl.","price":"1,84 €","offer_price":0,"offer_type":null,"stock":false,"super":"alcampo"},{"img":"https://www.alcampo.es/media/h92/hf4/9674518691870.jpg","name":"Sidra de manzana, elaborada en Navarra EVA botella de 70 cl.","price":"1,39 €","offer_price":0,"offer_type":null,"stock":false,"super":"alcampo"},{"img":"https://www.alcampo.es/media/h42/hb2/9005219315742.jpg","name":"Sidra sin alcohol, sin gluten, con stevia y sin azucares añadidos MAELOC 4 x 20 cl.","price":"2,99 €","offer_price":0,"offer_type":null,"stock":false,"super":"alcampo"},{"img":"https://www.alcampo.es/media/h94/ha8/9756992602142.jpg","name":"Sidra espumosa de categoria extra, elaborada en Asturias LAGAR DE CAMIN botella de 75 cl.","price":"2,20 €","offer_price":0,"offer_type":null,"stock":false,"super":"alcampo"},{"img":"https://www.alcampo.es/media/hfe/h3c/8952678514718.jpg","name":"Sidra elaborada en Asturias EL GAITERO Etiqueta negra botella de 75 cl.","price":"3,85 €","offer_price":0,"offer_type":null,"stock":false,"super":"alcampo"},{"img":"https://www.alcampo.es/media/h1e/h18/9689243156510.jpg","name":"Sidra natural de manzana LADRÓN DE MANZANAS botella de 70 cl.","price":"2,81 €","offer_price":0,"offer_type":null,"stock":false,"super":"alcampo"},{"img":"https://www.alcampo.es/media/h0e/hc8/8928537051166.jpg","name":"Sidra irlandesa MAGNERS botella de 56,8 cl.","price":"2,88 €","offer_price":0,"offer_type":null,"stock":false,"super":"alcampo"},{"img":"https://www.alcampo.es/media/h64/hb5/9182372298782.jpg","name":"Sidra de hielo, procedente de manzanas frescas CORTINA botella de 37.5 cl.","price":"12,99 €","offer_price":0,"offer_type":null,"stock":false,"super":"alcampo"},{"img":"https://www.alcampo.es/media/hb4/h5b/9674504765470.jpg","name":"Sidra natural de manzana, elaborada en San Sebastian THE GOOD CIDER botella de 75 cl.","price":"1,84 €","offer_price":0,"offer_type":null,"stock":false,"super":"alcampo"},{"img":"https://www.alcampo.es/media/hcf/h7d/8952423022622.jpg","name":"Sidra natural EL GAITERO botella de 33 cl.","price":"1,08 €","offer_price":0,"offer_type":null,"stock":false,"super":"alcampo"}]