[{"img":"https://www.alcampo.es/media/h46/hb3/10911307595806.jpg","name":"Cervezas Clásicas MAHOU pack de 28 latas de 33 cl.","price":"14,82 €","offer_price":0,"offer_type":null,"stock":false,"super":"alcampo"},{"img":"https://www.alcampo.es/media/h11/h90/9021161406494.jpg","name":"Cervezas MAHOU 5 ESTRELLAS pack 28 latas x 33 cl.","price":"15,96 €","offer_price":0,"offer_type":null,"stock":false,"super":"alcampo"},{"img":"https://www.alcampo.es/media/hc4/h83/10911353438238.jpg","name":"Cerveza HEINEKEN pack de 12 latas de 33 centilitros","price":"7,79 €","offer_price":0,"offer_type":null,"stock":false,"super":"alcampo"},{"img":"https://www.alcampo.es/media/hfe/h22/10801861132318.jpg","name":"Cervezas AMSTEL 100 % MALTA pack 12 uds, de 33 cl.","price":"4,78 €","offer_price":0,"offer_type":null,"stock":false,"super":"alcampo"},{"img":"https://www.alcampo.es/media/hc6/hd0/10519070375966.jpg","name":"Cervezas Clásicas MAHOU pack de 12 latas de 33 centilitros","price":"5,87 €","offer_price":0,"offer_type":null,"stock":false,"super":"alcampo"},{"img":"https://www.alcampo.es/media/h8b/h50/10546875990046.jpg","name":"Cervezas MAHOU 5 ESTRELLAS pack de 12 latas de 33 cl.","price":"6,88 €","offer_price":0,"offer_type":null,"stock":false,"super":"alcampo"},{"img":"https://www.alcampo.es/media/h4a/h37/9546880090142.jpg","name":"Cervezas CRUZCAMPO pack 24 uds de 25 cl.","price":"9,40 €","offer_price":0,"offer_type":null,"stock":false,"super":"alcampo"},{"img":"https://www.alcampo.es/media/h3d/hbe/10911474614302.jpg","name":"Cerveza con zumo natural de limón limón AMSTEL RADLER pack 12 uds. x 33 cl.","price":"7,44 €","offer_price":0,"offer_type":null,"stock":false,"super":"alcampo"},{"img":"https://www.alcampo.es/media/h8c/h03/10801762336798.jpg","name":"Cervezas CRUZCAMPO pack 12 uds x 33 cl.","price":"6,38 €","offer_price":0,"offer_type":null,"stock":false,"super":"alcampo"},{"img":"https://www.alcampo.es/media/h9a/hbe/10865465884702.jpg","name":"Cerveza ALHAMBRA TRADICIIONAL 50 cl.","price":"0,71 €","offer_price":0,"offer_type":null,"stock":false,"super":"alcampo"},{"img":"https://www.alcampo.es/media/h2a/h95/10801916772382.jpg","name":"Cerveza Clásica MAHOU Lata 50 cl.","price":"0,65 €","offer_price":0,"offer_type":null,"stock":false,"super":"alcampo"},{"img":"https://www.alcampo.es/media/he0/h1c/10865325801502.jpg","name":"Cerveza de color dorado brillante con ligero amargor SAN MIGUEL ESPECIAL 50 cl.","price":"0,80 €","offer_price":0,"offer_type":null,"stock":false,"super":"alcampo"},{"img":"https://www.alcampo.es/media/h9a/hec/10911502008350.jpg","name":"Cervezas rubias AMSTEL 100 % MALTA pack. 28 uds. x 33 cl","price":"15,12 €","offer_price":0,"offer_type":null,"stock":false,"super":"alcampo"},{"img":"https://www.alcampo.es/media/h67/h6a/10911330304030.jpg","name":"Cervezas rubias CRUZCAMPO pack 28 uds. x 33 cl","price":"15,12 €","offer_price":0,"offer_type":null,"stock":false,"super":"alcampo"},{"img":"https://www.alcampo.es/media/h16/ha1/8952613961758.jpg","name":"Cerveza doble malta VOLL DAMM Lata 33 Centilitros","price":"0,69 €","offer_price":0,"offer_type":null,"stock":false,"super":"alcampo"},{"img":"https://www.alcampo.es/media/h30/h91/8901497192478.jpg","name":"Cerveza HEIFER pack de 12 latas de 33 cl.","price":"2,88 €","offer_price":0,"offer_type":null,"stock":false,"super":"alcampo"},{"img":"https://www.alcampo.es/media/h38/h49/9006978924574.jpg","name":"Cerveza tostada 0.0 alcohol MAHOU lata 33 cl.","price":"0,59 €","offer_price":0,"offer_type":null,"stock":false,"super":"alcampo"},{"img":"https://www.alcampo.es/media/hde/h0f/9460774731806.jpg","name":"Cervezas ESTRELLA GALICIA Especial pack 12 uds. x 25 cl","price":"5,69 €","offer_price":0,"offer_type":null,"stock":false,"super":"alcampo"},{"img":"https://www.alcampo.es/media/h52/h59/10896290152478.jpg","name":"Cerveza AMSTEL CLÁSICA lata de 33 cl.","price":"0,32 €","offer_price":0,"offer_type":null,"stock":false,"super":"alcampo"},{"img":"https://www.alcampo.es/media/h2a/h97/8900932010014.jpg","name":"Cerveza ALHAMBRA PREMIUM LAGER lata de 33 cl.","price":"0,59 €","offer_price":0,"offer_type":null,"stock":false,"super":"alcampo"},{"img":"https://www.alcampo.es/media/hed/hc1/8898855698462.jpg","name":"Cerveza HEIFER Lata de 33 cl.","price":"0,24 €","offer_price":0,"offer_type":null,"stock":false,"super":"alcampo"},{"img":"https://www.alcampo.es/media/hae/h75/9546888806430.jpg","name":"Cerveza con limón sin alcohol SHANDY CRUZCAMPO lata de 33 cl.","price":"0,49 €","offer_price":0,"offer_type":null,"stock":false,"super":"alcampo"},{"img":"https://www.alcampo.es/media/hc5/h93/8902491275294.jpg","name":"Cerveza sin gluten MAHOU, lata de 33 cl.","price":"0,69 €","offer_price":0,"offer_type":null,"stock":false,"super":"alcampo"},{"img":"https://www.alcampo.es/media/hd5/he5/9888522797086.jpg","name":"Cerveza de trigo Alemana PAULANER NATURTRÜF botella 50 cl.","price":"1,41 €","offer_price":0,"offer_type":null,"stock":false,"super":"alcampo"},{"img":"https://www.alcampo.es/media/hb5/h5f/9546883956766.jpg","name":"Cerveza 0,0% HEINEKEN lata 33 cl.","price":"0,55 €","offer_price":0,"offer_type":null,"stock":false,"super":"alcampo"},{"img":"https://www.alcampo.es/media/hb7/hdb/10608071606302.jpg","name":"Cerveza sin filtrar EL ÁGUILA 33 cl.","price":"0,64 €","offer_price":0,"offer_type":null,"stock":false,"super":"alcampo"},{"img":"https://www.alcampo.es/media/hf4/h95/9157802524702.jpg","name":"Cerveza sin alcohol ALHAMBRA lata de 33 centilitros","price":"0,62 €","offer_price":0,"offer_type":null,"stock":false,"super":"alcampo"},{"img":"https://www.alcampo.es/media/h85/h54/10865403985950.jpg","name":"Cervezas ALHAMBRA RESERVA 1925 pack 6 uds. x 33 cl.","price":"6,59 €","offer_price":0,"offer_type":null,"stock":false,"super":"alcampo"},{"img":"https://www.alcampo.es/media/h7f/hbe/10034035523614.jpg","name":"Cerveza 1906 Reserva Especial 33 cl.","price":"0,78 €","offer_price":0,"offer_type":null,"stock":false,"super":"alcampo"},{"img":"https://www.alcampo.es/media/h98/hd5/9021147840542.jpg","name":"Cerveza MAHOU 5 ESTRELLAS Lata 33 Centilitros","price":"0,57 €","offer_price":0,"offer_type":null,"stock":false,"super":"alcampo"},{"img":"https://www.alcampo.es/media/hf9/h8a/9308416573470.jpg","name":"Cerveza rubia con malta y maíz de importación Holandesa HOLBRAND lata 33 cl.","price":"0,27 €","offer_price":0,"offer_type":null,"stock":false,"super":"alcampo"},{"img":"https://www.alcampo.es/media/h8b/h5f/10396992798750.jpg","name":"Cerveza sin alcohol (0,0% Vol.) SAN MIGUEL 33 cl.","price":"0,53 €","offer_price":0,"offer_type":null,"stock":false,"super":"alcampo"},{"img":"https://www.alcampo.es/media/h9d/ha3/10896271015966.jpg","name":"Cerveza con zumo natural de limón AMSTEL RADLER lata de 33 cl.","price":"0,49 €","offer_price":0,"offer_type":null,"stock":false,"super":"alcampo"},{"img":"https://www.alcampo.es/media/h56/h70/10867119128606.jpg","name":"Cerveza tostada doble lúpulo MAHOU MAESTRA 33 cl.","price":"0,71 €","offer_price":0,"offer_type":null,"stock":false,"super":"alcampo"},{"img":"https://www.alcampo.es/media/ha6/hb8/9546809868318.jpg","name":"Cerveza (0,0% alcohol) con sabor a limón Radler BUCKLER lata de 33 cl.","price":"0,60 €","offer_price":0,"offer_type":null,"stock":false,"super":"alcampo"},{"img":"https://www.alcampo.es/media/h87/hd8/10448403922974.jpg","name":"Cerveza Alemana de trigo FRANZISKANER NATURTRUB botella 50 cl.","price":"1,23 €","offer_price":0,"offer_type":null,"stock":false,"super":"alcampo"},{"img":"https://www.alcampo.es/media/h11/hda/10396996960286.jpg","name":"Cerveza (0,0% alcohol) con sabor a limón SAN MIGUEL RADLER lata de 33 cl.","price":"0,55 €","offer_price":0,"offer_type":null,"stock":false,"super":"alcampo"},{"img":"https://www.alcampo.es/media/h75/he2/10865482596382.jpg","name":"Cerveza sin alcohol lata MAHOU 33 cl.","price":"0,53 €","offer_price":0,"offer_type":null,"stock":false,"super":"alcampo"},{"img":"https://www.alcampo.es/media/hd5/hcc/10896288677918.jpg","name":"Cerveza 0.0% alcohol con zumo natural de limón AMSTEL RADLER 33 cl. ","price":"0,58 €","offer_price":0,"offer_type":null,"stock":false,"super":"alcampo"},{"img":"https://www.alcampo.es/media/hda/h0c/9021147119646.jpg","name":"Cerveza clásica MAHOU CLÁSICA lata 33 centilitros","price":"0,57 €","offer_price":0,"offer_type":null,"stock":false,"super":"alcampo"},{"img":"https://www.alcampo.es/media/hb2/h52/9543218331678.jpg","name":"Cerveza Ipa MAHOU 5 ESTRELLAS 33 cl","price":"0,84 €","offer_price":0,"offer_type":null,"stock":false,"super":"alcampo"},{"img":"https://www.alcampo.es/media/had/h49/9548561186846.jpg","name":"Cerveza 0,0 % tostada AMSTEL ORO 33 cl.","price":"0,63 €","offer_price":0,"offer_type":null,"stock":false,"super":"alcampo"},{"img":"https://www.alcampo.es/media/h90/h8d/9475631546398.jpg","name":"Cerveza tostada 0,0 % alcohol MAHOU Pack 12 latas x 33 cl.","price":"5,78 €","offer_price":0,"offer_type":null,"stock":false,"super":"alcampo"},{"img":"https://www.alcampo.es/media/h7c/ha9/9546810982430.jpg","name":"Cerveza tostada AMSTEL ORO lata de 33 cL.","price":"0,66 €","offer_price":0,"offer_type":null,"stock":false,"super":"alcampo"},{"img":"https://www.alcampo.es/media/hef/h16/9021165010974.jpg","name":"Cerveza clásica MAHOU Botella 1 Litro","price":"1,33 €","offer_price":0,"offer_type":null,"stock":false,"super":"alcampo"},{"img":"https://www.alcampo.es/media/hbf/h3e/9546915020830.jpg","name":"Cerveza combinada con tequila DESPERADOS botella de 33 centilitros","price":"1,37 €","offer_price":0,"offer_type":null,"stock":false,"super":"alcampo"},{"img":"https://www.alcampo.es/media/hb4/h04/10865519198238.jpg","name":"Cerveza ALHAMBRA TRADICIONAL botella de 1 l.","price":"1,23 €","offer_price":0,"offer_type":null,"stock":false,"super":"alcampo"},{"img":"https://www.alcampo.es/media/h4c/hbb/10172156543006.jpg","name":"Cerveza CRUZCAMPO 1 l.","price":"1,24 €","offer_price":0,"offer_type":null,"stock":false,"super":"alcampo"},{"img":"https://www.alcampo.es/media/h1c/h35/9522694717470.jpg","name":"Cervezas mini ESTRELLA GALICIA pack 6 botellas x 20 cl. ","price":"2,94 €","offer_price":0,"offer_type":null,"stock":false,"super":"alcampo"},{"img":"https://www.alcampo.es/media/hb9/hf3/9548548964382.jpg","name":"Cerveza sin filtrar EL ÁGUILA 33 cl.","price":"0,88 €","offer_price":0,"offer_type":null,"stock":false,"super":"alcampo"},{"img":"https://www.alcampo.es/media/hf6/h16/10033635655710.jpg","name":"Cerveza sin alcohol (0,0% Vol.) BUCKLER lata de 33 cl.","price":"0,51 €","offer_price":0,"offer_type":null,"stock":false,"super":"alcampo"},{"img":"https://www.alcampo.es/media/hfc/he6/10911398658078.jpg","name":"Cervezas SAN MIGUEL pack de 12 latas de 33 cl.","price":"6,60 €","offer_price":0,"offer_type":null,"stock":false,"super":"alcampo"},{"img":"https://www.alcampo.es/media/h6a/hbb/8928519684126.jpg","name":"Cerveza con limón sin alcohol MIXTA MAHOU lata de 33 centilitros","price":"0,59 €","offer_price":0,"offer_type":null,"stock":false,"super":"alcampo"},{"img":"https://www.alcampo.es/media/hdd/h75/8890967785502.jpg","name":"Cerveza con limón sin alcohol HOLBRAND lata de 33 cl.","price":"0,27 €","offer_price":0,"offer_type":null,"stock":false,"super":"alcampo"},{"img":"https://www.alcampo.es/media/h21/hce/8952670158878.jpg","name":"Cerveza sin alcohol (0,0% Vol.) ESTRELLA GALICIA lata de 33 centilitros","price":"0,54 €","offer_price":0,"offer_type":null,"stock":false,"super":"alcampo"},{"img":"https://www.alcampo.es/media/hec/h11/10834186534942.jpg","name":"Cervezas 1906 Reserva Especial pack de 12 botellines de 33 cl.","price":"9,99 €","offer_price":0,"offer_type":null,"stock":false,"super":"alcampo"},{"img":"https://www.alcampo.es/media/hab/hf5/8947297288222.jpg","name":"Cervezas HOLBRAND, pack de 24 latas de 33 centilitros.","price":"6,48 €","offer_price":0,"offer_type":null,"stock":false,"super":"alcampo"},{"img":"https://www.alcampo.es/media/h0b/h70/10172148678686.jpg","name":"Cerveza tostada con limón 0,0 % alcohol AMSTEL RADLER 33 cl.","price":"0,63 €","offer_price":0,"offer_type":null,"stock":false,"super":"alcampo"},{"img":"https://www.alcampo.es/media/h4e/h8a/10865488986142.jpg","name":"Cervezas rubias MAHOU CLASICA pack 12 uds. x 25 cl.","price":"4,79 €","offer_price":0,"offer_type":null,"stock":false,"super":"alcampo"},{"img":"https://www.alcampo.es/media/h75/h33/9546889461790.jpg","name":"Cerveza negra GUINNESS ORIGINAL botella 33 cl.","price":"1,19 €","offer_price":0,"offer_type":null,"stock":false,"super":"alcampo"},{"img":"https://www.alcampo.es/media/h28/h47/8952668848158.jpg","name":"Cervezas ESTRELLA DE GALICIA ESPECIAL pack 6 uds. x 33 cl.","price":"4,02 €","offer_price":0,"offer_type":null,"stock":false,"super":"alcampo"},{"img":"https://www.alcampo.es/media/h5d/h1d/9021149806622.jpg","name":"Cerveza de color dorado, espuma cremosa y sabor consistente MAHOU pack 12 uds. x. 25 cl.","price":"5,84 €","offer_price":0,"offer_type":null,"stock":false,"super":"alcampo"},{"img":"https://www.alcampo.es/media/h96/h2e/10033585061918.jpg","name":"Cervezas reserva extra Especial 1906 pack 6 uds. x 33 cl","price":"3,98 €","offer_price":0,"offer_type":null,"stock":false,"super":"alcampo"},{"img":"https://www.alcampo.es/media/h95/h60/8891090993182.jpg","name":"Cerveza HEIFER 1 Litro","price":"0,75 €","offer_price":0,"offer_type":null,"stock":false,"super":"alcampo"},{"img":"https://www.alcampo.es/media/h30/hfd/10891913887774.jpg","name":"Cerveza especial Lager ALHAMBRA ESPECIAL lata de 33 cl.","price":"0,58 €","offer_price":0,"offer_type":null,"stock":false,"super":"alcampo"},{"img":"https://www.alcampo.es/media/hc2/h4c/8898051178526.jpg","name":"Cerveza sin alcohol de origen Español HEIFER lata de 33 cl.","price":"0,24 €","offer_price":0,"offer_type":null,"stock":false,"super":"alcampo"},{"img":"https://www.alcampo.es/media/h7b/h76/9522724732958.jpg","name":"Cervezas sin alcohol (0,0% Vol.) ESTRELLA GALICIA pack de 6 botellas de 25 c","price":"3,07 €","offer_price":0,"offer_type":null,"stock":false,"super":"alcampo"},{"img":"https://www.alcampo.es/media/h9e/h61/9021159047198.jpg","name":"Cerveza 5 Estrellas MAHOU Lata 50 cl.","price":"0,87 €","offer_price":0,"offer_type":null,"stock":false,"super":"alcampo"},{"img":"https://www.alcampo.es/media/h9f/hfb/10865403822110.jpg","name":"Cerveza rubia tipo abadía Belga LEFFE BLOND botella 33 cl.","price":"0,99 €","offer_price":0,"offer_type":null,"stock":false,"super":"alcampo"},{"img":"https://www.alcampo.es/media/h7f/h76/10404273389598.jpg","name":"Cerveza combinada SALITOS BLUE 33 cl","price":"1,59 €","offer_price":0,"offer_type":null,"stock":false,"super":"alcampo"},{"img":"https://www.alcampo.es/media/h07/h80/10896303390750.jpg","name":"Cervezas AMSTEL CLÁSICA pack de 12 latas de 33 cl.","price":"3,59 €","offer_price":0,"offer_type":null,"stock":false,"super":"alcampo"},{"img":"https://www.alcampo.es/media/h26/h7c/9546813341726.jpg","name":"Cerveza HEINEKEN lata de 33 centilitros","price":"0,58 €","offer_price":0,"offer_type":null,"stock":false,"super":"alcampo"},{"img":"https://www.alcampo.es/media/hb7/h1c/10911528648734.jpg","name":"Cervezas ALHAMBRA ESPECIAL pack de 12 uds. x 33 cl.","price":"7,25 €","offer_price":0,"offer_type":null,"stock":false,"super":"alcampo"},{"img":"https://www.alcampo.es/media/hf1/h99/10865409589278.jpg","name":"Cerveza mexicana CORONA botella de 33,5 cl.","price":"1,25 €","offer_price":0,"offer_type":null,"stock":false,"super":"alcampo"},{"img":"https://www.alcampo.es/media/h5f/hca/10428598747166.jpg","name":"Cerveza tostada AMBAR EXPORT lata de 33 cl.","price":"0,79 €","offer_price":0,"offer_type":null,"stock":false,"super":"alcampo"},{"img":"https://www.alcampo.es/media/he5/h75/10396990341150.jpg","name":"Cerveza rubia de sabor fresco y de ligero amargor SAN MIGUEL lata 33 cl.","price":"0,53 €","offer_price":0,"offer_type":null,"stock":false,"super":"alcampo"},{"img":"https://www.alcampo.es/media/he8/h74/8952645484574.jpg","name":"Cerveza sin alcohol (0,0% Vol.) ESTRELLA GALICIA pack de 6 latas de 33 centilitros","price":"3,29 €","offer_price":0,"offer_type":null,"stock":false,"super":"alcampo"},{"img":"https://www.alcampo.es/media/h27/h7d/9522783092766.jpg","name":"Cervezas ESTRELLA GALICIA Especial pack de 6 botellines de 25 cl.","price":"3,18 €","offer_price":0,"offer_type":null,"stock":false,"super":"alcampo"},{"img":"https://www.alcampo.es/media/ha8/h44/9605337219102.jpg","name":"Cerveza BUDWEISER lata de 33 centilitros","price":"0,54 €","offer_price":0,"offer_type":null,"stock":false,"super":"alcampo"},{"img":"https://www.alcampo.es/media/h1e/he1/9543193690142.jpg","name":"Cerveza 0,0 tostada MAHOU pack 6 uds. x 25 cl","price":"3,29 €","offer_price":0,"offer_type":null,"stock":false,"super":"alcampo"},{"img":"https://www.alcampo.es/media/he4/hf7/9522755239966.jpg","name":"Cerveza rubia ESTRELLA DE GALICIA lata de 50 cl.","price":"1,11 €","offer_price":0,"offer_type":null,"stock":false,"super":"alcampo"},{"img":"https://www.alcampo.es/media/ha3/hbb/10396994437150.jpg","name":"Cerveza tostada SAN MIGUEL SELECTA 33 cl.","price":"0,66 €","offer_price":0,"offer_type":null,"stock":false,"super":"alcampo"},{"img":"https://www.alcampo.es/media/hc4/h02/8959069388830.jpg","name":"Cerveza con limón AMBAR Radler, lata de 33 centilitros.","price":"0,66 €","offer_price":0,"offer_type":null,"stock":false,"super":"alcampo"},{"img":"https://www.alcampo.es/media/hce/he8/9186550906910.jpg","name":"Cerveza Mexicana CORONA cesta 6 botellas x 35,5 cl. ","price":"5,99 €","offer_price":0,"offer_type":null,"stock":false,"super":"alcampo"},{"img":"https://www.alcampo.es/media/hb7/h3f/10519455760414.jpg","name":"Cervezas sin alcohol MAHOU pack de 12 latas de 33 cl.","price":"6,04 €","offer_price":0,"offer_type":null,"stock":false,"super":"alcampo"},{"img":"https://www.alcampo.es/media/h94/h96/10546845777950.jpg","name":"Cerveza SAN MIGUEL 1 l.","price":"0,99 €","offer_price":0,"offer_type":null,"stock":false,"super":"alcampo"},{"img":"https://www.alcampo.es/media/h8c/he8/9546818158622.jpg","name":"Cervezas con limón sin alcohol SHANDY CRUZCAMPO pack 6 uds de 25 cl.","price":"2,48 €","offer_price":0,"offer_type":null,"stock":false,"super":"alcampo"},{"img":"https://www.alcampo.es/media/hac/h87/9492156416030.jpg","name":"Cerveza sin alcohol MAHOU, pack 6 uds. x 25 cl.","price":"2,14 €","offer_price":0,"offer_type":null,"stock":false,"super":"alcampo"},{"img":"https://www.alcampo.es/media/h48/h6c/9556680671262.jpg","name":"Cerveza rubia AMBAR Especial pack de 9 latas de 33 centilítros","price":"5,74 €","offer_price":0,"offer_type":null,"stock":false,"super":"alcampo"},{"img":"https://www.alcampo.es/media/h29/hab/10250097819678.jpg","name":"Cerveza 0,0 % SAN MIGUEL MAGNA 33 cl.","price":"0,57 €","offer_price":0,"offer_type":null,"stock":false,"super":"alcampo"},{"img":"https://www.alcampo.es/media/h9d/h65/8898048360478.jpg","name":"Cervezas sin alcohol (0,0% Vol.), sin gluten AMBAR GREEN, botella de 33 cl.","price":"0,87 €","offer_price":0,"offer_type":null,"stock":false,"super":"alcampo"},{"img":"https://www.alcampo.es/media/h2d/h48/8891256799262.jpg","name":"Cerveza de sabor fuerte elaborada con malta y maiz de HolandaHOLBRAND lata de 50 cl.","price":"0,41 €","offer_price":0,"offer_type":null,"stock":false,"super":"alcampo"},{"img":"https://www.alcampo.es/media/h02/h8d/10867152584734.jpg","name":"Cerveza tostada doble lúpulo, MAHOU MAESTRA, 33 cl.","price":"0,97 €","offer_price":0,"offer_type":null,"stock":false,"super":"alcampo"},{"img":"https://www.alcampo.es/media/hf5/hdb/10865396514846.jpg","name":"Cervezas sin alcohol ALHAMBRA ESPECIAL SIN pack de 6 uds x 25 cl.","price":"2,39 €","offer_price":0,"offer_type":null,"stock":false,"super":"alcampo"},{"img":"https://www.alcampo.es/media/hd3/hd9/8952562122782.jpg","name":"Cerveza sin alcohol CLAUSTHALER CLASSIC botella de 33 centilitros","price":"1,08 €","offer_price":0,"offer_type":null,"stock":false,"super":"alcampo"},{"img":"https://www.alcampo.es/media/h03/h4a/8927266603038.jpg","name":"Cerveza sin gluten AMBAR, lata de 33 cl.","price":"0,63 €","offer_price":0,"offer_type":null,"stock":false,"super":"alcampo"},{"img":"https://www.alcampo.es/media/he5/h2f/10801835278366.jpg","name":"Cerveza sin alcohol 0,0 % tostada ESTRELLA GALICIA pack 6 uds. x 25 cl.","price":"3,79 €","offer_price":0,"offer_type":null,"stock":false,"super":"alcampo"},{"img":"https://www.alcampo.es/media/h63/h09/9511081279518.jpg","name":"Cerveza MAHOU 5 ESTRELLAS pack de 24 botellines de 25 cl ","price":"11,79 €","offer_price":0,"offer_type":null,"stock":false,"super":"alcampo"},{"img":"https://www.alcampo.es/media/h58/ha9/10172153954334.jpg","name":"Cerveza con lima y tequila DESPERADOS 33 cl.","price":"1,08 €","offer_price":0,"offer_type":null,"stock":false,"super":"alcampo"},{"img":"https://www.alcampo.es/media/hac/hf5/10564334059550.jpg","name":"Cerveza sin gluten ESTRELLA GALICIA ESPECIAL, 4 uds x de 33 cl.","price":"2,99 €","offer_price":0,"offer_type":null,"stock":false,"super":"alcampo"},{"img":"https://www.alcampo.es/media/h08/h4d/9130795958302.jpg","name":"Cerveza especial Mini ESTRELLA GALICIA pack 6 uds. x 25 cl. ","price":"3,54 €","offer_price":0,"offer_type":null,"stock":false,"super":"alcampo"},{"img":"https://www.alcampo.es/media/h10/h3e/10433621590046.jpg","name":"Cerveza tostada 1906 RED VINTAGE lata de 33 cl.","price":"0,90 €","offer_price":0,"offer_type":null,"stock":false,"super":"alcampo"},{"img":"https://www.alcampo.es/media/hdd/hb5/8890241908766.jpg","name":"Cerveza de trigo blanca belga HOEGAARDEN botella 33 cl.","price":"1,24 €","offer_price":0,"offer_type":null,"stock":false,"super":"alcampo"},{"img":"https://www.alcampo.es/media/h6f/h29/9294112981022.jpg","name":"Cerveza Holandesa de Importación sin alcohol HOLBRAND Lata 33 cl.","price":"0,27 €","offer_price":0,"offer_type":null,"stock":false,"super":"alcampo"},{"img":"https://www.alcampo.es/media/hab/h06/10865483677726.jpg","name":"Cerveza Alemana de trigo FRANZISKANER DUNKEL 50 cl.","price":"1,23 €","offer_price":0,"offer_type":null,"stock":false,"super":"alcampo"},{"img":"https://www.alcampo.es/media/h6f/h6a/10865478041630.jpg","name":"Cerveza sin alcohol FRANZISKANER ALKOHOLFREI 50 cl.","price":"1,31 €","offer_price":0,"offer_type":null,"stock":false,"super":"alcampo"},{"img":"https://www.alcampo.es/media/h40/h89/9021154361374.jpg","name":"Cerveza clásica MAHOU pack 24 botellas. 25 cl.","price":"9,43 €","offer_price":0,"offer_type":null,"stock":false,"super":"alcampo"},{"img":"https://www.alcampo.es/media/h07/h97/8952650235934.jpg","name":"Cerveza rubia de sabor neutral y con lúpulo acentuado ESTRELLA GALICIA lata 33 cl.","price":"0,65 €","offer_price":0,"offer_type":null,"stock":false,"super":"alcampo"},{"img":"https://www.alcampo.es/media/h19/h71/9546825105438.jpg","name":"Cerveza con sabor a limón Radler CRUZCAMPO lata de 33 cl.","price":"0,69 €","offer_price":0,"offer_type":null,"stock":false,"super":"alcampo"},{"img":"https://www.alcampo.es/media/hc6/h8b/8949348827166.jpg","name":"Cerveza sin alcohol, CLAUSTHALER UNFILTERED, botella 33 centilitros.","price":"1,05 €","offer_price":0,"offer_type":null,"stock":false,"super":"alcampo"},{"img":"https://www.alcampo.es/media/hb0/he9/9626884472862.jpg","name":"Cerveza CRUZ DEL SUR 1 Litro","price":"1,19 €","offer_price":0,"offer_type":null,"stock":false,"super":"alcampo"},{"img":"https://www.alcampo.es/media/h56/h36/10518970925086.jpg","name":"Cervezas ESTRELLA GALICIA ESPECIAL pack de 24 botellas de 25 cl.","price":"9,99 €","offer_price":0,"offer_type":null,"stock":false,"super":"alcampo"},{"img":"https://www.alcampo.es/media/hb1/h5e/10717909778462.jpg","name":"Cervezas HEINEKEN pack de 18 uds. x 33 cl.","price":"10,18 €","offer_price":0,"offer_type":null,"stock":false,"super":"alcampo"},{"img":"https://www.alcampo.es/media/h59/hd8/10250106765342.jpg","name":"Cerveza sin alcohol 0;0 % tostada AMBAR 33 cl.","price":"0,65 €","offer_price":0,"offer_type":null,"stock":false,"super":"alcampo"},{"img":"https://www.alcampo.es/media/h5d/h42/9242797342750.jpg","name":"Cerveza con zumo natural de limón MAHOU RADLER lata 33 cl.","price":"0,67 €","offer_price":0,"offer_type":null,"stock":false,"super":"alcampo"},{"img":"https://www.alcampo.es/media/h06/hb9/8902127910942.jpg","name":"Cerveza rubia mexicana MODELO ESPECIAL botella de 33,5 centilitros","price":"1,23 €","offer_price":0,"offer_type":null,"stock":false,"super":"alcampo"},{"img":"https://www.alcampo.es/media/hf5/h03/10865324064798.jpg","name":"Cerveza tostada SAN MIGUELSELECTA 33 cl.","price":"0,83 €","offer_price":0,"offer_type":null,"stock":false,"super":"alcampo"},{"img":"https://www.alcampo.es/media/h49/h18/8952654331934.jpg","name":"Cerveza Americana MILLER botella de 33 cl.","price":"0,94 €","offer_price":0,"offer_type":null,"stock":false,"super":"alcampo"},{"img":"https://www.alcampo.es/media/hc2/hb6/10841116934174.jpg","name":"Cerveza Pilsener 100% malta AMSTEL botella de 1 l.","price":"0,99 €","offer_price":0,"offer_type":null,"stock":false,"super":"alcampo"},{"img":"https://www.alcampo.es/media/h0c/h35/10407822688286.jpg","name":"Cerveza de trigo estilo Belga BLUE MOON 330 cl.","price":"1,23 €","offer_price":0,"offer_type":null,"stock":false,"super":"alcampo"},{"img":"https://www.alcampo.es/media/h17/h36/10865471291422.jpg","name":"Cerveza rubia MAHOU 5 ESTRELLAS pack de 6 botellas. 25 cl.","price":"3,29 €","offer_price":0,"offer_type":null,"stock":false,"super":"alcampo"},{"img":"https://www.alcampo.es/media/he9/h6e/10717737451550.jpg","name":"Cervezas HEINEKEN pack de 6 uds x 25 cl.","price":"3,25 €","offer_price":0,"offer_type":null,"stock":false,"super":"alcampo"},{"img":"https://www.alcampo.es/media/h70/he9/9770112942110.jpg","name":"Cerveza Premium extra lúpulo, IPA AMBAR lata 44 cl. ","price":"1,35 €","offer_price":0,"offer_type":null,"stock":false,"super":"alcampo"},{"img":"https://www.alcampo.es/media/h92/h64/9893418172446.jpg","name":"Cervezas 1906 RED VINTAGE pack 6 uds. x 33 cl.","price":"5,79 €","offer_price":0,"offer_type":null,"stock":false,"super":"alcampo"},{"img":"https://www.alcampo.es/media/hc4/h0e/9543201783838.jpg","name":"Cerveza Golden Lager SAM MIGUEL MAGNA 33 cl","price":"0,49 €","offer_price":0,"offer_type":null,"stock":false,"super":"alcampo"},{"img":"https://www.alcampo.es/media/h9d/hf2/10250178658334.jpg","name":"Cerveza rubia IPA Citra ALHAMBRA Reserva Esencia 33 cl.","price":"1,32 €","offer_price":0,"offer_type":null,"stock":false,"super":"alcampo"},{"img":"https://www.alcampo.es/media/h92/h45/10891971657758.jpg","name":"Cerveza ALHAMBRA ESPECIAL pack 6 uds x 25 cl.","price":"2,58 €","offer_price":0,"offer_type":null,"stock":false,"super":"alcampo"},{"img":"https://www.alcampo.es/media/h1d/hba/9915987722270.jpg","name":"Cerveza AMBAR ESPECIAL lata de 33 centilitros","price":"0,59 €","offer_price":0,"offer_type":null,"stock":false,"super":"alcampo"},{"img":"https://www.alcampo.es/media/h39/hd0/8952672124958.jpg","name":"Cerveza doble malta VOLL DAMM pack de 6 botellines de 25 centilitros","price":"4,34 €","offer_price":0,"offer_type":null,"stock":false,"super":"alcampo"},{"img":"https://www.alcampo.es/media/hff/h6d/9915975467038.jpg","name":"Cerveza (0,0% alcohol) con sabor a limón AMBAR Lemon lata de 33 cl.","price":"0,66 €","offer_price":0,"offer_type":null,"stock":false,"super":"alcampo"},{"img":"https://www.alcampo.es/media/hd9/h46/8902326091806.jpg","name":"Cerveza sin gluten MAHOU, botella de 33 cl.","price":"0,93 €","offer_price":0,"offer_type":null,"stock":false,"super":"alcampo"},{"img":"https://www.alcampo.es/media/h17/hdb/10397054009374.jpg","name":"Cervezas sin alcohol 0% SAN MIGUEL Pack 6 uds. x 25 cl.","price":"1,74 €","offer_price":0,"offer_type":null,"stock":false,"super":"alcampo"},{"img":"https://www.alcampo.es/media/h94/hce/10397052698654.jpg","name":"Cerveza (0,0% alcohol) con sabor a manzana SAN MIGUEL lata de 33 cl.","price":"0,55 €","offer_price":0,"offer_type":null,"stock":false,"super":"alcampo"},{"img":"https://www.alcampo.es/media/hf3/h6b/9546841358366.jpg","name":"Cerveza mojito tequila DESPERADOS 33 cl.","price":"1,37 €","offer_price":0,"offer_type":null,"stock":false,"super":"alcampo"},{"img":"https://www.alcampo.es/media/hfc/he3/9543192543262.jpg","name":"Cerveza ALHAMBRA RADLER 33 cl.","price":"0,67 €","offer_price":0,"offer_type":null,"stock":false,"super":"alcampo"},{"img":"https://www.alcampo.es/media/h95/h72/8877202407454.jpg","name":"Cerveza Checa rubia de importación PRAGA 50 cl.","price":"1,33 €","offer_price":0,"offer_type":null,"stock":false,"super":"alcampo"},{"img":"https://www.alcampo.es/media/h01/h31/10397044047902.jpg","name":"Cerveza con zumo de limón SAN MIGUEL RADLER lata 33 cl. ","price":"0,49 €","offer_price":0,"offer_type":null,"stock":false,"super":"alcampo"},{"img":"https://www.alcampo.es/media/h4c/h98/10896279797790.jpg","name":"Cerveza sin alcohol, 0,0 % AMSTEL lata de 33 cl.","price":"0,54 €","offer_price":0,"offer_type":null,"stock":false,"super":"alcampo"},{"img":"https://www.alcampo.es/media/h79/h3d/10034012258334.jpg","name":"Cerveza0,0% HEINEKEN pack 6 uds. x 25 cl","price":"3,54 €","offer_price":0,"offer_type":null,"stock":false,"super":"alcampo"},{"img":"https://www.alcampo.es/media/h89/ha1/10610808553502.jpg","name":"Cerveza Italiana PERONI 33 cl.","price":"1,19 €","offer_price":0,"offer_type":null,"stock":false,"super":"alcampo"},{"img":"https://www.alcampo.es/media/hf4/h5f/10358793601054.jpg","name":"Cerveza artesana ARRIACA SESSION IPA lata 33 cl.","price":"1,38 €","offer_price":0,"offer_type":null,"stock":false,"super":"alcampo"},{"img":"https://www.alcampo.es/media/hea/hc4/9965496107038.jpg","name":"Cervezas 1906 Reserva Especial pack de 6 botellines de 33 cl.","price":"6,04 €","offer_price":0,"offer_type":null,"stock":false,"super":"alcampo"},{"img":"https://www.alcampo.es/media/h64/h01/10896303980574.jpg","name":"Cerveza con zumo natural de limón AMSTEL RADLER 6 x 250 ml","price":"3,04 €","offer_price":0,"offer_type":null,"stock":false,"super":"alcampo"},{"img":"https://www.alcampo.es/media/h45/h07/10414724284446.jpg","name":"Cerveza combinada con tequila DESPERADOS lata de 50 cl.","price":"1,46 €","offer_price":0,"offer_type":null,"stock":false,"super":"alcampo"},{"img":"https://www.alcampo.es/media/h61/h8b/9916008202270.jpg","name":"Cervezas AMBAR Especial pack 12 uds. x 25 cl.","price":"4,98 €","offer_price":0,"offer_type":null,"stock":false,"super":"alcampo"},{"img":"https://www.alcampo.es/media/h16/hce/10448425189406.jpg","name":"Cerveza tipo abadía Belga LEFFE BRUNE botella 33 cl.","price":"1,44 €","offer_price":0,"offer_type":null,"stock":false,"super":"alcampo"},{"img":"https://www.alcampo.es/media/hf4/h1e/8890423377950.jpg","name":"Cerveza Sin Alcohol HEIFER Pack de 12 Latas de 33 cl.","price":"2,88 €","offer_price":0,"offer_type":null,"stock":false,"super":"alcampo"},{"img":"https://www.alcampo.es/media/h11/h25/10519078764574.jpg","name":"Cerveza de importación Belga LA CHOUFFE 33 cl.","price":"1,99 €","offer_price":0,"offer_type":null,"stock":false,"super":"alcampo"},{"img":"https://www.alcampo.es/media/hde/h8b/10448412213278.jpg","name":"Cerveza Alemana de importación FRANZISKANER lata de 50 cl.","price":"1,26 €","offer_price":0,"offer_type":null,"stock":false,"super":"alcampo"},{"img":"https://www.alcampo.es/media/h6c/hf0/8951835623454.jpg","name":"Cerveza con sabor a limón 0,7% volumen de alcohol HOLBRAND, pack de 12 latas de 33 centilitros.","price":"3,24 €","offer_price":0,"offer_type":null,"stock":false,"super":"alcampo"},{"img":"https://www.alcampo.es/media/h21/h16/10407829700638.jpg","name":"Cerveza roja ALHAMBRA RESERVA, pack de 4 uds. x 33 cl.","price":"4,54 €","offer_price":0,"offer_type":null,"stock":false,"super":"alcampo"},{"img":"https://www.alcampo.es/media/h3e/hf9/9629956800542.jpg","name":"Cerveza negra GUINNESS DRAUGHT lata 44 cl.","price":"2,17 €","offer_price":0,"offer_type":null,"stock":false,"super":"alcampo"},{"img":"https://www.alcampo.es/media/hed/hf0/10397041852446.jpg","name":"Cerveza SAN MIGUEL ESPECIAL pack 24 uds. x 25 cl.","price":"9,74 €","offer_price":0,"offer_type":null,"stock":false,"super":"alcampo"},{"img":"https://www.alcampo.es/media/h80/h38/8892067151902.jpg","name":"Cerveza mexicana negra MODELO botella 33 cl.","price":"1,28 €","offer_price":0,"offer_type":null,"stock":false,"super":"alcampo"},{"img":"https://www.alcampo.es/media/h1e/hf2/9915928838174.jpg","name":"Cerveza AMBAR Premium lata de 50 cl.","price":"0,88 €","offer_price":0,"offer_type":null,"stock":false,"super":"alcampo"},{"img":"https://www.alcampo.es/media/hc7/h4a/10472580448286.jpg","name":"Cerveza AMSTEL 100 % MALTA lata de 33 cl.","price":"0,55 €","offer_price":0,"offer_type":null,"stock":false,"super":"alcampo"},{"img":"https://www.alcampo.es/media/h68/h6b/10519108026398.jpg","name":"Cerveza rubia DUVEL botella 33 cl.","price":"1,79 €","offer_price":0,"offer_type":null,"stock":false,"super":"alcampo"},{"img":"https://www.alcampo.es/media/h2f/hf6/8897047625758.jpg","name":"Cerveza belga STELLA ARTOIS botella 33 cl.","price":"1,24 €","offer_price":0,"offer_type":null,"stock":false,"super":"alcampo"},{"img":"https://www.alcampo.es/media/h0e/h29/10566415646750.jpg","name":"Cervezas ALHAMBRA RESERVA 1925 pack. 12 uds. x 33 cl.","price":"12,14 €","offer_price":0,"offer_type":null,"stock":false,"super":"alcampo"},{"img":"https://www.alcampo.es/media/hc8/h10/10891974180894.jpg","name":"Cerveza ALHAMBRA ESPECIAL pack de 12 uds. x 25 cl.","price":"5,79 €","offer_price":0,"offer_type":null,"stock":false,"super":"alcampo"},{"img":"https://www.alcampo.es/media/h4e/he9/9626874249246.jpg","name":"Cerveza rubia Mexicana SOL botella 33 cl.","price":"1,08 €","offer_price":0,"offer_type":null,"stock":false,"super":"alcampo"},{"img":"https://www.alcampo.es/media/h9f/ha0/10717734109214.jpg","name":"Cervezas HEINEKEN botella pack de 12 uds de 25 cl.","price":"6,80 €","offer_price":0,"offer_type":null,"stock":false,"super":"alcampo"},{"img":"https://www.alcampo.es/media/h75/h51/10865523621918.jpg","name":"Cervezasr ALHAMBRA TRADICIONAL pack de 12 uds. x 25 xl.","price":"5,41 €","offer_price":0,"offer_type":null,"stock":false,"super":"alcampo"},{"img":"https://www.alcampo.es/media/h41/h31/9546854105118.jpg","name":"Cerveza CRUZCAMPO GRAN RESERVA botella de 33 centilitros (tercio)","price":"0,84 €","offer_price":0,"offer_type":null,"stock":false,"super":"alcampo"},{"img":"https://www.alcampo.es/media/h9b/hfa/9294053998622.jpg","name":"Cerveza sin gluten SAN MIGUEL, botella de 33 cl.","price":"0,74 €","offer_price":0,"offer_type":null,"stock":false,"super":"alcampo"},{"img":"https://www.alcampo.es/media/h1d/hec/10358787407902.jpg","name":"Cerveza rubia ARRIACA IPA 33 cl.","price":"1,42 €","offer_price":0,"offer_type":null,"stock":false,"super":"alcampo"},{"img":"https://www.alcampo.es/media/h36/h96/9915940831262.jpg","name":"Cerveza rubia AMBAR 1900 botella de 33 centilitros","price":"1,08 €","offer_price":0,"offer_type":null,"stock":false,"super":"alcampo"},{"img":"https://www.alcampo.es/media/hd1/hca/10865399300126.jpg","name":"Cerveza Alemana de trigo FRANZISKANER KRISTALLKLAR 50 cl.","price":"1,23 €","offer_price":0,"offer_type":null,"stock":false,"super":"alcampo"},{"img":"https://www.alcampo.es/media/h96/h62/10608097755166.jpg","name":"Cerveza EL ÁGUILA 1900 33 cl.","price":"0,59 €","offer_price":0,"offer_type":null,"stock":false,"super":"alcampo"},{"img":"https://www.alcampo.es/media/h63/h49/10172149399582.jpg","name":"Cerveza CRUZCAMPO ESPECIAL 33 cl.","price":"0,59 €","offer_price":0,"offer_type":null,"stock":false,"super":"alcampo"},{"img":"https://www.alcampo.es/media/hcd/h70/9546844405790.jpg","name":"Cerveza estilo pilsen rubia CRUZCAMPO lata 33 cl.","price":"0,55 €","offer_price":0,"offer_type":null,"stock":false,"super":"alcampo"},{"img":"https://www.alcampo.es/media/hfa/h2a/8938760503326.jpg","name":"Cerveza rubia portuguesa SUPER BOCK ORIGINAL 1 litro","price":"1,69 €","offer_price":0,"offer_type":null,"stock":false,"super":"alcampo"},{"img":"https://www.alcampo.es/media/hd4/h61/9188553293854.jpg","name":"Cerveza BUDWEISER botella de 33 centilitros (tercio)","price":"1,10 €","offer_price":0,"offer_type":null,"stock":false,"super":"alcampo"},{"img":"https://www.alcampo.es/media/h6e/h5a/8952573362206.jpg","name":"Cerveza Argentina de Importación QUILMES botella 33 cl.","price":"0,98 €","offer_price":0,"offer_type":null,"stock":false,"super":"alcampo"},{"img":"https://www.alcampo.es/media/hbb/h71/8964728389662.jpg","name":"Cerveza tostada doble lúpulo MAHOU MAESTRA cesta 6 uds. x 33 cl.","price":"6,21 €","offer_price":0,"offer_type":null,"stock":false,"super":"alcampo"},{"img":"https://www.alcampo.es/media/h11/h48/8930059124766.jpg","name":"Cerveza Checa STAROPRAMEN Botella de 33 centilitros","price":"0,94 €","offer_price":0,"offer_type":null,"stock":false,"super":"alcampo"},{"img":"https://www.alcampo.es/media/hcd/h1b/9211124809758.jpg","name":"Cerveza PILSNER URQUELL lata de 33 cl.","price":"0,83 €","offer_price":0,"offer_type":null,"stock":false,"super":"alcampo"},{"img":"https://www.alcampo.es/media/he1/h8d/9546890772510.jpg","name":"Cerveza italiana rubia BIRRA MORETTI botella 33 cl.","price":"1,38 €","offer_price":0,"offer_type":null,"stock":false,"super":"alcampo"},{"img":"https://www.alcampo.es/media/h06/he1/9546906140702.jpg","name":"Cerveza sin alcohol CRUZCAMPO lata de 33 cl.","price":"0,59 €","offer_price":0,"offer_type":null,"stock":false,"super":"alcampo"},{"img":"https://www.alcampo.es/media/he8/ha8/9133164265502.jpg","name":"Cerveza rubia premium de barrica matices de madera MAHOU 33 cl ","price":"1,53 €","offer_price":0,"offer_type":null,"stock":false,"super":"alcampo"},{"img":"https://www.alcampo.es/media/h77/hb7/9188547559454.jpg","name":"Cerveza CORONITA pack 6 botella x 21 cl. ","price":"3,94 €","offer_price":0,"offer_type":null,"stock":false,"super":"alcampo"},{"img":"https://www.alcampo.es/media/h91/ha2/9460756021278.jpg","name":"Cerveza con limón DAMM LEMON 33cl.","price":"0,57 €","offer_price":0,"offer_type":null,"stock":false,"super":"alcampo"},{"img":"https://www.alcampo.es/media/h1c/h02/8959768264734.jpg","name":"Cerveza rubia nacional SAN MIGUEL FRESCA botella de 33 centilitros","price":"1,08 €","offer_price":0,"offer_type":null,"stock":false,"super":"alcampo"},{"img":"https://www.alcampo.es/media/h44/h0a/10865495900190.jpg","name":"Cerveza tostada doble lúpulo MAHOU MAESTRA pack 12 uds. x 33 cl. ","price":"8,40 €","offer_price":0,"offer_type":null,"stock":false,"super":"alcampo"},{"img":"https://www.alcampo.es/media/h90/h88/10396999090206.jpg","name":"Cerveza SAN MIGUEL ESPECIAL pack de 12 Botellines de 25 centilitros","price":"4,89 €","offer_price":0,"offer_type":null,"stock":false,"super":"alcampo"},{"img":"https://www.alcampo.es/media/h17/h19/9546858561566.jpg","name":"Cerveza sin alcohol BUCKLER, pack de 6 uds. x 25 cl.","price":"2,29 €","offer_price":0,"offer_type":null,"stock":false,"super":"alcampo"},{"img":"https://www.alcampo.es/media/h48/h2d/9558660513822.gif","name":"Cerveza de trigo sin alcohol ERDINGER ALKOHOLFREI botella de 33 cl.","price":"1,09 €","offer_price":0,"offer_type":null,"stock":false,"super":"alcampo"},{"img":"https://www.alcampo.es/media/h23/h41/10519350050846.jpg","name":"Cerveza rubia Punk Ipa BREWDOG 33 cl.","price":"1,90 €","offer_price":0,"offer_type":null,"stock":false,"super":"alcampo"},{"img":"https://www.alcampo.es/media/hfd/h96/9546813800478.jpg","name":"Cervezas CRUZCAMPO pack de 6 uds x 25 cl.","price":"2,72 €","offer_price":0,"offer_type":null,"stock":false,"super":"alcampo"},{"img":"https://www.alcampo.es/media/hed/h7a/10464074924062.jpg","name":"Cerveza AMSTEL 100 % MALTA lata de 50 cl.","price":"0,78 €","offer_price":0,"offer_type":null,"stock":false,"super":"alcampo"},{"img":"https://www.alcampo.es/media/h1a/hb4/8952597610526.jpg","name":"Cerveza de trigo ERDINGER botella 50 cl.","price":"1,35 €","offer_price":0,"offer_type":null,"stock":false,"super":"alcampo"},{"img":"https://www.alcampo.es/media/h36/h10/9546905976862.jpg","name":"Cerveza HEINEKEN lata de 50 centilitros","price":"1,04 €","offer_price":0,"offer_type":null,"stock":false,"super":"alcampo"},{"img":"https://www.alcampo.es/media/h0f/hba/10519336976414.jpg","name":"Cerveza 1906 RESERVA ESPECIAL 50 cl.","price":"1,44 €","offer_price":0,"offer_type":null,"stock":false,"super":"alcampo"},{"img":"https://www.alcampo.es/media/h21/hc8/10407763935262.jpg","name":"Cerveza Red IPA (India Pale Ale) MORITZ 33 cl","price":"1,20 €","offer_price":0,"offer_type":null,"stock":false,"super":"alcampo"},{"img":"https://www.alcampo.es/media/h81/hfd/10867122077726.jpg","name":"Cerveza India Pale Lager SAN MIGUEL MANILA 33 cl.","price":"0,76 €","offer_price":0,"offer_type":null,"stock":false,"super":"alcampo"},{"img":"https://www.alcampo.es/media/h90/h4e/9037217660958.jpg","name":"Cerveza negra sin alcohol SUPER BOCK pack 6 uds. x 25 cl.","price":"3,20 €","offer_price":0,"offer_type":null,"stock":false,"super":"alcampo"},{"img":"https://www.alcampo.es/media/h14/h27/10250178232350.jpg","name":"Cerveza rubia IPA SAN MIGUEL YAKINA VALLEY 33 cl.","price":"1,08 €","offer_price":0,"offer_type":null,"stock":false,"super":"alcampo"},{"img":"https://www.alcampo.es/media/hc4/he9/10911475236894.jpg","name":"Cerveza sin alcohol SAN MIGUEL pack de 12 uds x 33 cl.","price":"6,60 €","offer_price":0,"offer_type":null,"stock":false,"super":"alcampo"},{"img":"https://www.alcampo.es/media/h54/h90/8893750116382.jpg","name":"Cerveza con limón sin alcohol CLAUSTHALER LEMON botella de 33 centilitros","price":"1,09 €","offer_price":0,"offer_type":null,"stock":false,"super":"alcampo"},{"img":"https://www.alcampo.es/media/hd4/h26/9309864198174.jpg","name":"Malta líquida sin alcohol MALTA GOYA botella de 33 cl.","price":"1,09 €","offer_price":0,"offer_type":null,"stock":false,"super":"alcampo"},{"img":"https://www.alcampo.es/media/he8/hc6/10448414343198.jpg","name":"Cerveza Belga tostada LEFFE TRIPLE botella 33 cl.","price":"1,55 €","offer_price":0,"offer_type":null,"stock":false,"super":"alcampo"},{"img":"https://www.alcampo.es/media/hf8/he5/8887442866206.jpg","name":"Cerveza rubia BUDEJOVICKY BUDVAR 33 cl.","price":"1,10 €","offer_price":0,"offer_type":null,"stock":false,"super":"alcampo"},{"img":"https://www.alcampo.es/media/h29/h4e/10472624521246.jpg","name":"Cervezas rubias AMSTEL100 % MALTA pack 24 uds x 33 cl.","price":"9,48 €","offer_price":0,"offer_type":null,"stock":false,"super":"alcampo"},{"img":"https://www.alcampo.es/media/hc2/h85/10891920506910.jpg","name":"Cervezas ALHAMBRA ESPECIAL pack de 4 uds. de 33 cl.","price":"3,95 €","offer_price":0,"offer_type":null,"stock":false,"super":"alcampo"},{"img":"https://www.alcampo.es/media/ha0/hbb/10801856806942.jpg","name":"Cervezas SAN MIGUEL PREMIUM ESPECIAL pack 28 uds. x 33 cl.","price":"12,99 €","offer_price":0,"offer_type":null,"stock":false,"super":"alcampo"},{"img":"https://www.alcampo.es/media/h1b/hed/9234805653534.jpg","name":"Cerveza Premium extra lúpulo, IPA AMBAR IPA botella 33 cl.","price":"1,25 €","offer_price":0,"offer_type":null,"stock":false,"super":"alcampo"},{"img":"https://www.alcampo.es/media/h26/h11/9173330001950.jpg","name":"Cerveza especial mini ESTRELLA GALICIA lata de 25 cl. ","price":"0,59 €","offer_price":0,"offer_type":null,"stock":false,"super":"alcampo"},{"img":"https://www.alcampo.es/media/hb4/h00/8952686116894.jpg","name":"Cerveza Japonesa de Importación KIRIN ICHIBAN Botella 33 Centilitros","price":"0,98 €","offer_price":0,"offer_type":null,"stock":false,"super":"alcampo"},{"img":"https://www.alcampo.es/media/ha6/h34/10865490919454.jpg","name":"Cerveza con limón sin alcohol MAHOU MIXTA pack de 6 uds. de 25 cl.","price":"2,79 €","offer_price":0,"offer_type":null,"stock":false,"super":"alcampo"},{"img":"https://www.alcampo.es/media/hd5/h63/10172147269662.jpg","name":"Cerveza Ipa CRUZCAMPO ANDALUSIAN 33 cl.","price":"0,95 €","offer_price":0,"offer_type":null,"stock":false,"super":"alcampo"},{"img":"https://www.alcampo.es/media/h62/h41/10428600385566.jpg","name":"Cerveza tipo lager y estilo pilsen de espuma consistente CRUZCAMPO lata 50 cl.","price":"0,79 €","offer_price":0,"offer_type":null,"stock":false,"super":"alcampo"},{"img":"https://www.alcampo.es/media/h2e/ha3/8952611995678.jpg","name":"Cerveza holandesa GROLSCH PREMIUM LAGER botella 45 cl.","price":"1,62 €","offer_price":0,"offer_type":null,"stock":false,"super":"alcampo"},{"img":"https://www.alcampo.es/media/he1/he2/9546835296286.jpg","name":"Cerveza con sabor a tequila DESPERADOS, lata de 33 centilitros.","price":"0,98 €","offer_price":0,"offer_type":null,"stock":false,"super":"alcampo"},{"img":"https://www.alcampo.es/media/haa/h11/8952720621598.jpg","name":"Cerveza trapense CHIMAY AZUL botella 33 cl.","price":"2,58 €","offer_price":0,"offer_type":null,"stock":false,"super":"alcampo"},{"img":"https://www.alcampo.es/media/he8/h85/8898005762078.jpg","name":"Cerveza sin gluten AMBAR, botella de 33 cl.","price":"0,88 €","offer_price":0,"offer_type":null,"stock":false,"super":"alcampo"},{"img":"https://www.alcampo.es/media/h43/h9f/10397049749534.jpg","name":"Cerveza Ipa Inglesa MARSTON´S OLD EMPIRE 50 cl.","price":"1,74 €","offer_price":0,"offer_type":null,"stock":false,"super":"alcampo"},{"img":"https://www.alcampo.es/media/hf5/h1c/10865523130398.jpg","name":"Cerveza sin alcohol ALHAMBRA 1 l.","price":"1,26 €","offer_price":0,"offer_type":null,"stock":false,"super":"alcampo"},{"img":"https://www.alcampo.es/media/h4e/h6f/9350755975198.jpg","name":"Cerveza Maestra Dunkel MAHOU 33 cl.","price":"0,99 €","offer_price":0,"offer_type":null,"stock":false,"super":"alcampo"},{"img":"https://www.alcampo.es/media/h8f/ha5/10519499145246.jpg","name":"Cerveza IPA CRUZCAMPO ANDALUSIAN 33 cl.","price":"0,86 €","offer_price":0,"offer_type":null,"stock":false,"super":"alcampo"},{"img":"https://www.alcampo.es/media/h1a/ha7/9898954686494.jpg","name":"Cervezas negra (0,0 % Vol.) ESTRELLA GALICIA pack 6 uds. x 25 cl.","price":"3,79 €","offer_price":0,"offer_type":null,"stock":false,"super":"alcampo"},{"img":"https://www.alcampo.es/media/hbd/h1a/10397053190174.jpg","name":"Cerveza limón 0,0 SAN MIGUEL RADLER pack 6 uds. x 25 cl.","price":"2,49 €","offer_price":0,"offer_type":null,"stock":false,"super":"alcampo"},{"img":"https://www.alcampo.es/media/he8/h8d/8898641657886.jpg","name":"Cerveza checa negra de importación PRAGA botella 50 cl.","price":"1,33 €","offer_price":0,"offer_type":null,"stock":false,"super":"alcampo"},{"img":"https://www.alcampo.es/media/h0f/hd8/9546854596638.jpg","name":"Cerveza sin alcohol (0,0% Vol.) CRUZCAMPO pack de 6 uds. de 25 cl.","price":"2,49 €","offer_price":0,"offer_type":null,"stock":false,"super":"alcampo"},{"img":"https://www.alcampo.es/media/h6f/h17/8951790501918.jpg","name":"Cerveza holandesa sin alcohol HOLBRAND, pack de 12 latas de 33 centilitros.","price":"3,24 €","offer_price":0,"offer_type":null,"stock":false,"super":"alcampo"},{"img":"https://www.alcampo.es/media/ha4/h9c/9123292643358.jpg","name":"Cerveza rubia envejecida en barrica MAHOU botella 33 cl. ","price":"1,93 €","offer_price":0,"offer_type":null,"stock":false,"super":"alcampo"},{"img":"https://www.alcampo.es/media/h72/h07/9546811473950.jpg","name":"Cerveza CRUZCAMPO GRAN RESERVA lata de 33 cl.","price":"0,78 €","offer_price":0,"offer_type":null,"stock":false,"super":"alcampo"},{"img":"https://www.alcampo.es/media/hec/ha9/8878533902366.jpg","name":"Cerveza Belga ABBAYE D'AULNE Blonde botella 33 cl.","price":"1,69 €","offer_price":0,"offer_type":null,"stock":false,"super":"alcampo"},{"img":"https://www.alcampo.es/media/hc0/h3d/10519494459422.jpg","name":"Cerveza Alemana artesana 5,2 º GREVENSTEINER LANDBIER ORIGINAL botella de 50 cl.","price":"1,67 €","offer_price":0,"offer_type":null,"stock":false,"super":"alcampo"},{"img":"https://www.alcampo.es/media/h70/h09/9522747703326.jpg","name":"Cervezas Edición Especial LA ESTRELLA DE GALICIA pack 6 botellas x 33 cl. ","price":"5,08 €","offer_price":0,"offer_type":null,"stock":false,"super":"alcampo"},{"img":"https://www.alcampo.es/media/h33/hbe/10566585057310.jpg","name":"Cerveza rubia Lager LA SAGRA BOHEMIA 33 cl.","price":"0,69 €","offer_price":0,"offer_type":null,"stock":false,"super":"alcampo"},{"img":"https://www.alcampo.es/media/hbc/hd1/8892293513246.jpg","name":"Cerveza VELTINS PILS botella 50 cl.","price":"1,39 €","offer_price":0,"offer_type":null,"stock":false,"super":"alcampo"},{"img":"https://www.alcampo.es/media/h18/hab/10073661177886.jpg","name":"Cervezas negras extra 1906 BLACK COUPAGE pack 6 uds. x 33 cl.","price":"6,28 €","offer_price":0,"offer_type":null,"stock":false,"super":"alcampo"},{"img":"https://www.alcampo.es/media/h22/h02/9312765050910.jpg","name":"Cerveza rubia tipo Ipa LA VIRGEN 33 cl. ","price":"2,04 €","offer_price":0,"offer_type":null,"stock":false,"super":"alcampo"},{"img":"https://www.alcampo.es/media/hcb/hcc/10448404414494.jpg","name":"Cerveza lager Checa PILSNER URQUELL botella 33 cl.","price":"1,24 €","offer_price":0,"offer_type":null,"stock":false,"super":"alcampo"},{"img":"https://www.alcampo.es/media/h14/hd7/10441452748830.jpg","name":"Cerveza Intense Gold 8.6 lata de 50 dl.","price":"1,21 €","offer_price":0,"offer_type":null,"stock":false,"super":"alcampo"},{"img":"https://www.alcampo.es/media/hb4/h50/9021146955806.jpg","name":"Cerveza de sabor suave y aromas ligeramente afrutado MAHOU pack de 6 botellas de 25 cl.","price":"2,59 €","offer_price":0,"offer_type":null,"stock":false,"super":"alcampo"},{"img":"https://www.alcampo.es/media/h94/h7b/9915958657054.jpg","name":"Cerveza AMBAR botella de 1 l.","price":"1,69 €","offer_price":0,"offer_type":null,"stock":false,"super":"alcampo"},{"img":"https://www.alcampo.es/media/h74/hbf/10358799925278.jpg","name":"Cerveza artesana ARRIACA IMPERIAL RED IPA lata 33 cl. ","price":"1,95 €","offer_price":0,"offer_type":null,"stock":false,"super":"alcampo"},{"img":"https://www.alcampo.es/media/h84/he2/9186539012126.jpg","name":"Cerveza HEINEKEN Torp Barril de 2 l. ","price":"6,03 €","offer_price":0,"offer_type":null,"stock":false,"super":"alcampo"},{"img":"https://www.alcampo.es/media/h15/h7b/8867394945054.jpg","name":"Cerveza alemana premium de trigo KÖNING LUDWING WEISSBIER 50 cl.","price":"1,61 €","offer_price":0,"offer_type":null,"stock":false,"super":"alcampo"},{"img":"https://www.alcampo.es/media/hf0/heb/10172171059230.jpg","name":"Cervezas tostadas AMSTEL ORO pack 10 uds. x 33 cl.","price":"6,27 €","offer_price":0,"offer_type":null,"stock":false,"super":"alcampo"},{"img":"https://www.alcampo.es/media/h6b/h28/9915996602398.jpg","name":"Cerveza sin alcohol 0.0% AMBAR PREMIUM pack 6 uds..x 25 cl. ","price":"2,99 €","offer_price":0,"offer_type":null,"stock":false,"super":"alcampo"},{"img":"https://www.alcampo.es/media/haf/h03/8891304443934.jpg","name":"Malta Classic KARAMALZ 33 Centilitros","price":"0,75 €","offer_price":0,"offer_type":null,"stock":false,"super":"alcampo"},{"img":"https://www.alcampo.es/media/hec/h1b/8952667045918.jpg","name":"Cerveza Checa PILSNER URQUELL Lata 50 Cl.","price":"1,70 €","offer_price":0,"offer_type":null,"stock":false,"super":"alcampo"},{"img":"https://www.alcampo.es/media/hf2/h6e/9355350933534.jpg","name":"Cervezas BUDWEISER pack de 6 botellines de 25 centilitros","price":"3,59 €","offer_price":0,"offer_type":null,"stock":false,"super":"alcampo"},{"img":"https://www.alcampo.es/media/ha4/h29/9312777764894.jpg","name":"Cerveza Jamonera LA VIRGEN 33 cl.","price":"1,88 €","offer_price":0,"offer_type":null,"stock":false,"super":"alcampo"},{"img":"https://www.alcampo.es/media/h8f/h0a/10397048700958.jpg","name":"Cerveza SAN MIGUEL pack 6 uds. x 25 cl.","price":"2,64 €","offer_price":0,"offer_type":null,"stock":false,"super":"alcampo"},{"img":"https://www.alcampo.es/media/hef/h01/10865503305758.jpg","name":"Cervezas ALHAMBRA pack 6 uds. x 25 CL.","price":"2,81 €","offer_price":0,"offer_type":null,"stock":false,"super":"alcampo"},{"img":"https://www.alcampo.es/media/hca/hb9/10414726283294.jpg","name":"Cerveza mojito DESPERADOS 50 cl.","price":"1,47 €","offer_price":0,"offer_type":null,"stock":false,"super":"alcampo"},{"img":"https://www.alcampo.es/media/h01/h5c/10441326133278.jpg","name":"Cerveza Original Intense Blond 8.6 lata 50 cl.","price":"1,32 €","offer_price":0,"offer_type":null,"stock":false,"super":"alcampo"},{"img":"https://www.alcampo.es/media/h83/h64/10470212435998.jpg","name":"Cervezas Irish Red Ale 1906 pack 6 uds. x 33 cl.","price":"6,04 €","offer_price":0,"offer_type":null,"stock":false,"super":"alcampo"},{"img":"https://www.alcampo.es/media/h16/h5a/8930577186846.jpg","name":"Cerveza alemana rubia SCHWABEN botella 50 cl.","price":"1,30 €","offer_price":0,"offer_type":null,"stock":false,"super":"alcampo"},{"img":"https://www.alcampo.es/media/h76/h80/10472598077470.jpg","name":"Cervezas AMSTEL 100 % MALTA 12 x 25 cl.","price":"5,48 €","offer_price":0,"offer_type":null,"stock":false,"super":"alcampo"},{"img":"https://www.alcampo.es/media/h78/h45/8927381061662.jpg","name":"Cerveza Checa STAROPRAMEN lata 50 cl.","price":"1,29 €","offer_price":0,"offer_type":null,"stock":false,"super":"alcampo"},{"img":"https://www.alcampo.es/media/hf0/he6/10896263643166.jpg","name":"Cervezas con zumo natural de limón y 0,0 % alcohol AMSTEL RADLER pack 12 uds. x 33 cl.","price":"6,36 €","offer_price":0,"offer_type":null,"stock":false,"super":"alcampo"},{"img":"https://www.alcampo.es/media/h73/hb0/10518984785950.jpg","name":"Cerveza rubia BREWDOG DEAD PONY CLUB 33 cl.","price":"1,95 €","offer_price":0,"offer_type":null,"stock":false,"super":"alcampo"},{"img":"https://www.alcampo.es/media/h03/hc0/8951813275678.jpg","name":"Cerveza holandesa HOLBRAND, pack de 12 latas de 50 centilitros.","price":"4,92 €","offer_price":0,"offer_type":null,"stock":false,"super":"alcampo"},{"img":"https://www.alcampo.es/media/h63/h74/10896289333278.jpg","name":"Cervezas sin alcohol, 0,0 % AMSTEL pack de 6 uds de 25 cl.","price":"2,49 €","offer_price":0,"offer_type":null,"stock":false,"super":"alcampo"},{"img":"https://www.alcampo.es/media/hd7/h56/9546885595166.jpg","name":"Cerveza negra GUINNESS DRAUGHT botella 33 cl.","price":"2,42 €","offer_price":0,"offer_type":null,"stock":false,"super":"alcampo"},{"img":"https://www.alcampo.es/media/hf2/he3/8898770960414.jpg","name":"Cerveza trapense belga ROCHEFORT-8 botella 33 cl.","price":"2,45 €","offer_price":0,"offer_type":null,"stock":false,"super":"alcampo"},{"img":"https://www.alcampo.es/media/hc8/h04/10608085106718.jpg","name":"Cervezas EL ÁGUILA 1900 pack 10 uds. x 33 cl.","price":"5,90 €","offer_price":0,"offer_type":null,"stock":false,"super":"alcampo"},{"img":"https://www.alcampo.es/media/hcc/h88/9222675922974.jpg","name":"Cerveza belga de trigo con sabor a frambuesa CHÉRIE botella 33 cl.","price":"2,39 €","offer_price":0,"offer_type":null,"stock":false,"super":"alcampo"},{"img":"https://www.alcampo.es/media/hae/h08/10433611497502.jpg","name":"Cervezas tostadas 1906 RED VINTAGE pack 6 uds. x 33 cl.","price":"5,34 €","offer_price":0,"offer_type":null,"stock":false,"super":"alcampo"},{"img":"https://www.alcampo.es/media/h02/h64/9312786317342.jpg","name":"Cerveza Madrid Lager LA VIRGEN 33 cl.","price":"1,68 €","offer_price":0,"offer_type":null,"stock":false,"super":"alcampo"},{"img":"https://www.alcampo.es/media/ha6/hdd/8930431402014.jpg","name":"Cerveza Alemana WERSTEINER botella 33 cl.","price":"0,99 €","offer_price":0,"offer_type":null,"stock":false,"super":"alcampo"},{"img":"https://www.alcampo.es/media/hcd/hed/8941325385758.jpg","name":"Cerveza con limón DAMM LEMON botella de 25 centilitros","price":"0,45 €","offer_price":0,"offer_type":null,"stock":false,"super":"alcampo"},{"img":"https://www.alcampo.es/media/he9/h42/9916023439390.jpg","name":"Cerveza AMBAR Export pack de 6 botellines de 25 centilitros","price":"3,88 €","offer_price":0,"offer_type":null,"stock":false,"super":"alcampo"},{"img":"https://www.alcampo.es/media/h95/heb/8959749980190.jpg","name":"Cerveza rubia de abadía ABBAYE D'AULNE PREMIER CRU botella 33 cl.","price":"1,59 €","offer_price":0,"offer_type":null,"stock":false,"super":"alcampo"},{"img":"https://www.alcampo.es/media/h24/he6/10397042245662.jpg","name":"Cerveza (0,0% alcohol) con sabor a manzan SAN MIGUEL pack 6 botellines de 25 centilitros","price":"2,98 €","offer_price":0,"offer_type":null,"stock":false,"super":"alcampo"},{"img":"https://www.alcampo.es/media/h3e/hdf/8994491170846.jpg","name":"Cerveza Francesa de Importación KRONENBOURG Lata 33 Centilitros","price":"0,75 €","offer_price":0,"offer_type":null,"stock":false,"super":"alcampo"},{"img":"https://www.alcampo.es/media/h6d/h2c/9222554091550.jpg","name":"Cerveza artesana Pilsner MADRÍ CHULAPO botella 33 cl. ","price":"0,95 €","offer_price":0,"offer_type":null,"stock":false,"super":"alcampo"},{"img":"https://www.alcampo.es/media/he5/h48/10867111133214.jpg","name":"Cerveza India Pale Lager SAN MIGUEL MANILA 33 cl.","price":"0,99 €","offer_price":0,"offer_type":null,"stock":false,"super":"alcampo"},{"img":"https://www.alcampo.es/media/h57/h7d/9915969273886.jpg","name":"Cervezas AMBAR pack de 6 uds.. X 25 cl.","price":"3,24 €","offer_price":0,"offer_type":null,"stock":false,"super":"alcampo"},{"img":"https://www.alcampo.es/media/h06/hb6/8896735215646.jpg","name":"Cerveza negra BUDEJOVICKY BUDVAR botella 33 cl.","price":"1,10 €","offer_price":0,"offer_type":null,"stock":false,"super":"alcampo"},{"img":"https://www.alcampo.es/media/h91/he3/10472570880030.jpg","name":"Cervezas AMSTEL 100 % MALTA pack 6 uds. de 25 cl.","price":"2,24 €","offer_price":0,"offer_type":null,"stock":false,"super":"alcampo"},{"img":"https://www.alcampo.es/media/h69/h55/9215208980510.jpg","name":"Cerveza premium rubia MAISEL&amp;FRIENDS IPA 33 cl. ","price":"1,78 €","offer_price":0,"offer_type":null,"stock":false,"super":"alcampo"},{"img":"https://www.alcampo.es/media/he4/h76/9492165230622.jpg","name":"Cerveza rubia lata SAN MIGUEL 1516 33 cl.","price":"0,85 €","offer_price":0,"offer_type":null,"stock":false,"super":"alcampo"},{"img":"https://www.alcampo.es/media/hf0/hfd/9352948482078.jpg","name":"Cerveza rubia Premium LA VIRGEN 33 cl.","price":"1,23 €","offer_price":0,"offer_type":null,"stock":false,"super":"alcampo"},{"img":"https://www.alcampo.es/media/h85/hae/9546849452062.jpg","name":"Cerveza HEINEKEN pack de 6 uds. de 33 cl.","price":"6,18 €","offer_price":0,"offer_type":null,"stock":false,"super":"alcampo"},{"img":"https://www.alcampo.es/media/h5d/he3/10519044718622.jpg","name":"Cerveza de trigo blanca Belga VEDETT botella 33 cl.","price":"1,79 €","offer_price":0,"offer_type":null,"stock":false,"super":"alcampo"},{"img":"https://www.alcampo.es/media/h79/h24/9223934836766.jpg","name":"Cerveza Portuguesa rubia SUPER BOCK 6 x 25 cl.","price":"3,49 €","offer_price":0,"offer_type":null,"stock":false,"super":"alcampo"},{"img":"https://www.alcampo.es/media/hd3/h7c/9580481511454.jpg","name":"Cerveza Especial CRUZCAMPO 50 ml.","price":"0,92 €","offer_price":0,"offer_type":null,"stock":false,"super":"alcampo"},{"img":"https://www.alcampo.es/media/ha3/hcd/10397004431390.jpg","name":"Cerveza Ambar Ale Inglesa MARSTON’S PEDIGREE 50 cl.","price":"2,49 €","offer_price":0,"offer_type":null,"stock":false,"super":"alcampo"},{"img":"https://www.alcampo.es/media/ha3/h9c/8952635424798.jpg","name":"Cerveza trapense CHIMAY ROJA botella 33 cl.","price":"2,23 €","offer_price":0,"offer_type":null,"stock":false,"super":"alcampo"},{"img":"https://www.alcampo.es/media/h57/hf6/9178453049374.jpg","name":"Cerveza con sabor a limón SUPER BOCK GREEN pack de 6 botellas de 33 centilitros","price":"4,49 €","offer_price":0,"offer_type":null,"stock":false,"super":"alcampo"},{"img":"https://www.alcampo.es/media/h43/h1d/8959691358238.jpg","name":"Cerveza tostada de Abadía ABBAYE D'AULNE BRUNE botella de 33 cl.","price":"1,79 €","offer_price":0,"offer_type":null,"stock":false,"super":"alcampo"},{"img":"https://www.alcampo.es/media/h84/hcb/10133909307422.jpg","name":"Cerveza IPA (Indian Pele Ale) Dry Hopping GASTRO 40 cl.","price":"1,83 €","offer_price":0,"offer_type":null,"stock":false,"super":"alcampo"},{"img":"https://www.alcampo.es/media/h73/h72/9089254916126.jpg","name":"Cerveza Alemana premium de trigo SCHOFFERHOFER 50cl","price":"1,54 €","offer_price":0,"offer_type":null,"stock":false,"super":"alcampo"},{"img":"https://www.alcampo.es/media/hd3/h89/9289010741278.jpg","name":"Cerveza rubia doble malta VOLL-DAMM botella 33 cl.","price":"0,99 €","offer_price":0,"offer_type":null,"stock":false,"super":"alcampo"},{"img":"https://www.alcampo.es/media/h22/h49/8897859223582.jpg","name":"Cerveza Alemana turbia de Importación SCHNEIDER WEISSE botella 50 cl.","price":"1,99 €","offer_price":0,"offer_type":null,"stock":false,"super":"alcampo"},{"img":"https://www.alcampo.es/media/h91/ha9/9399661428766.jpg","name":"Cerveza alemana Hefenweizen dunkel SCHÖFFERHOFER 50 cl.","price":"1,79 €","offer_price":0,"offer_type":null,"stock":false,"super":"alcampo"},{"img":"https://www.alcampo.es/media/h64/h01/9492169621534.jpg","name":"Cerveza botella SAN MIGUEL 1516 de 33 cl.","price":"0,94 €","offer_price":0,"offer_type":null,"stock":false,"super":"alcampo"},{"img":"https://www.alcampo.es/media/he8/h53/8938168778782.jpg","name":"Cerveza artesana ecológica MULHACÉN 33 centilitros","price":"1,65 €","offer_price":0,"offer_type":null,"stock":false,"super":"alcampo"},{"img":"https://www.alcampo.es/media/hd9/h00/10519373250590.jpg","name":"Cerveza rubia INDIE BREWDOG 33 cl.","price":"1,61 €","offer_price":0,"offer_type":null,"stock":false,"super":"alcampo"},{"img":"https://www.alcampo.es/media/h49/h87/9546878681118.jpg","name":"Cerveza HEINEKEN barril 5 l.","price":"16,29 €","offer_price":0,"offer_type":null,"stock":false,"super":"alcampo"},{"img":"https://www.alcampo.es/media/h47/h14/9893331992606.jpg","name":"Cerveza rubia EL ÁGUILA 1900 25 cl.","price":"0,51 €","offer_price":0,"offer_type":null,"stock":false,"super":"alcampo"},{"img":"https://www.alcampo.es/media/hcc/heb/8949448605726.jpg","name":"Cerveza Belga, ABBAYE D'AULNE, botella de 33 centilitros.","price":"1,69 €","offer_price":0,"offer_type":null,"stock":false,"super":"alcampo"},{"img":"https://www.alcampo.es/media/h1a/hcb/9546815832094.jpg","name":"Cerveza HEINEKEN botella de 33 centilitros (tercio)","price":"0,99 €","offer_price":0,"offer_type":null,"stock":false,"super":"alcampo"},{"img":"https://www.alcampo.es/media/h82/h98/9546883268638.jpg","name":"Cerveza tostada AMSTEL Oro 33 cl.","price":"0,78 €","offer_price":0,"offer_type":null,"stock":false,"super":"alcampo"},{"img":"https://www.alcampo.es/media/hc1/hf8/10519504617502.jpg","name":"Cerveza aroma cítricos ELVIS JUICE BREWDOG 33 cl.","price":"3 €","offer_price":0,"offer_type":null,"stock":false,"super":"alcampo"},{"img":"https://www.alcampo.es/media/h08/he9/10896261677086.jpg","name":"Cerveza AMSTEL CLÁSICA Botella de 1 Litro","price":"1,20 €","offer_price":0,"offer_type":null,"stock":false,"super":"alcampo"},{"img":"https://www.alcampo.es/media/he2/h06/8899462103070.jpg","name":"Cerveza rubia BURRO DE SANCHO botella 33 cl.","price":"1,35 €","offer_price":0,"offer_type":null,"stock":false,"super":"alcampo"},{"img":"https://www.alcampo.es/media/h04/hb2/8892111781918.jpg","name":"Cerveza LA TRAPPE DUBBEL botella 33 cl.","price":"1,58 €","offer_price":0,"offer_type":null,"stock":false,"super":"alcampo"},{"img":"https://www.alcampo.es/media/hfe/h55/10365943480350.jpg","name":"Cervezas rubia CRUZCAMPO ESPECIAL pack 6 uds. x 20 cl.","price":"2,64 €","offer_price":0,"offer_type":null,"stock":false,"super":"alcampo"},{"img":"https://www.alcampo.es/media/h38/h7b/8930130231326.jpg","name":"Cerveza alemana negra SCHWABEN botella 50 cl.","price":"2,49 €","offer_price":0,"offer_type":null,"stock":false,"super":"alcampo"},{"img":"https://www.alcampo.es/media/hfd/hc9/10911415304222.jpg","name":"Cervezas 0,0 % HEINEKEN pack 12 uds. x33 cl.","price":"7,79 €","offer_price":0,"offer_type":null,"stock":false,"super":"alcampo"},{"img":"https://www.alcampo.es/media/h25/h5f/8952554913822.jpg","name":"Cerveza tostada holandesa LA TRAPPE 33 cl.","price":"2,18 €","offer_price":0,"offer_type":null,"stock":false,"super":"alcampo"},{"img":"https://www.alcampo.es/media/h1b/hac/9538924150814.jpg","name":"Cerveza Ipa CHULA 33 cl","price":"1,99 €","offer_price":0,"offer_type":null,"stock":false,"super":"alcampo"},{"img":"https://www.alcampo.es/media/h49/hc3/10913573765150.jpg","name":"Cervezas sabor limón CRUZCAMPO SHANDY pack 12 usds. x 33 cl.","price":"7,44 €","offer_price":0,"offer_type":null,"stock":false,"super":"alcampo"},{"img":"https://www.alcampo.es/media/h78/hb3/10172172042270.jpg","name":"Cervezas EL ÁGUILA 1900 pack 6 uds. x 25 cl","price":"3,06 €","offer_price":0,"offer_type":null,"stock":false,"super":"alcampo"},{"img":"https://www.alcampo.es/media/hd2/haa/9547823939614.jpg","name":"Cervezas Golden Lager SAN MIGUEL pack 6 uds. x 25 cl ","price":"3,04 €","offer_price":0,"offer_type":null,"stock":false,"super":"alcampo"},{"img":"https://www.alcampo.es/media/hee/hc8/9546894475294.jpg","name":"Cervezas tostada AMSTEL ORO pack de 6 uds de 33 cl (tercio)","price":"4,14 €","offer_price":0,"offer_type":null,"stock":false,"super":"alcampo"},{"img":"https://www.alcampo.es/media/h16/h2f/9770119364638.jpg","name":"Cerveza de trigo Alemana de Importación AVENTINUS botella 50 cl.","price":"1,95 €","offer_price":0,"offer_type":null,"stock":false,"super":"alcampo"},{"img":"https://www.alcampo.es/media/h1e/h3c/9251647848478.jpg","name":"Cerveza premium 8 lúpulos mediterránea COMPLOT IPA 33 cl. ","price":"1,71 €","offer_price":0,"offer_type":null,"stock":false,"super":"alcampo"},{"img":"https://www.alcampo.es/media/h2c/hb3/10865460051998.jpg","name":"Cerveza ecológica SAN MIGUEL pack de 6 uds x 25 cl.","price":"2,81 €","offer_price":0,"offer_type":null,"stock":false,"super":"alcampo"},{"img":"https://www.alcampo.es/media/h2a/h72/10519000678430.jpg","name":"Cerveza de frutas del bosque LIEFMANS botella de 25 centilitros","price":"1,79 €","offer_price":0,"offer_type":null,"stock":false,"super":"alcampo"},{"img":"https://www.alcampo.es/media/h8f/he1/9542476398622.jpg","name":"Cervezas CRUZCAMPO GRAN RESERVA pack 10 uds, x 33 cl.","price":"7,27 €","offer_price":0,"offer_type":null,"stock":false,"super":"alcampo"},{"img":"https://www.alcampo.es/media/h71/hea/10865323376670.jpg","name":"Cervezas Golden Lager SAN MIGUEL MAGNA pack 12 uds, x 33 cl.","price":"5,64 €","offer_price":0,"offer_type":null,"stock":false,"super":"alcampo"},{"img":"https://www.alcampo.es/media/h72/h64/8959807094814.jpg","name":"Cerveza rubia nacional SAN MIGUEL FRESCA pack 6 uds. x 33 cl.","price":"4,92 €","offer_price":0,"offer_type":null,"stock":false,"super":"alcampo"},{"img":"https://www.alcampo.es/media/h7e/hfa/10358777085982.jpg","name":"Cerveza artesanal ARRIACA PORTER lata de 33 cl. ","price":"1,76 €","offer_price":0,"offer_type":null,"stock":false,"super":"alcampo"},{"img":"https://www.alcampo.es/media/haf/hf6/8899412230174.jpg","name":"Cerveza India COBRA botella de 33 cl.","price":"1,75 €","offer_price":0,"offer_type":null,"stock":false,"super":"alcampo"},{"img":"https://www.alcampo.es/media/hce/haf/9823078285342.jpg","name":"Cerveza rubia LS CIBELES 33 cl","price":"1,75 €","offer_price":0,"offer_type":null,"stock":false,"super":"alcampo"},{"img":"https://www.alcampo.es/media/hfa/hc7/10519349887006.jpg","name":"Cerveza tipo Abadía Belga MAREDSOUS BLOND Botella 33 cl.","price":"1,79 €","offer_price":0,"offer_type":null,"stock":false,"super":"alcampo"},{"img":"https://www.alcampo.es/media/ha1/h37/10519346053150.jpg","name":"Cerveza Alemana artesana GREVENTEINER 50 cl.","price":"1,69 €","offer_price":0,"offer_type":null,"stock":false,"super":"alcampo"},{"img":"https://www.alcampo.es/media/h08/ha2/9037205536798.jpg","name":"Cerveza Belga ABBAYE D'AULNE Cuveé Royale botella 33 cl.","price":"1,95 €","offer_price":0,"offer_type":null,"stock":false,"super":"alcampo"},{"img":"https://www.alcampo.es/media/h53/h13/10358776496158.jpg","name":"Cervezas estuche degustación ARRIACA pack 3 uds. x 33 cl","price":"4,99 €","offer_price":0,"offer_type":null,"stock":false,"super":"alcampo"},{"img":"https://www.alcampo.es/media/h0d/h5d/9633084964894.jpg","name":"Cerveza Gran Reserva CRUZCAMPO pack 6 uds. x 33 cl.","price":"6,40 €","offer_price":0,"offer_type":null,"stock":false,"super":"alcampo"},{"img":"https://www.alcampo.es/media/hfd/h43/8923122860062.jpg","name":"Cerveza portuguesa tipo abadía SUPER BOCK pack de 6 botellas de 33 centilitros","price":"5,15 €","offer_price":0,"offer_type":null,"stock":false,"super":"alcampo"},{"img":"https://www.alcampo.es/media/h46/h2e/10422848192542.jpg","name":"Cervezas artesanas Alemanas GREVENSTEINER pack 4 uds. x 50 cl.","price":"5,08 €","offer_price":0,"offer_type":null,"stock":false,"super":"alcampo"},{"img":"https://www.alcampo.es/media/ha1/h4c/8890129645598.jpg","name":"Cerveza belga negra de Importación SAN SEBASTIAN botella 50 cl.","price":"6,19 €","offer_price":0,"offer_type":null,"stock":false,"super":"alcampo"},{"img":"https://www.alcampo.es/media/h82/he7/10044010627102.jpg","name":"Cerveza roja LA SAGRA CRIOLLA botella 33 cl.","price":"1,36 €","offer_price":0,"offer_type":null,"stock":false,"super":"alcampo"},{"img":"https://www.alcampo.es/media/h76/h19/9823037947934.jpg","name":"Cerveza castaña LA CIBELES 33 cl.","price":"1,75 €","offer_price":0,"offer_type":null,"stock":false,"super":"alcampo"},{"img":"https://www.alcampo.es/media/h9f/he6/10610882707486.jpg","name":"Cerveza Alemana artesana 5,2 º GERVENSTEINER HELLES botella 50 cl. ","price":"2,29 €","offer_price":0,"offer_type":null,"stock":false,"super":"alcampo"},{"img":"https://www.alcampo.es/media/h64/h26/10043939553310.jpg","name":"Cerveza artesana blanca de trigo LA SAGRA FLANDERS botella 33 cl.","price":"1,36 €","offer_price":0,"offer_type":null,"stock":false,"super":"alcampo"},{"img":"https://www.alcampo.es/media/h75/ha3/9177718390814.jpg","name":"Cervesa negra sin alcohol SUPER BOCK 25 cl.","price":"0,54 €","offer_price":0,"offer_type":null,"stock":false,"super":"alcampo"},{"img":"https://www.alcampo.es/media/h8b/h74/10172169093150.jpg","name":"Cerveza CRUZCAMPO botella de 75 cl.","price":"1,19 €","offer_price":0,"offer_type":null,"stock":false,"super":"alcampo"},{"img":"https://www.alcampo.es/media/hc7/h8a/9893314822174.jpg","name":"Cerveza rubia EL ÁLCAZAR 33 cl","price":"0,99 €","offer_price":0,"offer_type":null,"stock":false,"super":"alcampo"},{"img":"https://www.alcampo.es/media/h40/h23/8892784246814.jpg","name":"Cerveza abadía LEFFE botella 75 cl.","price":"3,18 €","offer_price":0,"offer_type":null,"stock":false,"super":"alcampo"},{"img":"https://www.alcampo.es/media/h34/hb0/9915961147422.jpg","name":"Cerveza SIERRA NEVADA PALE ALE 33 cl.","price":"2,68 €","offer_price":0,"offer_type":null,"stock":false,"super":"alcampo"},{"img":"https://www.alcampo.es/media/h7f/h83/9177636110366.jpg","name":"Cerveza premium Alemana SCHOFFERHOFER 50 cl. ","price":"1,73 €","offer_price":0,"offer_type":null,"stock":false,"super":"alcampo"},{"img":"https://www.alcampo.es/media/hfa/h91/9580504842270.jpg","name":"Cervezas Especial CRUZCAMPO pack 12 uds. x 25 cl.","price":"6,11 €","offer_price":0,"offer_type":null,"stock":false,"super":"alcampo"},{"img":"https://www.alcampo.es/media/hc3/hfc/9373521936414.jpg","name":"Cerveza tostada La Pelirroja de Getafe THE ONE 33 cl.","price":"1,49 €","offer_price":0,"offer_type":null,"stock":false,"super":"alcampo"},{"img":"https://www.alcampo.es/media/hdd/h6d/10441386229790.jpg","name":"Cerveza Intense IPL (Indian Pale Lager) 8.6 lata 50 cl. ","price":"1 €","offer_price":0,"offer_type":null,"stock":false,"super":"alcampo"},{"img":"https://www.alcampo.es/media/h0d/h14/9546841194526.jpg","name":"Cerveza rubia CRUZCAMPO TRIGO 33 cl.","price":"1,04 €","offer_price":0,"offer_type":null,"stock":false,"super":"alcampo"},{"img":"https://www.alcampo.es/media/hfb/h86/9630111760414.jpg","name":"Cerveza rubia BRUGSE ZOT 33 cl.","price":"1,99 €","offer_price":0,"offer_type":null,"stock":false,"super":"alcampo"},{"img":"https://www.alcampo.es/media/h43/hc2/10566517391390.jpg","name":"Cerveza Imperial Russian Stout ARRIACA 33 cl.","price":"1,99 €","offer_price":0,"offer_type":null,"stock":false,"super":"alcampo"},{"img":"https://www.alcampo.es/media/h43/h58/9823032082462.jpg","name":"Cerveza morena artesanal LA CIBELES botella 33 cl.","price":"1,75 €","offer_price":0,"offer_type":null,"stock":false,"super":"alcampo"},{"img":"https://www.alcampo.es/media/hc8/h53/9546887757854.jpg","name":"Cerveza CRUZCAMPO pack de 6 botellas de 25 cl.","price":"3,96 €","offer_price":0,"offer_type":null,"stock":false,"super":"alcampo"},{"img":"https://www.alcampo.es/media/hd0/h40/8869663146014.jpg","name":"Cerveza elaborada según la ley de pureza de 1516 SAN MIGUEL 1516 pack de 6 unidades de 33 centilitros","price":"5,10 €","offer_price":0,"offer_type":null,"stock":false,"super":"alcampo"},{"img":"https://www.alcampo.es/media/h19/h56/9660269854750.jpg","name":"Estuche de cerveza Alemana artesana GREVENSTEINER pack de 5 botellas de 50 cl.","price":"9,64 €","offer_price":0,"offer_type":null,"stock":false,"super":"alcampo"},{"img":"https://www.alcampo.es/media/h83/hf3/8892524724254.jpg","name":"Cerveza portuguesa tipo abadía SUPER BOCK botella de 33 centilitros","price":"1,49 €","offer_price":0,"offer_type":null,"stock":false,"super":"alcampo"},{"img":"https://www.alcampo.es/media/h82/hf4/9804659687454.jpg","name":"Cerveza Especial CRUZCAMPO pack 10 uds. x 33 cl.","price":"4,48 €","offer_price":0,"offer_type":null,"stock":false,"super":"alcampo"},{"img":"https://www.alcampo.es/media/hb7/h0e/9220314988574.jpg","name":"Cerveza Dinamarca premium 5% alc. FAXE lata 1 l.","price":"2,26 €","offer_price":0,"offer_type":null,"stock":false,"super":"alcampo"},{"img":"https://www.alcampo.es/media/h47/h4e/9178578092062.jpg","name":"Cerveza con sabor a limón SUPER BOCK GREEN 33 cl.","price":"0,75 €","offer_price":0,"offer_type":null,"stock":false,"super":"alcampo"},{"img":"https://www.alcampo.es/media/h69/h5e/9312293519390.jpg","name":"Cerveza de jengibre color ámbar Ginger Beard WYCHWOOD 500 ml.","price":"1,99 €","offer_price":0,"offer_type":null,"stock":false,"super":"alcampo"},{"img":"https://www.alcampo.es/media/h68/hbe/8894770053150.jpg","name":"Cerveza lambic belga LINDEMANS FARO 25 Centilitros","price":"1,75 €","offer_price":0,"offer_type":null,"stock":false,"super":"alcampo"},{"img":"https://www.alcampo.es/media/he5/h4e/9534544969758.jpg","name":"Cerveza light rubia, fresca y con un sabor afrutado MAISEL&amp;FRIENDS botella 33 cl. ","price":"1,89 €","offer_price":0,"offer_type":null,"stock":false,"super":"alcampo"},{"img":"https://www.alcampo.es/media/h61/h4d/9373502242846.jpg","name":"Cerveza artesana La Rubia de Getafe THE ONE 33 cl.","price":"1,49 €","offer_price":0,"offer_type":null,"stock":false,"super":"alcampo"},{"img":"https://www.alcampo.es/media/h30/h8c/9173967110174.jpg","name":"Cerveza sabor a ron CUBANISTO botella 33 cl. ","price":"1,24 €","offer_price":0,"offer_type":null,"stock":false,"super":"alcampo"},{"img":"https://www.alcampo.es/media/h79/h75/9187588767774.jpg","name":"Cerveza artesana Madrid triple malta ENIGMA COMPLUTUM 33 cl. ","price":"1,99 €","offer_price":0,"offer_type":null,"stock":false,"super":"alcampo"},{"img":"https://www.alcampo.es/media/hd4/h70/8952726355998.jpg","name":"Cerveza de trigo ERDINGER DUNKEL botella 50 cl.","price":"1,95 €","offer_price":0,"offer_type":null,"stock":false,"super":"alcampo"},{"img":"https://www.alcampo.es/media/h69/h0f/9216457932830.jpg","name":"Cerveza aktien original LANDBIER botella 50 cl. ","price":"1,79 €","offer_price":0,"offer_type":null,"stock":false,"super":"alcampo"},{"img":"https://www.alcampo.es/media/hd9/h09/9373541203998.jpg","name":"Cerveza Blonde (rubia) Alemana THE ONE 33 cl.","price":"1,79 €","offer_price":0,"offer_type":null,"stock":false,"super":"alcampo"},{"img":"https://www.alcampo.es/media/h96/he0/10134060924958.jpg","name":"Cerveza rubia especial Belga DELIRIUM TREMENS 33 cl.","price":"2,80 €","offer_price":0,"offer_type":null,"stock":false,"super":"alcampo"},{"img":"https://www.alcampo.es/media/hdf/hee/9172709244958.jpg","name":"Cerveza saborizada con ron CUBANISTO lata 50 cl. ","price":"1,51 €","offer_price":0,"offer_type":null,"stock":false,"super":"alcampo"},{"img":"https://www.alcampo.es/media/h1b/hfe/8898636480542.jpg","name":"Cerveza chocolate MAISEL&amp;FRIENDS botella de 75 cl.","price":"3,90 €","offer_price":0,"offer_type":null,"stock":false,"super":"alcampo"},{"img":"https://www.alcampo.es/media/hc7/h7b/10422815981598.jpg","name":"Cerveza de trigo MAISEL ORIGINAL 33 cl.","price":"1,20 €","offer_price":0,"offer_type":null,"stock":false,"super":"alcampo"},{"img":"https://www.alcampo.es/media/he6/h11/10358797205534.jpg","name":"Cerveza artesana ARRIACA TRIGO lata de 33 cl.","price":"1,47 €","offer_price":0,"offer_type":null,"stock":false,"super":"alcampo"},{"img":"https://www.alcampo.es/media/ha3/hcc/9187530473502.jpg","name":"Cerveza tostada artesana roja ENIGMA COMPLUTUM 33 cl. ","price":"1,99 €","offer_price":0,"offer_type":null,"stock":false,"super":"alcampo"},{"img":"https://www.alcampo.es/media/h5d/h84/9124316872734.jpg","name":"Cerveza artesanal premium con romero y miel LA SOCARRADA botella 33 cl. ","price":"1,99 €","offer_price":0,"offer_type":null,"stock":false,"super":"alcampo"},{"img":"https://www.alcampo.es/media/h64/h74/8952628150302.jpg","name":"Cervezas CARLSBERG pack de 6 botellines de 25 centilitros","price":"4,50 €","offer_price":0,"offer_type":null,"stock":false,"super":"alcampo"},{"img":"https://www.alcampo.es/media/hc1/h90/10911510036510.jpg","name":"Cerveza con zumo natural de limón ARRIACA RADLER 33 cl.","price":"1,39 €","offer_price":0,"offer_type":null,"stock":false,"super":"alcampo"},{"img":"https://www.alcampo.es/media/h77/h27/9373527244830.jpg","name":"Cerveza Pale Ale rubia THE ONE 33 cl.","price":"1,79 €","offer_price":0,"offer_type":null,"stock":false,"super":"alcampo"},{"img":"https://www.alcampo.es/media/h27/h0e/10537011183646.jpg","name":"Estuche cervezas artesanas LA CIBELES 4 uds. x 33 cl.","price":"5,99 €","offer_price":0,"offer_type":null,"stock":false,"super":"alcampo"},{"img":"https://www.alcampo.es/media/h65/h69/9188519903262.jpg","name":"Cerveza especialmente lupulada SAN MIGUEL MANILA cesta 6 x 33 cl.","price":"5,70 €","offer_price":0,"offer_type":null,"stock":false,"super":"alcampo"},{"img":"https://www.alcampo.es/media/hd0/hc8/10769098440734.jpg","name":"Cerveza trigo Checa, estilo Weissbier PRIMATOR WEIZEN botella de 50 cl.","price":"1,99 €","offer_price":0,"offer_type":null,"stock":false,"super":"alcampo"},{"img":"https://www.alcampo.es/media/hfa/h98/8898129821726.jpg","name":"Cerveza importación Jeff's Bavarian MAISEL&amp;FRIENDS Botella 75 cl.","price":"3,95 €","offer_price":0,"offer_type":null,"stock":false,"super":"alcampo"},{"img":"https://www.alcampo.es/media/h1f/h53/9124345217054.jpg","name":"Cerveza artesanal elaborada con agua de mar ER BOQUERON botella 33 cl. ","price":"1,54 €","offer_price":0,"offer_type":null,"stock":false,"super":"alcampo"},{"img":"https://www.alcampo.es/media/h24/hfb/8894528028702.jpg","name":"Cerveza belga rubia de Importación SAN SEBASTIAN botella 50 cl.","price":"6,19 €","offer_price":0,"offer_type":null,"stock":false,"super":"alcampo"},{"img":"https://www.alcampo.es/media/h0d/h3f/10202874544158.jpg","name":"Cerveza aromatizada con tequila BURRO DE SANCHO 33 cl.","price":"1,35 €","offer_price":0,"offer_type":null,"stock":false,"super":"alcampo"},{"img":"https://www.alcampo.es/media/hb0/h6c/10911421661214.jpg","name":"Cerveza ARRIACA RUBIA 33 cl.","price":"1,51 €","offer_price":0,"offer_type":null,"stock":false,"super":"alcampo"},{"img":"https://www.alcampo.es/media/hbe/hfb/8952599248926.jpg","name":"Cerveza trapense CHIMAY GRANDE RÉSERVE botella 75 cl.","price":"6,14 €","offer_price":0,"offer_type":null,"stock":false,"super":"alcampo"},{"img":"https://www.alcampo.es/media/hd8/h3f/10519496425502.jpg","name":"Cerveza tipo abadía Belga MAREDSOUS BRUIN 33 cl.","price":"1,79 €","offer_price":0,"offer_type":null,"stock":false,"super":"alcampo"},{"img":"https://www.alcampo.es/media/hae/h75/9373544710174.jpg","name":"Cerveza Scotish ale sport tostada THE ONE 33 cl.","price":"1,79 €","offer_price":0,"offer_type":null,"stock":false,"super":"alcampo"},{"img":"https://www.alcampo.es/media/hee/h2e/9893370626078.jpg","name":"Cerveza Danesa de trigo FAXE WITBIER 1 l.","price":"2,99 €","offer_price":0,"offer_type":null,"stock":false,"super":"alcampo"},{"img":"https://www.alcampo.es/media/h15/hb7/10202927661086.jpg","name":"Cerveza aromatizada con vodka más lima BURRO DE SANCHO 33 cl.","price":"1,35 €","offer_price":0,"offer_type":null,"stock":false,"super":"alcampo"},{"img":"https://www.alcampo.es/media/h62/h5d/9187598663710.jpg","name":"Cerveza artesana doble malta ENIGMA COMPLUTUM botella 33 cl. ","price":"1,99 €","offer_price":0,"offer_type":null,"stock":false,"super":"alcampo"},{"img":"https://www.alcampo.es/media/h53/h22/9500079915038.jpg","name":"Cerveza trigo artesana Madrid ENIGMA CERVANTES 400 33 cl.","price":"1,99 €","offer_price":0,"offer_type":null,"stock":false,"super":"alcampo"},{"img":"https://www.alcampo.es/media/h83/h0c/9373519118366.jpg","name":"Cerveza blanche trigo belga THE ONE 33 cl.","price":"1,79 €","offer_price":0,"offer_type":null,"stock":false,"super":"alcampo"},{"img":"https://www.alcampo.es/media/h50/he8/9373521707038.jpg","name":"Cerveza Indian Pale Ale THE ONE 33 cl.","price":"1,49 €","offer_price":0,"offer_type":null,"stock":false,"super":"alcampo"},{"img":"https://www.alcampo.es/media/ha8/hbf/9373504208926.jpg","name":"Cerveza negra La Morena de Getafe THE ONE 33 cl.","price":"1,79 €","offer_price":0,"offer_type":null,"stock":false,"super":"alcampo"},{"img":"https://www.alcampo.es/media/hb9/h89/9373517250590.jpg","name":"Pack cerveza artesanal pack 3 uds. THE ONE 33 cl.","price":"8,49 €","offer_price":0,"offer_type":null,"stock":false,"super":"alcampo"},{"img":"https://www.alcampo.es/media/h36/haf/8902161727518.jpg","name":"Cerveza rubia alemana BECK'S botella 50 cl.","price":"1,14 €","offer_price":0,"offer_type":null,"stock":false,"super":"alcampo"},{"img":"https://www.alcampo.es/media/hae/hbe/9660256026654.jpg","name":"Estuche de cerveza Premium de Baviera MAISEL&amp;FRIENDS pack 3 botellas más copa. 75 cl. ","price":"9,99 €","offer_price":0,"offer_type":null,"stock":false,"super":"alcampo"},{"img":"https://www.alcampo.es/media/hc3/hd6/8960181338142.jpg","name":"Cerveza escocesa INNIS&amp;GUNN botella de 33 centilitros","price":"1,99 €","offer_price":0,"offer_type":null,"stock":false,"super":"alcampo"},{"img":"https://www.alcampo.es/media/h62/hed/10865505599518.jpg","name":"Cervezas SAN MIGUEL ESPECIAL pack 4 botellas 33 cl.","price":"2,99 €","offer_price":0,"offer_type":null,"stock":false,"super":"alcampo"},{"img":"https://www.alcampo.es/media/hfe/h59/10564349460510.jpg","name":"Cerveza artesana Radler THE ONE 33 cl","price":"1,79 €","offer_price":0,"offer_type":null,"stock":false,"super":"alcampo"},{"img":"https://www.alcampo.es/media/hd9/hdc/10365958684702.jpg","name":"Cerveza Radler IPA GASTRO 33 cl.","price":"1,49 €","offer_price":0,"offer_type":null,"stock":false,"super":"alcampo"},{"img":"https://www.alcampo.es/media/h9c/hb6/10769046470686.jpg","name":"Cerveza Lager , estilo Pilsener Checa PRIMATOR PREMIUM botella de 50 cl.","price":"1,99 €","offer_price":0,"offer_type":null,"stock":false,"super":"alcampo"}]