[{"img":"https://www.alcampo.es/media/h0d/h9e/9151071977502.jpg","name":"Licor de naranja COINTREAU botella de 70 cl.","price":"14,64 €","offer_price":0,"offer_type":null,"stock":false,"super":"alcampo"},{"img":"https://www.alcampo.es/media/h8f/hdb/8952634867742.jpg","name":"Limoncello VILLA MASSA botella de 70 cl.","price":"12,19 €","offer_price":0,"offer_type":null,"stock":false,"super":"alcampo"},{"img":"https://www.alcampo.es/media/hcd/hff/10854950371358.jpg","name":"Limoncello (licor de limón tradicional italiano) LICOR MEDITERRÁNEO botella de 70 cl.","price":"7,33 €","offer_price":0,"offer_type":null,"stock":false,"super":"alcampo"},{"img":"https://www.alcampo.es/media/hbc/h02/8952604491806.jpg","name":"Licor de manzana verde GRANPOMIER botella de 70 cl.","price":"6,09 €","offer_price":0,"offer_type":null,"stock":false,"super":"alcampo"},{"img":"https://www.alcampo.es/media/he4/hbd/10758685294622.jpg","name":"Licor de guindas con alcohol, original de Cazalla de la Sierra MIURA botella de 70 cl.","price":"9,79 €","offer_price":0,"offer_type":null,"stock":false,"super":"alcampo"},{"img":"https://www.alcampo.es/media/h04/h51/8952599904286.jpg","name":"Licor 43 botella de 70 cl.","price":"13,39 €","offer_price":0,"offer_type":null,"stock":false,"super":"alcampo"},{"img":"https://www.alcampo.es/media/ha1/hde/9287887388702.jpg","name":"Licor de limón de origen italiano y elaborado de forma tradicional GOLFODORO botella de 70 cl.","price":"7,95 €","offer_price":0,"offer_type":null,"stock":false,"super":"alcampo"},{"img":"https://www.alcampo.es/media/h73/hd5/8894679810078.jpg","name":"Licor de fresas con nata SAMBERRY CAMPENY botella de 70 cl.","price":"9,49 €","offer_price":0,"offer_type":null,"stock":false,"super":"alcampo"},{"img":"https://www.alcampo.es/media/h93/hff/9095390691358.jpg","name":"Licor con alcohol de melocotón GRANPECHER botella de 70 cl.","price":"6,09 €","offer_price":0,"offer_type":null,"stock":false,"super":"alcampo"},{"img":"https://www.alcampo.es/media/h9a/hda/10758615793694.jpg","name":"Batida de coco (licor con sabor coco receta de Brasil) MANGAROCA botella de 70 cl.","price":"10,38 €","offer_price":0,"offer_type":null,"stock":false,"super":"alcampo"},{"img":"https://www.alcampo.es/media/h84/hde/9218421391390.jpg","name":"Licor de limón MOS DE PAS botella de 70 cl.","price":"5,25 €","offer_price":0,"offer_type":null,"stock":false,"super":"alcampo"},{"img":"https://www.alcampo.es/media/h60/h92/8968832253982.jpg","name":"Licor de limón LIMONETTO botella de 70 cl.","price":"8,99 €","offer_price":0,"offer_type":null,"stock":false,"super":"alcampo"},{"img":"https://www.alcampo.es/media/hdd/hee/8972338331678.jpg","name":"Mezcla de coñac y licor de naranja amarga GRAND MARNIER botella 70 cl.","price":"20,89 €","offer_price":0,"offer_type":null,"stock":false,"super":"alcampo"},{"img":"https://www.alcampo.es/media/h11/hb3/9273936871454.jpg","name":"Licor de bellotas SABORES EXTREMEÑOS botella de 70 cl.","price":"6,25 €","offer_price":0,"offer_type":null,"stock":false,"super":"alcampo"},{"img":"https://www.alcampo.es/media/h74/h4b/10566457294878.jpg","name":"Limoncello elaborado con ingredientes naturales, sin consevantes ni colorantes PERUCCHI botella de 1 l.","price":"12,95 €","offer_price":0,"offer_type":null,"stock":false,"super":"alcampo"},{"img":"https://www.alcampo.es/media/hf7/h40/8928524927006.jpg","name":"Limoncello premium a base de limones ecológicos LIM botella de 70 cl.","price":"13,59 €","offer_price":0,"offer_type":null,"stock":false,"super":"alcampo"},{"img":"https://www.alcampo.es/media/h23/he9/9660220243998.jpg","name":"Licor de mora con alcohol MARIE BRIZARD botella de 70 cl.","price":"7,27 €","offer_price":0,"offer_type":null,"stock":false,"super":"alcampo"},{"img":"https://www.alcampo.es/media/hc5/h43/9151111856158.jpg","name":"Licor de naranja COINTREAU botella de 1 l.","price":"22,99 €","offer_price":0,"offer_type":null,"stock":false,"super":"alcampo"},{"img":"https://www.alcampo.es/media/h2a/hb5/9673084370974.jpg","name":"Licor de hierbas RUAVIEJA botella de 70 cl.","price":"7,98 €","offer_price":0,"offer_type":null,"stock":false,"super":"alcampo"},{"img":"https://www.alcampo.es/media/hf9/h6a/9278703566878.jpg","name":"Licor de hierbas RUAVIEJA botella de 100 cl.","price":"11,24 €","offer_price":0,"offer_type":null,"stock":false,"super":"alcampo"},{"img":"https://www.alcampo.es/media/h98/hd2/8922843316254.jpg","name":"Licor de hierbas O'BUXO botella de 70 cl.","price":"5,99 €","offer_price":0,"offer_type":null,"stock":false,"super":"alcampo"},{"img":"https://www.alcampo.es/media/hae/hb9/9096113946654.jpg","name":"Licor de hierbas PANIZO botella de 70 cl.","price":"5,99 €","offer_price":0,"offer_type":null,"stock":false,"super":"alcampo"},{"img":"https://www.alcampo.es/media/h9e/h13/8895507529758.jpg","name":"Licor de café O'BUXO botella de 70 cl.","price":"5,99 €","offer_price":0,"offer_type":null,"stock":false,"super":"alcampo"},{"img":"https://www.alcampo.es/media/h3b/h2b/10435591077918.jpg","name":"Licor de hierbas elabroado de forma tradicional EL AFILADOR botella de 70 cl","price":"8,39 €","offer_price":0,"offer_type":null,"stock":false,"super":"alcampo"},{"img":"https://www.alcampo.es/media/h1c/hfe/8922705625118.jpg","name":"Aguardiente de orujo O'BUXO botella de 70 cl.","price":"6,99 €","offer_price":0,"offer_type":null,"stock":false,"super":"alcampo"},{"img":"https://www.alcampo.es/media/h69/hbe/8952563925022.jpg","name":"Licor de hierbas alemán JÄGERMEISTER botella de 70 cl.","price":"10,81 €","offer_price":0,"offer_type":null,"stock":false,"super":"alcampo"},{"img":"https://www.alcampo.es/media/h84/h34/10420568653854.jpg","name":"Licor de hierbas tradicional CAMPO ANCHO botella 70 cl.","price":"6,92 €","offer_price":0,"offer_type":null,"stock":false,"super":"alcampo"},{"img":"https://www.alcampo.es/media/h1f/hb7/9148224536606.jpg","name":"Orujo blanco con I.G Galicia ABADÍA DA COVA botella de 70 cl.","price":"10 €","offer_price":0,"offer_type":null,"stock":false,"super":"alcampo"},{"img":"https://www.alcampo.es/media/h3a/hca/10435594551326.jpg","name":"Aguardiente de orujo tradicional EL AFILADOR botella de 70 cl.","price":"9,34 €","offer_price":0,"offer_type":null,"stock":false,"super":"alcampo"},{"img":"https://www.alcampo.es/media/h80/hc1/9266181603358.jpg","name":"Aguardiente puro de Cana, importado de Brasil THOQUINO botella de 100 cl.","price":"13,95 €","offer_price":0,"offer_type":null,"stock":false,"super":"alcampo"},{"img":"https://www.alcampo.es/media/h2b/hbd/9558029205534.jpg","name":"Aguardiente de orujo blanco con IGP Galicia PAZO botella de 70 cl","price":"10,75 €","offer_price":0,"offer_type":null,"stock":false,"super":"alcampo"},{"img":"https://www.alcampo.es/media/h99/h96/9954724315166.jpg","name":"Grappa (aguardiente blanco italiano) reserva de 18 meses LIBARNA botella de 70 cl.","price":"15,44 €","offer_price":0,"offer_type":null,"stock":false,"super":"alcampo"},{"img":"https://www.alcampo.es/media/ha5/ha0/9095406288926.jpg","name":"Licor de Café RUAVIEJA botella de 70 cl","price":"9,99 €","offer_price":0,"offer_type":null,"stock":false,"super":"alcampo"},{"img":"https://www.alcampo.es/media/h3b/hf8/8923117027358.jpg","name":"Absenta RODNIK'S botella de 70 cl.","price":"14,56 €","offer_price":0,"offer_type":null,"stock":false,"super":"alcampo"},{"img":"https://www.alcampo.es/media/h60/h7e/10397052862494.jpg","name":"Licor de café con un toque de vainilla y café 100% arábica TIA MARIA botella de 70 cl.","price":"15,61 €","offer_price":0,"offer_type":null,"stock":false,"super":"alcampo"},{"img":"https://www.alcampo.es/media/he9/h5e/9173892857886.jpg","name":"Licor de hierbas alemán JÄGERMEISTER botella de 100 cl.","price":"15,03 €","offer_price":0,"offer_type":null,"stock":false,"super":"alcampo"},{"img":"https://www.alcampo.es/media/hd9/h43/8959672188958.jpg","name":"Aguardiente de orujo PANIZO botella de 70 cl.","price":"7,45 €","offer_price":0,"offer_type":null,"stock":false,"super":"alcampo"},{"img":"https://www.alcampo.es/media/hb5/hde/9096119091230.jpg","name":"Licor de café PANIZO botella de 70 cl.","price":"7,25 €","offer_price":0,"offer_type":null,"stock":false,"super":"alcampo"},{"img":"https://www.alcampo.es/media/hcf/h9d/8979577733150.jpg","name":"Licor de hierbas ANTOXO 3 l.","price":"17,99 €","offer_price":0,"offer_type":null,"stock":false,"super":"alcampo"},{"img":"https://www.alcampo.es/media/hc5/h5c/8897780318238.jpg","name":"Licor de hierbas OLAVE botella de 70 cl.","price":"6,49 €","offer_price":0,"offer_type":null,"stock":false,"super":"alcampo"},{"img":"https://www.alcampo.es/media/h03/ha2/9173910913054.jpg","name":"Aguardiente de orujo ANTOXO garrafa de 3 l.","price":"27,99 €","offer_price":0,"offer_type":null,"stock":false,"super":"alcampo"},{"img":"https://www.alcampo.es/media/h91/hda/9148088451102.jpg","name":"Licor de café con I.G Galicia ABADÍA DA COVA botella de 70 cl.","price":"8,99 €","offer_price":0,"offer_type":null,"stock":false,"super":"alcampo"},{"img":"https://www.alcampo.es/media/hb6/h23/9151075287070.jpg","name":"Aguardiente de colomibia sin azucar ANTIOQUEÑO botella de 70 cl.","price":"10,17 €","offer_price":0,"offer_type":null,"stock":false,"super":"alcampo"},{"img":"https://www.alcampo.es/media/hf2/h57/8884292878366.jpg","name":"Kirsh LEMERCIER botella de 70 cl.","price":"11,99 €","offer_price":0,"offer_type":null,"stock":false,"super":"alcampo"},{"img":"https://www.alcampo.es/media/h03/h3a/8900598038558.jpg","name":"Aguardiente ANTIOQUEÑO botella de 70 cl.","price":"10,14 €","offer_price":0,"offer_type":null,"stock":false,"super":"alcampo"},{"img":"https://www.alcampo.es/media/ha5/hc1/8959671533598.jpg","name":"Licor de hierbas MOS DE PAS botella de 70 cl.","price":"5,29 €","offer_price":0,"offer_type":null,"stock":false,"super":"alcampo"},{"img":"https://www.alcampo.es/media/hf1/h83/9151901696030.jpg","name":"Aguardiente sin azucar hecho en Colombia ANTIOQUEÑO botella de 1 l.","price":"15,79 €","offer_price":0,"offer_type":null,"stock":false,"super":"alcampo"},{"img":"https://www.alcampo.es/media/h80/hf4/9095394492446.jpg","name":"Licor de hierbas A CEPA botella de 70 cl","price":"6,09 €","offer_price":0,"offer_type":null,"stock":false,"super":"alcampo"},{"img":"https://www.alcampo.es/media/h44/hee/9095381516318.jpg","name":"Licor de café MARIE BRIZARD 43 botella de 70 cl.","price":"8,49 €","offer_price":0,"offer_type":null,"stock":false,"super":"alcampo"},{"img":"https://www.alcampo.es/media/h11/he3/9229266026526.jpg","name":"Licor de hierbas de origen suizo JUNGFRAU botella de 70 cl.","price":"7,95 €","offer_price":0,"offer_type":null,"stock":false,"super":"alcampo"},{"img":"https://www.alcampo.es/media/hf1/h0c/9253655019550.jpg","name":"Licor de café ALITIA DE JUAN MIGUEZ botella de 70 cl.","price":"10,99 €","offer_price":0,"offer_type":null,"stock":false,"super":"alcampo"},{"img":"https://www.alcampo.es/media/hdb/h86/8946377785374.jpg","name":"Licor de calvados BERNEROY botella de 70 cl.","price":"11,99 €","offer_price":0,"offer_type":null,"stock":false,"super":"alcampo"},{"img":"https://www.alcampo.es/media/h49/h84/9439824445470.jpg","name":"Aguardiente de orujo ALITIA de Juan Minguez botella de 70 cl.","price":"12 €","offer_price":0,"offer_type":null,"stock":false,"super":"alcampo"},{"img":"https://www.alcampo.es/media/h17/h88/9580514770974.jpg","name":"Licor de hierbas elaborado en España ALITIA DE JUAN MIGUEZ botella de 70 cl.","price":"8,99 €","offer_price":0,"offer_type":null,"stock":false,"super":"alcampo"},{"img":"https://www.alcampo.es/media/haa/h52/9573358993438.jpg","name":"Crema de whisky Irlandes BAILEYS botella 1l.","price":"16,16 €","offer_price":0,"offer_type":null,"stock":false,"super":"alcampo"},{"img":"https://www.alcampo.es/media/h5e/h89/9573422694430.jpg","name":"Crema de whisky elaborada en Irlanda BAILEYS botella de 70 cl.","price":"11,27 €","offer_price":0,"offer_type":null,"stock":false,"super":"alcampo"},{"img":"https://www.alcampo.es/media/h85/h6f/10420616101918.jpg","name":"Crema suave de licor con whisky HIGHFIELDS, botella de 70 cl..","price":"4,64 €","offer_price":0,"offer_type":null,"stock":false,"super":"alcampo"},{"img":"https://www.alcampo.es/media/h7c/h4c/8952804343838.jpg","name":"Crema de orujo RUAVIEJA botella de 70 cl.","price":"10,18 €","offer_price":0,"offer_type":null,"stock":false,"super":"alcampo"},{"img":"https://www.alcampo.es/media/hb0/h42/8869540659230.jpg","name":"Licor de crema de orujo MAYERLING botella de 70 cl.","price":"5,68 €","offer_price":0,"offer_type":null,"stock":false,"super":"alcampo"},{"img":"https://www.alcampo.es/media/hee/h50/9541777129502.jpg","name":"Crema de orujo con alcohol RUAVIEJA botella de 1 l.","price":"14,15 €","offer_price":0,"offer_type":null,"stock":false,"super":"alcampo"},{"img":"https://www.alcampo.es/media/h05/h60/8868400267294.jpg","name":"Crema de orujo MOS DE PAS botella de 70 cl.","price":"5,49 €","offer_price":0,"offer_type":null,"stock":false,"super":"alcampo"},{"img":"https://www.alcampo.es/media/he5/h1e/8875377033246.jpg","name":"Crema de Brandy DUQUE DE ALBA botella de 70 cl.","price":"11,56 €","offer_price":0,"offer_type":null,"stock":false,"super":"alcampo"},{"img":"https://www.alcampo.es/media/hd5/h78/8959636930590.jpg","name":"Crema de orujo PANIZO botella de 70 cl.","price":"6,59 €","offer_price":0,"offer_type":null,"stock":false,"super":"alcampo"},{"img":"https://www.alcampo.es/media/hef/h4c/9573324226590.jpg","name":"Crema de whisky con almendra y un toque de vainilla BAILEY´S botella de 70 cl.","price":"18,19 €","offer_price":0,"offer_type":null,"stock":false,"super":"alcampo"},{"img":"https://www.alcampo.es/media/h55/hc6/8921465880606.jpg","name":"Crema de orujo O'BUXO botella de 70 cl.","price":"6,39 €","offer_price":0,"offer_type":null,"stock":false,"super":"alcampo"},{"img":"https://www.alcampo.es/media/he5/h76/8922618658846.jpg","name":"Crema catalana MELODY botella de 70 cl.","price":"7,99 €","offer_price":0,"offer_type":null,"stock":false,"super":"alcampo"},{"img":"https://www.alcampo.es/media/h38/h9f/9218401239070.jpg","name":"Crema de fresas mediterraneas con tequila Mexicano ALENTADOR Rosé botella de 70 cl.","price":"8,41 €","offer_price":0,"offer_type":null,"stock":false,"super":"alcampo"},{"img":"https://www.alcampo.es/media/ha6/hbb/8870004850718.jpg","name":"Piña colada COMPAY botella de 70 cl.","price":"4,49 €","offer_price":0,"offer_type":null,"stock":false,"super":"alcampo"},{"img":"https://www.alcampo.es/media/h4d/hd0/10435603398686.jpg","name":"Crema de licor de orujo, elaborada siguiendo la receta familiar EL AFILADOR botella de 70 cl.","price":"8,34 €","offer_price":0,"offer_type":null,"stock":false,"super":"alcampo"},{"img":"https://www.alcampo.es/media/h9f/h92/8922521927710.jpg","name":"Crema de whisky REGAL GOLD botella de 70 cl.","price":"4,99 €","offer_price":0,"offer_type":null,"stock":false,"super":"alcampo"},{"img":"https://www.alcampo.es/media/hb5/h7c/9708859981854.jpg","name":"Crema de whisky irlandes con un toque de chocolate belga BAILEYS Luxe botella de 50 cl.","price":"13,63 €","offer_price":0,"offer_type":null,"stock":false,"super":"alcampo"},{"img":"https://www.alcampo.es/media/hff/h0b/9259192647710.jpg","name":"Crema de vermut (típico de Madrid) ZARRO botella de 70 cl.","price":"9,86 €","offer_price":0,"offer_type":null,"stock":false,"super":"alcampo"},{"img":"https://www.alcampo.es/media/h96/h44/8886241263646.jpg","name":"Licor de crema MAYERLING botella de 70 cl.","price":"5,29 €","offer_price":0,"offer_type":null,"stock":false,"super":"alcampo"},{"img":"https://www.alcampo.es/media/h30/h3e/9173914550302.jpg","name":"Crema de orujo ANTOXO garrafa de 3 l.","price":"17,99 €","offer_price":0,"offer_type":null,"stock":false,"super":"alcampo"},{"img":"https://www.alcampo.es/media/hcb/h5f/9283000238110.jpg","name":"Crema de whisky con un toque de melocotón CAPTAIN JACK botella de 70 cl.","price":"3,99 €","offer_price":0,"offer_type":null,"stock":false,"super":"alcampo"},{"img":"https://www.alcampo.es/media/h5a/h3c/9696339853342.jpg","name":"Crema de ron añejo, de sabor delicioso y exótico BARCELÓ botella de 70 cl.","price":"12,35 €","offer_price":0,"offer_type":null,"stock":false,"super":"alcampo"},{"img":"https://www.alcampo.es/media/hd8/hdc/8897842642974.jpg","name":"Crema de whisky con caramelo BAILEYS botella de 70 cl.","price":"11,76 €","offer_price":0,"offer_type":null,"stock":false,"super":"alcampo"},{"img":"https://www.alcampo.es/media/he0/hd9/9249299365918.jpg","name":"Crema de licor de tequila con un toque de fresas ARTESANA botella de 70 cl.","price":"14,90 €","offer_price":0,"offer_type":null,"stock":false,"super":"alcampo"},{"img":"https://www.alcampo.es/media/h47/h8e/9260298207262.jpg","name":"Crema de licor de orujo TERRA MEIGA botella de 70 cl.","price":"8,25 €","offer_price":0,"offer_type":null,"stock":false,"super":"alcampo"},{"img":"https://www.alcampo.es/media/h57/h05/9095361396766.jpg","name":"Crema de arroz con leche con alcohol O'BUXO botella de 70 cl.","price":"5,95 €","offer_price":0,"offer_type":null,"stock":false,"super":"alcampo"},{"img":"https://www.alcampo.es/media/h22/h9b/9640463335454.jpg","name":"Crema de chocolate con alcohol RUAVIEJA botella de 70 cl.","price":"11,94 €","offer_price":0,"offer_type":null,"stock":false,"super":"alcampo"},{"img":"https://www.alcampo.es/media/h77/h95/9095353270302.jpg","name":"Crema de chocolate con alcohol O'BUXO botella de 70 cl.","price":"5,95 €","offer_price":0,"offer_type":null,"stock":false,"super":"alcampo"},{"img":"https://www.alcampo.es/media/he3/h0d/8929794883614.jpg","name":"Crema de orujo A CEPA botella de 70 cl.","price":"9,79 €","offer_price":0,"offer_type":null,"stock":false,"super":"alcampo"},{"img":"https://www.alcampo.es/media/h5c/h82/9148164374558.jpg","name":"Crema de whisky irlandesa con un toque de café BAILEYS botella de 70 cl. ","price":"11,88 €","offer_price":0,"offer_type":null,"stock":false,"super":"alcampo"},{"img":"https://www.alcampo.es/media/h7d/hcb/10802757533726.jpg","name":"Crema licor de amaretto, de sabor suave y fresco DISARONNO Velvet botella de 70 cl.","price":"16,49 €","offer_price":0,"offer_type":null,"stock":false,"super":"alcampo"},{"img":"https://www.alcampo.es/media/h28/h4f/9426236211230.jpg","name":"Crema con alcohol de chocolate, sin lactosa y apta para veganos LIAL botella de 70 cl.","price":"7,99 €","offer_price":0,"offer_type":null,"stock":false,"super":"alcampo"},{"img":"https://www.alcampo.es/media/h42/h3d/9573343002654.jpg","name":"Crema de whisky irlandes con fresas BAILEYS botella de 70 cl.","price":"16,29 €","offer_price":0,"offer_type":null,"stock":false,"super":"alcampo"},{"img":"https://www.alcampo.es/media/h4a/hb1/9443507961886.jpg","name":"Crema de orujo ALITIA DE JUNA MIGUEZ botella de 70 cl.","price":"10,99 €","offer_price":0,"offer_type":null,"stock":false,"super":"alcampo"},{"img":"https://www.alcampo.es/media/h62/ha8/8885478490142.jpg","name":"Crema GRESSY Botella 70 cl.","price":"9,99 €","offer_price":0,"offer_type":null,"stock":false,"super":"alcampo"},{"img":"https://www.alcampo.es/media/hb9/h0a/9838352302110.jpg","name":"Licor cremoso con horchata valenciana LICOR 43 Horchata botella de 70 cl.","price":"12,64 €","offer_price":0,"offer_type":null,"stock":false,"super":"alcampo"},{"img":"https://www.alcampo.es/media/h2e/hde/9096056766494.jpg","name":"Crema de chocolate con vainilla y avellanas TOLÓN-TOLÓN botella de 70 cl.","price":"12,95 €","offer_price":0,"offer_type":null,"stock":false,"super":"alcampo"},{"img":"https://www.alcampo.es/media/h8f/hfa/9355479023646.jpg","name":"Crema de orujo OLAVE botella de 70 cl.","price":"6,99 €","offer_price":0,"offer_type":null,"stock":false,"super":"alcampo"},{"img":"https://www.alcampo.es/media/hea/h88/8952632377374.jpg","name":"Licor de endrinas (pacharán) ZOCO botella 1 l.","price":"9,99 €","offer_price":0,"offer_type":null,"stock":false,"super":"alcampo"},{"img":"https://www.alcampo.es/media/h0e/h5e/8922626588702.jpg","name":"Pacharan LA NAVARRA botella de 1 litro","price":"9,64 €","offer_price":0,"offer_type":null,"stock":false,"super":"alcampo"},{"img":"https://www.alcampo.es/media/hb1/h0c/9690787020830.jpg","name":"Pacharan artesano, elaborado con una selección de endrinas DOMINIO DE UNZOLA botella de 1 l.","price":"6,94 €","offer_price":0,"offer_type":null,"stock":false,"super":"alcampo"},{"img":"https://www.alcampo.es/media/h5d/h22/8922697990174.jpg","name":"Pacharan BAINES botella de 1 l.","price":"14,74 €","offer_price":0,"offer_type":null,"stock":false,"super":"alcampo"},{"img":"https://www.alcampo.es/media/h07/h1a/8922970095646.jpg","name":"Pacharan ETXEKO botella de 1 l.","price":"11,75 €","offer_price":0,"offer_type":null,"stock":false,"super":"alcampo"},{"img":"https://www.alcampo.es/media/hbe/h29/8952712921118.jpg","name":"Pacharan LAS ENDRINAS botella de 1 litro","price":"13,44 €","offer_price":0,"offer_type":null,"stock":false,"super":"alcampo"},{"img":"https://www.alcampo.es/media/h5c/hbe/8901898731550.jpg","name":"Pacharán BAINES Etiqueta oro botella de 70 cl.","price":"16,99 €","offer_price":0,"offer_type":null,"stock":false,"super":"alcampo"},{"img":"https://www.alcampo.es/media/ha7/haf/9095386464286.jpg","name":"Patxarana de endrinas seleccionadas ETXEKO Los arañones botella de 1 l.","price":"8,99 €","offer_price":0,"offer_type":null,"stock":false,"super":"alcampo"},{"img":"https://www.alcampo.es/media/hb4/h2a/9151906283550.jpg","name":"Pacharán LAS ENDRINAS botella de 100 cl.","price":"17,95 €","offer_price":0,"offer_type":null,"stock":false,"super":"alcampo"},{"img":"https://www.alcampo.es/media/h4e/h2d/9300008632350.jpg","name":"Pacharán de endrinas RUAVIEJA botella de 70 cl.","price":"8,99 €","offer_price":0,"offer_type":null,"stock":false,"super":"alcampo"},{"img":"https://www.alcampo.es/media/h20/h22/8929828765726.jpg","name":"Anís dulce ANÍS DEL MONO botella de 70 cl.","price":"6,50 €","offer_price":0,"offer_type":null,"stock":false,"super":"alcampo"},{"img":"https://www.alcampo.es/media/hc6/h57/10318988509214.jpg","name":"Anís destilado dulce LA CASTELLANA botella de 70 cl.","price":"7,59 €","offer_price":0,"offer_type":null,"stock":false,"super":"alcampo"},{"img":"https://www.alcampo.es/media/hca/had/9151070109726.jpg","name":"Anís dulce MARIE BRIZARD botella de 1 l.","price":"7,99 €","offer_price":0,"offer_type":null,"stock":false,"super":"alcampo"},{"img":"https://www.alcampo.es/media/hf4/hca/8952655806494.jpg","name":"Aperitivo de Anís Pastis de Marsella RICARD botella de 1 Litro","price":"14,78 €","offer_price":0,"offer_type":null,"stock":false,"super":"alcampo"},{"img":"https://www.alcampo.es/media/h10/hd9/10712266965022.jpg","name":"Anísette dulce (anis), elaborado en Toledo MAYERLING botella de 70 cl.","price":"4,49 €","offer_price":0,"offer_type":null,"stock":false,"super":"alcampo"},{"img":"https://www.alcampo.es/media/h15/h95/10564335042590.jpg","name":"Anís dulce de destilación especial ANÍS DEL MONO botella de 1 l.","price":"9,28 €","offer_price":0,"offer_type":null,"stock":false,"super":"alcampo"},{"img":"https://www.alcampo.es/media/haa/h8a/8886955147294.jpg","name":"Anís dulce CHINCHON botella de 1 l","price":"8,94 €","offer_price":0,"offer_type":null,"stock":false,"super":"alcampo"},{"img":"https://www.alcampo.es/media/heb/h43/8922682458142.jpg","name":"Anís seco CHINCHON botella 1 1l.","price":"12,49 €","offer_price":0,"offer_type":null,"stock":false,"super":"alcampo"},{"img":"https://www.alcampo.es/media/he9/h1d/8922854129694.jpg","name":"Anís dulce ENTORCHADO botella de 1 litro","price":"7,25 €","offer_price":0,"offer_type":null,"stock":false,"super":"alcampo"},{"img":"https://www.alcampo.es/media/hd1/hf4/9173896298526.jpg","name":"Anis seco de destilación especial ANÍS DEL MONO botella de 70 cl.","price":"9,34 €","offer_price":0,"offer_type":null,"stock":false,"super":"alcampo"},{"img":"https://www.alcampo.es/media/hc3/h2b/8893234282526.jpg","name":"Sake con denominación de origen Kioto RASHOMON botella de 75 cl.","price":"19,99 €","offer_price":0,"offer_type":null,"stock":false,"super":"alcampo"},{"img":"https://www.alcampo.es/media/hd3/h8b/9250809511966.jpg","name":"Bebida espirituosa de anis, especial para pacharan GLIMMER garrafa de 3 l.","price":"19,95 €","offer_price":0,"offer_type":null,"stock":false,"super":"alcampo"},{"img":"https://www.alcampo.es/media/hc5/hb7/9288998977566.jpg","name":"Aperitivo de anís pastis de Marsella RICARD botella de 1.5 litro.","price":"21,99 €","offer_price":0,"offer_type":null,"stock":false,"super":"alcampo"}]