[{"img":"https://www.alcampo.es/media/h86/hff/10207733121054.jpg","name":"Refresco de cola Zero sin azúcar COCA COLA pack 24 latas de 33 cl.","price":"15,36 €","offer_price":0,"offer_type":null,"stock":false,"super":"alcampo"},{"img":"https://www.alcampo.es/media/h4d/h28/10207572656158.jpg","name":"Refresco de cola light COCA COLA pack 24 latas de 33 cl.","price":"15,36 €","offer_price":0,"offer_type":null,"stock":false,"super":"alcampo"},{"img":"https://www.alcampo.es/media/h1c/h2c/10207714410526.jpg","name":"Refresco de cola COCA COLA pack 24 latas de 33 cl.","price":"15,36 €","offer_price":0,"offer_type":null,"stock":false,"super":"alcampo"},{"img":"https://www.alcampo.es/media/h29/hd6/10207661359134.jpg","name":"Refresco cola Zero sin azúcar y sin cafeína COCA COLA pack 24 latas de 33 cl","price":"15,36 €","offer_price":0,"offer_type":null,"stock":false,"super":"alcampo"},{"img":"https://www.alcampo.es/media/hdb/h3c/10207731908638.jpg","name":"Refresco de cola Zero sin azúcar y sin cafeína COCA COLA lata de 33 cl.","price":"0,75 €","offer_price":0,"offer_type":null,"stock":false,"super":"alcampo"},{"img":"https://www.alcampo.es/media/h3b/h97/10207717752862.jpg","name":"Refresco de cola Zero sin azúcar COCA COLA lata de 33 cl.","price":"0,75 €","offer_price":0,"offer_type":null,"stock":false,"super":"alcampo"},{"img":"https://www.alcampo.es/media/hc7/h33/10207658246174.jpg","name":"Refresco de cola COCA COLA lata de 33 cl. ","price":"0,75 €","offer_price":0,"offer_type":null,"stock":false,"super":"alcampo"},{"img":"https://www.alcampo.es/media/h1a/had/10207663390750.jpg","name":"Refresco de limón zero FANTA ZERO lata de 33 cl.","price":"0,50 €","offer_price":0,"offer_type":null,"stock":false,"super":"alcampo"},{"img":"https://www.alcampo.es/media/hfa/h25/10801901731870.jpg","name":"Refresco de cola sin cafeína COCA COLA lata de 33 cl.","price":"0,75 €","offer_price":0,"offer_type":null,"stock":false,"super":"alcampo"},{"img":"https://www.alcampo.es/media/h19/ha0/10207719391262.jpg","name":"Refresco de cola Zero sin azúcar COCA COLA pack 4 botellas de 2 l.","price":"6,24 €","offer_price":0,"offer_type":null,"stock":false,"super":"alcampo"},{"img":"https://www.alcampo.es/media/h35/h9c/10801682481182.jpg","name":"Refresco de cola Light sin cafeína COCA COLA lata de 33 cl.","price":"0,75 €","offer_price":0,"offer_type":null,"stock":false,"super":"alcampo"},{"img":"https://www.alcampo.es/media/hc1/ha4/10801767809054.jpg","name":"Bebida de té al limón sin azúcar NESTEA lata de 33 cl.","price":"0,69 €","offer_price":0,"offer_type":null,"stock":false,"super":"alcampo"},{"img":"https://www.alcampo.es/media/h19/hee/10033913888798.jpg","name":"Tónica clásica light SCHWEPPES ZERO lata de 33 cL.","price":"0,72 €","offer_price":0,"offer_type":null,"stock":false,"super":"alcampo"},{"img":"https://www.alcampo.es/media/h20/hfd/10702997782558.jpg","name":"Refresco de cola Zero sin azúcar PRODUCTO ALCAMPO botella de 2 l.","price":"0,50 €","offer_price":0,"offer_type":null,"stock":false,"super":"alcampo"},{"img":"https://www.alcampo.es/media/h72/h86/10207734366238.jpg","name":"Refresco de cola Zero sin azúcar COCA COLA pack 12 latas de 33 cl.","price":"7,92 €","offer_price":0,"offer_type":null,"stock":false,"super":"alcampo"},{"img":"https://www.alcampo.es/media/ha9/h8a/10913589133342.jpg","name":"Refresco de lima limón sin azúcar SEVEN UP FREE lata de 33 cl.","price":"0,38 €","offer_price":0,"offer_type":null,"stock":false,"super":"alcampo"},{"img":"https://www.alcampo.es/media/hdd/hbe/10207573245982.jpg","name":"Bebida isotónica de limón sin azúcar AQUARIUS Zero lata de 33 centilitros","price":"0,78 €","offer_price":0,"offer_type":null,"stock":false,"super":"alcampo"},{"img":"https://www.alcampo.es/media/hbc/h92/10207718408222.jpg","name":"Refresco de cola COCA COLA pack 4 botellas de 2 l.","price":"6,24 €","offer_price":0,"offer_type":null,"stock":false,"super":"alcampo"},{"img":"https://www.alcampo.es/media/hcd/hdf/10033733697566.jpg","name":"Tónica clásica SCHWEPPES lata de 33 c.","price":"0,57 €","offer_price":0,"offer_type":null,"stock":false,"super":"alcampo"},{"img":"https://www.alcampo.es/media/h63/hbf/10207653986334.jpg","name":"Bebida isotónica de limón sin azúcar AQUARIUS Zero botella de 1,5 litros","price":"1,54 €","offer_price":0,"offer_type":null,"stock":false,"super":"alcampo"},{"img":"https://www.alcampo.es/media/h3e/h2c/10207641731102.jpg","name":"Refresco de cola COCA COLA Botella 1,25 l. ","price":"1,19 €","offer_price":0,"offer_type":null,"stock":false,"super":"alcampo"},{"img":"https://www.alcampo.es/media/hf9/h9b/10913578549278.jpg","name":"Refresco de cola a la lima Zero azúcar PEPSI MAX 33 cl.","price":"0,52 €","offer_price":0,"offer_type":null,"stock":false,"super":"alcampo"},{"img":"https://www.alcampo.es/media/hcd/h75/10207719718942.jpg","name":"Refresco de cola COCA COLA pack 12 latas x 33 cl.","price":"7,92 €","offer_price":0,"offer_type":null,"stock":false,"super":"alcampo"},{"img":"https://www.alcampo.es/media/had/h60/10207729057822.jpg","name":"Refresco de cola Zero sin azúcar y sin cafeína COCA COLA pack 4 botellas de 2 l. ","price":"6,24 €","offer_price":0,"offer_type":null,"stock":false,"super":"alcampo"},{"img":"https://www.alcampo.es/media/h6f/h0f/10207708774430.jpg","name":"Refresco de naranja FANTA ZERO lata de 33 cl.","price":"0,50 €","offer_price":0,"offer_type":null,"stock":false,"super":"alcampo"},{"img":"https://www.alcampo.es/media/h3d/h30/10802768674846.jpg","name":"Bebida refrescante cola con limón COCA COLA ZERO 33 cl","price":"0,75 €","offer_price":0,"offer_type":null,"stock":false,"super":"alcampo"},{"img":"https://www.alcampo.es/media/h54/hd8/10703026782238.jpg","name":"Refresco de cola Zero Zero PRODUCTO ALCAMPO 2 l.","price":"0,46 €","offer_price":0,"offer_type":null,"stock":false,"super":"alcampo"},{"img":"https://www.alcampo.es/media/hd6/hd4/10207653330974.jpg","name":"Refresco de cola Light COCA COLA lata de 33 cl.","price":"0,75 €","offer_price":0,"offer_type":null,"stock":false,"super":"alcampo"},{"img":"https://www.alcampo.es/media/hc2/hb8/10422818897950.jpg","name":"Refresco de lima limón SEVEN UP lata de 33 cl.","price":"0,39 €","offer_price":0,"offer_type":null,"stock":false,"super":"alcampo"},{"img":"https://www.alcampo.es/media/hd6/h9c/9748061683742.jpg","name":"Refresco de lima limón sin azúcar SPRITE ZERO lata de 33 cl.","price":"0,46 €","offer_price":0,"offer_type":null,"stock":false,"super":"alcampo"},{"img":"https://www.alcampo.es/media/h73/hd4/9513470394398.jpg","name":"Bebida energética RODEO Energy Drink 25 cl.","price":"0,34 €","offer_price":0,"offer_type":null,"stock":false,"super":"alcampo"},{"img":"https://www.alcampo.es/media/hfa/hca/10207722274846.jpg","name":"Refresco de cola Zero sin azúcar COCA COLA 1,25 l","price":"1,18 €","offer_price":0,"offer_type":null,"stock":false,"super":"alcampo"},{"img":"https://www.alcampo.es/media/h57/he5/10699885183006.jpg","name":"Refresco de cola zero sin azúcar PEPSI MAX lata de 33 cl.","price":"0,44 €","offer_price":0,"offer_type":null,"stock":false,"super":"alcampo"},{"img":"https://www.alcampo.es/media/h34/h16/10207732629534.jpg","name":"Bebida isotónica de naranja sin azúcar AQUARIUS Zero lata de 33 centilitros","price":"0,78 €","offer_price":0,"offer_type":null,"stock":false,"super":"alcampo"},{"img":"https://www.alcampo.es/media/hfa/h07/10207656706078.jpg","name":"Refresco de cola Zero sin azúcar COCA COLA pack 2 botellas de 2 I.","price":"3,16 €","offer_price":0,"offer_type":null,"stock":false,"super":"alcampo"},{"img":"https://www.alcampo.es/media/hfe/hb0/10911306252318.jpg","name":"Refresco de limón SCHWEPPES lata de 33 cl.","price":"0,72 €","offer_price":0,"offer_type":null,"stock":false,"super":"alcampo"},{"img":"https://www.alcampo.es/media/h8d/h12/10911309496350.jpg","name":"Refresco de limón SCHWEPPES ZERO lata de 33 cl.","price":"0,72 €","offer_price":0,"offer_type":null,"stock":false,"super":"alcampo"},{"img":"https://www.alcampo.es/media/h17/h40/10911339446302.jpg","name":"Bebida de té al limón sin azúcar NESTEA botella de 1,5 litros","price":"1,67 €","offer_price":0,"offer_type":null,"stock":false,"super":"alcampo"},{"img":"https://www.alcampo.es/media/h5d/h87/10207643205662.jpg","name":"Refresco de naranja FANTA lata de 33 cl.","price":"0,46 €","offer_price":0,"offer_type":null,"stock":false,"super":"alcampo"},{"img":"https://www.alcampo.es/media/hc7/h02/10652132474910.jpg","name":"Refresco de limonada natural DON SIMON botella de 1,5 l.","price":"0,82 €","offer_price":0,"offer_type":null,"stock":false,"super":"alcampo"},{"img":"https://www.alcampo.es/media/h4e/h1b/9513472065566.jpg","name":"Bebida energética RODEO Energy Drink 25 cl.","price":"0,34 €","offer_price":0,"offer_type":null,"stock":false,"super":"alcampo"},{"img":"https://www.alcampo.es/media/h66/h5b/9304024383518.jpg","name":"Refresco de cola COCA COLA pack de 2 botellas de 2 l.","price":"3,16 €","offer_price":0,"offer_type":null,"stock":false,"super":"alcampo"},{"img":"https://www.alcampo.es/media/h8b/hbb/10207715622942.jpg","name":"Refresco de naranja sin azúcares añadidosFANTA ZERO pack de 6 latas x 33 cl.","price":"3,36 €","offer_price":0,"offer_type":null,"stock":false,"super":"alcampo"},{"img":"https://www.alcampo.es/media/h7a/hf4/10207644090398.jpg","name":"Refresco de naranja FANTA pack de 9 latas x 33 cl.","price":"4,77 €","offer_price":0,"offer_type":null,"stock":false,"super":"alcampo"},{"img":"https://www.alcampo.es/media/hae/hcf/10102149513246.jpg","name":"Tónica clásica Zero azúcar NORDIC MIST MIXER lata de 25 centilitros","price":"0,49 €","offer_price":0,"offer_type":null,"stock":false,"super":"alcampo"},{"img":"https://www.alcampo.es/media/h83/h06/10801895604254.jpg","name":"Bebida de té verde con maracuyá NESTEA lata de 33 centilitros","price":"0,66 €","offer_price":0,"offer_type":null,"stock":false,"super":"alcampo"},{"img":"https://www.alcampo.es/media/h4e/h13/10703002075166.jpg","name":"Refresco de cola PRODUCTO ALCAMPO botella de 2 l.","price":"0,63 €","offer_price":0,"offer_type":null,"stock":false,"super":"alcampo"},{"img":"https://www.alcampo.es/media/h56/haf/10913666629662.jpg","name":"Refresco cola a la lima Zero azúcar PEPSI MAX 1,25 l.","price":"1,10 €","offer_price":0,"offer_type":null,"stock":false,"super":"alcampo"},{"img":"https://www.alcampo.es/media/h77/h29/10207641042974.jpg","name":"Refresco de cola COCA COLA ZERO MINI pack 6 uds. x 200 ml","price":"3,29 €","offer_price":0,"offer_type":null,"stock":false,"super":"alcampo"},{"img":"https://www.alcampo.es/media/hf0/ha8/10207666536478.jpg","name":"Refresco de naranja FANTA pack de 2 botellas x 2 l.","price":"2,82 €","offer_price":0,"offer_type":null,"stock":false,"super":"alcampo"},{"img":"https://www.alcampo.es/media/h73/he8/10207671975966.jpg","name":"Refresco de cola COCA COLA ZERO (Azúcar y cafeína) pack 6 uds. x 200 ml.","price":"3,29 €","offer_price":0,"offer_type":null,"stock":false,"super":"alcampo"},{"img":"https://www.alcampo.es/media/hce/hab/10207667683358.jpg","name":"refresco de cola regular COCA COLA MINI pack 6 uds x 200 ml.","price":"3,29 €","offer_price":0,"offer_type":null,"stock":false,"super":"alcampo"},{"img":"https://www.alcampo.es/media/h39/h8c/10546425298974.jpg","name":"Tónica clásica SCHWEPPES lata de 25 cl.","price":"0,64 €","offer_price":0,"offer_type":null,"stock":false,"super":"alcampo"},{"img":"https://www.alcampo.es/media/h77/h5c/10695837188126.jpg","name":"Refresco de naranja TRINA lata de 33 cl.","price":"0,46 €","offer_price":0,"offer_type":null,"stock":false,"super":"alcampo"},{"img":"https://www.alcampo.es/media/hc8/h2e/10802789810206.jpg","name":"Refresco de cola cherry COCA COLA lata de 33 cl. ","price":"0,75 €","offer_price":0,"offer_type":null,"stock":false,"super":"alcampo"},{"img":"https://www.alcampo.es/media/ha1/h97/10472592048158.jpg","name":"Refresco de cola light sin cafeína PEPSI LIGHT ata de 33 cl.","price":"0,44 €","offer_price":0,"offer_type":null,"stock":false,"super":"alcampo"},{"img":"https://www.alcampo.es/media/h17/h8d/10913591066654.jpg","name":"Refresco de naranja KAS lata de 33 cl.","price":"0,47 €","offer_price":0,"offer_type":null,"stock":false,"super":"alcampo"},{"img":"https://www.alcampo.es/media/h12/h26/10207720636446.jpg","name":"Bebida isotónica de naranja sin azúcar AQUARIUS Zero botella de 1,5 litros","price":"1,54 €","offer_price":0,"offer_type":null,"stock":false,"super":"alcampo"},{"img":"https://www.alcampo.es/media/h1e/hc9/10207567740958.jpg","name":"Refresco de cola Zero sin cafeína COCA COLA pack 12 latas de 33 cl.","price":"7,92 €","offer_price":0,"offer_type":null,"stock":false,"super":"alcampo"},{"img":"https://www.alcampo.es/media/h33/h71/10546873925662.jpg","name":"Tónica pink SCHWEPPES lata de 25 cl. ","price":"0,64 €","offer_price":0,"offer_type":null,"stock":false,"super":"alcampo"},{"img":"https://www.alcampo.es/media/he4/hda/10207651725342.jpg","name":"Tónica clásica NORDIC MIST ORIGINAL lata de 25 cl..","price":"0,50 €","offer_price":0,"offer_type":null,"stock":false,"super":"alcampo"},{"img":"https://www.alcampo.es/media/h1f/h90/9748066598942.jpg","name":"Refresco de lima limón bajo en azúcar SPRITE lata de 33 cl.","price":"0,48 €","offer_price":0,"offer_type":null,"stock":false,"super":"alcampo"},{"img":"https://www.alcampo.es/media/h7d/h76/10207715229726.jpg","name":"Bebida de té al limón NESTEA lata de 33 centilitros","price":"0,61 €","offer_price":0,"offer_type":null,"stock":false,"super":"alcampo"},{"img":"https://www.alcampo.es/media/h47/h2a/10207574261790.jpg","name":"Bebida isotónica de limón AQUARIUS lata de 33 centilitros","price":"0,71 €","offer_price":0,"offer_type":null,"stock":false,"super":"alcampo"},{"img":"https://www.alcampo.es/media/had/hc5/10207670304798.jpg","name":"Refresco de cola COCA COLA botella de 50 cl.","price":"1,05 €","offer_price":0,"offer_type":null,"stock":false,"super":"alcampo"},{"img":"https://www.alcampo.es/media/hc8/hf8/10207648055326.jpg","name":"Refresco de limón FANTA lata de 33 cl.","price":"0,57 €","offer_price":0,"offer_type":null,"stock":false,"super":"alcampo"},{"img":"https://www.alcampo.es/media/h0c/h92/8959695454238.jpg","name":"Refresco de naranja sin azúcares añadidos KAS ZERO lata de 33 cl.","price":"0,52 €","offer_price":0,"offer_type":null,"stock":false,"super":"alcampo"},{"img":"https://www.alcampo.es/media/h75/h29/9567082315806.jpg","name":"Refresco de cola Zero sin azúcar PRODUCTO ALCAMPO 33 cl.","price":"0,25 €","offer_price":0,"offer_type":null,"stock":false,"super":"alcampo"},{"img":"https://www.alcampo.es/media/hf3/hab/10695732756510.jpg","name":"Tónica clásica SCHWEPPES ZERO lata de 25 cl.","price":"0,64 €","offer_price":0,"offer_type":null,"stock":false,"super":"alcampo"},{"img":"https://www.alcampo.es/media/h67/h71/10911585501214.jpg","name":"Bebida de té al limón NESTEA botella de 1,5 litros","price":"1,67 €","offer_price":0,"offer_type":null,"stock":false,"super":"alcampo"},{"img":"https://www.alcampo.es/media/hb1/ha9/9823030476830.jpg","name":"Bebida de té al limón sin azúcar PRODUCTO ALCAMPO botella de 1,5 litros","price":"0,69 €","offer_price":0,"offer_type":null,"stock":false,"super":"alcampo"},{"img":"https://www.alcampo.es/media/hbc/hae/10207725453342.jpg","name":"Refresco de cola Zero sin azúcar COCA COLA botella de 50 cl.","price":"1,04 €","offer_price":0,"offer_type":null,"stock":false,"super":"alcampo"},{"img":"https://www.alcampo.es/media/h2f/h41/10033901862942.jpg","name":"Refresco de naranja TRINA botella de 1,5 litros","price":"1,65 €","offer_price":0,"offer_type":null,"stock":false,"super":"alcampo"},{"img":"https://www.alcampo.es/media/h25/h6a/10695672266782.jpg","name":"Refresco de naranja zero TRINA ZERO lata de 33 cl.","price":"0,54 €","offer_price":0,"offer_type":null,"stock":false,"super":"alcampo"},{"img":"https://www.alcampo.es/media/h4f/h17/10207648251934.jpg","name":"Refresco de cola light COCA COLA pack de 4 botellas de 2 l. ","price":"6,24 €","offer_price":0,"offer_type":null,"stock":false,"super":"alcampo"},{"img":"https://www.alcampo.es/media/hdb/h45/10207665356830.jpg","name":"Refresco de cola Zero Zero sin azúcar COCA COLA 1,25 l.","price":"1,18 €","offer_price":0,"offer_type":null,"stock":false,"super":"alcampo"},{"img":"https://www.alcampo.es/media/h6e/h86/9355419746334.jpg","name":"Bebida energética BURN lata de 50 centilitros","price":"1 €","offer_price":0,"offer_type":null,"stock":false,"super":"alcampo"},{"img":"https://www.alcampo.es/media/he9/h47/10472581595166.jpg","name":"Refresco de cola light sin cafeína PEPSI LIGHT botella de 2 l.","price":"1,19 €","offer_price":0,"offer_type":null,"stock":false,"super":"alcampo"},{"img":"https://www.alcampo.es/media/h6b/hf5/10207717425182.jpg","name":"Refresco de cola Zero-Zero COCA COLA pack 2 botellas de 2 l.","price":"3,16 €","offer_price":0,"offer_type":null,"stock":false,"super":"alcampo"},{"img":"https://www.alcampo.es/media/hcf/hd6/8965344493598.jpg","name":"Bebida de naranja en polvo TANG 30 gr,","price":"0,41 €","offer_price":0,"offer_type":null,"stock":false,"super":"alcampo"},{"img":"https://www.alcampo.es/media/h84/h79/10207654150174.jpg","name":"Tónica premium NORDIC MIST BLUE lata de 25 cl.","price":"0,49 €","offer_price":0,"offer_type":null,"stock":false,"super":"alcampo"},{"img":"https://www.alcampo.es/media/h50/h28/8888863490078.jpg","name":"Bebida energética MONSTER LO CAL lata de 50 cl.","price":"0,99 €","offer_price":0,"offer_type":null,"stock":false,"super":"alcampo"},{"img":"https://www.alcampo.es/media/h0a/h51/10207666372638.jpg","name":"Refresco de cola Zero sin azúcar y sin cafeína COCA COLA botella de 50 cl. ","price":"1,19 €","offer_price":0,"offer_type":null,"stock":false,"super":"alcampo"},{"img":"https://www.alcampo.es/media/h3b/hab/9553293148190.jpg","name":"Refresco de cola PRODUCTO ALCAMPO 33 cl.","price":"0,49 €","offer_price":0,"offer_type":null,"stock":false,"super":"alcampo"},{"img":"https://www.alcampo.es/media/h1e/h52/10207657033758.jpg","name":"Refresco de limón sin azúcares añadidos FANTA ZERO botella de 2 l.","price":"1,50 €","offer_price":0,"offer_type":null,"stock":false,"super":"alcampo"},{"img":"https://www.alcampo.es/media/hb4/hc7/10207653494814.jpg","name":"Refresco de cola sin cafeína COCA COLA botella de 2 l.","price":"1,80 €","offer_price":0,"offer_type":null,"stock":false,"super":"alcampo"},{"img":"https://www.alcampo.es/media/hd0/h25/10703027109918.jpg","name":"Refresco de naranja 8 % PRODUCTO ALCAMPO 2 l.","price":"0,62 €","offer_price":0,"offer_type":null,"stock":false,"super":"alcampo"},{"img":"https://www.alcampo.es/media/h95/hba/9743783002142.jpg","name":"Refresco de naranja con gas DRINK IT 33 cl.","price":"0,25 €","offer_price":0,"offer_type":null,"stock":false,"super":"alcampo"},{"img":"https://www.alcampo.es/media/hea/hc7/10695733084190.jpg","name":"Tónicas clásicas SCHWEPPES ORIGINAL pack 6 uds. x 33 cl.","price":"2,88 €","offer_price":0,"offer_type":null,"stock":false,"super":"alcampo"},{"img":"https://www.alcampo.es/media/hfd/h42/10207709659166.jpg","name":"Refresco de naranja sin azúcares añadidos FANTA ZERO pack de 2 botellas x 2 l.","price":"2,82 €","offer_price":0,"offer_type":null,"stock":false,"super":"alcampo"},{"img":"https://www.alcampo.es/media/h43/he7/10033720754206.jpg","name":"Refresco de naranja Zero TRINA ZERO botella de 1,5 litros","price":"1,65 €","offer_price":0,"offer_type":null,"stock":false,"super":"alcampo"},{"img":"https://www.alcampo.es/media/hd0/h93/10207727747102.jpg","name":"Bebida isotónica de limón AQUARIUS botella de 1,5 litros pack de 2 uds.","price":"2,76 €","offer_price":0,"offer_type":null,"stock":false,"super":"alcampo"},{"img":"https://www.alcampo.es/media/h59/h5c/10569142829086.jpg","name":"Refresco de limón 6 % PRODUCTO ALCAMPO 2 l.","price":"0,62 €","offer_price":0,"offer_type":null,"stock":false,"super":"alcampo"},{"img":"https://www.alcampo.es/media/hcf/h6b/10703007580190.jpg","name":"Bebida de té al limón PRODUCTO ALCAMPO botella de 1,5 l.","price":"0,59 €","offer_price":0,"offer_type":null,"stock":false,"super":"alcampo"},{"img":"https://www.alcampo.es/media/hf1/h2c/10913677017118.jpg","name":"Refresco de limón sin azúcares añadidos KAS ZERO lata de 33 cl.","price":"0,52 €","offer_price":0,"offer_type":null,"stock":false,"super":"alcampo"},{"img":"https://www.alcampo.es/media/hd0/h5a/9544135344158.jpg","name":"Tónica clásica light SCHWEPPES ZERO botella de 1 l.","price":"1,56 €","offer_price":0,"offer_type":null,"stock":false,"super":"alcampo"},{"img":"https://www.alcampo.es/media/hbe/h15/10913662566430.jpg","name":"Refresco lima-limón sin azúcar SEVEN UP pack 2 uds. x 2 l.","price":"2 €","offer_price":0,"offer_type":null,"stock":false,"super":"alcampo"},{"img":"https://www.alcampo.es/media/hba/h02/10699881119774.jpg","name":"Refresco de cola zero sin azúcar PEPSI MAX pack 2 botellas de 2,20 l.","price":"2,84 €","offer_price":0,"offer_type":null,"stock":false,"super":"alcampo"},{"img":"https://www.alcampo.es/media/haa/h9e/9595646345246.jpg","name":"Refresco refrigerado Florida SUNNY DELIGHT FLORIDA botella de 1,25 l.","price":"1,58 €","offer_price":0,"offer_type":null,"stock":false,"super":"alcampo"},{"img":"https://www.alcampo.es/media/he2/h6d/10703006695454.jpg","name":"Refresco lima limón PRODUCTO ALCAMPO 2 l.","price":"0,62 €","offer_price":0,"offer_type":null,"stock":false,"super":"alcampo"},{"img":"https://www.alcampo.es/media/hf6/h91/10207658573854.jpg","name":"Refresco de limón FANTA pack de 9 latas x 33 cl.","price":"4,77 €","offer_price":0,"offer_type":null,"stock":false,"super":"alcampo"},{"img":"https://www.alcampo.es/media/hc8/h96/10207572262942.jpg","name":"Bebida isotónica de limón AQUARIUS lata de 33 centilitros pack de 9 uds.","price":"6,12 €","offer_price":0,"offer_type":null,"stock":false,"super":"alcampo"},{"img":"https://www.alcampo.es/media/h42/h4b/8899876749342.jpg","name":"Bebida energética con té y limonada MONSTER REHAB lata de 50 cl,","price":"1,14 €","offer_price":0,"offer_type":null,"stock":false,"super":"alcampo"},{"img":"https://www.alcampo.es/media/hb5/h2b/10207728500766.jpg","name":"Refresco de cola light COCA COLA 1,25 l.","price":"1,18 €","offer_price":0,"offer_type":null,"stock":false,"super":"alcampo"},{"img":"https://www.alcampo.es/media/hb2/h7a/9544128561182.jpg","name":"Tónica clásica SCHWEPPES botella de 1 litro","price":"1,58 €","offer_price":0,"offer_type":null,"stock":false,"super":"alcampo"},{"img":"https://www.alcampo.es/media/h21/h8d/10207672795166.jpg","name":"Bebida refrescante de manzana APPLETISER 25 cl.","price":"0,69 €","offer_price":0,"offer_type":null,"stock":false,"super":"alcampo"},{"img":"https://www.alcampo.es/media/hd7/h67/10703015444510.jpg","name":"Bebida para deportistas sabor natural (cítrico) PRODUCTO ALCAMPO, botella de 1,5 l.","price":"0,75 €","offer_price":0,"offer_type":null,"stock":false,"super":"alcampo"},{"img":"https://www.alcampo.es/media/h40/h64/10913576288286.jpg","name":"Refresco de cola Zero azúcar PEPSI MAX pack 12 uds. x 33 cl.","price":"6,53 €","offer_price":0,"offer_type":null,"stock":false,"super":"alcampo"},{"img":"https://www.alcampo.es/media/h41/h37/8937255927838.jpg","name":"Bebida energética MONSTER ULTRA WHITE 50 cl.","price":"1,15 €","offer_price":0,"offer_type":null,"stock":false,"super":"alcampo"},{"img":"https://www.alcampo.es/media/h44/h92/10614205153310.jpg","name":"Bebida para deportistas sabor naranja PRODUCTO ALCAMPO, botella de 1,5 l.","price":"0,75 €","offer_price":0,"offer_type":null,"stock":false,"super":"alcampo"},{"img":"https://www.alcampo.es/media/hb2/h92/10479903440926.jpg","name":"Refresco de cola zero sin azúcar PEPSI MAX pack 4 botellas de 2 l. ","price":"4,93 €","offer_price":0,"offer_type":null,"stock":false,"super":"alcampo"},{"img":"https://www.alcampo.es/media/h56/h31/10479910486046.jpg","name":"Refresco de cola PEPSI lata de 33 cl. ","price":"0,44 €","offer_price":0,"offer_type":null,"stock":false,"super":"alcampo"},{"img":"https://www.alcampo.es/media/h1a/h50/8899146612766.jpg","name":"Bebida energética MONSTER lata de 50 cl.","price":"1,15 €","offer_price":0,"offer_type":null,"stock":false,"super":"alcampo"},{"img":"https://www.alcampo.es/media/hd3/hae/10448421322782.jpg","name":"Bebida energética MONSTER Ultra Paradise 50 CL.","price":"1,14 €","offer_price":0,"offer_type":null,"stock":false,"super":"alcampo"},{"img":"https://www.alcampo.es/media/h08/h9c/10546371395614.jpg","name":"Refresco de naranja SCHHWEPPES 250 ml.","price":"0,66 €","offer_price":0,"offer_type":null,"stock":false,"super":"alcampo"},{"img":"https://www.alcampo.es/media/hb4/hf5/10911490506782.jpg","name":"Bebida de té verde con maracuyá NESTEA botella de 1,5 l.","price":"1,67 €","offer_price":0,"offer_type":null,"stock":false,"super":"alcampo"},{"img":"https://www.alcampo.es/media/hba/h95/10913582841886.jpg","name":"Refresco de limón KAS lata de 33 cl.","price":"0,47 €","offer_price":0,"offer_type":null,"stock":false,"super":"alcampo"},{"img":"https://www.alcampo.es/media/hb6/h52/10801892818974.jpg","name":"Bebida energética sin azúcar RED BULL SUGAR FREE 250 ml. ","price":"1,42 €","offer_price":0,"offer_type":null,"stock":false,"super":"alcampo"},{"img":"https://www.alcampo.es/media/h67/h99/10207567020062.jpg","name":"Refresco de cola Light sin azúcar y sin cafeína COCA COLA botella de 2 l.","price":"1,79 €","offer_price":0,"offer_type":null,"stock":false,"super":"alcampo"},{"img":"https://www.alcampo.es/media/h9a/h79/10207712116766.jpg","name":"Bebida isotónica de limón AQUARIUS botella de 1,5 litros pack de 4 uds.","price":"5,35 €","offer_price":0,"offer_type":null,"stock":false,"super":"alcampo"},{"img":"https://www.alcampo.es/media/hdb/h46/10546368839710.jpg","name":"Refresco de cola Zero azúcar COCA COLA ZERO pack 2 uds. x 1,25 l-","price":"2,30 €","offer_price":0,"offer_type":null,"stock":false,"super":"alcampo"},{"img":"https://www.alcampo.es/media/h15/h99/10207727910942.jpg","name":"Refresco de limón FANTA pack de 2 botellas x 2 l.","price":"2,82 €","offer_price":0,"offer_type":null,"stock":false,"super":"alcampo"},{"img":"https://www.alcampo.es/media/hd7/h0e/8952626020382.jpg","name":"Bitter sin alcohol BITTER KAS botella de 20 cl. pack de 6 uds.","price":"3,89 €","offer_price":0,"offer_type":null,"stock":false,"super":"alcampo"},{"img":"https://www.alcampo.es/media/h49/hac/8987403649054.jpg","name":"Bebida de limón en polvo TANG 30 gr,","price":"0,41 €","offer_price":0,"offer_type":null,"stock":false,"super":"alcampo"},{"img":"https://www.alcampo.es/media/hda/haf/9576321974302.jpg","name":"Bebida energética mango MONSTER 50 cl.","price":"1,14 €","offer_price":0,"offer_type":null,"stock":false,"super":"alcampo"},{"img":"https://www.alcampo.es/media/h0e/hce/10207664996382.jpg","name":"Bebida de té al limón NESTEA pack de 9 uds. x 33 cl.","price":"6,39 €","offer_price":0,"offer_type":null,"stock":false,"super":"alcampo"},{"img":"https://www.alcampo.es/media/h59/h80/9567057969182.jpg","name":"Refresco de cola Zero sin azúcar PRODUCTO ALCAMPO pack 6 uds. x 33 cl.","price":"1,50 €","offer_price":0,"offer_type":null,"stock":false,"super":"alcampo"},{"img":"https://www.alcampo.es/media/hd3/h31/10207720472606.jpg","name":"Bebida isotónica de naranja AQUARIUS lata de 33 centilitros","price":"0,78 €","offer_price":0,"offer_type":null,"stock":false,"super":"alcampo"},{"img":"https://www.alcampo.es/media/hf8/h8c/10207720800286.jpg","name":"Bebida isotónica de limón AQUARIUS botella de 1,5 litros","price":"1,55 €","offer_price":0,"offer_type":null,"stock":false,"super":"alcampo"},{"img":"https://www.alcampo.es/media/hfe/hda/10207647137822.jpg","name":"Bebida de té al limón sin Azucar NESTEA Pack de 4 Botellas de 1,5 Litros","price":"4,99 €","offer_price":0,"offer_type":null,"stock":false,"super":"alcampo"},{"img":"https://www.alcampo.es/media/h44/hf3/10207713361950.jpg","name":"Bebida isotónica de limón AQUARIUS botella de 50 centilitros","price":"1,14 €","offer_price":0,"offer_type":null,"stock":false,"super":"alcampo"},{"img":"https://www.alcampo.es/media/h6b/hb5/10207663882270.jpg","name":"Refresco de naranja sin azúcares añadidos FANTA ZERO botella de 2 l.","price":"1,50 €","offer_price":0,"offer_type":null,"stock":false,"super":"alcampo"},{"img":"https://www.alcampo.es/media/h95/ha7/8949373730846.jpg","name":"Bebida energética sabor ultra red MONSTER lata de 50 cl.","price":"1,14 €","offer_price":0,"offer_type":null,"stock":false,"super":"alcampo"},{"img":"https://www.alcampo.es/media/h22/h4f/10695684784158.jpg","name":"Refresco de manzana TRINA lata de 33 cl-","price":"0,46 €","offer_price":0,"offer_type":null,"stock":false,"super":"alcampo"},{"img":"https://www.alcampo.es/media/h2e/h7c/10207644844062.jpg","name":"Bebida isotónica de naranja AQUARIUS lata de 33 centilitros pack de 9 uds.","price":"6,12 €","offer_price":0,"offer_type":null,"stock":false,"super":"alcampo"},{"img":"https://www.alcampo.es/media/he5/hff/10699881611294.jpg","name":"Refresco de cola PEPSI pack 12 latas de 33 cl.","price":"4,79 €","offer_price":0,"offer_type":null,"stock":false,"super":"alcampo"},{"img":"https://www.alcampo.es/media/h00/h87/10207717916702.jpg","name":"Bebida isotónica de naranja AQUARIUS pack de 2 botellas de 1,5 l.","price":"2,76 €","offer_price":0,"offer_type":null,"stock":false,"super":"alcampo"},{"img":"https://www.alcampo.es/media/ha2/h23/10448411426846.jpg","name":"Refresco de cola PEPSI LIGHT lata de 33 cl.","price":"0,44 €","offer_price":0,"offer_type":null,"stock":false,"super":"alcampo"},{"img":"https://www.alcampo.es/media/h56/h55/9236133937182.jpg","name":"Bebida energética MONSTER ULTRA WHITE pack 4 uds. x 500 ml.","price":"3,92 €","offer_price":0,"offer_type":null,"stock":false,"super":"alcampo"},{"img":"https://www.alcampo.es/media/h6c/h1c/9553328865310.jpg","name":"Refresco de cola PRODUCTO ALCAMPO pack 6 uds. x 33 cl.","price":"1,68 €","offer_price":0,"offer_type":null,"stock":false,"super":"alcampo"},{"img":"https://www.alcampo.es/media/h5b/h43/10207711854622.jpg","name":"Refresco de cola COCA COLA botella vidrio 1 l.","price":"1,69 €","offer_price":0,"offer_type":null,"stock":false,"super":"alcampo"},{"img":"https://www.alcampo.es/media/h42/h12/8891206729758.jpg","name":"Refresco de limón LA CASERA pack de 2 botellas de 1,5 litros","price":"1,34 €","offer_price":0,"offer_type":null,"stock":false,"super":"alcampo"},{"img":"https://www.alcampo.es/media/hea/h41/10207718998046.jpg","name":"Refresco de cola Light COCA COLA botella de 50 cl.","price":"1,19 €","offer_price":0,"offer_type":null,"stock":false,"super":"alcampo"},{"img":"https://www.alcampo.es/media/h0a/h69/10546424807454.jpg","name":"Refresco de cola COCA COLA 2 uds. x 1,25 l.","price":"2 €","offer_price":0,"offer_type":null,"stock":false,"super":"alcampo"},{"img":"https://www.alcampo.es/media/hfb/h13/10913669218334.jpg","name":"Refresco de cola Zero azúcar, Zero cafeína PEPSI MAX lata de 33 cl.","price":"0,49 €","offer_price":0,"offer_type":null,"stock":false,"super":"alcampo"},{"img":"https://www.alcampo.es/media/h1e/h97/10207568363550.jpg","name":"Limonada clásica MINUTE MAID LIMÓN&amp;NADA botella de 1 litro","price":"1,30 €","offer_price":0,"offer_type":null,"stock":false,"super":"alcampo"},{"img":"https://www.alcampo.es/media/h1b/ha8/10546854395934.jpg","name":"Refresco de limón SCHWEPPES lata de 25 cl.","price":"0,64 €","offer_price":0,"offer_type":null,"stock":false,"super":"alcampo"},{"img":"https://www.alcampo.es/media/hf9/h59/10414726119454.jpg","name":"Refreso de cola con extracto de stevia y cafeína natural, Zero azúcar N COLA 33 cl.. ","price":"0,62 €","offer_price":0,"offer_type":null,"stock":false,"super":"alcampo"},{"img":"https://www.alcampo.es/media/hd6/h9a/10911566495774.jpg","name":"Bebida de té desteinado NESTEA botella de 1,5 litros","price":"1,67 €","offer_price":0,"offer_type":null,"stock":false,"super":"alcampo"},{"img":"https://www.alcampo.es/media/h20/h87/10033734352926.jpg","name":"Refresco de limón ZeroTRINA ZERO botella de 1,5 litros","price":"1,65 €","offer_price":0,"offer_type":null,"stock":false,"super":"alcampo"},{"img":"https://www.alcampo.es/media/h7f/h64/10207728893982.jpg","name":"Bebida isotónica de naranja AQUARIUS pack 4 uds. de 1,5 l. ","price":"5,35 €","offer_price":0,"offer_type":null,"stock":false,"super":"alcampo"},{"img":"https://www.alcampo.es/media/h8f/h24/8931438460958.jpg","name":"Refresco de cola COCA COLA pack de 6 botellas x 2 l.","price":"9,17 €","offer_price":0,"offer_type":null,"stock":false,"super":"alcampo"},{"img":"https://www.alcampo.es/media/h04/h4b/10546879627294.jpg","name":"Refresco de lima limón Zero sin azúcar SPRITE ZERO botella de 2 litros","price":"1,29 €","offer_price":0,"offer_type":null,"stock":false,"super":"alcampo"},{"img":"https://www.alcampo.es/media/hf5/h6b/10207715950622.jpg","name":"Refresco de cola Zero sin azúcar y sin cafeína COCA COLA botella de 2 l.","price":"1,80 €","offer_price":0,"offer_type":null,"stock":false,"super":"alcampo"},{"img":"https://www.alcampo.es/media/ha7/h23/10699833770014.jpg","name":"Refresco de cola zero sin azúcar PEPSI MAX botella 50 cl.","price":"0,80 €","offer_price":0,"offer_type":null,"stock":false,"super":"alcampo"},{"img":"https://www.alcampo.es/media/h93/h08/9690812284958.jpg","name":"Refresco cola mini light COCA COLA 6 uds. x 200 ml. ","price":"3,29 €","offer_price":0,"offer_type":null,"stock":false,"super":"alcampo"},{"img":"https://www.alcampo.es/media/hcf/hc5/10479956525086.jpg","name":"Refresco de cola PEPSI pack 2 botellas x 2 l.","price":"2,47 €","offer_price":0,"offer_type":null,"stock":false,"super":"alcampo"},{"img":"https://www.alcampo.es/media/hbb/hbe/9544135999518.jpg","name":"Refresco de limón SCHWEPPES botella de 1 l.","price":"1,56 €","offer_price":0,"offer_type":null,"stock":false,"super":"alcampo"},{"img":"https://www.alcampo.es/media/hc8/h58/10911524257822.jpg","name":"Refresco Citrus, sabor mandarina, lima, naranja y pomelo SCHWEPPES 33 cl.","price":"0,72 €","offer_price":0,"offer_type":null,"stock":false,"super":"alcampo"},{"img":"https://www.alcampo.es/media/h18/h42/10695738097694.jpg","name":"Refresco de limón TRINA lata de 33 cl.","price":"0,46 €","offer_price":0,"offer_type":null,"stock":false,"super":"alcampo"},{"img":"https://www.alcampo.es/media/hb8/h86/10207715065886.jpg","name":"Refresco de cola light COCA COLA pack 12 latas de 33 cl.","price":"7,92 €","offer_price":0,"offer_type":null,"stock":false,"super":"alcampo"},{"img":"https://www.alcampo.es/media/ha3/h86/10913694187550.jpg","name":"Refresco de lima limón,sin azúcar SEVEN UP FREE 2 l.","price":"1,08 €","offer_price":0,"offer_type":null,"stock":false,"super":"alcampo"},{"img":"https://www.alcampo.es/media/hbf/h35/10740004093982.jpg","name":"Tónica clásica PRODUCTO ALCAMPO 1,5 l.","price":"0,59 €","offer_price":0,"offer_type":null,"stock":false,"super":"alcampo"},{"img":"https://www.alcampo.es/media/hb0/h33/9424022241310.jpg","name":"Bebida energética sin azúcar RED BULL pack 4 uds. x 250 ml..","price":"3,88 €","offer_price":0,"offer_type":null,"stock":false,"super":"alcampo"},{"img":"https://www.alcampo.es/media/h20/h0b/10207642255390.jpg","name":"Tónica Berry Sensation ROYAL BLISS 20 cl.","price":"0,92 €","offer_price":0,"offer_type":null,"stock":false,"super":"alcampo"},{"img":"https://www.alcampo.es/media/h55/h93/9544131346462.jpg","name":"Refresco de limón SCHWEPPES ZERO botella de 1 l.","price":"1,56 €","offer_price":0,"offer_type":null,"stock":false,"super":"alcampo"},{"img":"https://www.alcampo.es/media/h68/h19/10207729877022.jpg","name":"Refresco de cola Zero sin azúcar COCA COLA botella de vidrio 1 l.","price":"1,69 €","offer_price":0,"offer_type":null,"stock":false,"super":"alcampo"},{"img":"https://www.alcampo.es/media/h70/h8d/10448404906014.jpg","name":"Refresco de cola PEPSI LIGHT pack 2 botellas de 2 l.","price":"2,60 €","offer_price":0,"offer_type":null,"stock":false,"super":"alcampo"},{"img":"https://www.alcampo.es/media/h0c/hd7/10207655329822.jpg","name":"Bebida de té al limón NESTEA pack de 4 botellas de 1,5 litros","price":"6,36 €","offer_price":0,"offer_type":null,"stock":false,"super":"alcampo"},{"img":"https://www.alcampo.es/media/hab/hac/9743803908126.jpg","name":"Refresco de cola regular DRINK IT 33 cl.","price":"0,30 €","offer_price":0,"offer_type":null,"stock":false,"super":"alcampo"},{"img":"https://www.alcampo.es/media/h80/h6c/10207573606430.jpg","name":"Bebida isotónica de naranja AQUARIUS botella de 50 centilitros","price":"1,14 €","offer_price":0,"offer_type":null,"stock":false,"super":"alcampo"},{"img":"https://www.alcampo.es/media/h6d/hc3/10801902354462.jpg","name":"Bebida de té verde a la manzana NESTEA lata de 33 centilitros","price":"0,73 €","offer_price":0,"offer_type":null,"stock":false,"super":"alcampo"},{"img":"https://www.alcampo.es/media/h33/h8a/10207729483806.jpg","name":"Refresco de cola COCA COLA pack 4 uds. x 20 cl.","price":"3,31 €","offer_price":0,"offer_type":null,"stock":false,"super":"alcampo"},{"img":"https://www.alcampo.es/media/he0/hae/10207651299358.jpg","name":"Refresco de naranja FANTA 1,25 l.","price":"1,10 €","offer_price":0,"offer_type":null,"stock":false,"super":"alcampo"},{"img":"https://www.alcampo.es/media/h44/h28/10479945711646.jpg","name":"Refresco cola Zero azúcar, Zero cafeína PEPSI MAX pack 9 latas x 33 cl.","price":"4,40 €","offer_price":0,"offer_type":null,"stock":false,"super":"alcampo"},{"img":"https://www.alcampo.es/media/hd8/ha7/9743856402462.jpg","name":"Refresco de cola Cero DRINK IT 33 cl.","price":"0,30 €","offer_price":0,"offer_type":null,"stock":false,"super":"alcampo"},{"img":"https://www.alcampo.es/media/hb4/h06/8959983288350.jpg","name":"Bebida tropical en polvo TANG 30 gr,","price":"0,41 €","offer_price":0,"offer_type":null,"stock":false,"super":"alcampo"},{"img":"https://www.alcampo.es/media/h21/h4e/10033589256222.jpg","name":"Refresco de limón TRINA botella de 1,5 l.","price":"1,65 €","offer_price":0,"offer_type":null,"stock":false,"super":"alcampo"},{"img":"https://www.alcampo.es/media/h66/h9a/9252676829214.jpg","name":"Bebida energética MONSTER PUNCH lata 50 cl.","price":"1,14 €","offer_price":0,"offer_type":null,"stock":false,"super":"alcampo"},{"img":"https://www.alcampo.es/media/hb2/h0f/10479893053470.jpg","name":"Refresco de cola PEPSI pack 4 botellas de 2 l. ","price":"4,93 €","offer_price":0,"offer_type":null,"stock":false,"super":"alcampo"},{"img":"https://www.alcampo.es/media/h58/h73/10800283320350.jpg","name":"Refresco de naranja sin gas PRODUCTO ALCAMPO botella de 1,5 l","price":"0,85 €","offer_price":0,"offer_type":null,"stock":false,"super":"alcampo"},{"img":"https://www.alcampo.es/media/h0a/h17/10913666859038.jpg","name":"Refresco de manzana KAS lata de 33 cl.","price":"0,50 €","offer_price":0,"offer_type":null,"stock":false,"super":"alcampo"},{"img":"https://www.alcampo.es/media/h48/h40/10207719227422.jpg","name":"Refresco de naranja FANTA MINI pack 6 uds. x 200 ml.","price":"2,44 €","offer_price":0,"offer_type":null,"stock":false,"super":"alcampo"},{"img":"https://www.alcampo.es/media/h09/hb2/8892313436190.jpg","name":"Refresco de naranja LA CASERA pack de 2 botellas de 1,5 litros","price":"1,34 €","offer_price":0,"offer_type":null,"stock":false,"super":"alcampo"},{"img":"https://www.alcampo.es/media/he9/he0/10911403671582.jpg","name":"Bebida de té verde a la manzana NESTEA botella de 1,5 l.","price":"1,67 €","offer_price":0,"offer_type":null,"stock":false,"super":"alcampo"},{"img":"https://www.alcampo.es/media/h62/h9b/9089255309342.jpg","name":"Tónica premium mixer con toque de lima SCHWEPPES 20cl ","price":"1,49 €","offer_price":0,"offer_type":null,"stock":false,"super":"alcampo"},{"img":"https://www.alcampo.es/media/h60/hdd/10506630955038.jpg","name":"Bebida de té sabor mango sin azúcares añadidos PRODUCTO ALCAMPO 1,5 l.","price":"0,59 €","offer_price":0,"offer_type":null,"stock":false,"super":"alcampo"},{"img":"https://www.alcampo.es/media/h09/hb4/9465748127774.jpg","name":"Bebida de té al limón sin azúcar SAN BENEDETTO botella de 1,5 litros","price":"0,62 €","offer_price":0,"offer_type":null,"stock":false,"super":"alcampo"},{"img":"https://www.alcampo.es/media/h46/ha6/8901736923166.jpg","name":"Bebida energética MONSTER lata pack de 6 unidades de 50 cl.","price":"6,83 €","offer_price":0,"offer_type":null,"stock":false,"super":"alcampo"},{"img":"https://www.alcampo.es/media/h8f/h8a/9477047287838.jpg","name":"Refresco refrigerado Florida SUNNY DELIGHT FLORIDA pack 4 uds. x 20 cl.","price":"1,45 €","offer_price":0,"offer_type":null,"stock":false,"super":"alcampo"},{"img":"https://www.alcampo.es/media/hb2/h39/10207641206814.jpg","name":"Bebida isotónica de naranja AQUARIUS botella de 1,5 l.","price":"1,55 €","offer_price":0,"offer_type":null,"stock":false,"super":"alcampo"},{"img":"https://www.alcampo.es/media/h5d/h82/10766015528990.jpg","name":"Refresco sin gas manzana PRODUCTO ALCAMPO 1,5 l","price":"0,73 €","offer_price":0,"offer_type":null,"stock":false,"super":"alcampo"},{"img":"https://www.alcampo.es/media/hb7/h44/10425260441630.jpg","name":"Refresco de naranja KAS pack 2 botellas de 2 l.","price":"2,84 €","offer_price":0,"offer_type":null,"stock":false,"super":"alcampo"},{"img":"https://www.alcampo.es/media/ha2/h23/9629521969182.jpg","name":"Tónica clásica PRODUCTO ALCAMPO botella de 25 centilitros pack de 6 uds.","price":"1,49 €","offer_price":0,"offer_type":null,"stock":false,"super":"alcampo"},{"img":"https://www.alcampo.es/media/h0c/hc1/10033645617182.jpg","name":"Refresco de manzana zero TRINA ZERO botella de 1,5 litros","price":"1,65 €","offer_price":0,"offer_type":null,"stock":false,"super":"alcampo"},{"img":"https://www.alcampo.es/media/h80/hf4/10207660146718.jpg","name":"Refresco de cola COCA COLA botella de 2 l.","price":"1,80 €","offer_price":0,"offer_type":null,"stock":false,"super":"alcampo"},{"img":"https://www.alcampo.es/media/h32/h99/9743815376926.jpg","name":"Refresco de limón con gas DRINK IT 33 cl.","price":"0,30 €","offer_price":0,"offer_type":null,"stock":false,"super":"alcampo"},{"img":"https://www.alcampo.es/media/h97/h89/10695771062302.jpg","name":"Tónicas clásicas SCHWEPPES pack 6 uds. x 25 cl.","price":"3,77 €","offer_price":0,"offer_type":null,"stock":false,"super":"alcampo"},{"img":"https://www.alcampo.es/media/h20/h51/9089238073374.jpg","name":"Tónica premium mixer con pimienta rosa SCHWEPPES 20cl","price":"1,48 €","offer_price":0,"offer_type":null,"stock":false,"super":"alcampo"},{"img":"https://www.alcampo.es/media/he8/hd3/10448427483166.jpg","name":"Refresco de cola light PEPSI LIGHT botella de 2 l.","price":"1,30 €","offer_price":0,"offer_type":null,"stock":false,"super":"alcampo"},{"img":"https://www.alcampo.es/media/h1c/h43/10207646711838.jpg","name":"Refresco cola Plus Coffee COCA COLA 25 cl.","price":"0,73 €","offer_price":0,"offer_type":null,"stock":false,"super":"alcampo"},{"img":"https://www.alcampo.es/media/h1e/hfc/10422806904862.jpg","name":"Refresco de lima limón SEVEN UP botella de 2 l.","price":"0,96 €","offer_price":0,"offer_type":null,"stock":false,"super":"alcampo"},{"img":"https://www.alcampo.es/media/hfb/hbd/10506671849502.jpg","name":"Bebida de té sabor melocotón sin azúcares añadidos PRODUCTO ALCAMPO 1,5 l.","price":"0,69 €","offer_price":0,"offer_type":null,"stock":false,"super":"alcampo"},{"img":"https://www.alcampo.es/media/h0e/h57/10540057165854.jpg","name":"Bebida energética Pacific Punch MONSTER 50 cl. ","price":"1,14 €","offer_price":0,"offer_type":null,"stock":false,"super":"alcampo"},{"img":"https://www.alcampo.es/media/h00/hf4/10801833934878.jpg","name":"Bebida energética RED BULL 250 ml.","price":"1,04 €","offer_price":0,"offer_type":null,"stock":false,"super":"alcampo"},{"img":"https://www.alcampo.es/media/hfb/hba/8959668387870.jpg","name":"Bebida energética RED BULL pack 8 uds. x 250 ml.","price":"7,49 €","offer_price":0,"offer_type":null,"stock":false,"super":"alcampo"},{"img":"https://www.alcampo.es/media/h42/h9d/10444927664158.jpg","name":"Bebida, base de zumo con vitaminas CAPRI-SUN 200 ml.","price":"0,43 €","offer_price":0,"offer_type":null,"stock":false,"super":"alcampo"},{"img":"https://www.alcampo.es/media/hb4/h81/10425237012510.jpg","name":"Bebida isotónica de limón AQUARADE lata de 33 cL.","price":"0,43 €","offer_price":0,"offer_type":null,"stock":false,"super":"alcampo"},{"img":"https://www.alcampo.es/media/h41/h68/10569088204830.jpg","name":"Refresco de naranja con gas Zero ( 8 % zumo) PRODUCTO ALCAMPO 2 l.","price":"0,60 €","offer_price":0,"offer_type":null,"stock":false,"super":"alcampo"},{"img":"https://www.alcampo.es/media/h82/hb0/10207567511582.jpg","name":"Refresco de limón FANTA 1,25 l","price":"1,20 €","offer_price":0,"offer_type":null,"stock":false,"super":"alcampo"},{"img":"https://www.alcampo.es/media/h9d/h24/10425171345438.jpg","name":"Bebida isotónica de naranja AQUARADE lata de 33 cl.","price":"0,45 €","offer_price":0,"offer_type":null,"stock":false,"super":"alcampo"},{"img":"https://www.alcampo.es/media/hfd/he9/10207662899230.jpg","name":"Refrescode cola light COCA COLA pack 2 botellas de 2 l.","price":"2,73 €","offer_price":0,"offer_type":null,"stock":false,"super":"alcampo"},{"img":"https://www.alcampo.es/media/hae/h81/8960206077982.jpg","name":"Refresco de lima limón MOUNTAIN DEW botella de 50 cl.","price":"0,90 €","offer_price":0,"offer_type":null,"stock":false,"super":"alcampo"},{"img":"https://www.alcampo.es/media/ha9/h4e/10448421847070.jpg","name":"Refresco de cola PEPSI LIGHT pack 12 latas de 33 cl.","price":"5,40 €","offer_price":0,"offer_type":null,"stock":false,"super":"alcampo"},{"img":"https://www.alcampo.es/media/h6e/h33/10425235210270.jpg","name":"Refresco de naranja sin azúcares añadidos KAS 2 l.","price":"1,50 €","offer_price":0,"offer_type":null,"stock":false,"super":"alcampo"},{"img":"https://www.alcampo.es/media/h4b/h48/9584860856350.jpg","name":"Bitter sin alcohol PRODUCTO ALCAMPO pack 6 uds. x 20 cl.","price":"1,80 €","offer_price":0,"offer_type":null,"stock":false,"super":"alcampo"},{"img":"https://www.alcampo.es/media/h16/h56/10207665192990.jpg","name":"Refresco de cola Zero sin azúcar COCA COLA botella de 2 l.","price":"1,80 €","offer_price":0,"offer_type":null,"stock":false,"super":"alcampo"},{"img":"https://www.alcampo.es/media/hb6/h9f/9659198865438.jpg","name":"Refresco refrigerado florida SUNNY DELIGHT FLORIDA botella de 31 centilitros","price":"0,77 €","offer_price":0,"offer_type":null,"stock":false,"super":"alcampo"},{"img":"https://www.alcampo.es/media/hfd/ha4/10087913652254.jpg","name":"Bitter rojo sin alcohol MARE ROSSO 4uds. x 20 cl.","price":"2,34 €","offer_price":0,"offer_type":null,"stock":false,"super":"alcampo"},{"img":"https://www.alcampo.es/media/h6b/h40/8952584437790.jpg","name":"Bebida de té con melocotón SAN BENEDETTO botella de 1,5 litros","price":"0,75 €","offer_price":0,"offer_type":null,"stock":false,"super":"alcampo"},{"img":"https://www.alcampo.es/media/ha4/haa/10802620629022.jpg","name":"Bebida energética Coconut y arándanos RED BULL EDITION 250 ml.","price":"1,42 €","offer_price":0,"offer_type":null,"stock":false,"super":"alcampo"},{"img":"https://www.alcampo.es/media/h2b/h6c/10699837177886.jpg","name":"Refresco de cola Zero sin azúcar PEPSI MAX botella 2 l. ","price":"1,24 €","offer_price":0,"offer_type":null,"stock":false,"super":"alcampo"},{"img":"https://www.alcampo.es/media/hde/h3c/10911429263390.jpg","name":"Bebida energética mule MONSTER 500 ml.","price":"1,49 €","offer_price":0,"offer_type":null,"stock":false,"super":"alcampo"},{"img":"https://www.alcampo.es/media/h96/hd2/9599485149214.jpg","name":"Tónica SCHWEPPES PINK botella 25 cl. ","price":"0,71 €","offer_price":0,"offer_type":null,"stock":false,"super":"alcampo"},{"img":"https://www.alcampo.es/media/hdd/hfa/10207718080542.jpg","name":"Tónica Regular ROYAL BLISS 20 cl.","price":"0,92 €","offer_price":0,"offer_type":null,"stock":false,"super":"alcampo"},{"img":"https://www.alcampo.es/media/hb3/hb4/10207730860062.jpg","name":"Refresco de naranja FANTA botella de 50 cl.","price":"1,15 €","offer_price":0,"offer_type":null,"stock":false,"super":"alcampo"},{"img":"https://www.alcampo.es/media/hd0/hd9/9748061290526.jpg","name":"Refresco de naranja FANTA botella de 2 l.","price":"1,49 €","offer_price":0,"offer_type":null,"stock":false,"super":"alcampo"},{"img":"https://www.alcampo.es/media/hce/hf0/9089165262878.jpg","name":"Tónica premium mixers hibiscus SCHWEPPES 20cl ","price":"1,54 €","offer_price":0,"offer_type":null,"stock":false,"super":"alcampo"},{"img":"https://www.alcampo.es/media/h56/ha2/10913679769630.jpg","name":"Refresco de limón KAS pack 9 latas de 33 cl.","price":"3,56 €","offer_price":0,"offer_type":null,"stock":false,"super":"alcampo"},{"img":"https://www.alcampo.es/media/h5f/h18/9544121286686.jpg","name":"Tónica clásica SCHWEPPES ZERO botella 25 cl. ","price":"0,81 €","offer_price":0,"offer_type":null,"stock":false,"super":"alcampo"},{"img":"https://www.alcampo.es/media/h86/h18/9167070560286.jpg","name":"Tónica oridginal zero Berries ORIGINAL botella de 240 ml. ","price":"1,47 €","offer_price":0,"offer_type":null,"stock":false,"super":"alcampo"},{"img":"https://www.alcampo.es/media/hbb/hb7/10207573868574.jpg","name":"Tónica clásica NORDIC MIST ORIGINAL botella de 1 litro","price":"1,22 €","offer_price":0,"offer_type":null,"stock":false,"super":"alcampo"},{"img":"https://www.alcampo.es/media/hb3/h2f/9355585847326.jpg","name":"Bebida energética sin azúcar BURN ZERO lata de 50 centilitros","price":"1,01 €","offer_price":0,"offer_type":null,"stock":false,"super":"alcampo"},{"img":"https://www.alcampo.es/media/h3d/h22/9544114503710.jpg","name":"Ginger Ale SCHWEPPES botella de 1 l.","price":"1,59 €","offer_price":0,"offer_type":null,"stock":false,"super":"alcampo"},{"img":"https://www.alcampo.es/media/h47/h37/8923127775262.jpg","name":"Refresco tropical ENJOY botella de 1,5 litros","price":"0,79 €","offer_price":0,"offer_type":null,"stock":false,"super":"alcampo"},{"img":"https://www.alcampo.es/media/h01/h37/10207732072478.jpg","name":"Bebida de té al limón NESTEA botella de 50 centilitros","price":"1,17 €","offer_price":0,"offer_type":null,"stock":false,"super":"alcampo"},{"img":"https://www.alcampo.es/media/hba/h7d/9089166999582.jpg","name":"Tónica premium mixer ginger ale y jengibre intenso SHEWEPPES 20cl","price":"1,56 €","offer_price":0,"offer_type":null,"stock":false,"super":"alcampo"},{"img":"https://www.alcampo.es/media/hbd/hda/10098042011678.jpg","name":"Refresco con gas lima-limón bajo en azúcar SPRITE pack 2 uds. x 2 l. ","price":"2,15 €","offer_price":0,"offer_type":null,"stock":false,"super":"alcampo"},{"img":"https://www.alcampo.es/media/hd9/h04/10422808903710.jpg","name":"Refresco de lima y limón con gas SEVEN-UP pack 2 uds. x 2 l.","price":"1,90 €","offer_price":0,"offer_type":null,"stock":false,"super":"alcampo"},{"img":"https://www.alcampo.es/media/h47/ha8/10479937454110.jpg","name":"Refresco de cola PEPSI botella de 33 cl.","price":"0,62 €","offer_price":0,"offer_type":null,"stock":false,"super":"alcampo"},{"img":"https://www.alcampo.es/media/h70/h0d/10802528649246.jpg","name":"Bebida energética Tropical RED BULL EDITION 250 ml.","price":"1,42 €","offer_price":0,"offer_type":null,"stock":false,"super":"alcampo"},{"img":"https://www.alcampo.es/media/h62/hd7/10207662178334.jpg","name":"Refresco de limón FANTA botella de 2 ll.","price":"1,45 €","offer_price":0,"offer_type":null,"stock":false,"super":"alcampo"},{"img":"https://www.alcampo.es/media/hbc/h12/8952561958942.jpg","name":"Bebida energética RED BULL pack 4 uds. x 250 ml.","price":"4,19 €","offer_price":0,"offer_type":null,"stock":false,"super":"alcampo"},{"img":"https://www.alcampo.es/media/h5e/ha3/10479853273118.jpg","name":"Refresco de cola PEPSI MAX ZERO 1,25 l.","price":"1,10 €","offer_price":0,"offer_type":null,"stock":false,"super":"alcampo"},{"img":"https://www.alcampo.es/media/h95/he5/10033649647646.jpg","name":"Refresco tropical TRINA botella de 1,5 l.","price":"1,65 €","offer_price":0,"offer_type":null,"stock":false,"super":"alcampo"},{"img":"https://www.alcampo.es/media/h38/hdd/8952641716254.jpg","name":"Bebida de té al limón SAN BENEDETTO botella de 1,5 litros","price":"0,64 €","offer_price":0,"offer_type":null,"stock":false,"super":"alcampo"},{"img":"https://www.alcampo.es/media/h9b/he4/10207733350430.jpg","name":"Refresco de cola Zero sin azúcar COCA COLA pack 4 uds. x 20 cl.","price":"3,31 €","offer_price":0,"offer_type":null,"stock":false,"super":"alcampo"},{"img":"https://www.alcampo.es/media/h8d/hee/10546862719006.jpg","name":"Refresco de lima limón bajo en azúcar SPRITE botella de 2 l.","price":"1,10 €","offer_price":0,"offer_type":null,"stock":false,"super":"alcampo"},{"img":"https://www.alcampo.es/media/h27/hdd/10207653822494.jpg","name":"Tónica Mist Blue NORDIC 20 cl.","price":"0,62 €","offer_price":0,"offer_type":null,"stock":false,"super":"alcampo"},{"img":"https://www.alcampo.es/media/h65/hb9/9595649425438.jpg","name":"Refresco refrigerado California SUNNY DELIGHT CALIFORNIA botella de 1,25 l.","price":"1,80 €","offer_price":0,"offer_type":null,"stock":false,"super":"alcampo"},{"img":"https://www.alcampo.es/media/hcb/he7/10207572852766.jpg","name":"Tónica Mist Original NORDIC 20 cl.","price":"0,64 €","offer_price":0,"offer_type":null,"stock":false,"super":"alcampo"},{"img":"https://www.alcampo.es/media/h31/h25/8952628477982.jpg","name":"Refresco de naranja KAS botella 33 cl.","price":"0,60 €","offer_price":0,"offer_type":null,"stock":false,"super":"alcampo"},{"img":"https://www.alcampo.es/media/had/h6f/10207708184606.jpg","name":"Bebida refrescante de manzana ligeramente gasificado APPLETISER botella 275 ml.","price":"0,79 €","offer_price":0,"offer_type":null,"stock":false,"super":"alcampo"},{"img":"https://www.alcampo.es/media/hea/h14/10217490153502.jpg","name":"Refresco de cola con extracto de stevia y cafeína natural, Zero azúcar GREEN COLA 1,5 l.","price":"1,18 €","offer_price":0,"offer_type":null,"stock":false,"super":"alcampo"},{"img":"https://www.alcampo.es/media/h63/h6b/10695740260382.jpg","name":"Tónica Pink SCHWEPPES 1 l.","price":"1,57 €","offer_price":0,"offer_type":null,"stock":false,"super":"alcampo"},{"img":"https://www.alcampo.es/media/h66/hd2/10546340003870.jpg","name":"Bebida deportiva Razzle Berry MONSTER REIGN 50 cl.","price":"1,75 €","offer_price":0,"offer_type":null,"stock":false,"super":"alcampo"},{"img":"https://www.alcampo.es/media/hfc/h44/8922424180766.jpg","name":"Refresco de naranja ENJOY botella 1,5 litros","price":"0,83 €","offer_price":0,"offer_type":null,"stock":false,"super":"alcampo"},{"img":"https://www.alcampo.es/media/h78/hb8/8952905007134.jpg","name":"Refresco de lima limón y menta LAIMON FRESH lata de 33 cl.","price":"0,63 €","offer_price":0,"offer_type":null,"stock":false,"super":"alcampo"},{"img":"https://www.alcampo.es/media/h71/hf9/10207711363102.jpg","name":"Refresco de limón FANTA botella de 50 cl.","price":"1,16 €","offer_price":0,"offer_type":null,"stock":false,"super":"alcampo"},{"img":"https://www.alcampo.es/media/h99/h32/8960033587230.jpg","name":"Bebida de piña en polvo TANG 30 gr,","price":"0,41 €","offer_price":0,"offer_type":null,"stock":false,"super":"alcampo"},{"img":"https://www.alcampo.es/media/hb7/h10/10802620301342.jpg","name":"Bebida energética Acaí sin azúcar RED BULL 250 ml.","price":"1,42 €","offer_price":0,"offer_type":null,"stock":false,"super":"alcampo"},{"img":"https://www.alcampo.es/media/hb2/h36/9235015893022.jpg","name":"Bebida de té verde con menta lima LIPTON botella 1 l. ","price":"1,04 €","offer_price":0,"offer_type":null,"stock":false,"super":"alcampo"},{"img":"https://www.alcampo.es/media/hb1/hab/10546385289246.jpg","name":"Bebida deportiva melón manía MONSTER REIGN 50 cl.","price":"1,75 €","offer_price":0,"offer_type":null,"stock":false,"super":"alcampo"},{"img":"https://www.alcampo.es/media/hd5/h7f/10172184297502.jpg","name":"Agua de coco VITA COCO 1 l.","price":"3,48 €","offer_price":0,"offer_type":null,"stock":false,"super":"alcampo"},{"img":"https://www.alcampo.es/media/hc4/hc1/10098039226398.jpg","name":"Bebida refrescante de manzana 100 %, burbuja fina APPLETISER pack 4 uds. x 275 ml.","price":"2,74 €","offer_price":0,"offer_type":null,"stock":false,"super":"alcampo"},{"img":"https://www.alcampo.es/media/h8b/h3a/8959748014110.jpg","name":"Refresco agua de coco GOYA lata de 35 centilitros","price":"1,36 €","offer_price":0,"offer_type":null,"stock":false,"super":"alcampo"},{"img":"https://www.alcampo.es/media/hdc/hca/8930845556766.jpg","name":"Refresco de naranja LA CASERA 1'5 litros","price":"0,79 €","offer_price":0,"offer_type":null,"stock":false,"super":"alcampo"},{"img":"https://www.alcampo.es/media/h9f/h91/9595657912350.jpg","name":"Refresco refrigerado de fresa SUNNY DELIGHT botella de 1,25 l.","price":"1,80 €","offer_price":0,"offer_type":null,"stock":false,"super":"alcampo"},{"img":"https://www.alcampo.es/media/h8f/h66/10276813799454.jpg","name":"Refresco tropical PRODUCTO ALCAMPO botella de 1,5 l.","price":"0,85 €","offer_price":0,"offer_type":null,"stock":false,"super":"alcampo"},{"img":"https://www.alcampo.es/media/he0/hdb/8952509497374.jpg","name":"Bebida de té verde SAN BENEDETTO botella de 1,5 litros","price":"0,63 €","offer_price":0,"offer_type":null,"stock":false,"super":"alcampo"},{"img":"https://www.alcampo.es/media/h14/hf3/10207663226910.jpg","name":"Bebida deportiva POWERADE Zero 500 ml.","price":"1,19 €","offer_price":0,"offer_type":null,"stock":false,"super":"alcampo"},{"img":"https://www.alcampo.es/media/hed/hdc/9659281735710.jpg","name":"Refresco refrigerado con sabor a frutas del bosque SUNNY DELIGHT BLUE botella de 31 centilitros","price":"0,77 €","offer_price":0,"offer_type":null,"stock":false,"super":"alcampo"},{"img":"https://www.alcampo.es/media/h8a/hd9/10033693098014.jpg","name":"Refresco de manzana TRINA botella de 1,5 litros","price":"1,65 €","offer_price":0,"offer_type":null,"stock":false,"super":"alcampo"},{"img":"https://www.alcampo.es/media/hed/hd2/10425249300510.jpg","name":"Refresco de limón sin azúcares añadidos KAS botella de 2 l.","price":"1,50 €","offer_price":0,"offer_type":null,"stock":false,"super":"alcampo"},{"img":"https://www.alcampo.es/media/h3c/h1b/10614265643038.jpg","name":"Refresco de limón PRODUCTO ALCAMPO botella de 1,5 l.","price":"0,70 €","offer_price":0,"offer_type":null,"stock":false,"super":"alcampo"},{"img":"https://www.alcampo.es/media/h5e/hda/8930846867486.jpg","name":"Refresco de naranja LA CASERA Lata 33 Centilitros","price":"0,49 €","offer_price":0,"offer_type":null,"stock":false,"super":"alcampo"},{"img":"https://www.alcampo.es/media/h8a/h3a/8952714067998.jpg","name":"Bebida deportiva UPGRADE BLUE botella de 50 centilitros","price":"0,69 €","offer_price":0,"offer_type":null,"stock":false,"super":"alcampo"},{"img":"https://www.alcampo.es/media/hb0/h29/9534492999710.jpg","name":"Bebida de té con sabor a melocotón y con extracto de stevia LIPTON botella de 1,5 l.","price":"1,20 €","offer_price":0,"offer_type":null,"stock":false,"super":"alcampo"},{"img":"https://www.alcampo.es/media/h02/h5c/10546370215966.jpg","name":"Bebida deportiva Sour Apple MONSTER REIGN 50 cl.","price":"1,75 €","offer_price":0,"offer_type":null,"stock":false,"super":"alcampo"},{"img":"https://www.alcampo.es/media/h6f/hcd/10913579630622.jpg","name":"Bebida isotónica de naranja AQUARADE botella de 1,5 l.","price":"1,14 €","offer_price":0,"offer_type":null,"stock":false,"super":"alcampo"},{"img":"https://www.alcampo.es/media/h23/h16/9106571460638.jpg","name":"Refresco de limón sin azúcares añadidos LA CASERA 1 l.","price":"0,85 €","offer_price":0,"offer_type":null,"stock":false,"super":"alcampo"},{"img":"https://www.alcampo.es/media/h3a/h0c/10207711526942.jpg","name":"Bebida deportiva POWERADE BLUE botella de 50 centilitros","price":"1,16 €","offer_price":0,"offer_type":null,"stock":false,"super":"alcampo"},{"img":"https://www.alcampo.es/media/h5a/h5a/8952587616286.jpg","name":"Refresco de limón ENJOY botella de 1,5 litros","price":"0,79 €","offer_price":0,"offer_type":null,"stock":false,"super":"alcampo"},{"img":"https://www.alcampo.es/media/hd7/h3e/10444953845790.jpg","name":"Bebida, base de zumo de naranja CAPRI-SUN 200 ml.","price":"0,48 €","offer_price":0,"offer_type":null,"stock":false,"super":"alcampo"},{"img":"https://www.alcampo.es/media/hc1/h0d/8889448202270.jpg","name":"Bebida energética MONSTER ENERGY pack 4 uds. x 50 cl","price":"3,96 €","offer_price":0,"offer_type":null,"stock":false,"super":"alcampo"},{"img":"https://www.alcampo.es/media/h63/he1/8959862800414.jpg","name":"Refresco de fresa ENJOY botella de 1,5 litros","price":"0,89 €","offer_price":0,"offer_type":null,"stock":false,"super":"alcampo"},{"img":"https://www.alcampo.es/media/h5f/hf9/9544113225758.jpg","name":"Tónica clásica SCHWEPPES botella de 25 cl.","price":"0,74 €","offer_price":0,"offer_type":null,"stock":false,"super":"alcampo"},{"img":"https://www.alcampo.es/media/h85/h38/9355610521630.jpg","name":"Bebida energética original ROCKSTAR lata de 50 cl.","price":"1,29 €","offer_price":0,"offer_type":null,"stock":false,"super":"alcampo"},{"img":"https://www.alcampo.es/media/h08/h81/9544117420062.jpg","name":"Refresco de naranja SCHWEPPES botella de 1 l.","price":"1,56 €","offer_price":0,"offer_type":null,"stock":false,"super":"alcampo"},{"img":"https://www.alcampo.es/media/h22/h54/8927407341598.jpg","name":"Bebida energética RED BULL pack 4 uds. x 355 ml.","price":"5,52 €","offer_price":0,"offer_type":null,"stock":false,"super":"alcampo"},{"img":"https://www.alcampo.es/media/h4d/h69/10425178816542.jpg","name":"Refresco de limón KAS pack 2 botellas de 2 l.","price":"2,32 €","offer_price":0,"offer_type":null,"stock":false,"super":"alcampo"},{"img":"https://www.alcampo.es/media/h62/hdd/10793633087518.jpg","name":"Bebida energética RED BULL ENERGY DRINK 250 ml.","price":"1,42 €","offer_price":0,"offer_type":null,"stock":false,"super":"alcampo"},{"img":"https://www.alcampo.es/media/he6/h12/10802746294302.jpg","name":"Bebida energética RED BULL ZERO 250 ml.","price":"1,41 €","offer_price":0,"offer_type":null,"stock":false,"super":"alcampo"},{"img":"https://www.alcampo.es/media/h41/hb8/10479898263582.jpg","name":"Refresco de cola PEPSI botella de 2 l.","price":"1,24 €","offer_price":0,"offer_type":null,"stock":false,"super":"alcampo"},{"img":"https://www.alcampo.es/media/hfc/h26/10448397533214.jpg","name":"Refresco de cola PEPSI LIGHT pack 4 uds. x 2 l.","price":"4,96 €","offer_price":0,"offer_type":null,"stock":false,"super":"alcampo"},{"img":"https://www.alcampo.es/media/hf6/h89/8900517822494.jpg","name":"Refresco de cola LA CASERA pack de 2 botellas de 1,5 litros","price":"1,49 €","offer_price":0,"offer_type":null,"stock":false,"super":"alcampo"},{"img":"https://www.alcampo.es/media/h1c/hae/8952574672926.jpg","name":"Bebida deportiva de frambuesa GATORADE COOL BLUE botella de 50 centilitros","price":"0,99 €","offer_price":0,"offer_type":null,"stock":false,"super":"alcampo"},{"img":"https://www.alcampo.es/media/h9a/hda/9605453447198.jpg","name":"Bebida isotónica de limón AQUARADE botella de 1,5 litros","price":"1,14 €","offer_price":0,"offer_type":null,"stock":false,"super":"alcampo"},{"img":"https://www.alcampo.es/media/hfa/h88/10547215695902.jpg","name":"Tónica Premium VICHY CATALAN lata de 33 cl.","price":"0,99 €","offer_price":0,"offer_type":null,"stock":false,"super":"alcampo"},{"img":"https://www.alcampo.es/media/h45/h9d/10425243992094.jpg","name":"Refresco de limón KAS botella de 2 l.","price":"1,32 €","offer_price":0,"offer_type":null,"stock":false,"super":"alcampo"},{"img":"https://www.alcampo.es/media/h6b/h9c/10479917105182.jpg","name":"Refresco cola zero sin azúcar PEPSI MAX 33 cl.","price":"0,59 €","offer_price":0,"offer_type":null,"stock":false,"super":"alcampo"},{"img":"https://www.alcampo.es/media/ha3/hff/9123352084510.jpg","name":"Refresco de naranja sin gas TRINA 27,5 cl. ","price":"0,79 €","offer_price":0,"offer_type":null,"stock":false,"super":"alcampo"},{"img":"https://www.alcampo.es/media/ha0/h2c/10207731744798.jpg","name":"Refresco de cola light COCA COLA pack 4 uds. x 20 cl.","price":"3,34 €","offer_price":0,"offer_type":null,"stock":false,"super":"alcampo"},{"img":"https://www.alcampo.es/media/he4/h4f/9683573178398.jpg","name":"Tónicas SCHWEPPES ORIGINAL Pack 12 uds. x 25 cl.","price":"7,41 €","offer_price":0,"offer_type":null,"stock":false,"super":"alcampo"},{"img":"https://www.alcampo.es/media/h33/h1f/10445199015966.jpg","name":"Bebida, base de zumo tropical CAPRI - SUN 20 cl","price":"0,47 €","offer_price":0,"offer_type":null,"stock":false,"super":"alcampo"},{"img":"https://www.alcampo.es/media/h3b/h51/10207573049374.jpg","name":"Bebida deportiva POWERADE BLUES botella de 50 centilitros pack de 4 uds.","price":"3,99 €","offer_price":0,"offer_type":null,"stock":false,"super":"alcampo"},{"img":"https://www.alcampo.es/media/h26/hd4/9355515985950.jpg","name":"Bebida energética sabor tropical ROCKSTAR lata de 50 cl.","price":"1,29 €","offer_price":0,"offer_type":null,"stock":false,"super":"alcampo"},{"img":"https://www.alcampo.es/media/h00/h13/10913663811614.jpg","name":"Refresco de lima limón SEVEN UP botella de 33 centilitros","price":"0,53 €","offer_price":0,"offer_type":null,"stock":false,"super":"alcampo"},{"img":"https://www.alcampo.es/media/hbc/h69/9534525964318.jpg","name":"Bebida de té al limón con extracto de stevia LIPTON botella de 1 l.","price":"1,10 €","offer_price":0,"offer_type":null,"stock":false,"super":"alcampo"},{"img":"https://www.alcampo.es/media/h6f/hab/10425227116574.jpg","name":"Bebida deportiva naranja y piña MONSTER HYDROSPORT 65 cl.","price":"1,48 €","offer_price":0,"offer_type":null,"stock":false,"super":"alcampo"},{"img":"https://www.alcampo.es/media/h69/h1e/9234988204062.jpg","name":"Bebida de té con melocotón blanco LIPTON botella 1 l. ","price":"1,04 €","offer_price":0,"offer_type":null,"stock":false,"super":"alcampo"},{"img":"https://www.alcampo.es/media/hc9/h9d/10207706644510.jpg","name":"Tónica Yuzu ROYAL BLISS 20 cl.","price":"0,88 €","offer_price":0,"offer_type":null,"stock":false,"super":"alcampo"},{"img":"https://www.alcampo.es/media/hca/h08/8969707094046.jpg","name":"Bebida isotónica UPGRADE 50 cl.","price":"0,69 €","offer_price":0,"offer_type":null,"stock":false,"super":"alcampo"},{"img":"https://www.alcampo.es/media/h41/hcd/8952825544734.jpg","name":"Tónica premium sabor cítrica ORIGINAL CITRUS botella de 25 centilitros","price":"1,47 €","offer_price":0,"offer_type":null,"stock":false,"super":"alcampo"},{"img":"https://www.alcampo.es/media/hec/h32/9676341411870.jpg","name":"Refresco Citrus, sabor mandarina, lima, naranja y pomelo SCHWEPPES 1 l.","price":"1,56 €","offer_price":0,"offer_type":null,"stock":false,"super":"alcampo"},{"img":"https://www.alcampo.es/media/h07/h63/10425262997534.jpg","name":"Bebida deportiva fruta tropical MONSTER HYDROSPORT 65 cl.","price":"1,48 €","offer_price":0,"offer_type":null,"stock":false,"super":"alcampo"},{"img":"https://www.alcampo.es/media/hee/hff/8959727697950.jpg","name":"Tónica premium japonesa ORIGINAL JUZU OCHA botella de 20 centilitros","price":"1,49 €","offer_price":0,"offer_type":null,"stock":false,"super":"alcampo"},{"img":"https://www.alcampo.es/media/hae/h9a/10479972646942.jpg","name":"Refresco de cola PEPSI pack 9 latas de 33 cl.","price":"3,96 €","offer_price":0,"offer_type":null,"stock":false,"super":"alcampo"},{"img":"https://www.alcampo.es/media/hf6/h91/10207717589022.jpg","name":"Refresco de cola light COCA COLA botella de 2 l.","price":"1,80 €","offer_price":0,"offer_type":null,"stock":false,"super":"alcampo"},{"img":"https://www.alcampo.es/media/h22/h79/10219897585694.jpg","name":"Bebida energética sin azúcares RED BULL SUGAR FREE 335 ml.","price":"1,64 €","offer_price":0,"offer_type":null,"stock":false,"super":"alcampo"},{"img":"https://www.alcampo.es/media/h05/h80/9119144542238.jpg","name":"Bebida isotónica UPGRADE BLUE 1,5 l","price":"0,89 €","offer_price":0,"offer_type":null,"stock":false,"super":"alcampo"},{"img":"https://www.alcampo.es/media/hba/hf6/10500731764766.jpg","name":"Bitter soda típico Italiano CINZANO 6 x 10 cl.","price":"5,58 €","offer_price":0,"offer_type":null,"stock":false,"super":"alcampo"},{"img":"https://www.alcampo.es/media/h28/h58/8880511254558.jpg","name":"Bebida deportiva UPGRADE botella de 1,5 l.","price":"0,89 €","offer_price":0,"offer_type":null,"stock":false,"super":"alcampo"},{"img":"https://www.alcampo.es/media/h03/h2b/8952716197918.jpg","name":"Bitter con alcohol CAMPARI botella de 1 litro","price":"16,45 €","offer_price":0,"offer_type":null,"stock":false,"super":"alcampo"},{"img":"https://www.alcampo.es/media/he1/hdc/8895061753886.jpg","name":"Tónica premium 1724 botella de 20 centilitros","price":"1,59 €","offer_price":0,"offer_type":null,"stock":false,"super":"alcampo"},{"img":"https://www.alcampo.es/media/hf5/he9/9902748925982.jpg","name":"Refresco de lima limón y menta LAIMON FRESH botella de 1,5 l.","price":"1,54 €","offer_price":0,"offer_type":null,"stock":false,"super":"alcampo"},{"img":"https://www.alcampo.es/media/h5e/hca/8952519491614.jpg","name":"Bebida gaseosa de uva POSTOBON botella de 2 litros","price":"2,24 €","offer_price":0,"offer_type":null,"stock":false,"super":"alcampo"},{"img":"https://www.alcampo.es/media/h2d/h54/10699828985886.jpg","name":"Refresco de lima- limón con gas SEVEN UP 50 cl.","price":"0,79 €","offer_price":0,"offer_type":null,"stock":false,"super":"alcampo"},{"img":"https://www.alcampo.es/media/hfe/h47/8952652038174.jpg","name":"Bebida gaseosa de manzana POSTOBON botella de 2 litros","price":"2,24 €","offer_price":0,"offer_type":null,"stock":false,"super":"alcampo"},{"img":"https://www.alcampo.es/media/h07/h48/8952590729246.jpg","name":"Bebida deportiva de naranja GATORADE botella de 50 cl.","price":"1,10 €","offer_price":0,"offer_type":null,"stock":false,"super":"alcampo"},{"img":"https://www.alcampo.es/media/he8/h0b/10841072926750.jpg","name":"Bebida de té negro sabor limón MAY TEA botella 1 l.","price":"1,59 €","offer_price":0,"offer_type":null,"stock":false,"super":"alcampo"},{"img":"https://www.alcampo.es/media/h51/ha2/10425242517534.jpg","name":"Refresco de naranja KAS botella 2 l.","price":"1,26 €","offer_price":0,"offer_type":null,"stock":false,"super":"alcampo"},{"img":"https://www.alcampo.es/media/hdc/h41/10425170821150.jpg","name":"Bebida deportiva lima-limón MONSTER HYDROSPORT 65 cl.","price":"1,41 €","offer_price":0,"offer_type":null,"stock":false,"super":"alcampo"},{"img":"https://www.alcampo.es/media/hee/h11/9355566120990.jpg","name":"Bebida energética sabor arándanos y granada ROCKSTAR lata de 50 centilitros","price":"1,03 €","offer_price":0,"offer_type":null,"stock":false,"super":"alcampo"},{"img":"https://www.alcampo.es/media/hd9/h81/10652067758110.jpg","name":"Refresco naranjada natural light DON SIMON botella de 1'5 l.","price":"1,39 €","offer_price":0,"offer_type":null,"stock":false,"super":"alcampo"},{"img":"https://www.alcampo.es/media/h01/h0e/8952621989918.jpg","name":"Refresco de piña ENJOY botella de 1,5 litros","price":"0,79 €","offer_price":0,"offer_type":null,"stock":false,"super":"alcampo"},{"img":"https://www.alcampo.es/media/h19/h06/9160465973278.jpg","name":"Tónica premium BLUE TONIC botella de 20 cl. pack de 6 uds.","price":"3,14 €","offer_price":0,"offer_type":null,"stock":false,"super":"alcampo"},{"img":"https://www.alcampo.es/media/h3d/h92/8959741952030.jpg","name":"Bebida deportiva UPGRADE botella de 50 centilitros","price":"0,69 €","offer_price":0,"offer_type":null,"stock":false,"super":"alcampo"},{"img":"https://www.alcampo.es/media/hed/h78/9216296910878.jpg","name":"Bebida de té menta lima LIPTON 33 cl. ","price":"0,66 €","offer_price":0,"offer_type":null,"stock":false,"super":"alcampo"},{"img":"https://www.alcampo.es/media/h9f/h1a/10479916056606.jpg","name":"Refresco de cola PEPSI MINI pack 6 uds. x 250 ml.","price":"2,72 €","offer_price":0,"offer_type":null,"stock":false,"super":"alcampo"},{"img":"https://www.alcampo.es/media/h26/h49/10207652937758.jpg","name":"Bebida deportiva sabor cítrico POWERADE botella de 50 centilitros","price":"1,19 €","offer_price":0,"offer_type":null,"stock":false,"super":"alcampo"},{"img":"https://www.alcampo.es/media/h76/h1a/10913576058910.jpg","name":"Refresco de naranja KAS 50 cl.","price":"0,85 €","offer_price":0,"offer_type":null,"stock":false,"super":"alcampo"},{"img":"https://www.alcampo.es/media/h30/h7b/8952676057118.jpg","name":"Tónica premium cherry ORIGINAL CHERRY botella de 25 centilitros","price":"1,46 €","offer_price":0,"offer_type":null,"stock":false,"super":"alcampo"},{"img":"https://www.alcampo.es/media/h28/h90/10479953674270.jpg","name":"Refresco de cola Zero sin azúcar PEPSI MAX pack 6 uds. x 250 ml.","price":"2,73 €","offer_price":0,"offer_type":null,"stock":false,"super":"alcampo"},{"img":"https://www.alcampo.es/media/hbe/h42/9160526004254.jpg","name":"Bebida deportiva de limón GATORADE botella de 50 cl.","price":"1,10 €","offer_price":0,"offer_type":null,"stock":false,"super":"alcampo"},{"img":"https://www.alcampo.es/media/h90/hc6/9744834396190.jpg","name":"Refresco de cola COCA COLA 20 cl.","price":"0,60 €","offer_price":0,"offer_type":null,"stock":false,"super":"alcampo"},{"img":"https://www.alcampo.es/media/h02/h89/10219844763678.jpg","name":"Refresco de limón KAS 1,25 l.","price":"0,99 €","offer_price":0,"offer_type":null,"stock":false,"super":"alcampo"},{"img":"https://www.alcampo.es/media/hf0/h50/10207645237278.jpg","name":"Bebida energética COCA COLA ENERGY 250 ml.","price":"1,19 €","offer_price":0,"offer_type":null,"stock":false,"super":"alcampo"},{"img":"https://www.alcampo.es/media/h8c/hf8/9659394916382.jpg","name":"Bebida energética RED BULL 473 ml.","price":"2,19 €","offer_price":0,"offer_type":null,"stock":false,"super":"alcampo"},{"img":"https://www.alcampo.es/media/h9e/h7d/8952628805662.jpg","name":"Bebida refrescante de lima DAMA DE BAZA botella de 1 l.","price":"3,09 €","offer_price":0,"offer_type":null,"stock":false,"super":"alcampo"},{"img":"https://www.alcampo.es/media/h42/h5f/10134190981150.jpg","name":"Bebida energética cherry sin azúcar COCOA COLA ENERGY 25 cl.","price":"1,19 €","offer_price":0,"offer_type":null,"stock":false,"super":"alcampo"},{"img":"https://www.alcampo.es/media/h6e/he3/9290587111454.jpg","name":"Refresco agua de coco con pulpa GRACE 31 cl.","price":"0,99 €","offer_price":0,"offer_type":null,"stock":false,"super":"alcampo"},{"img":"https://www.alcampo.es/media/h10/h05/9130763157534.jpg","name":"Refresco guaraná el sabor de Brasil SANMY 2 l.","price":"1,78 €","offer_price":0,"offer_type":null,"stock":false,"super":"alcampo"},{"img":"https://www.alcampo.es/media/h70/h12/9389563805726.jpg","name":"Bebida energética Passion Punch BURN 50 cl.","price":"0,97 €","offer_price":0,"offer_type":null,"stock":false,"super":"alcampo"},{"img":"https://www.alcampo.es/media/h26/h9b/10207670960158.jpg","name":"Bebida deportiva sabor naranja POWERADE botella de 50 centilitros","price":"1,19 €","offer_price":0,"offer_type":null,"stock":false,"super":"alcampo"},{"img":"https://www.alcampo.es/media/h5e/h40/8923128102942.jpg","name":"Bebida refrescante de limón PULCO botella de 70 centilitros","price":"3,64 €","offer_price":0,"offer_type":null,"stock":false,"super":"alcampo"},{"img":"https://www.alcampo.es/media/hd9/h97/10207660998686.jpg","name":"Refresco de naranja FANTA pack 4 uds. x 20 cl.","price":"3,31 €","offer_price":0,"offer_type":null,"stock":false,"super":"alcampo"},{"img":"https://www.alcampo.es/media/hb4/h87/9294088765470.jpg","name":"Bebida energética ATLANTIS botella de 50 centilitros","price":"0,69 €","offer_price":0,"offer_type":null,"stock":false,"super":"alcampo"},{"img":"https://www.alcampo.es/media/h3a/hd0/9605514362910.jpg","name":"Bebida de té verde Matcha. con saabor a lima Yuzu LIPTON 1 l.","price":"1,09 €","offer_price":0,"offer_type":null,"stock":false,"super":"alcampo"},{"img":"https://www.alcampo.es/media/h02/hf4/8923027472414.jpg","name":"Bebida refrescante de lima LIME JUICE TROPIC RIVES botella de 1 litro","price":"3,98 €","offer_price":0,"offer_type":null,"stock":false,"super":"alcampo"},{"img":"https://www.alcampo.es/media/h3d/hff/8952578441246.jpg","name":"Bebida gaseosa aromatizada LA COLOMBIANA botella de 2 litros","price":"2,24 €","offer_price":0,"offer_type":null,"stock":false,"super":"alcampo"},{"img":"https://www.alcampo.es/media/hc7/h6b/10699834982430.jpg","name":"Refresco de cola PEPSI botella 50 cl.","price":"0,94 €","offer_price":0,"offer_type":null,"stock":false,"super":"alcampo"},{"img":"https://www.alcampo.es/media/h38/hee/9744810082334.jpg","name":"Refresco de cola Zero Zero COCA COLA 20 cl.","price":"0,60 €","offer_price":0,"offer_type":null,"stock":false,"super":"alcampo"},{"img":"https://www.alcampo.es/media/h2e/h49/9771309989918.jpg","name":"Refresco de cola Zero sin azúcar COCA COLA 20 cl.","price":"0,60 €","offer_price":0,"offer_type":null,"stock":false,"super":"alcampo"},{"img":"https://www.alcampo.es/media/h6e/h04/8952896978974.jpg","name":"Tónica premium sabor menta ORIGINAL MINT botella de 25 centilitros","price":"1,39 €","offer_price":0,"offer_type":null,"stock":false,"super":"alcampo"},{"img":"https://www.alcampo.es/media/he8/h89/9527905910814.jpg","name":"Refresco Florida SUNNY DELIGHT Botella de 500 Mililitros","price":"1,01 €","offer_price":0,"offer_type":null,"stock":false,"super":"alcampo"},{"img":"https://www.alcampo.es/media/h60/hd1/8938862149662.jpg","name":"Bebida energética RED BULL355 ml.","price":"1,58 €","offer_price":0,"offer_type":null,"stock":false,"super":"alcampo"},{"img":"https://www.alcampo.es/media/hf6/hb8/9583731900446.jpg","name":"Zumo ecológico de limón y jengibre ACTI LEMON 8 uds. x 15 ml.","price":"2,88 €","offer_price":0,"offer_type":null,"stock":false,"super":"alcampo"},{"img":"https://www.alcampo.es/media/h4a/h69/8952885510174.jpg","name":"Bebida refrescante de piña colada MIXES LA CELEBRACIÓN botella de 1,75 litros","price":"8,29 €","offer_price":0,"offer_type":null,"stock":false,"super":"alcampo"},{"img":"https://www.alcampo.es/media/h1d/ha4/9475017768990.jpg","name":"Bebida, base de zumo mango &amp; maracuyá CAPRI-SUN 33 cl.","price":"0,85 €","offer_price":0,"offer_type":null,"stock":false,"super":"alcampo"},{"img":"https://www.alcampo.es/media/h80/h5c/10857336602654.jpg","name":"Bebida deportiva limón REIGN 500 ml.","price":"1,66 €","offer_price":0,"offer_type":null,"stock":false,"super":"alcampo"},{"img":"https://www.alcampo.es/media/h7c/hf2/9748069613598.jpg","name":"Refresco de lima y limón bajo en azúcar SPRITE 500 ml. ","price":"1,19 €","offer_price":0,"offer_type":null,"stock":false,"super":"alcampo"},{"img":"https://www.alcampo.es/media/h9c/h63/10210131443742.jpg","name":"Refresco de naranja KAS 1 ,25 l.","price":"0,99 €","offer_price":0,"offer_type":null,"stock":false,"super":"alcampo"},{"img":"https://www.alcampo.es/media/hc7/h09/8952893866014.jpg","name":"Tónica premium ORIGINAL BERRIES botella de 25 centilitros","price":"1,47 €","offer_price":0,"offer_type":null,"stock":false,"super":"alcampo"},{"img":"https://www.alcampo.es/media/h3b/hea/10435482091550.jpg","name":"Refresco de guarná GOYA 1,5 l.","price":"1,18 €","offer_price":0,"offer_type":null,"stock":false,"super":"alcampo"},{"img":"https://www.alcampo.es/media/hbe/he0/10172147826718.jpg","name":"Agua de coco VITA COCO 500 ml.","price":"2,33 €","offer_price":0,"offer_type":null,"stock":false,"super":"alcampo"},{"img":"https://www.alcampo.es/media/h6b/h2e/9737260957726.jpg","name":"Bebida deportiva isotónica en polvo con sabor a naranja ISOSTAR Hydrate &amp; Perform, 400 g.","price":"7,94 €","offer_price":0,"offer_type":null,"stock":false,"super":"alcampo"},{"img":"https://www.alcampo.es/media/hb8/h82/10207648612382.jpg","name":"Refresco de limón FANTA pack 4 uds x 20 cl.","price":"3,30 €","offer_price":0,"offer_type":null,"stock":false,"super":"alcampo"},{"img":"https://www.alcampo.es/media/h32/hc6/9474984607774.jpg","name":"Bebida, base de zumo naranja &amp; melocotón CAPRI-SUN 33 cl.","price":"0,86 €","offer_price":0,"offer_type":null,"stock":false,"super":"alcampo"},{"img":"https://www.alcampo.es/media/hae/hb0/8952912707614.jpg","name":"Bebida refrescante de mojito MIXES LA CELEBRACIÓN botella de 1,75 litros","price":"8,29 €","offer_price":0,"offer_type":null,"stock":false,"super":"alcampo"},{"img":"https://www.alcampo.es/media/hcc/h63/8922849443870.jpg","name":"Bebida refrescante de kiwi RIVES KIWI TROPIC botella de 1 litro","price":"3,98 €","offer_price":0,"offer_type":null,"stock":false,"super":"alcampo"},{"img":"https://www.alcampo.es/media/hfc/h7f/8952693063710.jpg","name":"Bebida refrescante de granadina DAMA DE BAZA botella de 1 l.","price":"3,09 €","offer_price":0,"offer_type":null,"stock":false,"super":"alcampo"},{"img":"https://www.alcampo.es/media/h97/h25/10411514429470.jpg","name":"Bebida refrescante energética CRAZY TIGER 50 cl.","price":"1,29 €","offer_price":0,"offer_type":null,"stock":false,"super":"alcampo"},{"img":"https://www.alcampo.es/media/hf8/ha4/9744803725342.jpg","name":"Refresco de naranja FANTA 20 cl.","price":"0,50 €","offer_price":0,"offer_type":null,"stock":false,"super":"alcampo"},{"img":"https://www.alcampo.es/media/h06/hb4/8923014692894.jpg","name":"Bebida refrescante de granadina RIVES GRANADINA TROPIC botella de 1 litro","price":"3,98 €","offer_price":0,"offer_type":null,"stock":false,"super":"alcampo"},{"img":"https://www.alcampo.es/media/hac/hf4/10435521085470.jpg","name":"Refresco de lima limón SEVEN UP 1,25 l.","price":"0,99 €","offer_price":0,"offer_type":null,"stock":false,"super":"alcampo"},{"img":"https://www.alcampo.es/media/hc8/h3c/9290522361886.jpg","name":"Refresco agua de coco GRACE 31 cl.","price":"0,99 €","offer_price":0,"offer_type":null,"stock":false,"super":"alcampo"},{"img":"https://www.alcampo.es/media/h30/h09/9743849029662.jpg","name":"Infusión de té verde, Ryoku-Cha UMAI CHA 350 ml.","price":"1 €","offer_price":0,"offer_type":null,"stock":false,"super":"alcampo"},{"img":"https://www.alcampo.es/media/h04/h1d/9743708913694.jpg","name":"Infusión de té verde tostado, Hoji-Cha UMAI CHA 350 ml.","price":"1 €","offer_price":0,"offer_type":null,"stock":false,"super":"alcampo"},{"img":"https://www.alcampo.es/media/h72/hec/9021808312350.jpg","name":"Bebida energética CREZYTIGER 1 l.","price":"2,13 €","offer_price":0,"offer_type":null,"stock":false,"super":"alcampo"},{"img":"https://www.alcampo.es/media/h48/h61/9216254967838.jpg","name":"Bebida de té con melocotón blanco LIPTON botella 33 cl. ","price":"0,66 €","offer_price":0,"offer_type":null,"stock":false,"super":"alcampo"},{"img":"https://www.alcampo.es/media/hff/h85/9576324300830.jpg","name":"Bebida de te verde Matcha con sabor lima yuzu LIPTON 33 cl.","price":"0,64 €","offer_price":0,"offer_type":null,"stock":false,"super":"alcampo"},{"img":"https://www.alcampo.es/media/he2/he4/8952770101278.jpg","name":"Tónica premium light FEVER TREE NATURALLY LIGHT botella de 20 centilitros pack de 4 uds.","price":"4,87 €","offer_price":0,"offer_type":null,"stock":false,"super":"alcampo"},{"img":"https://www.alcampo.es/media/h7f/he6/9221679546398.jpg","name":"Bebida refrescante de daiquiri sabor a fresa sin alcohol MIXES LA CELEBRACIÓN botella 1,75 l.","price":"6,99 €","offer_price":0,"offer_type":null,"stock":false,"super":"alcampo"},{"img":"https://www.alcampo.es/media/h34/h17/10435577675806.jpg","name":"Refresco de manzana POSTOBON 500 ml","price":"0,93 €","offer_price":0,"offer_type":null,"stock":false,"super":"alcampo"},{"img":"https://www.alcampo.es/media/h17/hbe/9117631774750.jpg","name":"Concentrado azul tropical para diluir DAMA DE BAZA 1 l.","price":"3,99 €","offer_price":0,"offer_type":null,"stock":false,"super":"alcampo"},{"img":"https://www.alcampo.es/media/hfc/h75/8867580674078.jpg","name":"Mojito Mix RIVES 1 Litro","price":"5,49 €","offer_price":0,"offer_type":null,"stock":false,"super":"alcampo"},{"img":"https://www.alcampo.es/media/h5a/h5b/9744806674462.jpg","name":"Refresco de cola light COCA COLA 20 cl.","price":"0,60 €","offer_price":0,"offer_type":null,"stock":false,"super":"alcampo"},{"img":"https://www.alcampo.es/media/h0c/h02/8921491144734.jpg","name":"Bebida refrescante de frutas RIVES BLUE TROPIC botella de 1 l.","price":"4,42 €","offer_price":0,"offer_type":null,"stock":false,"super":"alcampo"},{"img":"https://www.alcampo.es/media/h25/h84/10854948569118.jpg","name":"Gaseosa PRODUCTO ALCAMPO 1,5 l.","price":"0,25 €","offer_price":0,"offer_type":null,"stock":false,"super":"alcampo"},{"img":"https://www.alcampo.es/media/h4d/h41/10445471809566.jpg","name":"Gaseosa PRODUCTO ALCAMPO 50 cl.","price":"0,19 €","offer_price":0,"offer_type":null,"stock":false,"super":"alcampo"},{"img":"https://www.alcampo.es/media/h5d/hae/9518674575390.jpg","name":"Gaseosoa LA CASERA botella 1,5 litros","price":"0,84 €","offer_price":0,"offer_type":null,"stock":false,"super":"alcampo"},{"img":"https://www.alcampo.es/media/h35/hc3/8867730096158.jpg","name":"Gaseosoa LA CASERA lata de 33 cl.","price":"0,38 €","offer_price":0,"offer_type":null,"stock":false,"super":"alcampo"},{"img":"https://www.alcampo.es/media/h6b/h1d/9477096374302.jpg","name":"Gaseosa LA CASERA pack 4 uds. x 1,5 l.","price":"3,89 €","offer_price":0,"offer_type":null,"stock":false,"super":"alcampo"},{"img":"https://www.alcampo.es/media/h15/h0d/9605421924382.jpg","name":"Gaseosoa SCHUSS botella 1 Litro","price":"0,47 €","offer_price":0,"offer_type":null,"stock":false,"super":"alcampo"},{"img":"https://www.alcampo.es/media/ha7/hf0/9311008489502.jpg","name":"Gaseosoa LA CASERA botella 50 centilitros","price":"0,60 €","offer_price":0,"offer_type":null,"stock":false,"super":"alcampo"},{"img":"https://www.alcampo.es/media/hf1/h45/10546497617950.jpg","name":"Ginger Ale SCHWEPPES lata de 25 cl.","price":"0,63 €","offer_price":0,"offer_type":null,"stock":false,"super":"alcampo"},{"img":"https://www.alcampo.es/media/hf3/ha7/9661491576862.jpg","name":"Gaseosoa LA CASERA pack 4 uds. x 50 cl.","price":"2,37 €","offer_price":0,"offer_type":null,"stock":false,"super":"alcampo"},{"img":"https://www.alcampo.es/media/hda/hf6/8899236954142.jpg","name":"Gaseosoa REVOLTOSA botella de 1,5 litros","price":"0,49 €","offer_price":0,"offer_type":null,"stock":false,"super":"alcampo"},{"img":"https://www.alcampo.es/media/hed/hd1/9600148078622.jpg","name":"Gaseosa son un toque de limón natural LA CASERA 1,5 l.","price":"0,85 €","offer_price":0,"offer_type":null,"stock":false,"super":"alcampo"},{"img":"https://www.alcampo.es/media/h3b/heb/9544131182622.jpg","name":"Agua con gas, soda SCHWEPPES 25 cl","price":"0,73 €","offer_price":0,"offer_type":null,"stock":false,"super":"alcampo"},{"img":"https://www.alcampo.es/media/hc3/h65/8900808146974.jpg","name":"Productopolvo para preparación de bebida refrescante tipo gaseosa EL TIGRE pack 8 unidades 39 g.","price":"0,70 €","offer_price":0,"offer_type":null,"stock":false,"super":"alcampo"}]