[{"img":"https://www.alcampo.es/media/he0/hc6/9664852197406.jpg","name":"Bacalao desmigado desalado PRODUCTO ALCAMPO 250 g.","price":"3,79 €","offer_price":0,"offer_type":null,"stock":false,"super":"alcampo"},{"img":"https://www.alcampo.es/media/hda/h67/9664870088734.jpg","name":"Bacalao desalado sin piel en tacos, PRODUCTO ALCAMPO, 350 g.","price":"6,45 €","offer_price":0,"offer_type":null,"stock":false,"super":"alcampo"},{"img":"https://www.alcampo.es/media/h47/h17/9465781059614.jpg","name":"Bacalao desalado en solomillo ROYAL 300 g.","price":"7,99 €","offer_price":0,"offer_type":null,"stock":false,"super":"alcampo"},{"img":"https://www.alcampo.es/media/h17/hcc/9743830941726.jpg","name":"Bacalao salado desmigado PRODUCTO ALCAMPO 150 g.","price":"3,65 €","offer_price":0,"offer_type":null,"stock":false,"super":"alcampo"},{"img":"https://www.alcampo.es/media/hae/h64/9664855736350.jpg","name":"Bacalao desalado en lomos PRODUCTO ALCAMPO 350 g.","price":"6,95 €","offer_price":0,"offer_type":null,"stock":false,"super":"alcampo"},{"img":"https://www.alcampo.es/media/had/he2/8898730852382.jpg","name":"Mojama de atún en lonchas extra RICARDO FUENTES E HIJOS 50 gramos","price":"1,98 €","offer_price":0,"offer_type":null,"stock":false,"super":"alcampo"},{"img":"https://www.alcampo.es/media/h61/h09/10649468567582.jpg","name":"Bacalao desmigado desalado ROYAL 250 g","price":"4,49 €","offer_price":0,"offer_type":null,"stock":false,"super":"alcampo"},{"img":"https://www.alcampo.es/media/h24/hd2/9775632580638.jpg","name":"Lomo doblado de bacalao, PRODUCTO ALCAMPO, 500 g.","price":"6,99 €","offer_price":0,"offer_type":null,"stock":false,"super":"alcampo"},{"img":"https://www.alcampo.es/media/hec/h0f/9664911376414.jpg","name":"Palitos de bacalao desalado PRODUCTO ALCAMPO 300 g.","price":"6,49 €","offer_price":0,"offer_type":null,"stock":false,"super":"alcampo"},{"img":"https://www.alcampo.es/media/h6c/he3/9492140720158.jpg","name":"Bacalao salado migas ANGOMAR 250 g","price":"3,15 €","offer_price":0,"offer_type":null,"stock":false,"super":"alcampo"},{"img":"https://www.alcampo.es/media/h9c/h40/9492140392478.jpg","name":"Bacalao desalado migas ANGOMAR 180 g.","price":"2,77 €","offer_price":0,"offer_type":null,"stock":false,"super":"alcampo"},{"img":"https://www.alcampo.es/media/h46/heb/8959692668958.jpg","name":"Bacalao desalado en filetes DIMAR 300 g.","price":"5,95 €","offer_price":0,"offer_type":null,"stock":false,"super":"alcampo"},{"img":"https://www.alcampo.es/media/h23/h60/8896413761566.jpg","name":"Bacalao desalado en lomos EL BARQUERO 400 gramos","price":"12,95 €","offer_price":0,"offer_type":null,"stock":false,"super":"alcampo"},{"img":"https://www.alcampo.es/media/ha4/h87/8965503615006.jpg","name":"Mojama extra de atún de Isla cristina en trozos FICOLUME 300 g.","price":"14 €","offer_price":0,"offer_type":null,"stock":false,"super":"alcampo"},{"img":"https://www.alcampo.es/media/hef/h1b/9743878389790.jpg","name":"Bacalao salado en lomos de Islandia PRODUCTO ALCAMPO 400 g.","price":"8,49 €","offer_price":0,"offer_type":null,"stock":false,"super":"alcampo"},{"img":"https://www.alcampo.es/media/h2a/hd5/8941324271646.jpg","name":"Bacalao salado desmigado ANGOMAR 90 gramos pack de 2 uds.","price":"2,49 €","offer_price":0,"offer_type":null,"stock":false,"super":"alcampo"},{"img":"https://www.alcampo.es/media/h4b/ha7/9743785000990.jpg","name":"Mojama de atún en tacos PRODUCTO ALCAMPO","price":"5 €","offer_price":0,"offer_type":null,"stock":false,"super":"alcampo"},{"img":"https://www.alcampo.es/media/h4e/h4e/9492124270622.jpg","name":"Bacalao filetón salado ANGOMAR 800 g.","price":"9,45 €","offer_price":0,"offer_type":null,"stock":false,"super":"alcampo"},{"img":"https://www.alcampo.es/media/h84/hea/9031394230302.jpg","name":"Migas de bacalao y maruca al estilo inglés, ANGOMAR, 60 g.","price":"1 €","offer_price":0,"offer_type":null,"stock":false,"super":"alcampo"},{"img":"https://www.alcampo.es/media/hf7/hd3/9465036734494.jpg","name":"Mojama de atún en solomillo ALVISAN.","price":"3,19 €","offer_price":0,"offer_type":null,"stock":false,"super":"alcampo"},{"img":"https://www.alcampo.es/media/h08/hee/8970545561630.jpg","name":"Bacalao salado desmigado DIMAR bandeja de 250 g.","price":"4,59 €","offer_price":0,"offer_type":null,"stock":false,"super":"alcampo"},{"img":"https://www.alcampo.es/media/h6a/hc6/9177636601886.jpg","name":"Hueva de maruca RICARDO FUENTES taco de 140 g. ","price":"7,99 €","offer_price":0,"offer_type":null,"stock":false,"super":"alcampo"},{"img":"https://www.alcampo.es/media/h26/h16/9492145176606.jpg","name":"Lomo pre-cortado de bacalao salado ANGOMAR 650 g.","price":"9,95 €","offer_price":0,"offer_type":null,"stock":false,"super":"alcampo"},{"img":"https://www.alcampo.es/media/h0d/h0e/9465755828254.jpg","name":"Bacalao desalado en palitos ROYAL 200 gramos","price":"6,07 €","offer_price":0,"offer_type":null,"stock":false,"super":"alcampo"},{"img":"https://www.alcampo.es/media/h75/h0d/9492146323486.jpg","name":"Bacalao salado palitos ANGOMAR 300 g.","price":"5,59 €","offer_price":0,"offer_type":null,"stock":false,"super":"alcampo"},{"img":"https://www.alcampo.es/media/h1e/h09/9478662553630.jpg","name":"Bacalao lomo salado salvaje EL BARQUERO.","price":"4 €","offer_price":0,"offer_type":null,"stock":false,"super":"alcampo"},{"img":"https://www.alcampo.es/media/h58/he2/9270339567646.jpg","name":"Filete de bacalao desalado ROYAL 300 g. ","price":"6,95 €","offer_price":0,"offer_type":null,"stock":false,"super":"alcampo"},{"img":"https://www.alcampo.es/media/h64/hda/9156379213854.jpg","name":"Bacalao desalado COCOCHA ","price":"6,95 €","offer_price":0,"offer_type":null,"stock":false,"super":"alcampo"},{"img":"https://www.alcampo.es/media/hf9/he2/9413450367006.jpg","name":"Bacalao taco FRITOMAR 1 kg.","price":"9,95 €","offer_price":0,"offer_type":null,"stock":false,"super":"alcampo"},{"img":"https://www.alcampo.es/media/h2d/ha1/10207709986846.jpg","name":"Hueva de bacalao taco skin RICARDO FUENTES 150 g. ","price":"4,95 €","offer_price":0,"offer_type":null,"stock":false,"super":"alcampo"},{"img":"https://www.alcampo.es/media/h5f/h8f/8952041865246.jpg","name":"Lonchas de mojama de atún de Isla Cristina FICOLUMÉ 80 g.","price":"5,16 €","offer_price":0,"offer_type":null,"stock":false,"super":"alcampo"},{"img":"https://www.alcampo.es/media/h14/hf8/8896748290078.jpg","name":"Sardinas saladas RICARDO FUENTES E HIJOS 4 uds","price":"1,79 €","offer_price":0,"offer_type":null,"stock":false,"super":"alcampo"},{"img":"https://www.alcampo.es/media/ha1/h2e/9492152975390.jpg","name":"Bacalao filetón salado ANGOMAR 500 g.","price":"4,99 €","offer_price":0,"offer_type":null,"stock":false,"super":"alcampo"},{"img":"https://www.alcampo.es/media/hdc/h20/9382593069086.jpg","name":"Bacalao, delicias FROITOMAr 1 kg.","price":"5,95 €","offer_price":0,"offer_type":null,"stock":false,"super":"alcampo"},{"img":"https://www.alcampo.es/media/h0c/hb9/10669958692894.jpg","name":"Laskas de bacalao desalado ALKORTA 250 g.","price":"3,95 €","offer_price":0,"offer_type":null,"stock":false,"super":"alcampo"},{"img":"https://www.alcampo.es/media/hc4/h77/10445225558046.jpg","name":"Mojama de bonito RICARDO FUENTES 220 g.","price":"3,49 €","offer_price":0,"offer_type":null,"stock":false,"super":"alcampo"},{"img":"https://www.alcampo.es/media/h69/hf6/9465797738526.jpg","name":"Bacalao salado filete extra ROYAL 350 g.","price":"7,85 €","offer_price":0,"offer_type":null,"stock":false,"super":"alcampo"},{"img":"https://www.alcampo.es/media/h22/h59/8895695749150.jpg","name":"Bonito seco en lonchas RICARDO FUENTES E HIJOS 50 g.","price":"1,59 €","offer_price":0,"offer_type":null,"stock":false,"super":"alcampo"},{"img":"https://www.alcampo.es/media/h8c/hac/8897907392542.jpg","name":"Tabla de salazones RICARDO FUENTES E HIJOS 150 g.","price":"6,95 €","offer_price":0,"offer_type":null,"stock":false,"super":"alcampo"},{"img":"https://www.alcampo.es/media/hb6/h1f/8946980028446.jpg","name":"Lonchas de bonito ANGOMAR, 40 gramos.","price":"1 €","offer_price":0,"offer_type":null,"stock":false,"super":"alcampo"},{"img":"https://www.alcampo.es/media/hf6/hff/10802622595102.jpg","name":"Lomo de bacalao desalado ANGOMAR 300 g","price":"5,95 €","offer_price":0,"offer_type":null,"stock":false,"super":"alcampo"},{"img":"https://www.alcampo.es/media/h0e/hbf/9174652387358.jpg","name":"Mojama de atún y sal marina RICARDO FUENTES E HIJOS 220 g.","price":"8,95 €","offer_price":0,"offer_type":null,"stock":false,"super":"alcampo"},{"img":"https://www.alcampo.es/media/hf2/h81/10207671156766.jpg","name":"Hueva de mujol skin RICARDO FUENTES 90 g. ","price":"10,59 €","offer_price":0,"offer_type":null,"stock":false,"super":"alcampo"},{"img":"https://www.alcampo.es/media/h28/hf7/9174670409758.jpg","name":"Mojama de solomillo RICARDO FUENTES E HIJOS taco de 220 g. ","price":"4,99 €","offer_price":0,"offer_type":null,"stock":false,"super":"alcampo"},{"img":"https://www.alcampo.es/media/h2d/h7d/9490642206750.jpg","name":"Bacalao tajadas desalado ROYAL SKREI 300 g.","price":"6,59 €","offer_price":0,"offer_type":null,"stock":false,"super":"alcampo"},{"img":"https://www.alcampo.es/media/h9b/he5/8901214142494.jpg","name":"Hueva de maruca en lonchas RICARDO FUENTES E HIJOS 40 gramos","price":"2,95 €","offer_price":0,"offer_type":null,"stock":false,"super":"alcampo"},{"img":"https://www.alcampo.es/media/h3f/hda/9249028177950.jpg","name":"Bacalao salados (cogotes) ALCAMPO PRODUCCIÓN CONTROLADA","price":"12,95 €","offer_price":0,"offer_type":null,"stock":false,"super":"alcampo"},{"img":"https://www.alcampo.es/media/h88/hed/9250953068574.jpg","name":"Capellán seco (bacaladilla seca y sal maranilada) RICARDO FUENTES 250 gr","price":"3,25 €","offer_price":0,"offer_type":null,"stock":false,"super":"alcampo"},{"img":"https://www.alcampo.es/media/h64/hc5/8968210743326.jpg","name":"Huevas de bacalao GARRE pieza de 200 a 400 gr. aproximadamente.","price":"6,79 €","offer_price":0,"offer_type":null,"stock":false,"super":"alcampo"},{"img":"https://www.alcampo.es/media/hd7/hb0/9208475975710.jpg","name":"Caballa oreada con sal marina RICARDO FUENTES E HIJOS k. ","price":"4,88 €","offer_price":0,"offer_type":null,"stock":false,"super":"alcampo"},{"img":"https://www.alcampo.es/media/h3c/hca/9898973429790.jpg","name":"Bacalao desalado tradicional desmigado ROYAL 150 g.","price":"1,99 €","offer_price":0,"offer_type":null,"stock":false,"super":"alcampo"},{"img":"https://www.alcampo.es/media/hda/h4f/9512522743838.jpg","name":"Bacalao desalado kokotxa ALKORTA 200 g.","price":"5,95 €","offer_price":0,"offer_type":null,"stock":false,"super":"alcampo"}]