[{"img":"https://www.alcampo.es/media/h30/hf7/8892997107742.jpg","name":"Langostinos cocidos calibre 30/40","price":"5,48 €","offer_price":0,"offer_type":null,"stock":false,"super":"alcampo"},{"img":"https://www.alcampo.es/media/h6b/h6a/8887528194078.jpg","name":"Langostinos cocidos calibre 80/110","price":"3,40 €","offer_price":0,"offer_type":null,"stock":false,"super":"alcampo"},{"img":"https://www.alcampo.es/media/h5e/ha0/8895064113182.jpg","name":"Langostinos crudos","price":"1,99 €","offer_price":0,"offer_type":null,"stock":false,"super":"alcampo"},{"img":"https://www.alcampo.es/media/hcc/h01/9311010193438.jpg","name":"Langostinos cocidos calibre 60/80","price":"3,50 €","offer_price":0,"offer_type":null,"stock":false,"super":"alcampo"},{"img":"https://www.alcampo.es/media/h22/h96/8868074422302.jpg","name":"Gambas cocidas","price":"7,58 €","offer_price":0,"offer_type":null,"stock":false,"super":"alcampo"},{"img":"https://www.alcampo.es/media/h67/h00/8946790760478.jpg","name":"Langostinos cocidos calibre 40/60","price":"4,98 €","offer_price":0,"offer_type":null,"stock":false,"super":"alcampo"},{"img":"https://www.alcampo.es/media/he2/ha9/10551717855262.jpg","name":"Gambas blancas cocidas terciadas MARISCOS PLAYA ODIEL 500 g.","price":"16,95 €","offer_price":0,"offer_type":null,"stock":false,"super":"alcampo"},{"img":"https://www.alcampo.es/media/hdb/he2/10481915691038.jpg","name":"Gambas rojas medianas cocidas MARISCOS PLAYA ODIEL 400 g.","price":"10,99 €","offer_price":0,"offer_type":null,"stock":false,"super":"alcampo"},{"img":"https://www.alcampo.es/media/hd1/h26/8952018272286.jpg","name":"Gamba plancha mediana, MARISCOS PLAYA ODIEL, caja de 400 g","price":"7,99 €","offer_price":0,"offer_type":null,"stock":false,"super":"alcampo"},{"img":"https://www.alcampo.es/media/hea/h29/8893509795870.jpg","name":"Gambas arroceras","price":"2,99 €","offer_price":0,"offer_type":null,"stock":false,"super":"alcampo"},{"img":"https://www.alcampo.es/media/he5/h83/9253673795614.jpg","name":"Gambón cocido","price":"13,95 €","offer_price":0,"offer_type":null,"stock":false,"super":"alcampo"},{"img":"https://www.alcampo.es/media/hca/h0e/8897753120798.jpg","name":"Carabineros","price":"35,97 €","offer_price":0,"offer_type":null,"stock":false,"super":"alcampo"},{"img":"https://www.alcampo.es/media/h6b/h04/8888864079902.jpg","name":"Nécoras cocidas","price":"3,98 €","offer_price":0,"offer_type":null,"stock":false,"super":"alcampo"},{"img":"https://www.alcampo.es/media/h62/h23/9310975983646.jpg","name":"Gambas a la plancha","price":"14,98 €","offer_price":0,"offer_type":null,"stock":false,"super":"alcampo"},{"img":"https://www.alcampo.es/media/h08/h65/8926036328478.jpg","name":"Centollo cocido","price":"3,24 €","offer_price":0,"offer_type":null,"stock":false,"super":"alcampo"},{"img":"https://www.alcampo.es/media/h6d/h38/8892957786142.jpg","name":"Gambas cocidas","price":"11,98 €","offer_price":0,"offer_type":null,"stock":false,"super":"alcampo"},{"img":"https://www.alcampo.es/media/hd3/h0a/8893343006750.jpg","name":"Buey cocido","price":"3,99 €","offer_price":0,"offer_type":null,"stock":false,"super":"alcampo"},{"img":"https://www.alcampo.es/media/h1a/h4e/8872778465310.jpg","name":"Mejillones malla 1 kg","price":"1,95 €","offer_price":0,"offer_type":null,"stock":false,"super":"alcampo"},{"img":"https://www.alcampo.es/media/hb8/h7b/8946769625118.jpg","name":"Chirla malla 500 g.","price":"3,75 €","offer_price":0,"offer_type":null,"stock":false,"super":"alcampo"},{"img":"https://www.alcampo.es/media/hfa/hc9/8962740944926.jpg","name":"Mejillones 25/37 ALCAMPO PRODUCCIÓN CONTROLADA 1 kg","price":"2,49 €","offer_price":0,"offer_type":null,"stock":false,"super":"alcampo"},{"img":"https://www.alcampo.es/media/he0/h04/8873582002206.jpg","name":"Preparado de paella 500 g.","price":"4,95 €","offer_price":0,"offer_type":null,"stock":false,"super":"alcampo"},{"img":"https://www.alcampo.es/media/h60/hff/9311020679198.jpg","name":"Almeja japónica 80/110 malla 500 gr","price":"5,95 €","offer_price":0,"offer_type":null,"stock":false,"super":"alcampo"},{"img":"https://www.alcampo.es/media/h4c/h4c/9252682563614.jpg","name":"Langostino cocido 30/40 uds. 500 g.","price":"5,95 €","offer_price":0,"offer_type":null,"stock":false,"super":"alcampo"},{"img":"https://www.alcampo.es/media/h41/h8c/8962712109086.jpg","name":"Preparado de paella 1 kg.","price":"8,95 €","offer_price":0,"offer_type":null,"stock":false,"super":"alcampo"},{"img":"https://www.alcampo.es/media/h7a/h3c/8898465890334.jpg","name":"Berberechos gordos malla 500 g.","price":"3,95 €","offer_price":0,"offer_type":null,"stock":false,"super":"alcampo"},{"img":"https://www.alcampo.es/media/h1b/hf1/8960047710238.jpg","name":"Navajas malla 500 g","price":"3,75 €","offer_price":0,"offer_type":null,"stock":false,"super":"alcampo"},{"img":"https://www.alcampo.es/media/h16/h65/10459899691038.jpg","name":"Berberechos Gallegos 500 g.","price":"5,95 €","offer_price":0,"offer_type":null,"stock":false,"super":"alcampo"},{"img":"https://www.alcampo.es/media/h2b/h0e/8901817925662.jpg","name":"Almejas japónicas 40/60 malla 500 g.","price":"5,49 €","offer_price":0,"offer_type":null,"stock":false,"super":"alcampo"},{"img":"https://www.alcampo.es/media/hf9/hdd/9418372415518.jpg","name":"Caracoles cocidos grandes 500 g.","price":"3,95 €","offer_price":0,"offer_type":null,"stock":false,"super":"alcampo"},{"img":"https://www.alcampo.es/media/h72/h91/9161481191454.jpg","name":"Mejillon vivo bio malla 1 kg.","price":"2,95 €","offer_price":0,"offer_type":null,"stock":false,"super":"alcampo"},{"img":"https://www.alcampo.es/media/h2f/hb7/10901159870494.jpg","name":"Volandeiras media concha envasadas al vacio SALIMAR 100 g.","price":"3,75 €","offer_price":0,"offer_type":null,"stock":false,"super":"alcampo"},{"img":"https://www.alcampo.es/media/hcf/hd9/8899014950942.jpg","name":"Calamar","price":"4,78 €","offer_price":0,"offer_type":null,"stock":false,"super":"alcampo"},{"img":"https://www.alcampo.es/media/h83/h1c/8883067224094.jpg","name":"Ostras rizadas 6 uds.","price":"4,49 €","offer_price":0,"offer_type":null,"stock":false,"super":"alcampo"},{"img":"https://www.alcampo.es/media/h5a/hc0/8896505708574.jpg","name":"Cangrejos de río cocidos","price":"2,39 €","offer_price":0,"offer_type":null,"stock":false,"super":"alcampo"},{"img":"https://www.alcampo.es/media/hfd/h18/10614284189726.jpg","name":"Langostinos crudos ecológicos 40/50 ALCAMPO PRODUCCIÓN CONTROLADA 500 g.","price":"5,95 €","offer_price":0,"offer_type":null,"stock":false,"super":"alcampo"},{"img":"https://www.alcampo.es/media/he5/hca/10551597072414.jpg","name":"Preparado paella extra (Cigalas y carabineros) 450 g.","price":"8,95 €","offer_price":0,"offer_type":null,"stock":false,"super":"alcampo"},{"img":"https://www.alcampo.es/media/hf5/h56/10472611446814.jpg","name":"Almejas Japónicas 60-80 piezas 500 g.","price":"8,75 €","offer_price":0,"offer_type":null,"stock":false,"super":"alcampo"},{"img":"https://www.alcampo.es/media/h32/h87/9373502537758.jpg","name":"Langostinos superior cocidos en su punto PESCANOVA 550 g.","price":"7,95 €","offer_price":0,"offer_type":null,"stock":false,"super":"alcampo"},{"img":"https://www.alcampo.es/media/h42/h50/10901163081758.jpg","name":"Vieira 10 / 12 con media concha, envasda al vacio SALIMAR","price":"2,95 €","offer_price":0,"offer_type":null,"stock":false,"super":"alcampo"},{"img":"https://www.alcampo.es/media/hcc/h44/10614193258526.jpg","name":"Langostinos cocidos ecológicos 40/50.ALCAMPO PRODUCCIÓN CONTROLADA 500 g.","price":"5,95 €","offer_price":0,"offer_type":null,"stock":false,"super":"alcampo"},{"img":"https://www.alcampo.es/media/ha8/h90/8962741895198.jpg","name":"Almejas japónicas ALCAMPO PRODUCCIÓN CONTROLADA 1000 g.","price":"14,95 €","offer_price":0,"offer_type":null,"stock":false,"super":"alcampo"},{"img":"https://www.alcampo.es/media/h70/h24/8892010397726.jpg","name":"Quisquillas cocidas","price":"2,99 €","offer_price":0,"offer_type":null,"stock":false,"super":"alcampo"},{"img":"https://www.alcampo.es/media/hac/h96/8882906529822.jpg","name":"Caracoles cocidos pequeños 500 g.","price":"3,95 €","offer_price":0,"offer_type":null,"stock":false,"super":"alcampo"},{"img":"https://www.alcampo.es/media/ha5/h9c/10481920147486.jpg","name":"Gambas rojas del Mediterráneo cocidas MARISCOS PLAYA ODIEL 300 g.","price":"13,95 €","offer_price":0,"offer_type":null,"stock":false,"super":"alcampo"},{"img":"https://www.alcampo.es/media/h48/h1e/9258231300126.jpg","name":"Ostra 12 uds.","price":"12,95 €","offer_price":0,"offer_type":null,"stock":false,"super":"alcampo"},{"img":"https://www.alcampo.es/media/h3f/hdb/8898467463198.jpg","name":"Langostino Pink calibre 60/80","price":"5,18 €","offer_price":0,"offer_type":null,"stock":false,"super":"alcampo"},{"img":"https://www.alcampo.es/media/h7f/h1b/8894890049566.jpg","name":"Cigalas arroceras","price":"2,99 €","offer_price":0,"offer_type":null,"stock":false,"super":"alcampo"},{"img":"https://www.alcampo.es/media/h09/he7/8873933340702.jpg","name":"Percebes","price":"4,19 €","offer_price":0,"offer_type":null,"stock":false,"super":"alcampo"},{"img":"https://www.alcampo.es/media/h4e/hd1/8867563700254.jpg","name":"Almejas finas 500 g.","price":"39,95 €","offer_price":0,"offer_type":null,"stock":false,"super":"alcampo"},{"img":"https://www.alcampo.es/media/ha9/hb9/8893753851934.jpg","name":"Camarón cocido grande","price":"17,97 €","offer_price":0,"offer_type":null,"stock":false,"super":"alcampo"},{"img":"https://www.alcampo.es/media/h7f/h78/8890743324702.jpg","name":"Ostras planas 6 uds.","price":"6,95 €","offer_price":0,"offer_type":null,"stock":false,"super":"alcampo"}]