[{"img":"https://www.alcampo.es/media/h17/h34/9310959271966.jpg","name":"Salmón (lomo)","price":"6,98 €","offer_price":0,"offer_type":null,"stock":false,"super":"alcampo"},{"img":"https://www.alcampo.es/media/hf7/hfd/8900139155486.jpg","name":"Salmón (rodaja)","price":"5,18 €","offer_price":0,"offer_type":null,"stock":false,"super":"alcampo"},{"img":"https://www.alcampo.es/media/hc2/h67/8898359853086.jpg","name":"Bacalao con piel (filete).","price":"4,74 €","offer_price":0,"offer_type":null,"stock":false,"super":"alcampo"},{"img":"https://www.alcampo.es/media/h89/hb1/9218672754718.jpg","name":"Salmón (filete) ","price":"5,99 €","offer_price":0,"offer_type":null,"stock":false,"super":"alcampo"},{"img":"https://www.alcampo.es/media/h7c/hc1/8900051468318.jpg","name":"Merluza (filete)","price":"7,18 €","offer_price":0,"offer_type":null,"stock":false,"super":"alcampo"},{"img":"https://www.alcampo.es/media/h0e/h63/9249038368798.jpg","name":"Merluza (lomo)","price":"7,58 €","offer_price":0,"offer_type":null,"stock":false,"super":"alcampo"},{"img":"https://www.alcampo.es/media/hdd/hc1/9310967332894.jpg","name":"Dorada (pieza entera)","price":"2,39 €","offer_price":0,"offer_type":null,"stock":false,"super":"alcampo"},{"img":"https://www.alcampo.es/media/h4b/hc7/8901216698398.jpg","name":"Pez espada (rodaja) de lomo sin hueso","price":"6,78 €","offer_price":0,"offer_type":null,"stock":false,"super":"alcampo"},{"img":"https://www.alcampo.es/media/h85/h27/8891094663198.jpg","name":"Gallito limpio ","price":"5,18 €","offer_price":0,"offer_type":null,"stock":false,"super":"alcampo"},{"img":"https://www.alcampo.es/media/h2e/hfa/9971598229534.jpg","name":"Dorada eviscerada (pieza entera)","price":"4,75 €","offer_price":0,"offer_type":null,"stock":false,"super":"alcampo"},{"img":"https://www.alcampo.es/media/h34/he5/8892547399710.jpg","name":"Lubina (filete)","price":"5,39 €","offer_price":0,"offer_type":null,"stock":false,"super":"alcampo"},{"img":"https://www.alcampo.es/media/h8a/h1c/8896143228958.jpg","name":"Dorada (filete)","price":"5,09 €","offer_price":0,"offer_type":null,"stock":false,"super":"alcampo"},{"img":"https://www.alcampo.es/media/hd0/h0b/8959314427934.jpg","name":"Atún (medallón) bandeja.","price":"4,79 €","offer_price":0,"offer_type":null,"stock":false,"super":"alcampo"},{"img":"https://www.alcampo.es/media/h44/h30/8892719104030.jpg","name":"Bacaladito en filete","price":"2,45 €","offer_price":0,"offer_type":null,"stock":false,"super":"alcampo"},{"img":"https://www.alcampo.es/media/h9a/h33/10614115926046.jpg","name":"Trucha (filete) ","price":"5,58 €","offer_price":0,"offer_type":null,"stock":false,"super":"alcampo"},{"img":"https://www.alcampo.es/media/ha3/h93/8962737831966.gif","name":"Lubina entera","price":"2,38 €","offer_price":0,"offer_type":null,"stock":false,"super":"alcampo"},{"img":"https://www.alcampo.es/media/h49/hcb/8892720414750.jpg","name":"Filete de sardina","price":"3,13 €","offer_price":0,"offer_type":null,"stock":false,"super":"alcampo"},{"img":"https://www.alcampo.es/media/h8b/hf0/8892541108254.jpg","name":"Boquerones pequeños","price":"1,58 €","offer_price":0,"offer_type":null,"stock":false,"super":"alcampo"},{"img":"https://www.alcampo.es/media/hb2/h0c/8870661783582.jpg","name":"Trucha asalmonada (eviscerada) ","price":"2 €","offer_price":0,"offer_type":null,"stock":false,"super":"alcampo"},{"img":"https://www.alcampo.es/media/h68/he8/8894401609758.jpg","name":"Lenguadina limpia","price":"3,29 €","offer_price":0,"offer_type":null,"stock":false,"super":"alcampo"},{"img":"https://www.alcampo.es/media/h9a/hca/8901856133150.jpg","name":"Chicharrillo (pieza entera)","price":"0,96 €","offer_price":0,"offer_type":null,"stock":false,"super":"alcampo"},{"img":"https://www.alcampo.es/media/h03/h4b/9323550670878.jpg","name":"Lubina limpia eviscerada","price":"2,38 €","offer_price":0,"offer_type":null,"stock":false,"super":"alcampo"},{"img":"https://www.alcampo.es/media/haa/h5a/8899657596958.jpg","name":"Dorada (a la espalda)","price":"3,18 €","offer_price":0,"offer_type":null,"stock":false,"super":"alcampo"},{"img":"https://www.alcampo.es/media/h8d/ha6/8894073798686.jpg","name":"Atún (lomo)","price":"3,74 €","offer_price":0,"offer_type":null,"stock":false,"super":"alcampo"},{"img":"https://www.alcampo.es/media/h4c/hc0/8891813330974.jpg","name":"Bacalao (filete)","price":"3,88 €","offer_price":0,"offer_type":null,"stock":false,"super":"alcampo"},{"img":"https://www.alcampo.es/media/h66/h5d/8892491825182.jpg","name":"Lubina eviscerada (pieza entera)","price":"4,75 €","offer_price":0,"offer_type":null,"stock":false,"super":"alcampo"},{"img":"https://www.alcampo.es/media/h50/h89/8895989678110.jpg","name":"Lubina (a la espalda)","price":"2,72 €","offer_price":0,"offer_type":null,"stock":false,"super":"alcampo"},{"img":"https://www.alcampo.es/media/h66/h2d/8900272455710.jpg","name":"Rosada (filete)","price":"6,02 €","offer_price":0,"offer_type":null,"stock":false,"super":"alcampo"},{"img":"https://www.alcampo.es/media/ha5/h42/8893523623966.jpg","name":"Gallos pequeños","price":"4,48 €","offer_price":0,"offer_type":null,"stock":false,"super":"alcampo"},{"img":"https://www.alcampo.es/media/h55/h71/9249018380318.jpg","name":"Salmòn tournedo 280 g","price":"9,95 €","offer_price":0,"offer_type":null,"stock":false,"super":"alcampo"},{"img":"https://www.alcampo.es/media/hf8/h54/8887591043102.jpg","name":"Dorada fresca (pieza entera)","price":"3,98 €","offer_price":0,"offer_type":null,"stock":false,"super":"alcampo"},{"img":"https://www.alcampo.es/media/hfb/hc9/8888719310878.jpg","name":"Perca (filiete)","price":"8,90 €","offer_price":0,"offer_type":null,"stock":false,"super":"alcampo"},{"img":"https://www.alcampo.es/media/h69/h28/8889024708638.jpg","name":"Bacaladillas","price":"2,39 €","offer_price":0,"offer_type":null,"stock":false,"super":"alcampo"},{"img":"https://www.alcampo.es/media/h3e/h16/8894165418014.jpg","name":"Rape (hueso)","price":"3 €","offer_price":0,"offer_type":null,"stock":false,"super":"alcampo"},{"img":"https://www.alcampo.es/media/h48/hfc/8892695445534.jpg","name":"Pescadilla (pieza entera)","price":"1,79 €","offer_price":0,"offer_type":null,"stock":false,"super":"alcampo"},{"img":"https://www.alcampo.es/media/h8b/h63/8899329064990.jpg","name":"Sardinas parrochas","price":"1,73 €","offer_price":0,"offer_type":null,"stock":false,"super":"alcampo"},{"img":"https://www.alcampo.es/media/h28/h02/8893813620766.jpg","name":"Halibut (filete)","price":"4,86 €","offer_price":0,"offer_type":null,"stock":false,"super":"alcampo"},{"img":"https://www.alcampo.es/media/h28/h33/8926033051678.jpg","name":"Caballa (filete) bandeja","price":"3,13 €","offer_price":0,"offer_type":null,"stock":false,"super":"alcampo"},{"img":"https://www.alcampo.es/media/h67/hbf/8901355569182.jpg","name":"Pez espada (rodaja)","price":"2,40 €","offer_price":0,"offer_type":null,"stock":false,"super":"alcampo"},{"img":"https://www.alcampo.es/media/h78/hca/9249015726110.jpg","name":"Salmonetes (filete)","price":"5,58 €","offer_price":0,"offer_type":null,"stock":false,"super":"alcampo"},{"img":"https://www.alcampo.es/media/h27/h64/8868566597662.jpg","name":"Boquerón grande","price":"1,62 €","offer_price":0,"offer_type":null,"stock":false,"super":"alcampo"},{"img":"https://www.alcampo.es/media/h69/he6/10551692886046.jpg","name":"Delicias de merluza caseras pavía 300 g.","price":"4,85 €","offer_price":0,"offer_type":null,"stock":false,"super":"alcampo"},{"img":"https://www.alcampo.es/media/h18/h61/8891921793054.jpg","name":"Lenguado (pieza entera)","price":"6,28 €","offer_price":0,"offer_type":null,"stock":false,"super":"alcampo"},{"img":"https://www.alcampo.es/media/h89/h60/8890549796894.jpg","name":"Salmón (rodaja)","price":"5,09 €","offer_price":0,"offer_type":null,"stock":false,"super":"alcampo"},{"img":"https://www.alcampo.es/media/h2b/hb2/9249020739614.jpg","name":"Trucha (lomo)","price":"4,24 €","offer_price":0,"offer_type":null,"stock":false,"super":"alcampo"},{"img":"https://www.alcampo.es/media/h4a/h48/8896243367966.jpg","name":"Congrio abierto (rodaja)","price":"3,99 €","offer_price":0,"offer_type":null,"stock":false,"super":"alcampo"},{"img":"https://www.alcampo.es/media/h89/h96/9248971358238.jpg","name":"Salmón (filete extrafino) 100 gr","price":"3,75 €","offer_price":0,"offer_type":null,"stock":false,"super":"alcampo"},{"img":"https://www.alcampo.es/media/h93/h3b/8895787171870.jpg","name":"Merluza (rodaja)","price":"6,86 €","offer_price":0,"offer_type":null,"stock":false,"super":"alcampo"},{"img":"https://www.alcampo.es/media/h01/h59/8895768428574.jpg","name":"Filete de merluza","price":"4,49 €","offer_price":0,"offer_type":null,"stock":false,"super":"alcampo"},{"img":"https://www.alcampo.es/media/ha7/hb2/9253616123934.jpg","name":"Caballa ","price":"3,75 €","offer_price":0,"offer_type":null,"stock":false,"super":"alcampo"},{"img":"https://www.alcampo.es/media/h44/he1/8891697135646.jpg","name":"Congrio cerrado (rodaja)","price":"1,74 €","offer_price":0,"offer_type":null,"stock":false,"super":"alcampo"},{"img":"https://www.alcampo.es/media/h8a/h35/9256456912926.jpg","name":"Lenguadina","price":"5,95 €","offer_price":0,"offer_type":null,"stock":false,"super":"alcampo"},{"img":"https://www.alcampo.es/media/h91/h57/8896828342302.jpg","name":"Bonito (rodaja)","price":"3,89 €","offer_price":0,"offer_type":null,"stock":false,"super":"alcampo"},{"img":"https://www.alcampo.es/media/h02/hb3/8893448323102.jpg","name":"Rape (rodaja)","price":"4,99 €","offer_price":0,"offer_type":null,"stock":false,"super":"alcampo"},{"img":"https://www.alcampo.es/media/h79/h2d/8900376723486.jpg","name":"Sardinas","price":"1,80 €","offer_price":0,"offer_type":null,"stock":false,"super":"alcampo"},{"img":"https://www.alcampo.es/media/h97/h14/8875699535902.jpg","name":"Salmonetes","price":"6,98 €","offer_price":0,"offer_type":null,"stock":false,"super":"alcampo"},{"img":"https://www.alcampo.es/media/h10/hdd/8901409177630.jpg","name":"Rodaballo (rodaja)","price":"6,98 €","offer_price":0,"offer_type":null,"stock":false,"super":"alcampo"},{"img":"https://www.alcampo.es/media/hee/hb7/9257241215006.jpg","name":"Bacalao lomo","price":"6,63 €","offer_price":0,"offer_type":null,"stock":false,"super":"alcampo"},{"img":"https://www.alcampo.es/media/h73/hfd/9258217898014.jpg","name":"Merluza (lomo)","price":"3,59 €","offer_price":0,"offer_type":null,"stock":false,"super":"alcampo"},{"img":"https://www.alcampo.es/media/h5d/h7f/8897018724382.jpg","name":"Rape (cola)","price":"23,94 €","offer_price":0,"offer_type":null,"stock":false,"super":"alcampo"},{"img":"https://www.alcampo.es/media/hd2/h83/9258400251934.jpg","name":"Merluza (cococha)","price":"39,95 €","offer_price":0,"offer_type":null,"stock":false,"super":"alcampo"},{"img":"https://www.alcampo.es/media/h43/hfd/9257207922718.jpg","name":"Bacalao (rodajas)","price":"2,40 €","offer_price":0,"offer_type":null,"stock":false,"super":"alcampo"},{"img":"https://www.alcampo.es/media/h1d/h32/9253532729374.jpg","name":"Morralla","price":"6,99 €","offer_price":0,"offer_type":null,"stock":false,"super":"alcampo"},{"img":"https://www.alcampo.es/media/h1a/h32/8892993044510.jpg","name":"Atún (rodaja)","price":"5,58 €","offer_price":0,"offer_type":null,"stock":false,"super":"alcampo"},{"img":"https://www.alcampo.es/media/ha8/h86/8900261314590.jpg","name":"Granadero filete","price":"2,40 €","offer_price":0,"offer_type":null,"stock":false,"super":"alcampo"},{"img":"https://www.alcampo.es/media/hdf/h94/8887924621342.jpg","name":"Brótola (filete)","price":"2,24 €","offer_price":0,"offer_type":null,"stock":false,"super":"alcampo"},{"img":"https://www.alcampo.es/media/h37/hd5/9257234792478.jpg","name":"Tilapia (filete)","price":"16,95 €","offer_price":0,"offer_type":null,"stock":false,"super":"alcampo"}]