[{"img":"https://www.alcampo.es/media/ha6/hec/8895418728478.jpg","name":"Sepia entera","price":"4,38 €","offer_price":0,"offer_type":null,"stock":false,"super":"alcampo"},{"img":"https://www.alcampo.es/media/h00/ha5/8896494567454.jpg","name":"Pota (anillas)","price":"2,77 €","offer_price":0,"offer_type":null,"stock":false,"super":"alcampo"},{"img":"https://www.alcampo.es/media/h7e/h2c/8885625225246.jpg","name":"Pota (tiras)","price":"2 €","offer_price":0,"offer_type":null,"stock":false,"super":"alcampo"},{"img":"https://www.alcampo.es/media/he2/h89/9310975164446.jpg","name":"Chipirones","price":"4,17 €","offer_price":0,"offer_type":null,"stock":false,"super":"alcampo"},{"img":"https://www.alcampo.es/media/h29/h40/8894006231070.jpg","name":"Pulpo cocido","price":"12,98 €","offer_price":0,"offer_type":null,"stock":false,"super":"alcampo"},{"img":"https://www.alcampo.es/media/h68/hdf/8887056465950.jpg","name":"Puntillas de calamar","price":"2,78 €","offer_price":0,"offer_type":null,"stock":false,"super":"alcampo"},{"img":"https://www.alcampo.es/media/h78/he9/9215424364574.jpg","name":"Pulpito","price":"2,39 €","offer_price":0,"offer_type":null,"stock":false,"super":"alcampo"},{"img":"https://www.alcampo.es/media/h77/h81/8896171212830.jpg","name":"Pota (entera)","price":"2,98 €","offer_price":0,"offer_type":null,"stock":false,"super":"alcampo"},{"img":"https://www.alcampo.es/media/he8/h1f/8891729641502.jpg","name":"Chipirones rellenos","price":"8 €","offer_price":0,"offer_type":null,"stock":false,"super":"alcampo"},{"img":"https://www.alcampo.es/media/h93/h10/8896965115934.jpg","name":"Patas de pulpo cocido","price":"14,98 €","offer_price":0,"offer_type":null,"stock":false,"super":"alcampo"}]