[{"img":"https://www.alcampo.es/media/h7e/hb7/10841075351582.jpg","name":"Aceite de oliva virgen extra HOJIBLANCA garrafa de 5 l.","price":"24,11 €","offer_price":0,"offer_type":null,"stock":false,"super":"alcampo"},{"img":"https://www.alcampo.es/media/hcb/h4d/9465763856414.jpg","name":"Aceite de oliva Virgen Extra LA ESPAÑOLA garrafa de 5 l.","price":"21,63 €","offer_price":0,"offer_type":null,"stock":false,"super":"alcampo"},{"img":"https://www.alcampo.es/media/h02/h26/10437630853150.jpg","name":"Aceite de oliva virgen extra PRODUCTO ALCAMPO garrafa de 5 l.","price":"16,19 €","offer_price":0,"offer_type":null,"stock":false,"super":"alcampo"},{"img":"https://www.alcampo.es/media/h7e/h68/9823032246302.jpg","name":"Aceite de oliva virgen extra CARBONELL garrafa de 5 l.","price":"17,48 €","offer_price":0,"offer_type":null,"stock":false,"super":"alcampo"},{"img":"https://www.alcampo.es/media/h68/h79/9790120263710.jpg","name":"Aceite de girasol PRODUCTO ALCAMPO botella de 1 l.","price":"1,18 €","offer_price":0,"offer_type":null,"stock":false,"super":"alcampo"},{"img":"https://www.alcampo.es/media/hd3/h2a/9790104240158.jpg","name":"Aceite de oliva suave PRODUCTO ALCAMPO 1 l.","price":"2,27 €","offer_price":0,"offer_type":null,"stock":false,"super":"alcampo"},{"img":"https://www.alcampo.es/media/h82/hc6/9406704320542.jpg","name":"Aceite de Girasol MASIASOL 1 l.","price":"1,35 €","offer_price":0,"offer_type":null,"stock":false,"super":"alcampo"},{"img":"https://www.alcampo.es/media/ha3/h28/9406758486046.jpg","name":"Aceite de Oliva Suave MASÍA Botella 1 l","price":"2,58 €","offer_price":0,"offer_type":null,"stock":false,"super":"alcampo"},{"img":"https://www.alcampo.es/media/h3e/h69/10506671325214.jpg","name":"Aceite de oliva suave CARBONELL 1 l.","price":"2,78 €","offer_price":0,"offer_type":null,"stock":false,"super":"alcampo"},{"img":"https://www.alcampo.es/media/h83/h6d/10437673025566.jpg","name":"Aceite de oliva Virgen Extra PRODUCTO ALCAMPO 1 l.","price":"3,35 €","offer_price":0,"offer_type":null,"stock":false,"super":"alcampo"},{"img":"https://www.alcampo.es/media/h25/hf3/10819334504478.jpg","name":"Aceite de oliva virgen extra CARBONELL botella de 1 l.","price":"3,28 €","offer_price":0,"offer_type":null,"stock":false,"super":"alcampo"},{"img":"https://www.alcampo.es/media/h73/h14/9823075696670.jpg","name":"Aceite de girasol KOIPESOL botella de 1 l.","price":"1,74 €","offer_price":0,"offer_type":null,"stock":false,"super":"alcampo"},{"img":"https://www.alcampo.es/media/h57/hf2/9790115348510.jpg","name":"Aceite de oliva intenso PRODUCTO ALCAMPO botella de 1 l.","price":"2,27 €","offer_price":0,"offer_type":null,"stock":false,"super":"alcampo"},{"img":"https://www.alcampo.es/media/hf2/h30/9790121246750.jpg","name":"Aceite de girasol PRODUCTO ALCAMPO garrafa de 5 l","price":"6,32 €","offer_price":0,"offer_type":null,"stock":false,"super":"alcampo"},{"img":"https://www.alcampo.es/media/hce/h41/9406738399262.jpg","name":"Aceite de Oliva Suave YBARRA 1 l.","price":"3,10 €","offer_price":0,"offer_type":null,"stock":false,"super":"alcampo"},{"img":"https://www.alcampo.es/media/h28/ha3/8891022901278.jpg","name":"Aceite de oliva suave LA ESPAÑOLA 1 l.","price":"3,47 €","offer_price":0,"offer_type":null,"stock":false,"super":"alcampo"},{"img":"https://www.alcampo.es/media/h77/h1b/9790114201630.jpg","name":"Aceite de oliva suave PRODUCTO ALCAMPO garrafa de 5 l.","price":"11,35 €","offer_price":0,"offer_type":null,"stock":false,"super":"alcampo"},{"img":"https://www.alcampo.es/media/h2b/h54/10791246266398.jpg","name":"Aceite refinado de girasol BAU 1 l.","price":"1,28 €","offer_price":0,"offer_type":null,"stock":false,"super":"alcampo"},{"img":"https://www.alcampo.es/media/hc6/hdb/9406699864094.jpg","name":"Aceite de Oliva Intenso MASÍA Botella 1 l.","price":"2,88 €","offer_price":0,"offer_type":null,"stock":false,"super":"alcampo"},{"img":"https://www.alcampo.es/media/hb8/h3c/10801891606558.jpg","name":"Aceite de oliva virgen extra Hojiblanca COOSUR botella de 1 l.","price":"3,58 €","offer_price":0,"offer_type":null,"stock":false,"super":"alcampo"},{"img":"https://www.alcampo.es/media/h93/h41/8899581313054.jpg","name":"Aceite de girasol COOSOL botella de 1 l.","price":"1,66 €","offer_price":0,"offer_type":null,"stock":false,"super":"alcampo"},{"img":"https://www.alcampo.es/media/h9e/h0a/10788972888094.jpg","name":"Aceite de oliva suave CARBONELL garrafa de 5 l:","price":"12,24 €","offer_price":0,"offer_type":null,"stock":false,"super":"alcampo"},{"img":"https://www.alcampo.es/media/hf9/h80/10841124208670.jpg","name":"Aceite de oliva virgen extra HOJIBLANCA EL NUESTRO botella 1 l.","price":"4,88 €","offer_price":0,"offer_type":null,"stock":false,"super":"alcampo"},{"img":"https://www.alcampo.es/media/h14/h6f/9823036440606.jpg","name":"Aceite de girasol KOIPESOL garrafa de 5 l.","price":"6,48 €","offer_price":0,"offer_type":null,"stock":false,"super":"alcampo"},{"img":"https://www.alcampo.es/media/hd3/hed/10788950802462.jpg","name":"Aceite de oliva virgen extra CARBONELL 200 ml. ","price":"2,48 €","offer_price":0,"offer_type":null,"stock":false,"super":"alcampo"},{"img":"https://www.alcampo.es/media/h7e/h92/10437636980766.jpg","name":"Aceite de oliva virgen extra PRODUCTO ALCAMPO botella de cristal de 750 ml.","price":"3,68 €","offer_price":0,"offer_type":null,"stock":false,"super":"alcampo"},{"img":"https://www.alcampo.es/media/h34/h0a/9790106796062.jpg","name":"Aceite de oliva intenso PRODUCTO ALCAMPO garrafa de 5 l.","price":"10,44 €","offer_price":0,"offer_type":null,"stock":false,"super":"alcampo"},{"img":"https://www.alcampo.es/media/hc2/h9f/9406774738974.jpg","name":"Aceite de oliva suave LA MASÍA 5 l.","price":"11,94 €","offer_price":0,"offer_type":null,"stock":false,"super":"alcampo"},{"img":"https://www.alcampo.es/media/h59/h24/10788967055390.jpg","name":"Aceite de oliva spray especial plancha CARBONELL Sabor bote de 200 ml.","price":"2,48 €","offer_price":0,"offer_type":null,"stock":false,"super":"alcampo"},{"img":"https://www.alcampo.es/media/h85/h5d/9823034736670.jpg","name":"Aceite de girasol especial para frituras KOIPE FRITOS botella de 1 l.","price":"1,98 €","offer_price":0,"offer_type":null,"stock":false,"super":"alcampo"},{"img":"https://www.alcampo.es/media/h87/h49/10801873977374.jpg","name":"Aceite de oliva virgen extra Picual intenso COOSUR botella de 1 l.","price":"3,49 €","offer_price":0,"offer_type":null,"stock":false,"super":"alcampo"},{"img":"https://www.alcampo.es/media/h57/h85/10546703925278.jpg","name":"Aceite de oliva virgen extra LA ESPAÑOLA botella de 750 ml","price":"3,75 €","offer_price":0,"offer_type":null,"stock":false,"super":"alcampo"},{"img":"https://www.alcampo.es/media/h71/hf4/10365905043486.jpg","name":"Aceite de girasol ONDOSOL 1 l.","price":"1,25 €","offer_price":0,"offer_type":null,"stock":false,"super":"alcampo"},{"img":"https://www.alcampo.es/media/h78/h89/10801783341086.jpg","name":"Aceite de oliva virgen extra Arbequina COOSUR botella de 1 l.","price":"3,49 €","offer_price":0,"offer_type":null,"stock":false,"super":"alcampo"},{"img":"https://www.alcampo.es/media/h3d/he7/9406771429406.jpg","name":"Aceite de oliva suave LA MASÍA 3 l.","price":"7,46 €","offer_price":0,"offer_type":null,"stock":false,"super":"alcampo"},{"img":"https://www.alcampo.es/media/h98/h7d/9406715789342.jpg","name":"Aceite de orujo de oliva Lindoliva LA MASÍA, botella de 1 l.","price":"1,78 €","offer_price":0,"offer_type":null,"stock":false,"super":"alcampo"},{"img":"https://www.alcampo.es/media/hff/h98/10788958011422.jpg","name":"Aceite de oliva virgen extra de calidad sobresaliente CARBONELL Gran Selección botella de cristal de 750 ml.","price":"3,78 €","offer_price":0,"offer_type":null,"stock":false,"super":"alcampo"},{"img":"https://www.alcampo.es/media/h1d/he2/9790115184670.jpg","name":"Aceite de oliva suave PRODUCTO ALCAMPO 3 l.","price":"6,85 €","offer_price":0,"offer_type":null,"stock":false,"super":"alcampo"},{"img":"https://www.alcampo.es/media/h88/h7a/8952430362654.jpg","name":"Aceite de girasol COOSOL PREMIUM botella de 1 l.","price":"1,79 €","offer_price":0,"offer_type":null,"stock":false,"super":"alcampo"},{"img":"https://www.alcampo.es/media/hc7/hd2/10841120931870.jpg","name":"Aceite de oliva virgen extra HOJIBLANCA EL NUESTRO botella de 3 l.","price":"9,99 €","offer_price":0,"offer_type":null,"stock":false,"super":"alcampo"},{"img":"https://www.alcampo.es/media/h48/hf7/9465678233630.jpg","name":"Aceite de oliva virgen selección LA MASÍA 1 l. ","price":"3,80 €","offer_price":0,"offer_type":null,"stock":false,"super":"alcampo"},{"img":"https://www.alcampo.es/media/h48/hb6/10107192246302.jpg","name":"Aceite de coco virgen ecológico BIO ORIGINS 200 ml. ","price":"2 €","offer_price":0,"offer_type":null,"stock":false,"super":"alcampo"},{"img":"https://www.alcampo.es/media/h72/h51/9406752981022.jpg","name":"Aceite de oliva intenso MASÍA garrafa de 5 l.","price":"11,94 €","offer_price":0,"offer_type":null,"stock":false,"super":"alcampo"},{"img":"https://www.alcampo.es/media/ha1/h2d/9465751142430.jpg","name":"Aceite de oliva virgen extra MAR DE OLIVOS botella de 1 l.","price":"3,66 €","offer_price":0,"offer_type":null,"stock":false,"super":"alcampo"},{"img":"https://www.alcampo.es/media/h71/h2c/10437631672350.jpg","name":"Aceite de oliva virgen extra OLEOESTEPA botella de 1 l.","price":"4,98 €","offer_price":0,"offer_type":null,"stock":false,"super":"alcampo"},{"img":"https://www.alcampo.es/media/hfc/hbd/8937410199582.jpg","name":"Aceite de oliva virgen extra ecológico ORO DE GÉNAVE botella 750 ml.","price":"5,88 €","offer_price":0,"offer_type":null,"stock":false,"super":"alcampo"},{"img":"https://www.alcampo.es/media/hce/he4/9465685540894.jpg","name":"Aceite de oliva virgen extra YBARRA botella de 1 l","price":"4,34 €","offer_price":0,"offer_type":null,"stock":false,"super":"alcampo"},{"img":"https://www.alcampo.es/media/hba/h6b/9823033819166.jpg","name":"Aceite de maíz KOIPESOL ASUA botella de 1 l.","price":"1,98 €","offer_price":0,"offer_type":null,"stock":false,"super":"alcampo"},{"img":"https://www.alcampo.es/media/h1f/h27/10791260225566.jpg","name":"Aceite de oliva suave 0,4 ª BAU 1 l.","price":"2,18 €","offer_price":0,"offer_type":null,"stock":false,"super":"alcampo"},{"img":"https://www.alcampo.es/media/h29/h79/10365953900574.jpg","name":"Aceite de oliva sabor suave ONDOLIVA 1 l.","price":"3,13 €","offer_price":0,"offer_type":null,"stock":false,"super":"alcampo"},{"img":"https://www.alcampo.es/media/h02/he1/9406734434334.jpg","name":"Aceite de Oliva Intenso YBARRA 1 l.","price":"3,10 €","offer_price":0,"offer_type":null,"stock":false,"super":"alcampo"},{"img":"https://www.alcampo.es/media/h9c/he2/9465715195934.jpg","name":"Aceite de Oliva Virgen Extra LA MASÍA 1 l.","price":"4,76 €","offer_price":0,"offer_type":null,"stock":false,"super":"alcampo"},{"img":"https://www.alcampo.es/media/h8a/hd3/9287182254110.jpg","name":"Aceite de oliva suave CARBONELL botella de 3 l.","price":"8,98 €","offer_price":0,"offer_type":null,"stock":false,"super":"alcampo"},{"img":"https://www.alcampo.es/media/heb/hcd/10812982132766.jpg","name":"Aceite de oliva virgen CARBONELL botella de 1 l.","price":"4,70 €","offer_price":0,"offer_type":null,"stock":false,"super":"alcampo"},{"img":"https://www.alcampo.es/media/hf7/hbf/10437672206366.jpg","name":"Aceite de Oliva Virgen extra ALCAMPO ECOLÓGICO botella 500 ml.","price":"3,65 €","offer_price":0,"offer_type":null,"stock":false,"super":"alcampo"},{"img":"https://www.alcampo.es/media/hfd/hf8/9406714544158.jpg","name":"Aceite de girasol LA MASIA garrafa de 5 l.","price":"8,55 €","offer_price":0,"offer_type":null,"stock":false,"super":"alcampo"},{"img":"https://www.alcampo.es/media/h1c/h15/8875041423390.jpg","name":"Aceite de oliva intenso LA ESPAÑOLA 1 l.","price":"3,52 €","offer_price":0,"offer_type":null,"stock":false,"super":"alcampo"},{"img":"https://www.alcampo.es/media/hed/h08/9683559153694.jpg","name":"Aceite de oliva virgen extra MAR DE OLIVOS garrafa de 5 l.","price":"16,87 €","offer_price":0,"offer_type":null,"stock":false,"super":"alcampo"},{"img":"https://www.alcampo.es/media/h51/h0a/8894169219102.jpg","name":"Aceite de girasol OROSOL botella de 1 l.","price":"1,59 €","offer_price":0,"offer_type":null,"stock":false,"super":"alcampo"},{"img":"https://www.alcampo.es/media/hc9/h58/9465821462558.jpg","name":"Aceite de oliva virgen extra BORGES botella de 1 l.","price":"5,61 €","offer_price":0,"offer_type":null,"stock":false,"super":"alcampo"},{"img":"https://www.alcampo.es/media/h25/h86/9790103420958.jpg","name":"Aceite de oliva intenso PRODUCTO ALCAMPO 3 l.","price":"6,85 €","offer_price":0,"offer_type":null,"stock":false,"super":"alcampo"},{"img":"https://www.alcampo.es/media/h82/h62/10506641473566.jpg","name":"Aceite de oliva intenso CARBONEL SABOR 1 l.","price":"4,30 €","offer_price":0,"offer_type":null,"stock":false,"super":"alcampo"},{"img":"https://www.alcampo.es/media/h07/hf6/10788962369566.jpg","name":"Aceite de oliva virgen extra 100% Arbequina CARBONELL botella de 1 l.","price":"4,69 €","offer_price":0,"offer_type":null,"stock":false,"super":"alcampo"},{"img":"https://www.alcampo.es/media/h11/h85/10437635112990.jpg","name":"Aceite de oliva virgen extra con denominación de origen Estepa OLEOESTEPA garrafa de 5 l.","price":"23,94 €","offer_price":0,"offer_type":null,"stock":false,"super":"alcampo"},{"img":"https://www.alcampo.es/media/hea/hb0/10788958502942.jpg","name":"Aceite de oliva virgen extra CARBONELL Gran Selección 250 ml.","price":"1,94 €","offer_price":0,"offer_type":null,"stock":false,"super":"alcampo"},{"img":"https://www.alcampo.es/media/hf7/h7f/9823037128734.jpg","name":"Aceite de oliva virgen CARBONELL garrafa de 5 l.","price":"16,99 €","offer_price":0,"offer_type":null,"stock":false,"super":"alcampo"},{"img":"https://www.alcampo.es/media/hb0/h5c/10802723946526.jpg","name":"Aceite de oliva virgen extra ecológico COOSUR 1 l","price":"5,31 €","offer_price":0,"offer_type":null,"stock":false,"super":"alcampo"},{"img":"https://www.alcampo.es/media/ha3/h0d/9465679609886.jpg","name":"Aceite de oliva virgen extra (suave y afrutado) BORGES botella de cristal de 750 ml.","price":"3,98 €","offer_price":0,"offer_type":null,"stock":false,"super":"alcampo"},{"img":"https://www.alcampo.es/media/h0a/hec/8948016939038.jpg","name":"Aceite refinado de girasol UCASOL, botella de 1 l.","price":"2,04 €","offer_price":0,"offer_type":null,"stock":false,"super":"alcampo"},{"img":"https://www.alcampo.es/media/h34/h99/9474864611358.jpg","name":"Aceite de oliva suave COOSUR botella de 1 l.","price":"3,08 €","offer_price":0,"offer_type":null,"stock":false,"super":"alcampo"},{"img":"https://www.alcampo.es/media/hc9/h1a/9127791132702.jpg","name":"Aceite de girasol ecológico CAPOMAR 1 l.","price":"4,50 €","offer_price":0,"offer_type":null,"stock":false,"super":"alcampo"},{"img":"https://www.alcampo.es/media/h47/hda/8940723503134.jpg","name":"Aceite de orujo de oliva suave CAPICUA, botella de 1 l.","price":"1,74 €","offer_price":0,"offer_type":null,"stock":false,"super":"alcampo"},{"img":"https://www.alcampo.es/media/h27/h89/9823077564446.jpg","name":"Aceite de oliva KOIPE SABOR botella de 1 l.","price":"3,80 €","offer_price":0,"offer_type":null,"stock":false,"super":"alcampo"},{"img":"https://www.alcampo.es/media/h43/haa/8892715958302.jpg","name":"Aceite de oliva suave LA ESPAÑOLA garrafa de 5 l.","price":"17,23 €","offer_price":0,"offer_type":null,"stock":false,"super":"alcampo"},{"img":"https://www.alcampo.es/media/h98/h00/9406689509406.jpg","name":"Aceite de oliva intenso LA MASÍA 3 l.","price":"8,89 €","offer_price":0,"offer_type":null,"stock":false,"super":"alcampo"},{"img":"https://www.alcampo.es/media/h4f/hd7/10812983443486.jpg","name":"Aceite de oliva virgen extra Arbequina 100 % CARBONELL GRAN SELECCION botella de cristal de 750 ml.","price":"4,24 €","offer_price":0,"offer_type":null,"stock":false,"super":"alcampo"},{"img":"https://www.alcampo.es/media/h65/h8f/9425050337310.jpg","name":"Aceite de sésamo ecológico LA MASIA 250 ml.","price":"3,34 €","offer_price":0,"offer_type":null,"stock":false,"super":"alcampo"},{"img":"https://www.alcampo.es/media/h60/h1f/10813009133598.jpg","name":"Aceite de girasol KOIPESOL 3 l.","price":"6,14 €","offer_price":0,"offer_type":null,"stock":false,"super":"alcampo"},{"img":"https://www.alcampo.es/media/h12/hce/9465803735070.jpg","name":"Aceite de oliva virgen extra YBARRA 750 ml.","price":"3,98 €","offer_price":0,"offer_type":null,"stock":false,"super":"alcampo"},{"img":"https://www.alcampo.es/media/he0/h0f/10437675483166.jpg","name":"Aceite de oliva Virgen Extra Picual ALCAMPO GOURMET, botella de 500 ml.","price":"3,39 €","offer_price":0,"offer_type":null,"stock":false,"super":"alcampo"},{"img":"https://www.alcampo.es/media/he4/h2d/9406653530142.jpg","name":"Aceite de orujo de oliva Lindoliva LA MASÍA, garrafa de 5 l.","price":"9,99 €","offer_price":0,"offer_type":null,"stock":false,"super":"alcampo"},{"img":"https://www.alcampo.es/media/h9b/h08/10801893638174.jpg","name":"Aceite de oliva virgen extra cornicabra COOSUR botella de 1 l.","price":"3,49 €","offer_price":0,"offer_type":null,"stock":false,"super":"alcampo"},{"img":"https://www.alcampo.es/media/hc5/haa/8922792132638.jpg","name":"Aceite oliva virgen extra ecológico Denominación de Origen Baena NÚÑEZ DE PRADO Botella 500 ml.","price":"7,47 €","offer_price":0,"offer_type":null,"stock":false,"super":"alcampo"},{"img":"https://www.alcampo.es/media/hff/h01/10841113493534.jpg","name":"Aceite de oliva virgen extra especial ensaladas y verdura HOJIBLANCA ODA N º 5 botella de 500 ml.","price":"3,28 €","offer_price":0,"offer_type":null,"stock":false,"super":"alcampo"},{"img":"https://www.alcampo.es/media/h24/hdf/10791238336542.jpg","name":"Aceite de oliva intenso 1 º BAU 1 l.","price":"2,18 €","offer_price":0,"offer_type":null,"stock":false,"super":"alcampo"},{"img":"https://www.alcampo.es/media/hdb/hfe/9465747177502.jpg","name":"Aceite de oliva virgen MAR DE OLIVOS botella de 1 l.","price":"3,60 €","offer_price":0,"offer_type":null,"stock":false,"super":"alcampo"},{"img":"https://www.alcampo.es/media/h40/h30/9474804645918.jpg","name":"Aceite de oliva virgen extra a la trufa blanca LA ESPAÑOLA, botella de 250 ml.","price":"2,06 €","offer_price":0,"offer_type":null,"stock":false,"super":"alcampo"},{"img":"https://www.alcampo.es/media/h84/h51/10365944659998.jpg","name":"Aceite de oliva sabor intenso ONDOLIVA 1 l.","price":"3,13 €","offer_price":0,"offer_type":null,"stock":false,"super":"alcampo"},{"img":"https://www.alcampo.es/media/h09/h69/9406785355806.jpg","name":"Aceite refinado de semillas Vegetales LA MASÍA Botella 1 l.","price":"1,47 €","offer_price":0,"offer_type":null,"stock":false,"super":"alcampo"},{"img":"https://www.alcampo.es/media/hed/h93/10437637898270.jpg","name":"Aceite de oliva Virgen Extra,variedad Hojiblanca, Denominación de Origen Protegida Estepa ALCAMPO GOURMET botella 500 ml.","price":"3,39 €","offer_price":0,"offer_type":null,"stock":false,"super":"alcampo"},{"img":"https://www.alcampo.es/media/h81/h65/10614112911390.jpg","name":"Aceite de girasol LA MASÍA MASFRIT 1 l.","price":"1,52 €","offer_price":0,"offer_type":null,"stock":false,"super":"alcampo"},{"img":"https://www.alcampo.es/media/h31/hff/9465722273822.jpg","name":"Aceite de oliva virgen extra YBARRA 500 ml.","price":"2,06 €","offer_price":0,"offer_type":null,"stock":false,"super":"alcampo"},{"img":"https://www.alcampo.es/media/h5a/hcb/9474829189150.jpg","name":"Aceite de oliva virgen extra al ajo LA ESPAÑOLA botella de cristal de 250 ml.","price":"2,06 €","offer_price":0,"offer_type":null,"stock":false,"super":"alcampo"},{"img":"https://www.alcampo.es/media/h4c/h47/9288477147166.jpg","name":"Aceite de coco virgen extra LA MASÍA 375 ml.","price":"3,69 €","offer_price":0,"offer_type":null,"stock":false,"super":"alcampo"},{"img":"https://www.alcampo.es/media/haf/hab/10506629447710.jpg","name":"Aceite de oliva virgen extra ecológico CARBONELL 750 ml.","price":"4,52 €","offer_price":0,"offer_type":null,"stock":false,"super":"alcampo"},{"img":"https://www.alcampo.es/media/h31/h63/8891601649694.jpg","name":"Aceite de girasol alto oleico especial para freir CAPICUA garrafa de 5 l.","price":"9,84 €","offer_price":0,"offer_type":null,"stock":false,"super":"alcampo"},{"img":"https://www.alcampo.es/media/h77/h14/10437674762270.jpg","name":"Aceite de oliva Virgen Extra, variedad Arbequina, Denominación de Origen Protegida Estepa ALCAMPO GOURMET botella de 500 ml.","price":"3,39 €","offer_price":0,"offer_type":null,"stock":false,"super":"alcampo"},{"img":"https://www.alcampo.es/media/hbe/h18/10788954144798.jpg","name":"Aceite de oliva virgen extra 100% Hojiblanca CARBONELL botella de 1 l.","price":"4,69 €","offer_price":0,"offer_type":null,"stock":false,"super":"alcampo"},{"img":"https://www.alcampo.es/media/ha1/h92/10812998221854.jpg","name":"Aceite de oliva virgen extra Regium CARBONELL GRAN SELECCION botella de cristal de 750 ml.","price":"5,75 €","offer_price":0,"offer_type":null,"stock":false,"super":"alcampo"},{"img":"https://www.alcampo.es/media/hfe/h96/9406793580574.jpg","name":"Aceite de oliva suave YBARRA Lata de 5 l.","price":"23,99 €","offer_price":0,"offer_type":null,"stock":false,"super":"alcampo"},{"img":"https://www.alcampo.es/media/h02/he1/9466016923678.jpg","name":"Aceite de oliva virgen extra arbequina KARLOS ARGUIÑANO botella de 750 ml","price":"7,04 €","offer_price":0,"offer_type":null,"stock":false,"super":"alcampo"},{"img":"https://www.alcampo.es/media/h80/hc9/9465106333726.jpg","name":"Aceite de oliva virgen extra D.O.Sierra del Segura SEÑORÍO DE SEGURA 750 ml.","price":"4,46 €","offer_price":0,"offer_type":null,"stock":false,"super":"alcampo"},{"img":"https://www.alcampo.es/media/hc1/h33/9465056690206.jpg","name":"Aceite de oliva virgen extrA VALDEZARZA 1 l.","price":"4,99 €","offer_price":0,"offer_type":null,"stock":false,"super":"alcampo"},{"img":"https://www.alcampo.es/media/h63/hcc/10437630197790.jpg","name":"Aceite de oliva virgen extra con denominación de origen Estepa OLEOESTEPA botella de 3 l.","price":"14,96 €","offer_price":0,"offer_type":null,"stock":false,"super":"alcampo"},{"img":"https://www.alcampo.es/media/h05/h41/9465703071774.jpg","name":"Aceite de oliva virgen extra FRUTO DEL SUR garrafa de 5 l.","price":"20,99 €","offer_price":0,"offer_type":null,"stock":false,"super":"alcampo"},{"img":"https://www.alcampo.es/media/hac/he3/8968637513758.jpg","name":"Aceite de semillas ABACO 1 l.","price":"1,39 €","offer_price":0,"offer_type":null,"stock":false,"super":"alcampo"},{"img":"https://www.alcampo.es/media/h74/h35/10788874387486.jpg","name":"Aceite de oliva virgen extra 100% Picual CARBONELL botella de 1 l.","price":"4,69 €","offer_price":0,"offer_type":null,"stock":false,"super":"alcampo"},{"img":"https://www.alcampo.es/media/h3e/h81/9465054396446.jpg","name":"Aceite de oliva virgen extra arbequina VALDEZARZA botella de 500 ml.","price":"3,35 €","offer_price":0,"offer_type":null,"stock":false,"super":"alcampo"},{"img":"https://www.alcampo.es/media/hf3/ha5/9474787311646.jpg","name":"Aceite de oliva virgen extra COOSUR botella de 1 l.","price":"4,99 €","offer_price":0,"offer_type":null,"stock":false,"super":"alcampo"},{"img":"https://www.alcampo.es/media/hdf/hbb/10788958175262.jpg","name":"Aceite de oliva virgen extra CARBONELL Gran Selección 500 ml.","price":"3,44 €","offer_price":0,"offer_type":null,"stock":false,"super":"alcampo"},{"img":"https://www.alcampo.es/media/hc0/h3f/9406791024670.jpg","name":"Aceite de semillas LA MASÍA 5 l.","price":"7,38 €","offer_price":0,"offer_type":null,"stock":false,"super":"alcampo"},{"img":"https://www.alcampo.es/media/h8c/h28/8902532530206.jpg","name":"Aceite de oliva virgen extra ecológico CAMPOMAR NATURE 2,5 litros","price":"19,25 €","offer_price":0,"offer_type":null,"stock":false,"super":"alcampo"},{"img":"https://www.alcampo.es/media/h58/h50/9465024184350.jpg","name":"Aceite de oliva virgen extra picual VALDEZARZA botella de 500 ml.","price":"3,35 €","offer_price":0,"offer_type":null,"stock":false,"super":"alcampo"},{"img":"https://www.alcampo.es/media/h22/hd3/9130875387934.jpg","name":"Aceite de oliva virgen extra LA ESPAÑOLA spray 200 ml. ","price":"2,53 €","offer_price":0,"offer_type":null,"stock":false,"super":"alcampo"},{"img":"https://www.alcampo.es/media/hc4/ha4/8960075726878.jpg","name":"Set aderezo platos CAPRICHO ANDALUZ 15 ud.","price":"1,95 €","offer_price":0,"offer_type":null,"stock":false,"super":"alcampo"},{"img":"https://www.alcampo.es/media/h6d/hd5/9465012518942.jpg","name":"Aceite de oliva virgen extra OLIVAR CENTENARIO garrafa de 5 l.","price":"25,24 €","offer_price":0,"offer_type":null,"stock":false,"super":"alcampo"},{"img":"https://www.alcampo.es/media/h65/hfe/9474764570654.jpg","name":"Aceite de oliva intenso COOSUR botella de 1 l.","price":"3,08 €","offer_price":0,"offer_type":null,"stock":false,"super":"alcampo"},{"img":"https://www.alcampo.es/media/h88/h98/9465808420894.jpg","name":"Aceite de oliva Virgen Extra LA MASÍA 5 l.","price":"21,58 €","offer_price":0,"offer_type":null,"stock":false,"super":"alcampo"},{"img":"https://www.alcampo.es/media/hd4/h0a/10437674008606.jpg","name":"Aceite de oliva virgen extra OLEOESTEPA 750 ml.","price":"6,95 €","offer_price":0,"offer_type":null,"stock":false,"super":"alcampo"},{"img":"https://www.alcampo.es/media/hcc/h3d/9465749176350.jpg","name":"Aceite de oliva virgen extra obtenido directamentee aceitunas picual OLIVAR DE SEGURA lata de 5 l.","price":"35,11 €","offer_price":0,"offer_type":null,"stock":false,"super":"alcampo"},{"img":"https://www.alcampo.es/media/he3/h0d/9465072484382.jpg","name":"Aceite de oliva virgen extra con denominación origen Siurana OLEAURUM 750 ml.","price":"8,32 €","offer_price":0,"offer_type":null,"stock":false,"super":"alcampo"},{"img":"https://www.alcampo.es/media/hb4/he6/9465804849182.jpg","name":"Aceite de oliva virgen extra GERMANOR 750 ml.","price":"6,85 €","offer_price":0,"offer_type":null,"stock":false,"super":"alcampo"},{"img":"https://www.alcampo.es/media/h8e/h80/9474840428574.jpg","name":"Aceite de oliva virgen extra a la guindilla LA ESPAÑOLA botella de cristal de 250 ml.","price":"2,06 €","offer_price":0,"offer_type":null,"stock":false,"super":"alcampo"},{"img":"https://www.alcampo.es/media/hce/h18/10788877500446.jpg","name":"Aceite de oliva virgen extra Picual CARBONELL Gran Selección botella de cristal de 750 ml.","price":"4,24 €","offer_price":0,"offer_type":null,"stock":false,"super":"alcampo"},{"img":"https://www.alcampo.es/media/h7b/hbd/8923018461214.gif","name":"Aceite de oliva virgen extra ecológico BORGES botella 500 ml.","price":"5,68 €","offer_price":0,"offer_type":null,"stock":false,"super":"alcampo"},{"img":"https://www.alcampo.es/media/h6c/hc8/9776677060638.jpg","name":"Aceite de oliva suave DINTEL 1 l.","price":"4,99 €","offer_price":0,"offer_type":null,"stock":false,"super":"alcampo"},{"img":"https://www.alcampo.es/media/ha8/hbf/8871033110558.jpg","name":"Aceite de oliva suave LA ESPAÑOLA lata de 5 l.","price":"21,99 €","offer_price":0,"offer_type":null,"stock":false,"super":"alcampo"},{"img":"https://www.alcampo.es/media/h2f/h74/9257279979550.jpg","name":"Aliño Meditterráneo (aceite, vinagre Mòdena, sal) YBARRA 125 gr","price":"1,87 €","offer_price":0,"offer_type":null,"stock":false,"super":"alcampo"},{"img":"https://www.alcampo.es/media/h08/h72/9465765265438.jpg","name":"Aceite de oliva virgen MAR DE OLIVOS garrafa 5 l.","price":"15,93 €","offer_price":0,"offer_type":null,"stock":false,"super":"alcampo"},{"img":"https://www.alcampo.es/media/h9f/h1d/9465046532126.jpg","name":"Aceite de oliva virgen extra, Denominación de Origen Sierra de Cazorla OLEOCAZORLA garrafa de 5 l.","price":"27,22 €","offer_price":0,"offer_type":null,"stock":false,"super":"alcampo"},{"img":"https://www.alcampo.es/media/ha3/h1e/9465035227166.jpg","name":"Aceite de oliva virgen extra,. Denominación de Origen Sierra de Cazorla OLEO CAZORLA lata de 5 l.","price":"27,99 €","offer_price":0,"offer_type":null,"stock":false,"super":"alcampo"},{"img":"https://www.alcampo.es/media/h6f/hcf/8880155525150.jpg","name":"Aceite de girasol alto oleico CAPICUA botella de 1 l.","price":"2,65 €","offer_price":0,"offer_type":null,"stock":false,"super":"alcampo"},{"img":"https://www.alcampo.es/media/h42/h14/9474822897694.jpg","name":"Aceite de oliva virgen extra a la albahaca LA ESPAÑOLA botella de 250 ml.","price":"2,19 €","offer_price":0,"offer_type":null,"stock":false,"super":"alcampo"},{"img":"https://www.alcampo.es/media/hff/h06/8897168015390.jpg","name":"Aceite oliva virgen extra, Denominación de Origen Sierra de Cazorla OLEO CAZORLA 500 ml.","price":"6,94 €","offer_price":0,"offer_type":null,"stock":false,"super":"alcampo"},{"img":"https://www.alcampo.es/media/h93/h94/9283954147358.jpg","name":"Aceite de aguacate virgen extra ecológico OLIVADO 250 ml.","price":"9,38 €","offer_price":0,"offer_type":null,"stock":false,"super":"alcampo"},{"img":"https://www.alcampo.es/media/hff/h11/9465747636254.jpg","name":"Aceite de oliva virgen extra FRUTO DEL SUR botella de 1 l.","price":"4,99 €","offer_price":0,"offer_type":null,"stock":false,"super":"alcampo"},{"img":"https://www.alcampo.es/media/h41/haf/8899710091294.jpg","name":"Set aderezo plato monodosis CAPRICHO ANDALUZ 30 uds.","price":"1,39 €","offer_price":0,"offer_type":null,"stock":false,"super":"alcampo"},{"img":"https://www.alcampo.es/media/h5b/he4/9823078514718.jpg","name":"Aceite de oliva virgen extra KOIPE botella de 1 l.","price":"4,88 €","offer_price":0,"offer_type":null,"stock":false,"super":"alcampo"},{"img":"https://www.alcampo.es/media/h3b/hce/8935581450270.jpg","name":"Aceite picante condimentado con especias FERRER botella de 166 ml.","price":"3,76 €","offer_price":0,"offer_type":null,"stock":false,"super":"alcampo"},{"img":"https://www.alcampo.es/media/h66/h4e/9823041060894.jpg","name":"Aceite de oliva suave 0,4º CARBONELL garrafa de 5 l.","price":"20,94 €","offer_price":0,"offer_type":null,"stock":false,"super":"alcampo"},{"img":"https://www.alcampo.es/media/h73/h03/9465784139806.jpg","name":"Aceite de oliva virgen extra gourmet LA ESPAÑOLA botella de 500 ml.","price":"5,63 €","offer_price":0,"offer_type":null,"stock":false,"super":"alcampo"},{"img":"https://www.alcampo.es/media/h86/hb1/9465059409950.jpg","name":"Aceite de oliva virgen extra ORO VIRGEN botella de 500 ml.","price":"3,20 €","offer_price":0,"offer_type":null,"stock":false,"super":"alcampo"},{"img":"https://www.alcampo.es/media/ha4/h6a/10437674172446.jpg","name":"Aceite de oliva virgen extra OLEOESTEPA 750 ml.","price":"7,26 €","offer_price":0,"offer_type":null,"stock":false,"super":"alcampo"},{"img":"https://www.alcampo.es/media/h22/hc3/10812975415326.jpg","name":"Aceite de oliva virgen extra CARBONELL GRAN SELECCION lata de 5 l.","price":"26,73 €","offer_price":0,"offer_type":null,"stock":false,"super":"alcampo"},{"img":"https://www.alcampo.es/media/h4b/hc3/9769997697054.gif","name":"Aceite de oliva virgen extra ecológico LA ESPAÑOLA 500 ml.","price":"4,70 €","offer_price":0,"offer_type":null,"stock":false,"super":"alcampo"},{"img":"https://www.alcampo.es/media/h84/h44/10841118408734.jpg","name":"Aceite de oliva virgen extra HOJIBLANCA ODA Nº 7 botella de 500 ml.","price":"3,94 €","offer_price":0,"offer_type":null,"stock":false,"super":"alcampo"},{"img":"https://www.alcampo.es/media/h71/h99/9465707102238.jpg","name":"Aceite de lino de cultivo ecológico ECOCESTA 500 ml.","price":"8,99 €","offer_price":0,"offer_type":null,"stock":false,"super":"alcampo"},{"img":"https://www.alcampo.es/media/h99/h80/9515552407582.jpg","name":"Aceite virgen extra capricho, CAPRICHO ANDALUZ,, 1 l.","price":"4,66 €","offer_price":0,"offer_type":null,"stock":false,"super":"alcampo"},{"img":"https://www.alcampo.es/media/h41/h6d/9295178399774.jpg","name":"Aceite de oliva virgen extra CARBONELL 500 ml.","price":"2,98 €","offer_price":0,"offer_type":null,"stock":false,"super":"alcampo"},{"img":"https://www.alcampo.es/media/h81/hba/9465040207902.jpg","name":"Aceite de oliva virgen extra VALDEZARZA garrafa de 5 l.","price":"25,99 €","offer_price":0,"offer_type":null,"stock":false,"super":"alcampo"},{"img":"https://www.alcampo.es/media/h3e/hfd/9295225847838.jpg","name":"Aceite de oliva virgen en monodosis MUELOLIVA 20 ml. 5 ud.","price":"2,17 €","offer_price":0,"offer_type":null,"stock":false,"super":"alcampo"},{"img":"https://www.alcampo.es/media/h5b/h67/8952445927454.jpg","name":"Aceite de girasol y soja con Omega 3 LA ESPAÑOLA SOY PLUS botella de 1 l.","price":"1,82 €","offer_price":0,"offer_type":null,"stock":false,"super":"alcampo"},{"img":"https://www.alcampo.es/media/h90/hb5/9406725652510.jpg","name":"Aceite de oliva suave YBARRA 5 l.","price":"17,99 €","offer_price":0,"offer_type":null,"stock":false,"super":"alcampo"},{"img":"https://www.alcampo.es/media/h5b/h1c/10437638619166.jpg","name":"Aceite de oliva virgen extra selección con denominación de origen Estepa OLEOESTEPA botella de 250 ml.","price":"3,67 €","offer_price":0,"offer_type":null,"stock":false,"super":"alcampo"},{"img":"https://www.alcampo.es/media/h17/hce/9465070256158.jpg","name":"Aceite de oliva virgen extra con denominación de origen Priego VENTA DEL BARÓNbotella de 500 ml.","price":"13,90 €","offer_price":0,"offer_type":null,"stock":false,"super":"alcampo"},{"img":"https://www.alcampo.es/media/hb1/hfe/10614230712350.jpg","name":"Aceite de girasol LA MASÍA MASFRIT 5 l.","price":"9,80 €","offer_price":0,"offer_type":null,"stock":false,"super":"alcampo"},{"img":"https://www.alcampo.es/media/hed/h42/8952473124894.jpg","name":"Aceite de oliva al ajo frito BORGES botella de 200 ml.","price":"3,62 €","offer_price":0,"offer_type":null,"stock":false,"super":"alcampo"},{"img":"https://www.alcampo.es/media/h9c/h39/8952450023454.jpg","name":"Aceite de oliva a la albahaca fresca BORGES botella de cristal de 200 ml.","price":"3,62 €","offer_price":0,"offer_type":null,"stock":false,"super":"alcampo"},{"img":"https://www.alcampo.es/media/haa/h70/9465108234270.jpg","name":"Aceite de oliva virgen extra denominación origen Les Garrigues OLEAURUM Verde 750 ml.","price":"8,66 €","offer_price":0,"offer_type":null,"stock":false,"super":"alcampo"},{"img":"https://www.alcampo.es/media/h52/he6/9465790791710.jpg","name":"Aceite de oliva virgen extra obtenido de aceituna picual BORGES botella de cristal de 750 ml.","price":"5,29 €","offer_price":0,"offer_type":null,"stock":false,"super":"alcampo"},{"img":"https://www.alcampo.es/media/hcb/h8a/9309855547422.jpg","name":"Aceite aromático con pimienta cayena BORGES 200 ml","price":"3,62 €","offer_price":0,"offer_type":null,"stock":false,"super":"alcampo"},{"img":"https://www.alcampo.es/media/h7c/h44/9474770763806.jpg","name":"Aceite de oliva virgen, cocina Mediterránea COOSUR garrafa de 5 l.","price":"14,74 €","offer_price":0,"offer_type":null,"stock":false,"super":"alcampo"},{"img":"https://www.alcampo.es/media/h37/h74/9465727090718.jpg","name":"Aceite de oliva virgen extra VERDE SEGURA garrafa de 2 l.","price":"8,99 €","offer_price":0,"offer_type":null,"stock":false,"super":"alcampo"},{"img":"https://www.alcampo.es/media/hbd/hba/9776732995614.jpg","name":"Aceite de oliva virgen extra DINTEL 1 l","price":"3,99 €","offer_price":0,"offer_type":null,"stock":false,"super":"alcampo"},{"img":"https://www.alcampo.es/media/h53/ha7/9465715752990.jpg","name":"Aceite de oliva virgen extra OLIVAR DE SEGURA botella 1 l.","price":"4,96 €","offer_price":0,"offer_type":null,"stock":false,"super":"alcampo"},{"img":"https://www.alcampo.es/media/h9d/h35/9465027264542.jpg","name":"Aceite de oliva virgen extra VALDEZARZA botella de cristal de 750 ml.","price":"4,59 €","offer_price":0,"offer_type":null,"stock":false,"super":"alcampo"},{"img":"https://www.alcampo.es/media/h37/hde/9629279748126.jpg","name":"Aceite de oliva virgen extra ecológico LAGUNA VILLAR 2 l.","price":"8,99 €","offer_price":0,"offer_type":null,"stock":false,"super":"alcampo"},{"img":"https://www.alcampo.es/media/h65/h33/9465089589278.jpg","name":"Aceite de oliva virgen extra OLIVO DE CAMBIL frasca de 500 ml.","price":"4,79 €","offer_price":0,"offer_type":null,"stock":false,"super":"alcampo"},{"img":"https://www.alcampo.es/media/h0e/h83/9465106989086.jpg","name":"Aceite de oliva virgen extra ORO VIRGEN botella de cristal de 500 ml","price":"4,65 €","offer_price":0,"offer_type":null,"stock":false,"super":"alcampo"},{"img":"https://www.alcampo.es/media/h2b/h1e/9465737412638.jpg","name":"Aceite de oliva virgen extra en spray aromatizado a la trufa negra MOLÍ DE POMERÍ botella de 250 ml.","price":"6,29 €","offer_price":0,"offer_type":null,"stock":false,"super":"alcampo"},{"img":"https://www.alcampo.es/media/h0b/h14/8893441441822.jpg","name":"Aceite de oliva virgen extra CAPRICHO ANDALUZ 10 ml. en 10 uds.","price":"1,68 €","offer_price":0,"offer_type":null,"stock":false,"super":"alcampo"},{"img":"https://www.alcampo.es/media/h54/hca/9465061736478.jpg","name":"Aceite de oliva virgen extra VALDEZARZA botella de 500 ml.","price":"3,35 €","offer_price":0,"offer_type":null,"stock":false,"super":"alcampo"},{"img":"https://www.alcampo.es/media/h92/hda/9465688490014.jpg","name":"Aceite de oliva virgen extra FRUTO DEL SUR botella de cristal de 750 milils","price":"4,29 €","offer_price":0,"offer_type":null,"stock":false,"super":"alcampo"},{"img":"https://www.alcampo.es/media/h52/hef/9465710280734.jpg","name":"Aceite de oliva virgen extra obtenido de aceituna hojiblanca BORGES botella de cristal de 750 ml.","price":"4,98 €","offer_price":0,"offer_type":null,"stock":false,"super":"alcampo"},{"img":"https://www.alcampo.es/media/h6d/hbb/9465707266078.jpg","name":"Aceite de oliva virgen extra con D.O.Sierra de Segura OLIVAR DE SEGURA botella 500 ml.","price":"7,84 €","offer_price":0,"offer_type":null,"stock":false,"super":"alcampo"},{"img":"https://www.alcampo.es/media/h9a/h47/9567052759070.jpg","name":"Aceite de coco virgen extra ecológico LA MASÍA 8 x 10 ml.","price":"3,48 €","offer_price":0,"offer_type":null,"stock":false,"super":"alcampo"},{"img":"https://www.alcampo.es/media/hd8/h3c/9465742524446.jpg","name":"Aceite de oliva virgen extra en spray aromatizado con trufa blanca MOLÍ DE POMERÍ botella 250 ml.","price":"6,99 €","offer_price":0,"offer_type":null,"stock":false,"super":"alcampo"},{"img":"https://www.alcampo.es/media/h25/hca/9465050988574.jpg","name":"Aceite de oliva virgen extra OLIVO DE CAMBIL frasca de 250 ml.","price":"2,99 €","offer_price":0,"offer_type":null,"stock":false,"super":"alcampo"},{"img":"https://www.alcampo.es/media/h83/h9e/10841116278814.jpg","name":"Aceite de oliva virgen extra HOJIBLANCA BRAVIO 1 l.","price":"5,34 €","offer_price":0,"offer_type":null,"stock":false,"super":"alcampo"},{"img":"https://www.alcampo.es/media/hf1/h52/9465083625502.jpg","name":"Aceite de oliva virgen extra obtenido directamente aceitunas OLIVO DE CAMBIL 750 ml.","price":"7,48 €","offer_price":0,"offer_type":null,"stock":false,"super":"alcampo"},{"img":"https://www.alcampo.es/media/hc3/h88/9823035129886.jpg","name":"Aceite de oliva virgen extra 100% Hojiblanca CARBONELL botella de cristal de 750 ml.","price":"4,24 €","offer_price":0,"offer_type":null,"stock":false,"super":"alcampo"},{"img":"https://www.alcampo.es/media/h91/ha7/9465695240222.jpg","name":"Aceite de oliva virgen extra procedente aceitunas tempranas variedad picuda MUELOLIVA lata de 5 l.","price":"23,45 €","offer_price":0,"offer_type":null,"stock":false,"super":"alcampo"},{"img":"https://www.alcampo.es/media/h6c/ha2/9465033228318.jpg","name":"Aceite de oliva virgen extra, Denominación de Origen Sierra de Cazorla OLEO CAZORLA lata de 1 l.","price":"6,99 €","offer_price":0,"offer_type":null,"stock":false,"super":"alcampo"},{"img":"https://www.alcampo.es/media/h56/he6/10841073156126.jpg","name":"Aceite de oliva virgen extra Picar HOJIBLANCA PICARO 1 l.","price":"5,43 €","offer_price":0,"offer_type":null,"stock":false,"super":"alcampo"},{"img":"https://www.alcampo.es/media/hde/h21/9465735643166.jpg","name":"Aceite de oliva virgen extra VALDEZARZA lata de 3 l.","price":"15,48 €","offer_price":0,"offer_type":null,"stock":false,"super":"alcampo"},{"img":"https://www.alcampo.es/media/ha9/hc5/9119065178142.jpg","name":"Aceite de oliva virgen extra VALDEZARZA tarrina 12 uds. x 10 ml. ","price":"1,27 €","offer_price":0,"offer_type":null,"stock":false,"super":"alcampo"},{"img":"https://www.alcampo.es/media/hd8/h6d/9465739608094.jpg","name":"Aceite de oliva virgen extra MAR DE OLIVOS botella de 750 ml.","price":"3,99 €","offer_price":0,"offer_type":null,"stock":false,"super":"alcampo"},{"img":"https://www.alcampo.es/media/h9d/h4c/10470176194590.jpg","name":"Aceite de oliva virgen extra Arbequina VALDERRA,A 500 ml.","price":"8,70 €","offer_price":0,"offer_type":null,"stock":false,"super":"alcampo"},{"img":"https://www.alcampo.es/media/h5d/h9e/9465689702430.jpg","name":"Aceite de oliva virgen extra YBARRA 5 l","price":"21,99 €","offer_price":0,"offer_type":null,"stock":false,"super":"alcampo"},{"img":"https://www.alcampo.es/media/h99/hc7/9465101058078.jpg","name":"Aceite oliva virgen extra con denominación de origen Siurana UNIO 750 ml.","price":"9,46 €","offer_price":0,"offer_type":null,"stock":false,"super":"alcampo"},{"img":"https://www.alcampo.es/media/he4/h3f/8921494650910.jpg","name":"Aceite de oliva virgen extra ecológico CAMPOMAR NATURE botella de 1 l.","price":"5,99 €","offer_price":0,"offer_type":null,"stock":false,"super":"alcampo"},{"img":"https://www.alcampo.es/media/haf/h94/9330495684638.jpg","name":"Aceite de oliva virgen extra duo (Arbequina-Picual) MARQUÉS DE GRIÑÓN 500 ml.","price":"7,19 €","offer_price":0,"offer_type":null,"stock":false,"super":"alcampo"},{"img":"https://www.alcampo.es/media/hb0/hd0/9288493727774.jpg","name":"Aceite de aguacate LA MASÍA 250 ml.","price":"4,85 €","offer_price":0,"offer_type":null,"stock":false,"super":"alcampo"},{"img":"https://www.alcampo.es/media/h5a/h29/9465019564062.jpg","name":"Aceite de oliva virgen extra VEA botella de 500 ml","price":"8,25 €","offer_price":0,"offer_type":null,"stock":false,"super":"alcampo"},{"img":"https://www.alcampo.es/media/h1b/h8f/9465710936094.jpg","name":"Aceite de oliva virgen extra LA ESPAÑOLA lata de 5 l.","price":"25,95 €","offer_price":0,"offer_type":null,"stock":false,"super":"alcampo"},{"img":"https://www.alcampo.es/media/hc1/h13/9465753501726.jpg","name":"Aceite de oliva virgen extra OLIVO DE CAMBIL lata de 5 l.","price":"35,46 €","offer_price":0,"offer_type":null,"stock":false,"super":"alcampo"},{"img":"https://www.alcampo.es/media/hab/hb7/8947886391326.jpg","name":"Aceite de orujo de oliva ALTIVOLIVA, botella de 1 l.","price":"3,19 €","offer_price":0,"offer_type":null,"stock":false,"super":"alcampo"},{"img":"https://www.alcampo.es/media/hf6/h1b/9474798747678.jpg","name":"Aceite de oliva virgen cocina Mediterránea COOSUR botella de 1 l.","price":"4,19 €","offer_price":0,"offer_type":null,"stock":false,"super":"alcampo"},{"img":"https://www.alcampo.es/media/h1a/h88/8888002609182.jpg","name":"Aceite de oliva con denominación de origen Sierra Magina LA CÁNTARA 250 ml.","price":"3,25 €","offer_price":0,"offer_type":null,"stock":false,"super":"alcampo"},{"img":"https://www.alcampo.es/media/h51/h2b/9474769420318.jpg","name":"Aceite de oliva virgen extra al romero LA ESPAÑOLA botella de cristal de 250 ml.","price":"2,19 €","offer_price":0,"offer_type":null,"stock":false,"super":"alcampo"},{"img":"https://www.alcampo.es/media/hd6/hf0/9823075860510.jpg","name":"Aceite de oliva virgen extra Magna Oliva CARBONELL 750 ml","price":"8,98 €","offer_price":0,"offer_type":null,"stock":false,"super":"alcampo"},{"img":"https://www.alcampo.es/media/h78/h64/9465064783902.jpg","name":"Aceite de oliva virgen extra DINTEL ( D.O.P Montes de Toledo) 750 ml.","price":"5,19 €","offer_price":0,"offer_type":null,"stock":false,"super":"alcampo"},{"img":"https://www.alcampo.es/media/h82/h51/9330545393694.jpg","name":"Aceite de oliva virgen extra Cornicabra MARQUÉS DE GRIÑÓN 500 ml.","price":"7,19 €","offer_price":0,"offer_type":null,"stock":false,"super":"alcampo"},{"img":"https://www.alcampo.es/media/h65/ha5/9465084444702.jpg","name":"Aceite de oliva virgen OLIVAR CENTENARIO garrafa de 5 l.","price":"22,99 €","offer_price":0,"offer_type":null,"stock":false,"super":"alcampo"},{"img":"https://www.alcampo.es/media/hec/h50/8952523292702.jpg","name":"Aceite de oliva a la soja y jengibre BORGES botella de cristal de 200 ml.","price":"2,99 €","offer_price":0,"offer_type":null,"stock":false,"super":"alcampo"},{"img":"https://www.alcampo.es/media/h06/hcc/9776707764254.jpg","name":"Aceite de oliva intenso DINTEL 1 l","price":"4,99 €","offer_price":0,"offer_type":null,"stock":false,"super":"alcampo"},{"img":"https://www.alcampo.es/media/h82/h7b/9582856175646.jpg","name":"Aceite de oliva Virgen Extra OLIVO DE CAMBIL 1 l.","price":"9,10 €","offer_price":0,"offer_type":null,"stock":false,"super":"alcampo"},{"img":"https://www.alcampo.es/media/h24/hfc/9398181363742.jpg","name":"Aceite de oliva virgen extra ORO VIRGEN botella de 250 ml.","price":"2,85 €","offer_price":0,"offer_type":null,"stock":false,"super":"alcampo"},{"img":"https://www.alcampo.es/media/h56/h7c/9465053413406.jpg","name":"Aceite de oliva virgen extra VALDEZARZA 5 l.","price":"25 €","offer_price":0,"offer_type":null,"stock":false,"super":"alcampo"},{"img":"https://www.alcampo.es/media/hb6/h6f/9465073238046.jpg","name":"Aceite de oliva virgen extra VALDEZARZA 1 l.","price":"5,62 €","offer_price":0,"offer_type":null,"stock":false,"super":"alcampo"},{"img":"https://www.alcampo.es/media/h4e/h36/9330498666526.jpg","name":"Aceite de oliva virgen extra Arbequina MARQUÉS DE GRIÑÓN 500 ml.","price":"6,85 €","offer_price":0,"offer_type":null,"stock":false,"super":"alcampo"},{"img":"https://www.alcampo.es/media/h54/h98/9330527567902.jpg","name":"Aceite de oliva virgen extra Picual MARQUÉS DE GRIÑÓN 500 ml.","price":"6,85 €","offer_price":0,"offer_type":null,"stock":false,"super":"alcampo"},{"img":"https://www.alcampo.es/media/hba/hc4/8891514159134.jpg","name":"Aceite de oliva a la corteza de limón BORGES botella de cristal de 200 ml.","price":"3,09 €","offer_price":0,"offer_type":null,"stock":false,"super":"alcampo"},{"img":"https://www.alcampo.es/media/hcd/hb3/8880677388318.jpg","name":"Aceite de oliva virgen extra OLIVO DE CAMBIL 25 ml. 3 uds.","price":"2,45 €","offer_price":0,"offer_type":null,"stock":false,"super":"alcampo"},{"img":"https://www.alcampo.es/media/h91/hfd/9465022054430.jpg","name":"Aceite de oliva virgen extra obtenido directamente de aceitunas ÓLEO MÁGINA botella de 500 ml.","price":"3,56 €","offer_price":0,"offer_type":null,"stock":false,"super":"alcampo"},{"img":"https://www.alcampo.es/media/h30/h1e/9602053439518.jpg","name":"Aceite de oliva Virgen extra Picual FUENTE PEÑA 500 ml.","price":"2,99 €","offer_price":0,"offer_type":null,"stock":false,"super":"alcampo"},{"img":"https://www.alcampo.es/media/hf0/h4f/10437675319326.jpg","name":"Aceite de oliva virgen extra procedente de olivos abequinos OLEOESTEPA 2,5 l. ","price":"17,42 €","offer_price":0,"offer_type":null,"stock":false,"super":"alcampo"},{"img":"https://www.alcampo.es/media/h08/h8d/10437630689310.jpg","name":"Aceite de oliva virgen extra OLEOESTEPA 2,5 l.","price":"17,42 €","offer_price":0,"offer_type":null,"stock":false,"super":"alcampo"},{"img":"https://www.alcampo.es/media/he9/he6/9602111602718.jpg","name":"Aceite de oliva Virgen Extra FUENTE PEÑA 5 .","price":"14,90 €","offer_price":0,"offer_type":null,"stock":false,"super":"alcampo"},{"img":"https://www.alcampo.es/media/hef/h55/9602116911134.jpg","name":"Aceite de Virgen Extra Picual PUENTE SIERRA 5 l.","price":"14,90 €","offer_price":0,"offer_type":null,"stock":false,"super":"alcampo"},{"img":"https://www.alcampo.es/media/hc9/h88/9465055707166.jpg","name":"Aceite de oliva virgen LA CASERÍA garrafa de 5 ls","price":"22,07 €","offer_price":0,"offer_type":null,"stock":false,"super":"alcampo"},{"img":"https://www.alcampo.es/media/h41/hea/9465681379358.jpg","name":"Aceite de oliva virgen extra CAPRICHO ANDALUZ garrafa de 5 l.","price":"28,92 €","offer_price":0,"offer_type":null,"stock":false,"super":"alcampo"},{"img":"https://www.alcampo.es/media/h3a/h06/9133177700382.jpg","name":"Aceite refinado de girasol tradicinal fuente de vitamina E COOSOL 5 l. ","price":"9,57 €","offer_price":0,"offer_type":null,"stock":false,"super":"alcampo"},{"img":"https://www.alcampo.es/media/h5d/h46/9624256479262.jpg","name":"Aceite de oliva virgen extra LAGUNA VILLAR 5 l","price":"17,38 €","offer_price":0,"offer_type":null,"stock":false,"super":"alcampo"},{"img":"https://www.alcampo.es/media/h9c/h71/8871306854430.jpg","name":"Aceite de oliva al romero fresco BORGES botella de cristal de 200 ml.","price":"3,62 €","offer_price":0,"offer_type":null,"stock":false,"super":"alcampo"},{"img":"https://www.alcampo.es/media/h75/hec/8902603898910.jpg","name":"Aceite de soja con nueces LA ESPAÑOLA SOY PLUS botella de 750 ml.","price":"1,64 €","offer_price":0,"offer_type":null,"stock":false,"super":"alcampo"},{"img":"https://www.alcampo.es/media/h03/hd8/8977428021278.jpg","name":"Aceite de oliva-orujo CAPICUA 5 l.","price":"8,99 €","offer_price":0,"offer_type":null,"stock":false,"super":"alcampo"},{"img":"https://www.alcampo.es/media/h43/h38/8887382310942.jpg","name":"Set aderezo platos VALDEZARZA set de 15 ud.","price":"1,27 €","offer_price":0,"offer_type":null,"stock":false,"super":"alcampo"},{"img":"https://www.alcampo.es/media/h4f/h1b/9602091941918.jpg","name":"Aceite de oliva Virgen Extra Picual PUENTE SIERRA 500 ml.","price":"2,99 €","offer_price":0,"offer_type":null,"stock":false,"super":"alcampo"},{"img":"https://www.alcampo.es/media/h96/h72/9602097283102.jpg","name":"Aceite de oliva Virgen Extra, cosecha temprana PUENTE SIERRA 500 ml.","price":"4,90 €","offer_price":0,"offer_type":null,"stock":false,"super":"alcampo"},{"img":"https://www.alcampo.es/media/h2b/h92/9427905052702.jpg","name":"Aceites Oriental Collection VALDERRAMA 6 uds. x 20 ml.","price":"12,69 €","offer_price":0,"offer_type":null,"stock":false,"super":"alcampo"},{"img":"https://www.alcampo.es/media/h28/hb0/9465724076062.jpg","name":"Aceite oliva virgen LA MASÍA 5 l","price":"17,70 €","offer_price":0,"offer_type":null,"stock":false,"super":"alcampo"},{"img":"https://www.alcampo.es/media/h31/h60/9188525441054.jpg","name":"Preparado graso especial cocinas CAPICÚA 1 l.","price":"1,94 €","offer_price":0,"offer_type":null,"stock":false,"super":"alcampo"},{"img":"https://www.alcampo.es/media/h02/h07/10437673844766.jpg","name":"Aceite de oliva virgen extra OLEOESTEPA botella de 250 ml.","price":"3,67 €","offer_price":0,"offer_type":null,"stock":false,"super":"alcampo"},{"img":"https://www.alcampo.es/media/h46/h91/10441857728542.jpg","name":"Aceite de oliva virgen extra cosecha temprana FUENTE PEÑA 500 ml.","price":"4,90 €","offer_price":0,"offer_type":null,"stock":false,"super":"alcampo"},{"img":"https://www.alcampo.es/media/h2c/h52/9474796159006.jpg","name":"Aceite de oliva virgen extra LA ESPAÑOLA pack 5 uds. x 20 ml.","price":"2,14 €","offer_price":0,"offer_type":null,"stock":false,"super":"alcampo"},{"img":"https://www.alcampo.es/media/hd2/h77/9465104695326.jpg","name":"Aceite de oliva virgen extra biberón CAPICÚA 750 ml.","price":"4,51 €","offer_price":0,"offer_type":null,"stock":false,"super":"alcampo"},{"img":"https://www.alcampo.es/media/h71/h99/9253793202206.jpg","name":"Preparado graso especial cocinas CAPICÚA 5 l","price":"9,24 €","offer_price":0,"offer_type":null,"stock":false,"super":"alcampo"},{"img":"https://www.alcampo.es/media/h52/h8b/9465780240414.jpg","name":"Aceite de oliva virgen extra ROMÁNICO botella de 500 ml","price":"6,88 €","offer_price":0,"offer_type":null,"stock":false,"super":"alcampo"},{"img":"https://www.alcampo.es/media/h9d/h6a/9573314560030.jpg","name":"Vinagre de vino blanco PRODUCTO ECONÓMICO ALCAMPO botella de 1 l.","price":"0,48 €","offer_price":0,"offer_type":null,"stock":false,"super":"alcampo"},{"img":"https://www.alcampo.es/media/h24/h0a/9573467127838.jpg","name":"Vinagre de manzana PRODUCTO ALCAMPO 1l.","price":"0,64 €","offer_price":0,"offer_type":null,"stock":false,"super":"alcampo"},{"img":"https://www.alcampo.es/media/hc4/hed/10784269926430.jpg","name":"Vinagre balsámico de Módena ALCAMPO GOURMET botella de 500 ml.","price":"1,75 €","offer_price":0,"offer_type":null,"stock":false,"super":"alcampo"},{"img":"https://www.alcampo.es/media/h30/hb7/9629419470878.jpg","name":"Vinagre de vino blanco YBARRA 1 l.","price":"0,93 €","offer_price":0,"offer_type":null,"stock":false,"super":"alcampo"},{"img":"https://www.alcampo.es/media/h42/hfe/8952534925342.jpg","name":"Aderezo de limón exprimido 100% SOLIMON 280 ml.","price":"1,05 €","offer_price":0,"offer_type":null,"stock":false,"super":"alcampo"},{"img":"https://www.alcampo.es/media/h4c/hff/10812972892190.jpg","name":"Vinagre de vino blanco CARBONELL PROCER botella de 1 l.","price":"0,98 €","offer_price":0,"offer_type":null,"stock":false,"super":"alcampo"},{"img":"https://www.alcampo.es/media/ha1/hc1/8895373574174.jpg","name":" Vinagre balsámico de módena BORGES 500 ml.","price":"3 €","offer_price":0,"offer_type":null,"stock":false,"super":"alcampo"},{"img":"https://www.alcampo.es/media/h82/h99/9567907905566.jpg","name":"Vinagre de manzana ecológico ALCAMPO ECOLÓGICO 500 ml.","price":"1 €","offer_price":0,"offer_type":null,"stock":false,"super":"alcampo"},{"img":"https://www.alcampo.es/media/h6d/h19/10444693930014.jpg","name":" Vinagre balsámico de módena BORGES botella de 250 ml.","price":"1,75 €","offer_price":0,"offer_type":null,"stock":false,"super":"alcampo"},{"img":"https://www.alcampo.es/media/ha4/h6b/9630109827102.jpg","name":"Vinagre de vino blanco YBARRA 50 cl.","price":"0,85 €","offer_price":0,"offer_type":null,"stock":false,"super":"alcampo"},{"img":"https://www.alcampo.es/media/h28/h92/9567903285278.jpg","name":"Vinagre de vino blanco PRODUCTO ECONÓMICO ALCAMPO 2 l.","price":"1,19 €","offer_price":0,"offer_type":null,"stock":false,"super":"alcampo"},{"img":"https://www.alcampo.es/media/h90/h60/9486219149342.jpg","name":"Limón exprimido 100 % SOLIMÓN 500 ml.","price":"1,50 €","offer_price":0,"offer_type":null,"stock":false,"super":"alcampo"},{"img":"https://www.alcampo.es/media/hcc/he0/9025351221278.jpg","name":"Zumo de limón POLENGHI 200 ml.","price":"0,99 €","offer_price":0,"offer_type":null,"stock":false,"super":"alcampo"},{"img":"https://www.alcampo.es/media/ha6/h09/9399662084126.jpg","name":"Crema al vinagre balsámico de Módena VULPI 250 g.","price":"1,68 €","offer_price":0,"offer_type":null,"stock":false,"super":"alcampo"},{"img":"https://www.alcampo.es/media/h18/ha2/8901909807134.jpg","name":"Crema de vinagre balsámico de módena ALBAREDA 250 g.","price":"2,59 €","offer_price":0,"offer_type":null,"stock":false,"super":"alcampo"},{"img":"https://www.alcampo.es/media/heb/h33/9581162004510.jpg","name":"Vinagre de vino tinto PRODUCTO ECONÓMICO ALCAMPO botella de 1 l.","price":"0,49 €","offer_price":0,"offer_type":null,"stock":false,"super":"alcampo"},{"img":"https://www.alcampo.es/media/h27/h5c/9629525147678.jpg","name":"Vinagre de manzana YBARRA 1 l.","price":"2,03 €","offer_price":0,"offer_type":null,"stock":false,"super":"alcampo"},{"img":"https://www.alcampo.es/media/h33/hc9/10819346202654.jpg","name":"Vinagre balsámico de Módena ecológico ALCAMPO ECOLÓGICO 500 ml.","price":"1,88 €","offer_price":0,"offer_type":null,"stock":false,"super":"alcampo"},{"img":"https://www.alcampo.es/media/hca/h9e/8924815228958.jpg","name":"Vinagre de vino blanco BORGES botella de 1 l.","price":"1,01 €","offer_price":0,"offer_type":null,"stock":false,"super":"alcampo"},{"img":"https://www.alcampo.es/media/hae/he3/9219953491998.jpg","name":"Crema de vinagre balsámico de módena BORGES 250 g.","price":"2,77 €","offer_price":0,"offer_type":null,"stock":false,"super":"alcampo"},{"img":"https://www.alcampo.es/media/h41/h06/9581150142494.jpg","name":"Aderezo de limón PRODUCTO ALCAMPO 500 ml.","price":"0,49 €","offer_price":0,"offer_type":null,"stock":false,"super":"alcampo"},{"img":"https://www.alcampo.es/media/h2a/hf6/10245514788894.jpg","name":"Vinagre de Jerez reserva Denominación de Origen Protegida ALCAMPO GOURMET botella de 500 ml.","price":"2,99 €","offer_price":0,"offer_type":null,"stock":false,"super":"alcampo"},{"img":"https://www.alcampo.es/media/hc2/hda/8898730524702.jpg","name":"Vinagre de manzana RIOJA VINA botella de 750 ml.","price":"0,99 €","offer_price":0,"offer_type":null,"stock":false,"super":"alcampo"},{"img":"https://www.alcampo.es/media/h67/hf4/9358293368862.jpg","name":"Vinagre de vino de Jerez reserva con denominación de origen Jerez YBARRA botella de 500 ml.","price":"3,38 €","offer_price":0,"offer_type":null,"stock":false,"super":"alcampo"},{"img":"https://www.alcampo.es/media/hf2/h79/8924883386398.jpg","name":"Vinagre de vino tinto BORGES botella de 1 l.","price":"1,14 €","offer_price":0,"offer_type":null,"stock":false,"super":"alcampo"},{"img":"https://www.alcampo.es/media/h34/h5b/9763573170206.jpg","name":"Vinagre de manzana PRODUCTO ALCAMPO botella de 500 ml.","price":"1,09 €","offer_price":0,"offer_type":null,"stock":false,"super":"alcampo"},{"img":"https://www.alcampo.es/media/h8e/he4/10610814386206.jpg","name":"Vinagre de arroz BLUE DRAGON 150 ml.","price":"1,87 €","offer_price":0,"offer_type":null,"stock":false,"super":"alcampo"},{"img":"https://www.alcampo.es/media/hbf/h4e/8891527200798.jpg","name":"Vinagre balsámico de módena reserva BORGES botella de 250 ml.","price":"2,79 €","offer_price":0,"offer_type":null,"stock":false,"super":"alcampo"},{"img":"https://www.alcampo.es/media/h68/h7b/9399666606110.jpg","name":"Crema al vinagre balsámico de Módena VULPI 250 g.","price":"1,68 €","offer_price":0,"offer_type":null,"stock":false,"super":"alcampo"},{"img":"https://www.alcampo.es/media/h0a/h3e/8895497994270.jpg","name":"Crema de vinagre balsámico con sabor a frambuesa ALBAREDA 250 ml.","price":"2,29 €","offer_price":0,"offer_type":null,"stock":false,"super":"alcampo"},{"img":"https://www.alcampo.es/media/h4d/he5/9465720012830.jpg","name":"Vinagre de vino de Jerez con denominación de origen Jerez BORGES botella de 250 ml.","price":"1,71 €","offer_price":0,"offer_type":null,"stock":false,"super":"alcampo"},{"img":"https://www.alcampo.es/media/h74/h8d/8869055299614.jpg","name":"Crema de vinagre balsámico al Pedro Ximénez ALBAREDA 250 ml","price":"2,65 €","offer_price":0,"offer_type":null,"stock":false,"super":"alcampo"},{"img":"https://www.alcampo.es/media/hcd/h50/8929738981406.jpg","name":"Vinagre balsámico bianco BORGES botella de 250 ml.","price":"3,31 €","offer_price":0,"offer_type":null,"stock":false,"super":"alcampo"},{"img":"https://www.alcampo.es/media/h95/h46/9294763687966.jpg","name":"Vinagre de vino blanco ecológicoALCAMPO ECOLÓGICO 500 ml.","price":"0,98 €","offer_price":0,"offer_type":null,"stock":false,"super":"alcampo"},{"img":"https://www.alcampo.es/media/h01/h20/8962574647326.gif","name":"Vinagre de vino de Jerez con denominación de origen Jerez BOTA VIEJA botella de 750 ml.","price":"3,35 €","offer_price":0,"offer_type":null,"stock":false,"super":"alcampo"},{"img":"https://www.alcampo.es/media/ha4/h55/8959621955614.jpg","name":"Vinagre balsámico de Módena PONTI 250 ml.","price":"2,06 €","offer_price":0,"offer_type":null,"stock":false,"super":"alcampo"},{"img":"https://www.alcampo.es/media/h38/hce/9644091506718.jpg","name":"Vinagre balsámico PRODUCTO ALCAMPO 250 ml.","price":"2,14 €","offer_price":0,"offer_type":null,"stock":false,"super":"alcampo"},{"img":"https://www.alcampo.es/media/hb3/h7a/9510437748766.jpg","name":"Crema de vinagre balsámico de Módena SIBARI 225 g.","price":"2,29 €","offer_price":0,"offer_type":null,"stock":false,"super":"alcampo"},{"img":"https://www.alcampo.es/media/hc2/h69/10546392760350.jpg","name":"Vinagre de vino de Jerez COOSUR botella de 250 ml.","price":"1,31 €","offer_price":0,"offer_type":null,"stock":false,"super":"alcampo"},{"img":"https://www.alcampo.es/media/hd9/h09/9358290452510.jpg","name":"Vinagre de manzana YBARRA 250 ml.","price":"1,99 €","offer_price":0,"offer_type":null,"stock":false,"super":"alcampo"},{"img":"https://www.alcampo.es/media/h5d/ha3/8952537907230.jpg","name":"Aderezo de limón PRIMA 500 ml.","price":"0,79 €","offer_price":0,"offer_type":null,"stock":false,"super":"alcampo"},{"img":"https://www.alcampo.es/media/hd0/h42/8947103891486.jpg","name":"Vinagre de manzana selección especial COOSUR, botella de 250 ml.","price":"1,75 €","offer_price":0,"offer_type":null,"stock":false,"super":"alcampo"},{"img":"https://www.alcampo.es/media/he7/hde/9358412316702.jpg","name":"Vinagre balsámico de módena YBARRA 250 ml.","price":"2,55 €","offer_price":0,"offer_type":null,"stock":false,"super":"alcampo"},{"img":"https://www.alcampo.es/media/h66/ha8/9220027351070.jpg","name":"Crema de vinagre balsámico con sabor a frambuesa BORGES 250 g.","price":"2,94 €","offer_price":0,"offer_type":null,"stock":false,"super":"alcampo"},{"img":"https://www.alcampo.es/media/h13/hb7/9358289960990.jpg","name":"Vinagre balsámico YBARRA 500 ml.","price":"2,01 €","offer_price":0,"offer_type":null,"stock":false,"super":"alcampo"},{"img":"https://www.alcampo.es/media/h73/h7f/9567909740574.jpg","name":"Vinagre de vino tinto ecológico ALCAMPO ECOLÓGICO 500 ml.","price":"0,98 €","offer_price":0,"offer_type":null,"stock":false,"super":"alcampo"},{"img":"https://www.alcampo.es/media/hb2/ha9/9358399995934.jpg","name":"Vinagre de vino de Jerez reserva con denominación de origen Jerez YBARRA 250 ml.","price":"2,13 €","offer_price":0,"offer_type":null,"stock":false,"super":"alcampo"},{"img":"https://www.alcampo.es/media/he1/hfa/8925917216798.jpg","name":"Vinagre balsámico de módena PRIMA botella de 750 ml.","price":"3,54 €","offer_price":0,"offer_type":null,"stock":false,"super":"alcampo"},{"img":"https://www.alcampo.es/media/h87/hdf/9199722659870.jpg","name":"Vinagre de sidra EVA 750 ml","price":"1,49 €","offer_price":0,"offer_type":null,"stock":false,"super":"alcampo"},{"img":"https://www.alcampo.es/media/hab/hbb/8952697749534.jpg","name":"Vinagre balsámico de módena ROMANICO botella de 500 ml.","price":"3,54 €","offer_price":0,"offer_type":null,"stock":false,"super":"alcampo"},{"img":"https://www.alcampo.es/media/h7c/h5e/8963531538462.gif","name":"Vinagre de vino de Jerez reserva con denominación de origen Jerez ALBAREDA botella de 250 ml.","price":"1,52 €","offer_price":0,"offer_type":null,"stock":false,"super":"alcampo"},{"img":"https://www.alcampo.es/media/h9e/h9e/8959673499678.jpg","name":"Crema de vinagre balsámico de módena SIBARI 225 g.","price":"2,19 €","offer_price":0,"offer_type":null,"stock":false,"super":"alcampo"},{"img":"https://www.alcampo.es/media/h59/h8b/9358404780062.jpg","name":"Vinagre de vino tinto crianza de Cádiz YBARRA 500 ml.","price":"2,09 €","offer_price":0,"offer_type":null,"stock":false,"super":"alcampo"},{"img":"https://www.alcampo.es/media/h27/h46/8899002761246.jpg","name":"Vinagre balsámico de módena ALBAREDA botella de 250 milils","price":"2,03 €","offer_price":0,"offer_type":null,"stock":false,"super":"alcampo"},{"img":"https://www.alcampo.es/media/h28/h0e/8891630092318.jpg","name":"Vinagre de manzana ecológico SANTIVERI BIO 500 ml.","price":"3,06 €","offer_price":0,"offer_type":null,"stock":false,"super":"alcampo"},{"img":"https://www.alcampo.es/media/ha1/had/8901116755998.jpg","name":"Vinagre balsámico de manzana PRIMA botella de 750 ml.","price":"3,49 €","offer_price":0,"offer_type":null,"stock":false,"super":"alcampo"},{"img":"https://www.alcampo.es/media/h8b/h12/9407916802078.jpg","name":"Vinagre de Jerez al Pedro Ximenez PRODUCTO ALCAMPO 250 ml.","price":"2,79 €","offer_price":0,"offer_type":null,"stock":false,"super":"alcampo"},{"img":"https://www.alcampo.es/media/h0c/hca/8952495734814.jpg","name":"Vinagre balsámico de módena VECCHIA AEMILIA botella de 500 ml.","price":"4,65 €","offer_price":0,"offer_type":null,"stock":false,"super":"alcampo"},{"img":"https://www.alcampo.es/media/h2c/hec/9639220150302.jpg","name":"Vinagre balsámico PRODUCTO ECONÓMICO ALCAMPO botella de 750 ml.","price":"1,79 €","offer_price":0,"offer_type":null,"stock":false,"super":"alcampo"},{"img":"https://www.alcampo.es/media/h78/h37/8959944982558.jpg","name":"Vinagreta de manzana PRIMA 250 ml.","price":"2,39 €","offer_price":0,"offer_type":null,"stock":false,"super":"alcampo"},{"img":"https://www.alcampo.es/media/h00/h87/8897620017182.jpg","name":"Aderezo de lima exprimido LIMASOL 125 ml.","price":"0,85 €","offer_price":0,"offer_type":null,"stock":false,"super":"alcampo"},{"img":"https://www.alcampo.es/media/hce/h5b/8963505684510.gif","name":"Vinagre de vino de Jerez reserva con denominación de origen Jerez CEPA VIEJA botella de 500 ml.","price":"3,99 €","offer_price":0,"offer_type":null,"stock":false,"super":"alcampo"},{"img":"https://www.alcampo.es/media/h93/h41/8895747850270.jpg","name":"Vinagre de manzana crianza PRIMA botella de 750 ml.","price":"2,04 €","offer_price":0,"offer_type":null,"stock":false,"super":"alcampo"},{"img":"https://www.alcampo.es/media/h72/h46/8869991743518.jpg","name":"Vinagre de manzana HENGSTENBERG botella de 750 ml.","price":"2,39 €","offer_price":0,"offer_type":null,"stock":false,"super":"alcampo"},{"img":"https://www.alcampo.es/media/hde/h5f/8925921476638.jpg","name":"Vinagre de vino de Jerez PRIMA botella de 250 ml.","price":"2,39 €","offer_price":0,"offer_type":null,"stock":false,"super":"alcampo"},{"img":"https://www.alcampo.es/media/h44/h29/9737260761118.jpg","name":"Vinagre de Jerez VALDEPORRES 250 ml. ","price":"1,92 €","offer_price":0,"offer_type":null,"stock":false,"super":"alcampo"},{"img":"https://www.alcampo.es/media/h52/h70/9220043276318.jpg","name":"Crema de vinagre balsámico con sabor a manzana BORGES 250 g.","price":"2,94 €","offer_price":0,"offer_type":null,"stock":false,"super":"alcampo"},{"img":"https://www.alcampo.es/media/h2e/h88/10812986228766.jpg","name":"Crema de vinagre balsámico de Módena LOUIT 275 ml.","price":"3,05 €","offer_price":0,"offer_type":null,"stock":false,"super":"alcampo"},{"img":"https://www.alcampo.es/media/hf6/h5e/8959672516638.jpg","name":"Crema de vinagre balsámico con sabor a frambuesa SIBARI 225 g.","price":"2,19 €","offer_price":0,"offer_type":null,"stock":false,"super":"alcampo"},{"img":"https://www.alcampo.es/media/had/h01/8901875859486.jpg","name":"Vinagre balsámico de módena PRIMA botella de 250 ml.","price":"2,39 €","offer_price":0,"offer_type":null,"stock":false,"super":"alcampo"},{"img":"https://www.alcampo.es/media/hb6/h29/9291591385118.jpg","name":"Vinagre ecológico PEDRO XIMÉNEZ 1927 250 ml","price":"2,96 €","offer_price":0,"offer_type":null,"stock":false,"super":"alcampo"},{"img":"https://www.alcampo.es/media/hc8/hdc/8925952278558.jpg","name":"Vinagre de vino de Jerez reserva PRIMA botella de 750 ml.","price":"5,28 €","offer_price":0,"offer_type":null,"stock":false,"super":"alcampo"},{"img":"https://www.alcampo.es/media/h49/h38/9162585505822.jpg","name":"Salsa aliño MAGGI 250 g.","price":"6,23 €","offer_price":0,"offer_type":null,"stock":false,"super":"alcampo"},{"img":"https://www.alcampo.es/media/had/he3/8959731466270.jpg","name":"Crema de vinagre balsámico al Pedro Ximénez SIBARI 225 g.","price":"2,19 €","offer_price":0,"offer_type":null,"stock":false,"super":"alcampo"},{"img":"https://www.alcampo.es/media/hd5/h45/8896673677342.jpg","name":"Crema de vinagre balsámico con sabor a naranja ALBAREDA 250 ml.","price":"2,29 €","offer_price":0,"offer_type":null,"stock":false,"super":"alcampo"},{"img":"https://www.alcampo.es/media/ha7/hb0/9294053474334.jpg","name":"Aliño de vinagre balsámico con higos ALCAMPO GOURMET 250 ml.","price":"2,89 €","offer_price":0,"offer_type":null,"stock":false,"super":"alcampo"},{"img":"https://www.alcampo.es/media/hb8/had/9465699696670.jpg","name":"Vinagre de cava BORGES botella de 250 ml.","price":"1,79 €","offer_price":0,"offer_type":null,"stock":false,"super":"alcampo"},{"img":"https://www.alcampo.es/media/h59/h71/8892729983006.jpg","name":"Vinagreta con salsa de soja PRIMA 250 ml.","price":"2,58 €","offer_price":0,"offer_type":null,"stock":false,"super":"alcampo"},{"img":"https://www.alcampo.es/media/hd9/ha4/8959713771550.jpg","name":"Crema de vinagre balsámico con sabor a manzana SIBARI 225 g.","price":"2,43 €","offer_price":0,"offer_type":null,"stock":false,"super":"alcampo"},{"img":"https://www.alcampo.es/media/h41/h32/9358396424222.jpg","name":"Vinagre de crianza YBARRA 500 ml.","price":"1,59 €","offer_price":0,"offer_type":null,"stock":false,"super":"alcampo"},{"img":"https://www.alcampo.es/media/hb2/hf6/9399665852446.jpg","name":"Crema al vinagre balsámico VULPI 250 ml.","price":"1,55 €","offer_price":0,"offer_type":null,"stock":false,"super":"alcampo"},{"img":"https://www.alcampo.es/media/h03/hab/9765835571230.jpg","name":"Vinagre de Jerez reserva Denominación de Origen Protegida EL MAJUELO 500 ml.","price":"2,95 €","offer_price":0,"offer_type":null,"stock":false,"super":"alcampo"},{"img":"https://www.alcampo.es/media/he6/h31/9510431490078.jpg","name":"Crema de vinagre a la frambuesa SIBARI 225 g.","price":"1,99 €","offer_price":0,"offer_type":null,"stock":false,"super":"alcampo"},{"img":"https://www.alcampo.es/media/h5a/h4f/9510426673182.jpg","name":"Reducción de vino al Pedro Ximénez SIBARI 225 gramos.","price":"3,28 €","offer_price":0,"offer_type":null,"stock":false,"super":"alcampo"},{"img":"https://www.alcampo.es/media/h36/h7e/9629615783966.jpg","name":"Vinagre de manzana con la madre ecológico YBARRA 500 ml.","price":"4,13 €","offer_price":0,"offer_type":null,"stock":false,"super":"alcampo"},{"img":"https://www.alcampo.es/media/h7b/h8b/10812968730654.jpg","name":"Crema de vinagre al Pedro Ximénez LOUIT 275 ml.","price":"3,05 €","offer_price":0,"offer_type":null,"stock":false,"super":"alcampo"},{"img":"https://www.alcampo.es/media/h5d/h2f/8959694471198.jpg","name":"Crema de vinagre balsámico con sabor a chocolate SIBARI 225 g.","price":"2,43 €","offer_price":0,"offer_type":null,"stock":false,"super":"alcampo"},{"img":"https://www.alcampo.es/media/h22/hb9/8874564386846.jpg","name":"Crema de vinagre balsámico de vino blanco SIBARI 225 g.","price":"3,05 €","offer_price":0,"offer_type":null,"stock":false,"super":"alcampo"},{"img":"https://www.alcampo.es/media/he7/h4e/9510439288862.jpg","name":"Crema de vinagre al Pedro Ximénez SIBARI 225 g.","price":"2,58 €","offer_price":0,"offer_type":null,"stock":false,"super":"alcampo"},{"img":"https://www.alcampo.es/media/h36/h9a/9510413795358.jpg","name":"Crema de vinagre a la manzana SIBARI 225 g.","price":"1,99 €","offer_price":0,"offer_type":null,"stock":false,"super":"alcampo"}]