[{"img":"https://www.alcampo.es/media/ha6/hcc/8952425644062.jpg","name":"Arroz redondo SOS paquete 1 kg.","price":"1,52 €","offer_price":0,"offer_type":null,"stock":false,"super":"alcampo"},{"img":"https://www.alcampo.es/media/hd3/hef/9687402348574.jpg","name":"Arroz largo PRODUCTO ALCAMPO paquete de 1 kg.","price":"0,73 €","offer_price":0,"offer_type":null,"stock":false,"super":"alcampo"},{"img":"https://www.alcampo.es/media/h1f/h9a/9720224383006.jpg","name":"Arroz redondo extra PRODUCTO ALCAMPO paquete de 1 kg.","price":"0,76 €","offer_price":0,"offer_type":null,"stock":false,"super":"alcampo"},{"img":"https://www.alcampo.es/media/h05/ha8/8929793900574.jpg","name":"Arroz basmati BRILLANTE paquete de 2 uds x 125 g.","price":"1,15 €","offer_price":0,"offer_type":null,"stock":false,"super":"alcampo"},{"img":"https://www.alcampo.es/media/hdd/h66/8929785708574.jpg","name":"Arroz integral BRILLANTE paquete de 2 uds x 125 g.","price":"1,10 €","offer_price":0,"offer_type":null,"stock":false,"super":"alcampo"},{"img":"https://www.alcampo.es/media/h21/hea/8960211877918.jpg","name":"Arroz redondo BRILLANTE paquete de 2 uds x 200 g.","price":"1,64 €","offer_price":0,"offer_type":null,"stock":false,"super":"alcampo"},{"img":"https://www.alcampo.es/media/ha2/he5/9206310535198.jpg","name":"Arroz redondo LA FALLERA paquete de 1 kilogramo","price":"1,34 €","offer_price":0,"offer_type":null,"stock":false,"super":"alcampo"},{"img":"https://www.alcampo.es/media/h68/hb3/8929729478686.jpg","name":"Arroz largo vaporizado BRILLANTE paquete de 1 kg.","price":"1,59 €","offer_price":0,"offer_type":null,"stock":false,"super":"alcampo"},{"img":"https://www.alcampo.es/media/he1/h75/9687508647966.jpg","name":"Arroz largo vaporizado PRODUCTO ALCAMPO paquete de 1 kg.","price":"0,92 €","offer_price":0,"offer_type":null,"stock":false,"super":"alcampo"},{"img":"https://www.alcampo.es/media/h55/h59/9295998025758.jpg","name":"Arroz basmati PRODUCTO ALCAMPO paquete de 1 kg.","price":"1,78 €","offer_price":0,"offer_type":null,"stock":false,"super":"alcampo"},{"img":"https://www.alcampo.es/media/h4c/h0e/9573407784990.jpg","name":"Arroz redondo vasito microondas PRODUCTO ALCAMPO 2 x125 g.","price":"0,98 €","offer_price":0,"offer_type":null,"stock":false,"super":"alcampo"},{"img":"https://www.alcampo.es/media/h24/h83/8929752416286.jpg","name":"Arroz redondo especial para paelLA FALLERA 1 kg.","price":"1,77 €","offer_price":0,"offer_type":null,"stock":false,"super":"alcampo"},{"img":"https://www.alcampo.es/media/h79/hb4/9687495802910.jpg","name":"Arroz bomba PRODUCTO ALCAMPO paquete de 1 kg.","price":"2,49 €","offer_price":0,"offer_type":null,"stock":false,"super":"alcampo"},{"img":"https://www.alcampo.es/media/hd2/h54/9465785614366.jpg","name":"Arroz integral tradicional SOS paquete de 1 kilogramo","price":"1,59 €","offer_price":0,"offer_type":null,"stock":false,"super":"alcampo"},{"img":"https://www.alcampo.es/media/h89/hd1/9687513366558.jpg","name":"Arroz integral PRODUCTO ALCAMPO 1 kg.","price":"1,39 €","offer_price":0,"offer_type":null,"stock":false,"super":"alcampo"},{"img":"https://www.alcampo.es/media/h6a/h82/8952459034654.jpg","name":"Arroz basmati original SUNDARI paquete de 1 kilogramo","price":"2,53 €","offer_price":0,"offer_type":null,"stock":false,"super":"alcampo"},{"img":"https://www.alcampo.es/media/h6c/ha4/9465723584542.jpg","name":"Arroz largo LA CIGALA 1 kg.","price":"1,20 €","offer_price":0,"offer_type":null,"stock":false,"super":"alcampo"},{"img":"https://www.alcampo.es/media/h14/h09/8880351674398.jpg","name":"Arroz largo BRILLANTE paquete 2 uds x 200 g.","price":"1,64 €","offer_price":0,"offer_type":null,"stock":false,"super":"alcampo"},{"img":"https://www.alcampo.es/media/hdc/h38/9584866951198.jpg","name":"Arroz basmati vasito para microondas PRODUCTO ALCAMPO Pack 2 x125 g.","price":"1,04 €","offer_price":0,"offer_type":null,"stock":false,"super":"alcampo"},{"img":"https://www.alcampo.es/media/h4f/h0c/8959057100830.jpg","name":"Arroz Redondo SOS 500 g.","price":"1,01 €","offer_price":0,"offer_type":null,"stock":false,"super":"alcampo"},{"img":"https://www.alcampo.es/media/h90/h84/9584880713758.jpg","name":"Arroz integral vasito microondas PRODUCTO ALCAMPO Pack 2 x 125 g.","price":"0,99 €","offer_price":0,"offer_type":null,"stock":false,"super":"alcampo"},{"img":"https://www.alcampo.es/media/hda/hf9/9133875757086.jpg","name":"Arroz redondo BRAZAL paquete de 1 kilogramo","price":"1,74 €","offer_price":0,"offer_type":null,"stock":false,"super":"alcampo"},{"img":"https://www.alcampo.es/media/h33/hf5/10234185515038.jpg","name":"Arroz redondo PRODUCTO ALCAMPO 500 g.","price":"0,49 €","offer_price":0,"offer_type":null,"stock":false,"super":"alcampo"},{"img":"https://www.alcampo.es/media/h26/hc2/8898927919134.jpg","name":"Arroz integral con quinoa BRILLANTE paquete de 2 uds x 125 g.","price":"1,24 €","offer_price":0,"offer_type":null,"stock":false,"super":"alcampo"},{"img":"https://www.alcampo.es/media/hce/h38/8929747173406.jpg","name":"Arroz redondo BRILLANTE paquete de 1 kilogramo","price":"1,76 €","offer_price":0,"offer_type":null,"stock":false,"super":"alcampo"},{"img":"https://www.alcampo.es/media/h2a/h5e/9254515245086.jpg","name":"Arroz redondo NOMEN 950 gr+ 50 gr","price":"1,75 €","offer_price":0,"offer_type":null,"stock":false,"super":"alcampo"},{"img":"https://www.alcampo.es/media/hf0/h33/9153892286494.jpg","name":"Arroz salvaje con arroz basmati BRILANTE Vasito 250gr.","price":"1,64 €","offer_price":0,"offer_type":null,"stock":false,"super":"alcampo"},{"img":"https://www.alcampo.es/media/h47/h46/8898026799134.jpg","name":"Arroz especial caldosos y melosos SOS 500 g.","price":"1,09 €","offer_price":0,"offer_type":null,"stock":false,"super":"alcampo"},{"img":"https://www.alcampo.es/media/h11/h3c/9206318268446.jpg","name":"Arroz bomba extra LA FALLERA, 500 g.","price":"1,80 €","offer_price":0,"offer_type":null,"stock":false,"super":"alcampo"},{"img":"https://www.alcampo.es/media/h87/h4c/8901579636766.jpg","name":"Quinoa SOS paquete de 125 g.","price":"1,54 €","offer_price":0,"offer_type":null,"stock":false,"super":"alcampo"},{"img":"https://www.alcampo.es/media/h30/h83/10911478317086.jpg","name":"Arroz basmati NOMEN paquete de 1 kg.","price":"2,79 €","offer_price":0,"offer_type":null,"stock":false,"super":"alcampo"},{"img":"https://www.alcampo.es/media/h54/h3a/9206322724894.jpg","name":"Arroz redondo LA FALLERA paquete de 2 kilogramos","price":"2,53 €","offer_price":0,"offer_type":null,"stock":false,"super":"alcampo"},{"img":"https://www.alcampo.es/media/h5d/ha5/9567905021982.jpg","name":"Risotto con champiñones PRODUCTO ALCAMPO 175 g.","price":"1,19 €","offer_price":0,"offer_type":null,"stock":false,"super":"alcampo"},{"img":"https://www.alcampo.es/media/h0c/hcd/9518626078750.jpg","name":"Arroz bomba reserva con 12 meses de maduración SOS paquete de 1 kilogramo","price":"3,74 €","offer_price":0,"offer_type":null,"stock":false,"super":"alcampo"},{"img":"https://www.alcampo.es/media/h40/h76/8952418271262.jpg","name":"Arroz largo NOMEN paquete de 1 kg.","price":"1,25 €","offer_price":0,"offer_type":null,"stock":false,"super":"alcampo"},{"img":"https://www.alcampo.es/media/hd4/hcb/10234050936862.jpg","name":"Arroz largo PRODUCTO ALCAMPO 500 g.","price":"0,49 €","offer_price":0,"offer_type":null,"stock":false,"super":"alcampo"},{"img":"https://www.alcampo.es/media/h7d/h66/8887373660190.jpg","name":"Arroz basmati PRODUCTO ALCAMPO paquete de 500 g.","price":"1,09 €","offer_price":0,"offer_type":null,"stock":false,"super":"alcampo"},{"img":"https://www.alcampo.es/media/hae/h08/9310977720350.jpg","name":"Quinua real en grano de agricultura ecológica QUINUA REAL 500 g.","price":"3,95 €","offer_price":0,"offer_type":null,"stock":false,"super":"alcampo"},{"img":"https://www.alcampo.es/media/he4/hcc/9311084249118.jpg","name":"Arroz redondo LA CIGALA 1 kg.","price":"1,20 €","offer_price":0,"offer_type":null,"stock":false,"super":"alcampo"},{"img":"https://www.alcampo.es/media/h59/h9a/8959633588254.jpg","name":"Risotto a la parmesana con queso Parmigiano Reggiano GALLINA BLANCA sobre de 175 g.","price":"1,79 €","offer_price":0,"offer_type":null,"stock":false,"super":"alcampo"},{"img":"https://www.alcampo.es/media/hd1/h1d/8929762246686.jpg","name":"Arroz redondo LUENGO paquete de 1 kilogramo","price":"1,26 €","offer_price":0,"offer_type":null,"stock":false,"super":"alcampo"},{"img":"https://www.alcampo.es/media/h75/hc2/9312002211870.jpg","name":"Arroz redondo envasado al vacío LA CIGALA 1 kg.","price":"1,40 €","offer_price":0,"offer_type":null,"stock":false,"super":"alcampo"},{"img":"https://www.alcampo.es/media/h5f/hd5/9198919942174.jpg","name":"Pollo al ajillo con patatas CARRETILLA 250 g","price":"2,67 €","offer_price":0,"offer_type":null,"stock":false,"super":"alcampo"},{"img":"https://www.alcampo.es/media/h4f/hc6/9749966127134.jpg","name":"Arroz largo especial ensaladas y guarniciones LA FALLERA paquete de 1 kg.","price":"1,23 €","offer_price":0,"offer_type":null,"stock":false,"super":"alcampo"},{"img":"https://www.alcampo.es/media/hb8/h55/9765834948638.jpg","name":"Arroz integral en atmósfera modificada NOMEN 1 kg.","price":"1,52 €","offer_price":0,"offer_type":null,"stock":false,"super":"alcampo"},{"img":"https://www.alcampo.es/media/h14/h9f/10728307327006.jpg","name":"Arroz tres delicias, listo para calentar y comer TA-TUNG 350 g.","price":"1,87 €","offer_price":0,"offer_type":null,"stock":false,"super":"alcampo"},{"img":"https://www.alcampo.es/media/h9a/h94/8922804158494.jpg","name":"Arroz redondo blanco ecológico MARGABIO 1 kg.","price":"2,49 €","offer_price":0,"offer_type":null,"stock":false,"super":"alcampo"},{"img":"https://www.alcampo.es/media/h6a/h80/9153911652382.jpg","name":"Arroz basmati Brajma al curry BRILLANTE 2 unidades de 125 gramos. ","price":"1,74 €","offer_price":0,"offer_type":null,"stock":false,"super":"alcampo"},{"img":"https://www.alcampo.es/media/h74/hc3/8897870299166.jpg","name":"Arroz integral ecológico MARGABIO 1 kg.","price":"2,19 €","offer_price":0,"offer_type":null,"stock":false,"super":"alcampo"},{"img":"https://www.alcampo.es/media/h92/haa/8929816510494.jpg","name":"Arroz basmati LA CIGALA paquete de 500 g.","price":"1,93 €","offer_price":0,"offer_type":null,"stock":false,"super":"alcampo"},{"img":"https://www.alcampo.es/media/hf7/h49/8875044831262.jpg","name":"Arroz redondo CALASPARRA 1 kg.","price":"2,87 €","offer_price":0,"offer_type":null,"stock":false,"super":"alcampo"},{"img":"https://www.alcampo.es/media/hdf/h8e/8899672342558.jpg","name":"Risotto elaborado con sectas selectas GALLINA BLANCA sobre de 175 g.","price":"1,79 €","offer_price":0,"offer_type":null,"stock":false,"super":"alcampo"},{"img":"https://www.alcampo.es/media/haa/h78/9005877493790.jpg","name":"Cous cous BRILLANTE 250 gr.","price":"1,41 €","offer_price":0,"offer_type":null,"stock":false,"super":"alcampo"},{"img":"https://www.alcampo.es/media/h4c/heb/8967839449118.jpg","name":"Arroz redondo, vasitos NOMEN 2 x 125 g.","price":"1,27 €","offer_price":0,"offer_type":null,"stock":false,"super":"alcampo"},{"img":"https://www.alcampo.es/media/hd0/h6d/9258390355998.jpg","name":"Arroz integral con chi BRILLANTE 2 x 125 ge","price":"1,40 €","offer_price":0,"offer_type":null,"stock":false,"super":"alcampo"},{"img":"https://www.alcampo.es/media/hd9/h8b/8886077554718.jpg","name":"Arroz thai PRODUCTO ALCAMPO paquete de 1 kg.","price":"1,89 €","offer_price":0,"offer_type":null,"stock":false,"super":"alcampo"},{"img":"https://www.alcampo.es/media/h22/ha4/9226301669406.jpg","name":"Chia LEGUMBRES GUILLERMO 500 g.","price":"2,65 €","offer_price":0,"offer_type":null,"stock":false,"super":"alcampo"},{"img":"https://www.alcampo.es/media/h83/he5/8894882250782.jpg","name":"Arroz especial ensaladas y guarniciones SOS 500 g.","price":"1,12 €","offer_price":0,"offer_type":null,"stock":false,"super":"alcampo"},{"img":"https://www.alcampo.es/media/hf1/ha2/9019620950046.jpg","name":"Arroz con pollo al curry CARRETILLA 300 g.","price":"2,26 €","offer_price":0,"offer_type":null,"stock":false,"super":"alcampo"},{"img":"https://www.alcampo.es/media/hc4/h31/9153854341150.jpg","name":"Arroz con legumbres, quinoa y verdura Benefit BRILLANTE 250 g.","price":"1,24 €","offer_price":0,"offer_type":null,"stock":false,"super":"alcampo"},{"img":"https://www.alcampo.es/media/h6a/h14/10801911627806.jpg","name":"Arroz tres delicias CARRETILLA 250 g","price":"2,07 €","offer_price":0,"offer_type":null,"stock":false,"super":"alcampo"},{"img":"https://www.alcampo.es/media/h81/hc2/8967878180894.jpg","name":"Arroz basmati, vasitos NOMEN 2 x 125 g.","price":"1,27 €","offer_price":0,"offer_type":null,"stock":false,"super":"alcampo"},{"img":"https://www.alcampo.es/media/h79/h90/9246393270302.jpg","name":"Arroz especial paellas SOS 1 kg","price":"2,69 €","offer_price":0,"offer_type":null,"stock":false,"super":"alcampo"},{"img":"https://www.alcampo.es/media/h17/h3f/9005889912862.jpg","name":"Quinoa integral y roja Vidasania SOS 200 gr","price":"1,53 €","offer_price":0,"offer_type":null,"stock":false,"super":"alcampo"},{"img":"https://www.alcampo.es/media/hc3/h09/8945773117470.jpg","name":"Arroz redondo CALASPARRA 1 kg.","price":"2,77 €","offer_price":0,"offer_type":null,"stock":false,"super":"alcampo"},{"img":"https://www.alcampo.es/media/h81/h50/9738396368926.jpg","name":"Arroz redondo extra LEGUMBRES GUILLERMO 1 kg.","price":"1,03 €","offer_price":0,"offer_type":null,"stock":false,"super":"alcampo"},{"img":"https://www.alcampo.es/media/h63/hc7/9316112072734.jpg","name":"Arroz a banda, listo para calentar y comer PRODUCTO ALCAMPO 320 g.","price":"1,98 €","offer_price":0,"offer_type":null,"stock":false,"super":"alcampo"},{"img":"https://www.alcampo.es/media/h64/h20/9316115677214.jpg","name":"Paella marinera, lista para calentar y comer PRODUCTO ALCAMPO 320 g.","price":"1,91 €","offer_price":0,"offer_type":null,"stock":false,"super":"alcampo"},{"img":"https://www.alcampo.es/media/h4c/ha0/9005859569694.jpg","name":"Chia SOS Vidasania 200 gr.","price":"1,53 €","offer_price":0,"offer_type":null,"stock":false,"super":"alcampo"},{"img":"https://www.alcampo.es/media/h64/he4/9659384692766.jpg","name":"Paella mixta sin gluten, calentar y listo ROYAL CHEF 350 g.","price":"3,47 €","offer_price":0,"offer_type":null,"stock":false,"super":"alcampo"},{"img":"https://www.alcampo.es/media/hac/hca/8900018503710.jpg","name":"Arroz especial ideal para hacer risotto RISO GALLO paquete de 500 g.","price":"1,72 €","offer_price":0,"offer_type":null,"stock":false,"super":"alcampo"},{"img":"https://www.alcampo.es/media/hfd/h35/10276735680542.jpg","name":"Risotto a la parmesana PRODUCTO ALCAMPO 175 g.","price":"1,19 €","offer_price":0,"offer_type":null,"stock":false,"super":"alcampo"},{"img":"https://www.alcampo.es/media/he2/h24/9019606859806.jpg","name":"Arroz negro con calamares CARRETILLA 300 g.","price":"2,14 €","offer_price":0,"offer_type":null,"stock":false,"super":"alcampo"},{"img":"https://www.alcampo.es/media/h60/h72/9535150063646.jpg","name":"Arroz semilargo ALCAMPO ECOLÓGICO 500 g.","price":"1,35 €","offer_price":0,"offer_type":null,"stock":false,"super":"alcampo"},{"img":"https://www.alcampo.es/media/h85/hc6/8959342477342.jpg","name":"Arroz sushi, SUNDARI, 500 g.","price":"1,83 €","offer_price":0,"offer_type":null,"stock":false,"super":"alcampo"},{"img":"https://www.alcampo.es/media/h0d/h32/9227878858782.jpg","name":"Arroz integral BRILLANTE 750 gr","price":"1,64 €","offer_price":0,"offer_type":null,"stock":false,"super":"alcampo"},{"img":"https://www.alcampo.es/media/h50/h47/9465726926878.jpg","name":"Arroz integral con quinoa y 4 cereales SOS paquete de 500 g.","price":"1,55 €","offer_price":0,"offer_type":null,"stock":false,"super":"alcampo"},{"img":"https://www.alcampo.es/media/h97/h03/9019029979166.jpg","name":"Arroz redondo al estilo tradicional CARRETILLA paquete de 2 uds x 125 g.","price":"1,74 €","offer_price":0,"offer_type":null,"stock":false,"super":"alcampo"},{"img":"https://www.alcampo.es/media/h41/heb/9206267838494.jpg","name":"Arroz largo vaporizado LA FALLERA paquete de 1 kg.","price":"1,65 €","offer_price":0,"offer_type":null,"stock":false,"super":"alcampo"},{"img":"https://www.alcampo.es/media/h5c/h57/8879450226718.jpg","name":"Arroz especial para postres SOS 500 g.","price":"1,14 €","offer_price":0,"offer_type":null,"stock":false,"super":"alcampo"},{"img":"https://www.alcampo.es/media/h32/hf5/10245474123806.jpg","name":"Paella de verduras y pollo PRODUCTO ALCAMPO 250 g.","price":"1,84 €","offer_price":0,"offer_type":null,"stock":false,"super":"alcampo"},{"img":"https://www.alcampo.es/media/hf1/hf0/10802611421214.jpg","name":"Arroz a banda con gambas CARRETILLA 250 g.","price":"2,11 €","offer_price":0,"offer_type":null,"stock":false,"super":"alcampo"},{"img":"https://www.alcampo.es/media/h3f/h5a/9567908855838.jpg","name":"Rissotto con espárragos PRODUCTO ALCAMPO sobre de 175 g.","price":"1,19 €","offer_price":0,"offer_type":null,"stock":false,"super":"alcampo"},{"img":"https://www.alcampo.es/media/h45/h54/8889537396766.jpg","name":"Arroz carnaroli CURTIRISO paquete de 1 kilogramo","price":"2,25 €","offer_price":0,"offer_type":null,"stock":false,"super":"alcampo"},{"img":"https://www.alcampo.es/media/h07/h9b/9133990117406.jpg","name":"Arroz sushi NOMEN 500 gr","price":"2,25 €","offer_price":0,"offer_type":null,"stock":false,"super":"alcampo"},{"img":"https://www.alcampo.es/media/h7b/h2d/9535334875166.jpg","name":"Risotto Hongos Deshidratados TREVIJANO Bandeja de 280 Gramos","price":"2,34 €","offer_price":0,"offer_type":null,"stock":false,"super":"alcampo"},{"img":"https://www.alcampo.es/media/hbe/h35/10418272731166.jpg","name":"Arroz de montaña (arroz con butifarra y setas), listo para calentar y comer CASA MAS 280 g.","price":"4,13 €","offer_price":0,"offer_type":null,"stock":false,"super":"alcampo"},{"img":"https://www.alcampo.es/media/hfe/h48/10435605987358.jpg","name":"Paella Valenciana CARRETILLA 300 g.","price":"2,91 €","offer_price":0,"offer_type":null,"stock":false,"super":"alcampo"},{"img":"https://www.alcampo.es/media/he9/h77/9654759358494.jpg","name":"Arroz especial Risotto SOS 500 g.","price":"1,24 €","offer_price":0,"offer_type":null,"stock":false,"super":"alcampo"},{"img":"https://www.alcampo.es/media/heb/hf2/9737187852318.jpg","name":"Arroz blanco ecológico ECOCELERA 500 g.","price":"1,68 €","offer_price":0,"offer_type":null,"stock":false,"super":"alcampo"},{"img":"https://www.alcampo.es/media/ha4/ha1/9407921913886.jpg","name":"Arroz Denominación de Origen Protegida Calasparra PRODUCTO ALCAMPO 1 kg.","price":"2,84 €","offer_price":0,"offer_type":null,"stock":false,"super":"alcampo"},{"img":"https://www.alcampo.es/media/h12/he7/9762349285406.jpg","name":"Arroz especial para ensaladas 3 selecciones PRODUCTO ALCAMPO 500 g.","price":"1,39 €","offer_price":0,"offer_type":null,"stock":false,"super":"alcampo"},{"img":"https://www.alcampo.es/media/h1c/h2b/8967825883166.jpg","name":"Arroz integral, vasitos NOMEN 2 x 125 g.","price":"1,69 €","offer_price":0,"offer_type":null,"stock":false,"super":"alcampo"},{"img":"https://www.alcampo.es/media/hf1/h13/8884851441694.jpg","name":"Arroz thai PRODUCTO ALCAMPO paquete de 500 g.","price":"0,99 €","offer_price":0,"offer_type":null,"stock":false,"super":"alcampo"},{"img":"https://www.alcampo.es/media/hdc/h49/8959939510302.jpg","name":"Paella de marisco SALTO FINDUS bolsa de 700 gr","price":"5,08 €","offer_price":0,"offer_type":null,"stock":false,"super":"alcampo"},{"img":"https://www.alcampo.es/media/h8f/heb/9465057148958.jpg","name":"Arroz largo integral UNCLE BEN'S paquete de 500 g.","price":"1,95 €","offer_price":0,"offer_type":null,"stock":false,"super":"alcampo"},{"img":"https://www.alcampo.es/media/h39/h79/8898081718302.jpg","name":"Arroz arborio CURTIRISO paquete de 1 kilogramo","price":"2,29 €","offer_price":0,"offer_type":null,"stock":false,"super":"alcampo"},{"img":"https://www.alcampo.es/media/hef/h14/8922519666718.jpg","name":"Arroz tres delicias MANFONG 300 gr","price":"1,65 €","offer_price":0,"offer_type":null,"stock":false,"super":"alcampo"},{"img":"https://www.alcampo.es/media/h5a/h5f/9316108107806.jpg","name":"Arroz negro, listo para calentar y comer PRODUCTO ALCAMPO 320 g.","price":"1,94 €","offer_price":0,"offer_type":null,"stock":false,"super":"alcampo"},{"img":"https://www.alcampo.es/media/hc2/hd5/8897312849950.jpg","name":"Arroz integral vaporizado SIGNO paquete de 1 kilogramo","price":"1,75 €","offer_price":0,"offer_type":null,"stock":false,"super":"alcampo"},{"img":"https://www.alcampo.es/media/hdb/hda/9019056521246.jpg","name":"Arroz basmati CARRETILLA paquete de 2 uds x 125 g.","price":"1,86 €","offer_price":0,"offer_type":null,"stock":false,"super":"alcampo"},{"img":"https://www.alcampo.es/media/h29/hf7/9311372607518.jpg","name":"Arroz bomba SIGNO paquete de 1 kilogramo","price":"2,99 €","offer_price":0,"offer_type":null,"stock":false,"super":"alcampo"},{"img":"https://www.alcampo.es/media/h1d/h71/9176830541854.jpg","name":"Arroz thai aromático NOMEN paquete de 1 kilogramo","price":"2,99 €","offer_price":0,"offer_type":null,"stock":false,"super":"alcampo"},{"img":"https://www.alcampo.es/media/hcf/he8/9535350341662.gif","name":"Rissotto Mediterráneo Deshidratados TREVIJANO Bandeja de 280 Gramos","price":"2,34 €","offer_price":0,"offer_type":null,"stock":false,"super":"alcampo"},{"img":"https://www.alcampo.es/media/h0d/h00/9089124171806.jpg","name":"Arroz negro para 3 o 4 raciones NOMEN 600 gr.<br>","price":"3,99 €","offer_price":0,"offer_type":null,"stock":false,"super":"alcampo"},{"img":"https://www.alcampo.es/media/hf2/h26/10459841101854.jpg","name":"Arroz vaporizado integral PRODUCTO ALCAMPO 1 kg.","price":"1,39 €","offer_price":0,"offer_type":null,"stock":false,"super":"alcampo"},{"img":"https://www.alcampo.es/media/hf7/h5e/10494927601694.jpg","name":"Arroz basmati integral SUNDARI 1 kg.","price":"3,24 €","offer_price":0,"offer_type":null,"stock":false,"super":"alcampo"},{"img":"https://www.alcampo.es/media/h01/h41/9676342460446.jpg","name":"Arroz con quinoa y lentejas coral BRILLANTE FACILÍSSIMO 250 g.","price":"1,09 €","offer_price":0,"offer_type":null,"stock":false,"super":"alcampo"},{"img":"https://www.alcampo.es/media/he8/hbb/9254567772190.jpg","name":"Arroz bomba, ideal caldosos NOMEN 1 kg","price":"4,06 €","offer_price":0,"offer_type":null,"stock":false,"super":"alcampo"},{"img":"https://www.alcampo.es/media/h35/h0b/9465776668702.jpg","name":"Arroz salvaje NOMEN paquete de 250 g.","price":"3,04 €","offer_price":0,"offer_type":null,"stock":false,"super":"alcampo"},{"img":"https://www.alcampo.es/media/h31/hb6/8897251311646.jpg","name":"Arroz redondo extra NOMEN 2 kilogramos","price":"2,77 €","offer_price":0,"offer_type":null,"stock":false,"super":"alcampo"},{"img":"https://www.alcampo.es/media/h72/h24/8952506548254.jpg","name":"Arroz arborio NOMEN paquete de 1 kilogramo","price":"3,44 €","offer_price":0,"offer_type":null,"stock":false,"super":"alcampo"},{"img":"https://www.alcampo.es/media/hf0/h46/8952438718494.jpg","name":"Trigo tierno NOMEN paquete de 500 g.","price":"1,92 €","offer_price":0,"offer_type":null,"stock":false,"super":"alcampo"},{"img":"https://www.alcampo.es/media/h5a/hbc/9465748619294.jpg","name":"Arroz rojo ecológico ECOCESTA 500 g.","price":"3,48 €","offer_price":0,"offer_type":null,"stock":false,"super":"alcampo"},{"img":"https://www.alcampo.es/media/he6/h1b/8896968130590.jpg","name":"Arroz negro venere RISO GALLO paquete de 500 g.","price":"3,25 €","offer_price":0,"offer_type":null,"stock":false,"super":"alcampo"},{"img":"https://www.alcampo.es/media/h8e/h01/8952409915422.jpg","name":"Arroz rápido NOMEN (4 bolsitas x 62,5grs) 250 g.","price":"1,25 €","offer_price":0,"offer_type":null,"stock":false,"super":"alcampo"},{"img":"https://www.alcampo.es/media/h9e/h54/9167154806814.jpg","name":"Quinoa roja (semillas) LEGUMBRES GUILLERMO 500 g.","price":"4,21 €","offer_price":0,"offer_type":null,"stock":false,"super":"alcampo"},{"img":"https://www.alcampo.es/media/haf/hfc/9654766993438.jpg","name":"Arroz integral con bulgur BRILLANTE FACILÍSSIMO 250 g.","price":"1,08 €","offer_price":0,"offer_type":null,"stock":false,"super":"alcampo"},{"img":"https://www.alcampo.es/media/h3c/ha5/10728313520158.jpg","name":"Arroz negro sin gluten, listo para calentar y comer ROYAL CHEF 350 g.","price":"3,47 €","offer_price":0,"offer_type":null,"stock":false,"super":"alcampo"},{"img":"https://www.alcampo.es/media/h1a/hd6/8945755881502.jpg","name":"Arroz Grano Largo Vaporizado Ecológico MARGABIO 1 kg.","price":"2,65 €","offer_price":0,"offer_type":null,"stock":false,"super":"alcampo"},{"img":"https://www.alcampo.es/media/hc7/h0c/10728309686302.jpg","name":"Paella mixta sin gluten, lista para calentar y comer ROYAL CHEF 1 kg.","price":"5,95 €","offer_price":0,"offer_type":null,"stock":false,"super":"alcampo"},{"img":"https://www.alcampo.es/media/hdf/h9e/9718472474654.jpg","name":"Risotto de setas elaborado en España, listo para calentar y comer ROYAL CHEF 280 g.","price":"2,19 €","offer_price":0,"offer_type":null,"stock":false,"super":"alcampo"},{"img":"https://www.alcampo.es/media/hac/h70/9659291205662.jpg","name":"Arroz negro sin gluten, calentar y listo ROYAL CHEF 1 kg.","price":"5,95 €","offer_price":0,"offer_type":null,"stock":false,"super":"alcampo"},{"img":"https://www.alcampo.es/media/h1d/hfe/9031384989726.jpg","name":"Arroz integral CARRETILLA paquete de2 uds x 125 g.","price":"1,81 €","offer_price":0,"offer_type":null,"stock":false,"super":"alcampo"},{"img":"https://www.alcampo.es/media/h92/h77/8958665195550.jpg","name":"Arroz super sabroso riso, GALLO, 1 kilogramo.","price":"2,05 €","offer_price":0,"offer_type":null,"stock":false,"super":"alcampo"},{"img":"https://www.alcampo.es/media/h1f/he2/10407819968542.jpg","name":"Arroz vaporizado NOMEN ARROZISIMO 1 kg","price":"1,75 €","offer_price":0,"offer_type":null,"stock":false,"super":"alcampo"},{"img":"https://www.alcampo.es/media/h5b/h7c/9584321265694.jpg","name":"Arroz Marismas de Doñana LEGUMBRES GUILLERMO 1 kg.","price":"1,87 €","offer_price":0,"offer_type":null,"stock":false,"super":"alcampo"},{"img":"https://www.alcampo.es/media/h1c/hc0/9221489360926.jpg","name":"Amaranto LEGUMBRES GUILLERMO 500 g.","price":"3,22 €","offer_price":0,"offer_type":null,"stock":false,"super":"alcampo"},{"img":"https://www.alcampo.es/media/hd5/h9e/8947039174686.jpg","name":"Quinoa blanca y roja BRILLANTE, pack de 2 uds x 125 g.","price":"1,35 €","offer_price":0,"offer_type":null,"stock":false,"super":"alcampo"},{"img":"https://www.alcampo.es/media/h92/hcb/8952416305182.jpg","name":"Couscous GALLO paquete de 500 gr.","price":"1,29 €","offer_price":0,"offer_type":null,"stock":false,"super":"alcampo"},{"img":"https://www.alcampo.es/media/h13/hec/9367315578910.jpg","name":"Couscous PRODUCTO ALCAMPO paquete de 1 kilogramo","price":"1,54 €","offer_price":0,"offer_type":null,"stock":false,"super":"alcampo"},{"img":"https://www.alcampo.es/media/hfd/hfc/9217640857630.jpg","name":"Sémola GALLO 250 g","price":"0,55 €","offer_price":0,"offer_type":null,"stock":false,"super":"alcampo"},{"img":"https://www.alcampo.es/media/h8e/hd7/10703027601438.jpg","name":"Quinoa blanca seca PRODUCTO ALCAMPO 400 g.","price":"2,22 €","offer_price":0,"offer_type":null,"stock":false,"super":"alcampo"},{"img":"https://www.alcampo.es/media/h18/hdf/8896772767774.jpg","name":"Cous-cous ecológico integral BIOGORET 500 g.","price":"2,25 €","offer_price":0,"offer_type":null,"stock":false,"super":"alcampo"},{"img":"https://www.alcampo.es/media/hfe/h67/10569149022238.jpg","name":"Quinoa blanca y cocida PRODUCTO ALCAMPO 240 g.","price":"1,58 €","offer_price":0,"offer_type":null,"stock":false,"super":"alcampo"},{"img":"https://www.alcampo.es/media/h40/h32/9699096199198.jpg","name":"Bulgur BRILLANTE 2 uds. x 125 g.","price":"1,24 €","offer_price":0,"offer_type":null,"stock":false,"super":"alcampo"},{"img":"https://www.alcampo.es/media/h8a/he5/9771228561438.jpg","name":"Polenta (harina de maíz precocinada) DOÑA PETRONA 500 g.","price":"1,62 €","offer_price":0,"offer_type":null,"stock":false,"super":"alcampo"},{"img":"https://www.alcampo.es/media/h11/hb8/9699103146014.jpg","name":"Guisantes con bulgur, quinoa y zanahorias BRILLANTE 2 uds. x 125 g.","price":"1,54 €","offer_price":0,"offer_type":null,"stock":false,"super":"alcampo"},{"img":"https://www.alcampo.es/media/h21/hdc/9584876650526.jpg","name":"Lino dorado LEGUMBRES GUILLERMO 500 g.","price":"4,06 €","offer_price":0,"offer_type":null,"stock":false,"super":"alcampo"},{"img":"https://www.alcampo.es/media/h96/h8d/8901986549790.jpg","name":"Cous-Cous Blanco Ecológico BIOGORET 500 g.","price":"2,19 €","offer_price":0,"offer_type":null,"stock":false,"super":"alcampo"},{"img":"https://www.alcampo.es/media/h1d/h50/10435540418590.jpg","name":"Maíz para tostar GOYA 500 g.","price":"3,58 €","offer_price":0,"offer_type":null,"stock":false,"super":"alcampo"},{"img":"https://www.alcampo.es/media/haf/hdf/8894225580062.jpg","name":"Couscous TRIA 1 kg.","price":"3,44 €","offer_price":0,"offer_type":null,"stock":false,"super":"alcampo"},{"img":"https://www.alcampo.es/media/h40/he3/8962590703646.gif","name":"Couscous FERRERO paquete de 500 gr.","price":"2,94 €","offer_price":0,"offer_type":null,"stock":false,"super":"alcampo"},{"img":"https://www.alcampo.es/media/h45/hdd/10857357803550.jpg","name":"Couscous con cúrcuma BIA 250 g.","price":"3,70 €","offer_price":0,"offer_type":null,"stock":false,"super":"alcampo"},{"img":"https://www.alcampo.es/media/h70/h61/10435595075614.jpg","name":"Maíz Morocho partido NATIVO 500 g.","price":"1,58 €","offer_price":0,"offer_type":null,"stock":false,"super":"alcampo"},{"img":"https://www.alcampo.es/media/hd3/h43/10435581280286.jpg","name":"Maíz Mote GOYA 500 g.","price":"4,19 €","offer_price":0,"offer_type":null,"stock":false,"super":"alcampo"},{"img":"https://www.alcampo.es/media/hb8/h98/9584315793438.jpg","name":"Espelta LEGUMBRES GUILLERMO 750 g.","price":"5,68 €","offer_price":0,"offer_type":null,"stock":false,"super":"alcampo"},{"img":"https://www.alcampo.es/media/hea/h0c/10857336930334.jpg","name":"Couscous con pomodoro BIA 250 g.","price":"3,70 €","offer_price":0,"offer_type":null,"stock":false,"super":"alcampo"},{"img":"https://www.alcampo.es/media/h52/h3b/10857295216670.jpg","name":"Couscous con peperoncino BIA 250 g.","price":"3,70 €","offer_price":0,"offer_type":null,"stock":false,"super":"alcampo"}]