[{"img":"https://www.alcampo.es/media/h4c/h6a/8952325799966.jpg","name":"Azúcar blanco AZUCARERA 1 kg","price":"0,76 €","offer_price":0,"offer_type":null,"stock":false,"super":"alcampo"},{"img":"https://www.alcampo.es/media/hdf/h48/8900131291166.jpg","name":"Azúcar blanco AZUCARERA 750 gr,","price":"0,79 €","offer_price":0,"offer_type":null,"stock":false,"super":"alcampo"},{"img":"https://www.alcampo.es/media/h4b/h2f/8899691544606.jpg","name":"Azúcar moreno de caña integral ACOR 1 kilogramo","price":"1,60 €","offer_price":0,"offer_type":null,"stock":false,"super":"alcampo"},{"img":"https://www.alcampo.es/media/hde/h4b/10386057134110.jpg","name":"Azúcar moreno de caña integral, no refinado AZUCARERA brick 1 kg.","price":"2,99 €","offer_price":0,"offer_type":null,"stock":false,"super":"alcampo"},{"img":"https://www.alcampo.es/media/had/haa/10600414674974.jpg","name":"Edulcorante líquido PRODUCTO ALCAMPO 140 ml.","price":"0,83 €","offer_price":0,"offer_type":null,"stock":false,"super":"alcampo"},{"img":"https://www.alcampo.es/media/h73/hd6/10766070120478.jpg","name":"Edulcorante PRODUCTO ECONÓMICO ALCAMPO 650 uds. 39 g.","price":"0,79 €","offer_price":0,"offer_type":null,"stock":false,"super":"alcampo"},{"img":"https://www.alcampo.es/media/h46/hf7/9371397718046.jpg","name":"Azúcar moreno 50 azucaritos Fairtrade AZUCARERA 300 g.","price":"1,06 €","offer_price":0,"offer_type":null,"stock":false,"super":"alcampo"},{"img":"https://www.alcampo.es/media/heb/hcb/9627384283166.jpg","name":"Edulcorante en sobres PRODUCTO ALCAMPO 60 uds. x 1 g.","price":"1,11 €","offer_price":0,"offer_type":null,"stock":false,"super":"alcampo"},{"img":"https://www.alcampo.es/media/had/hf8/9427869630494.jpg","name":"Panela en polvo Gourmet LATINO 1 kg.","price":"2,34 €","offer_price":0,"offer_type":null,"stock":false,"super":"alcampo"},{"img":"https://www.alcampo.es/media/hf1/h55/8970456825886.jpg","name":"Azúcar blanco en sobres AZUCARERA 400 gr,","price":"1,13 €","offer_price":0,"offer_type":null,"stock":false,"super":"alcampo"},{"img":"https://www.alcampo.es/media/he2/h9f/8952253906974.jpg","name":"Edulcorante de mesa a base de Ciclamato, Sacarina y Taumatina NATREEN 400 uds.","price":"2,28 €","offer_price":0,"offer_type":null,"stock":false,"super":"alcampo"},{"img":"https://www.alcampo.es/media/h92/h8a/9386961797150.jpg","name":"Panela, azúcar moreno de caña integral AZUCARERA 500 g.","price":"1,73 €","offer_price":0,"offer_type":null,"stock":false,"super":"alcampo"},{"img":"https://www.alcampo.es/media/he6/had/8952533778462.jpg","name":"Edulcorante con stevia TRUVIA 270 gr,","price":"5,45 €","offer_price":0,"offer_type":null,"stock":false,"super":"alcampo"},{"img":"https://www.alcampo.es/media/h04/h2e/9132427575326.jpg","name":"Azúcar glas con dosificador AZUCARERA 500 gr.","price":"1,88 €","offer_price":0,"offer_type":null,"stock":false,"super":"alcampo"},{"img":"https://www.alcampo.es/media/h16/h7b/9242799636510.jpg","name":"Panela pulverizada integral de caña sin refinar 100% natural GOURMET LATINO bolsa 400 g.","price":"1,64 €","offer_price":0,"offer_type":null,"stock":false,"super":"alcampo"},{"img":"https://www.alcampo.es/media/h2c/h27/10843544682526.jpg","name":"Edulcorante con stevia PRODUCTO ALCAMPO 100 uds.","price":"0,98 €","offer_price":0,"offer_type":null,"stock":false,"super":"alcampo"},{"img":"https://www.alcampo.es/media/h34/h82/9579901911070.jpg","name":"Panela de grano fino ecológico INTERMÓN OXFAM TIERRA MADRE 500 g.","price":"2,06 €","offer_price":0,"offer_type":null,"stock":false,"super":"alcampo"},{"img":"https://www.alcampo.es/media/h37/hb0/9350713278494.jpg","name":"Azúcar moreno molido de caña AZUCARERA 750 g.","price":"1,83 €","offer_price":0,"offer_type":null,"stock":false,"super":"alcampo"},{"img":"https://www.alcampo.es/media/h82/h9c/9371396407326.jpg","name":"Azúcar moreno en terrones Fairtrade AZUCARERA 1 kg.","price":"1,97 €","offer_price":0,"offer_type":null,"stock":false,"super":"alcampo"},{"img":"https://www.alcampo.es/media/hda/h92/8897829535774.jpg","name":"Edulcorante de mesa(especial café) NATREEN 300 comprimidos 20,4 gr,","price":"2,74 €","offer_price":0,"offer_type":null,"stock":false,"super":"alcampo"},{"img":"https://www.alcampo.es/media/h50/hd9/8952671797278.jpg","name":"Sirope de ágave SUNNY VÍA 350 gr,","price":"2,73 €","offer_price":0,"offer_type":null,"stock":false,"super":"alcampo"},{"img":"https://www.alcampo.es/media/h43/h7b/8946782699550.jpg","name":"Sirope de agave ecológico,antigoteo BIOPRICA 500 g.","price":"4,25 €","offer_price":0,"offer_type":null,"stock":false,"super":"alcampo"},{"img":"https://www.alcampo.es/media/hf6/h9a/8952247353374.jpg","name":"Edulcorante de mesa a base de ciclamato y sacarina NATREEN 250 ml.","price":"3,20 €","offer_price":0,"offer_type":null,"stock":false,"super":"alcampo"},{"img":"https://www.alcampo.es/media/hee/h68/8952530501662.jpg","name":"Edulcorante con stevia NATREEN 50 sobres","price":"2,37 €","offer_price":0,"offer_type":null,"stock":false,"super":"alcampo"},{"img":"https://www.alcampo.es/media/h26/h17/9013868625950.jpg","name":"Azúcar moreno caña, integral AZCUCARERA 400 gr.","price":"0,98 €","offer_price":0,"offer_type":null,"stock":false,"super":"alcampo"},{"img":"https://www.alcampo.es/media/h39/hf3/8901490311198.jpg","name":"Edulcorante con stevia PRODUCTO ALCAMPO 75 gr,","price":"1,98 €","offer_price":0,"offer_type":null,"stock":false,"super":"alcampo"},{"img":"https://www.alcampo.es/media/h16/h40/8952515723294.jpg","name":"Edulcorantes NATREEN blíster 110 comprimidos 7 gr,","price":"1,17 €","offer_price":0,"offer_type":null,"stock":false,"super":"alcampo"},{"img":"https://www.alcampo.es/media/hcf/he7/8944993533982.jpg","name":"Azúcar de caña Golden Light BIOAPRICA, 1 kg","price":"2,99 €","offer_price":0,"offer_type":null,"stock":false,"super":"alcampo"},{"img":"https://www.alcampo.es/media/h67/h3c/9418377101342.jpg","name":"Azúcar blanco en terrones AZUCARERA 300 gr,","price":"0,94 €","offer_price":0,"offer_type":null,"stock":false,"super":"alcampo"},{"img":"https://www.alcampo.es/media/h39/ha2/8946790236190.jpg","name":"Azúcar de caña integral demerara, ecológica, BIOAPRICA, 1 kg","price":"3,45 €","offer_price":0,"offer_type":null,"stock":false,"super":"alcampo"},{"img":"https://www.alcampo.es/media/h55/h75/8969639133214.jpg","name":"Granulado en sobres NATREEN 50 gr,","price":"2,18 €","offer_price":0,"offer_type":null,"stock":false,"super":"alcampo"},{"img":"https://www.alcampo.es/media/h7a/h03/8902054182942.jpg","name":"Edulcorante con stevia TRUVÍA 80 sobres","price":"3,05 €","offer_price":0,"offer_type":null,"stock":false,"super":"alcampo"},{"img":"https://www.alcampo.es/media/h7b/h61/9371343650846.jpg","name":"Azúcar moreno en sobres Fairtrade 50 sobres AZUCARERA 400 g. ","price":"1,46 €","offer_price":0,"offer_type":null,"stock":false,"super":"alcampo"},{"img":"https://www.alcampo.es/media/hb8/h45/8871971389470.jpg","name":"Edulcorante líquido con stevia NATREEN 125 ml.","price":"3,74 €","offer_price":0,"offer_type":null,"stock":false,"super":"alcampo"},{"img":"https://www.alcampo.es/media/h3e/hd7/8952451825694.jpg","name":"Edulcorante con stevia NATREEN 120 uds.","price":"2,34 €","offer_price":0,"offer_type":null,"stock":false,"super":"alcampo"},{"img":"https://www.alcampo.es/media/h9f/ha2/9242873659422.jpg","name":"Panela bloque integral de caña sin refinar GOURMET LATINO 454 g. ","price":"1,55 €","offer_price":0,"offer_type":null,"stock":false,"super":"alcampo"},{"img":"https://www.alcampo.es/media/h44/hc0/9484562268190.jpg","name":"Azúcar de caña sin refinar ecológica de Paraguay INTERMÓN OXFAM 500 g.","price":"1,95 €","offer_price":0,"offer_type":null,"stock":false,"super":"alcampo"},{"img":"https://www.alcampo.es/media/h70/h02/10435493625886.jpg","name":"Azúcar de coco ecológica AZUCARERA 300 g.","price":"2,49 €","offer_price":0,"offer_type":null,"stock":false,"super":"alcampo"},{"img":"https://www.alcampo.es/media/h6d/hc1/8900272324638.jpg","name":"Edulcorante Líquido SANTIVERI 90 ml.","price":"2,11 €","offer_price":0,"offer_type":null,"stock":false,"super":"alcampo"},{"img":"https://www.alcampo.es/media/h1b/h6c/10021419974686.jpg","name":"Azúcar moreno de caña integral DIET-RADISSON 500 g.","price":"2,23 €","offer_price":0,"offer_type":null,"stock":false,"super":"alcampo"},{"img":"https://www.alcampo.es/media/h7f/h27/9330665619486.jpg","name":"Edulcorante en polvo SUGAREL 75 g.","price":"1,12 €","offer_price":0,"offer_type":null,"stock":false,"super":"alcampo"},{"img":"https://www.alcampo.es/media/h90/h3e/8952458870814.jpg","name":"Edulcorante con stevia TRUVIA 40 sobres","price":"1,78 €","offer_price":0,"offer_type":null,"stock":false,"super":"alcampo"},{"img":"https://www.alcampo.es/media/h74/hf8/8923122073630.jpg","name":"Azúcar de caña ecológica AZUCARERA 750 g.","price":"2,79 €","offer_price":0,"offer_type":null,"stock":false,"super":"alcampo"},{"img":"https://www.alcampo.es/media/haa/h70/9475636461598.jpg","name":"Azúcar de coco ecológica INTERMON OXFAM 250 g.","price":"2,30 €","offer_price":0,"offer_type":null,"stock":false,"super":"alcampo"},{"img":"https://www.alcampo.es/media/h00/h91/9013894021150.jpg","name":"Edulcoranrte stevia AZUCARERA Life 500 gr.","price":"2,32 €","offer_price":0,"offer_type":null,"stock":false,"super":"alcampo"},{"img":"https://www.alcampo.es/media/h19/hb6/9134812954654.jpg","name":"Azúcar blanco extra fina, especial repostería AZUCARERA 750 g.","price":"1,41 €","offer_price":0,"offer_type":null,"stock":false,"super":"alcampo"},{"img":"https://www.alcampo.es/media/he6/h53/9371326840862.jpg","name":"Azúcar moreno en terrones Fairtrade AZUCARERA 500 g.","price":"1,21 €","offer_price":0,"offer_type":null,"stock":false,"super":"alcampo"},{"img":"https://www.alcampo.es/media/h26/h72/8952276189214.jpg","name":"Azúcar blanco en terrones AZUCARERA 1 kg","price":"1,35 €","offer_price":0,"offer_type":null,"stock":false,"super":"alcampo"},{"img":"https://www.alcampo.es/media/h0d/h9c/8898093514782.jpg","name":"Stevia líquida SANTIVERI 90 cl.","price":"3,75 €","offer_price":0,"offer_type":null,"stock":false,"super":"alcampo"},{"img":"https://www.alcampo.es/media/ha7/h08/9995751030814.jpg","name":"Edulcorante stick CANDEREL 100 uds. 100 g.","price":"2,91 €","offer_price":0,"offer_type":null,"stock":false,"super":"alcampo"},{"img":"https://www.alcampo.es/media/h87/h19/9595646705694.jpg","name":"Jarabe de arce ecológico MAPLE JOE 250 g.","price":"6,20 €","offer_price":0,"offer_type":null,"stock":false,"super":"alcampo"},{"img":"https://www.alcampo.es/media/hb6/h23/9015536812062.jpg","name":"Azúcar moreno integral AZUCARERA 500 gr.","price":"1,89 €","offer_price":0,"offer_type":null,"stock":false,"super":"alcampo"},{"img":"https://www.alcampo.es/media/h03/he7/10021530730526.jpg","name":"Edulcorante líquido con stevia DIET-RADISSON 80 ml.","price":"2,99 €","offer_price":0,"offer_type":null,"stock":false,"super":"alcampo"},{"img":"https://www.alcampo.es/media/h21/h16/10021528633374.jpg","name":"Edulcorante líquido DIET RADISSON 80 ml.","price":"1,65 €","offer_price":0,"offer_type":null,"stock":false,"super":"alcampo"},{"img":"https://www.alcampo.es/media/hfe/h5d/9465722601502.jpg","name":"Edulcorante granulado de mesa a base de Aspartamo NATREEN 70 gr,","price":"2,75 €","offer_price":0,"offer_type":null,"stock":false,"super":"alcampo"},{"img":"https://www.alcampo.es/media/h04/hed/8970534256670.jpg","name":"Azúcar glas ACOR 500 gr,","price":"1,99 €","offer_price":0,"offer_type":null,"stock":false,"super":"alcampo"},{"img":"https://www.alcampo.es/media/h8f/he1/8882165841950.jpg","name":"Edulcorante líquido SANTIVERI DULZINA 90 ml.","price":"3,43 €","offer_price":0,"offer_type":null,"stock":false,"super":"alcampo"},{"img":"https://www.alcampo.es/media/h40/h54/9380001677342.jpg","name":"Fructosa NATUR CESTA 1 kg","price":"3,71 €","offer_price":0,"offer_type":null,"stock":false,"super":"alcampo"},{"img":"https://www.alcampo.es/media/h2c/ha9/8875545722910.jpg","name":"Azúcar moreno de caña en terrones LA PERRUCHE 750 gr,","price":"2,34 €","offer_price":0,"offer_type":null,"stock":false,"super":"alcampo"},{"img":"https://www.alcampo.es/media/h2e/h41/9465817104414.jpg","name":"Sirope de Agave de cultivo ecológico ECOCESTA 400 g.","price":"3,85 €","offer_price":0,"offer_type":null,"stock":false,"super":"alcampo"},{"img":"https://www.alcampo.es/media/hb3/heb/10814834901022.jpg","name":"Endulzante líquido natural, 100% procedente de frutas SUSARON 370 g..","price":"2,74 €","offer_price":0,"offer_type":null,"stock":false,"super":"alcampo"},{"img":"https://www.alcampo.es/media/h85/h97/9242793148446.jpg","name":"Panela en sobres a base de caña de azúcar 100% natural GOURMET LATINO 250 g. ","price":"2,34 €","offer_price":0,"offer_type":null,"stock":false,"super":"alcampo"},{"img":"https://www.alcampo.es/media/h4d/h86/8964675108894.jpg","name":"Azúcar blanco especial para mermeladas ACOR 1 kg.","price":"2,75 €","offer_price":0,"offer_type":null,"stock":false,"super":"alcampo"},{"img":"https://www.alcampo.es/media/h3b/h33/8947395264542.jpg","name":"Edulcorante de mesa a base de sucralosa HUXOL 125 ml.","price":"2,37 €","offer_price":0,"offer_type":null,"stock":false,"super":"alcampo"},{"img":"https://www.alcampo.es/media/hee/h6a/8887216832542.jpg","name":"Azúcar blanco en terrones AZUCARERA 500 gr,","price":"0,81 €","offer_price":0,"offer_type":null,"stock":false,"super":"alcampo"},{"img":"https://www.alcampo.es/media/hcb/h3a/8952401395742.jpg","name":"Edulcorante granulado de Stevia NATREEN 45 gr,","price":"4,07 €","offer_price":0,"offer_type":null,"stock":false,"super":"alcampo"},{"img":"https://www.alcampo.es/media/h7d/h9e/8902320783390.jpg","name":"Perlas de azúcar blanco ACOR 350 g.","price":"2,19 €","offer_price":0,"offer_type":null,"stock":false,"super":"alcampo"},{"img":"https://www.alcampo.es/media/h6e/h59/8969703522334.jpg","name":"Edulcorante en comprimidos (ideal para café, té y bebidas calientes) HERMESETAS 300 uds.","price":"4,62 €","offer_price":0,"offer_type":null,"stock":false,"super":"alcampo"},{"img":"https://www.alcampo.es/media/h28/h6d/8890934034462.jpg","name":"Edulcorante TRUVÍA 100 uds.","price":"1,76 €","offer_price":0,"offer_type":null,"stock":false,"super":"alcampo"},{"img":"https://www.alcampo.es/media/h95/h87/9013867053086.jpg","name":"Azúcar integral de caña, suave 500 gr.","price":"1,79 €","offer_price":0,"offer_type":null,"stock":false,"super":"alcampo"},{"img":"https://www.alcampo.es/media/h52/h57/8973624049694.jpg","name":"Edulcarante sucralosa HUXOL 75 g.","price":"2,72 €","offer_price":0,"offer_type":null,"stock":false,"super":"alcampo"},{"img":"https://www.alcampo.es/media/h1f/hff/9995679170590.jpg","name":"Edulcorante de mesa CANDEREL 300 comprimidos 25,5 g,","price":"4,09 €","offer_price":0,"offer_type":null,"stock":false,"super":"alcampo"},{"img":"https://www.alcampo.es/media/h73/h58/8947408633886.jpg","name":"Edulcorante de mesa a base de sucralosa HUXOL 300 uds.","price":"3,67 €","offer_price":0,"offer_type":null,"stock":false,"super":"alcampo"},{"img":"https://www.alcampo.es/media/h93/hbb/9771314839582.jpg","name":"Edulcorante de mesa de fructosa y stevia, formato del envase con autocierre MESURA 250 g.","price":"2,54 €","offer_price":0,"offer_type":null,"stock":false,"super":"alcampo"},{"img":"https://www.alcampo.es/media/h87/h5a/8876380848158.jpg","name":"Fructosa NATURA 750 g.","price":"4,79 €","offer_price":0,"offer_type":null,"stock":false,"super":"alcampo"},{"img":"https://www.alcampo.es/media/h8f/h95/8881803100190.jpg","name":"Azúcar glas VAHINÉ 65 g.","price":"1,79 €","offer_price":0,"offer_type":null,"stock":false,"super":"alcampo"},{"img":"https://www.alcampo.es/media/he2/h2f/9995699912734.jpg","name":"Edulcorante en polvo CANDEREL 90 g.","price":"4,18 €","offer_price":0,"offer_type":null,"stock":false,"super":"alcampo"},{"img":"https://www.alcampo.es/media/h32/h83/10652079718430.jpg","name":"Azúcar glas a la vainilla VAHINÉ 125 g.","price":"3,69 €","offer_price":0,"offer_type":null,"stock":false,"super":"alcampo"},{"img":"https://www.alcampo.es/media/h59/ha2/10289051467806.jpg","name":"Azúcar vainillado CARMENCITA 75 g.","price":"1,99 €","offer_price":0,"offer_type":null,"stock":false,"super":"alcampo"},{"img":"https://www.alcampo.es/media/h2f/hed/9234832523294.jpg","name":"Azúcar especial para mermeladas AZUCARERA bolsa 750 g. ","price":"2,26 €","offer_price":0,"offer_type":null,"stock":false,"super":"alcampo"},{"img":"https://www.alcampo.es/media/h65/he1/9637986369566.jpg","name":"Azúcar de caña y stevia MESURA 250 g.","price":"3,47 €","offer_price":0,"offer_type":null,"stock":false,"super":"alcampo"},{"img":"https://www.alcampo.es/media/he0/h77/8877973110814.jpg","name":"Edulcorante de mesa a base de stevia TRUVÍA de AZUCARERA 150 gramos","price":"4,18 €","offer_price":0,"offer_type":null,"stock":false,"super":"alcampo"},{"img":"https://www.alcampo.es/media/h78/h38/10288936353822.jpg","name":"Azúcar glass CARMENCITA 57 g.","price":"1,99 €","offer_price":0,"offer_type":null,"stock":false,"super":"alcampo"},{"img":"https://www.alcampo.es/media/h26/h59/9743850668062.jpg","name":"Sirope de algarroba ecológico IBIZA CAROB 320 g.","price":"6,89 €","offer_price":0,"offer_type":null,"stock":false,"super":"alcampo"},{"img":"https://www.alcampo.es/media/h6c/hd6/9995855724574.jpg","name":"Edulcorante granulado a base de extracto de steviaCANDEREL Green 40 g.","price":"2,58 €","offer_price":0,"offer_type":null,"stock":false,"super":"alcampo"}]