[{"img":"https://www.alcampo.es/media/h54/hbe/10752013238302.jpg","name":"Café soluble Cappuccino NESCAFÉ GOLD 250 g.","price":"3,19 €","offer_price":0,"offer_type":null,"stock":false,"super":"alcampo"},{"img":"https://www.alcampo.es/media/h74/hc2/10752076644382.jpg","name":"Café soluble Cappuccino descafeinado NESCAFÉ GOLD bote de 250 g.,","price":"3,19 €","offer_price":0,"offer_type":null,"stock":false,"super":"alcampo"},{"img":"https://www.alcampo.es/media/h9f/h02/9811242909726.jpg","name":"Café cappuccino descafeinado NESCAFÉ GOLD 10 sbs.125 g.","price":"2,29 €","offer_price":0,"offer_type":null,"stock":false,"super":"alcampo"},{"img":"https://www.alcampo.es/media/h72/h97/10740011368478.jpg","name":"Café soluble Capuccino PRODUCTO ALCAMPO 10 sticks 147 g.","price":"1,58 €","offer_price":0,"offer_type":null,"stock":false,"super":"alcampo"},{"img":"https://www.alcampo.es/media/hf1/h3a/10740054851614.jpg","name":"Café soluble Cappuccino PRODUCTO ALCAMPO 250 g.","price":"2,04 €","offer_price":0,"offer_type":null,"stock":false,"super":"alcampo"},{"img":"https://www.alcampo.es/media/hba/hed/9262994718750.jpg","name":"Café Cappuccino natural NESCAFÉ 10 uds. de 14 g.","price":"2,32 €","offer_price":0,"offer_type":null,"stock":false,"super":"alcampo"},{"img":"https://www.alcampo.es/media/h2d/h5d/10752040894494.jpg","name":"Café espreso intenso en cápsulas, Intensidad 7 NESCAFÉ DOLCE GUSTO 16 uds. 112 g.","price":"4,25 €","offer_price":0,"offer_type":null,"stock":false,"super":"alcampo"},{"img":"https://www.alcampo.es/media/h8d/h39/9600269516830.jpg","name":"Café con leche (leche en polvo y café soluble) en cápsulas NESCAFÉ Dolce Gusto 16 uds.","price":"4,25 €","offer_price":0,"offer_type":null,"stock":false,"super":"alcampo"},{"img":"https://www.alcampo.es/media/h15/h4b/9600278134814.jpg","name":"Café descafeinado Espresso en cápsulas NESCAFÉ Dolce Gusto 16 uds.","price":"4,25 €","offer_price":0,"offer_type":null,"stock":false,"super":"alcampo"},{"img":"https://www.alcampo.es/media/h62/hcf/9520582950942.jpg","name":"Café molido de tueste natural en cápsulas Espresso Intenso Intebsidad 9 PRODUCTO ALCAMPO 30 uds. 210 g.","price":"5,25 €","offer_price":0,"offer_type":null,"stock":false,"super":"alcampo"},{"img":"https://www.alcampo.es/media/ha0/h42/9600274792478.jpg","name":"Café Ristretto ardenza en cápsulas NESCAFÉ DOLCE GUSTO 16 uds.","price":"4,24 €","offer_price":0,"offer_type":null,"stock":false,"super":"alcampo"},{"img":"https://www.alcampo.es/media/he6/h71/9542448185374.jpg","name":"Café descafeinado con leche en cápsulas NESCAFÉ DOLCE GUSTO 16 uds.","price":"4,24 €","offer_price":0,"offer_type":null,"stock":false,"super":"alcampo"},{"img":"https://www.alcampo.es/media/h14/hdc/10752065568798.jpg","name":"Café cortado espresso Macchiato en cápsulas NESCAFÉ DOLCE GUSTO 16 uds.","price":"4,25 €","offer_price":0,"offer_type":null,"stock":false,"super":"alcampo"},{"img":"https://www.alcampo.es/media/hc3/h10/9804586549278.jpg","name":"Café exprresso descafeinado I6 en cápsulas compatibles con Nespresso. MARCILLA 20 uds. 104 g.","price":"4,84 €","offer_price":0,"offer_type":null,"stock":false,"super":"alcampo"},{"img":"https://www.alcampo.es/media/h42/h8f/8975576137758.jpg","name":"Café Descafeinado Ristretto I9 en cápsulas compatibles con Nespresso L'OR ESPRESSO 20 uds.","price":"5,87 €","offer_price":0,"offer_type":null,"stock":false,"super":"alcampo"},{"img":"https://www.alcampo.es/media/h77/h5a/9246303223838.jpg","name":"Café Intenso espresso 10 en cápsulas compantibles con Nespresso MARCILLA 40 uds.","price":"9,34 €","offer_price":0,"offer_type":null,"stock":false,"super":"alcampo"},{"img":"https://www.alcampo.es/media/h4c/h01/9591109189662.jpg","name":"Café con leche en cápsulas PRODUCTO ALCAMPO 30 uds. 300 g.","price":"5,25 €","offer_price":0,"offer_type":null,"stock":false,"super":"alcampo"},{"img":"https://www.alcampo.es/media/h84/h43/9246267342878.jpg","name":"Café RIstretto I 11 en cápsulas compatibles con las Nespresso L'OR ESPRESSO 40 uds.","price":"12,19 €","offer_price":0,"offer_type":null,"stock":false,"super":"alcampo"},{"img":"https://www.alcampo.es/media/h57/h62/8945786355742.jpg","name":"Café con leche en monidiosis TASSIMIO MARCILLA 16 uds.","price":"4,38 €","offer_price":0,"offer_type":null,"stock":false,"super":"alcampo"},{"img":"https://www.alcampo.es/media/h88/hd1/9336524832798.jpg","name":"Café Grande Intenso en cápsulas NESCAFÉ DOLCE GUSTO 16 uds.","price":"4,24 €","offer_price":0,"offer_type":null,"stock":false,"super":"alcampo"},{"img":"https://www.alcampo.es/media/h7d/haf/9600276987934.jpg","name":"Café molido de tueste natural lungo en cápsulas NESCAFÉ DOLCE GUSTO 16 uds.","price":"4,25 €","offer_price":0,"offer_type":null,"stock":false,"super":"alcampo"},{"img":"https://www.alcampo.es/media/h6e/hbb/9173325742110.jpg","name":"Café extrafuerte Nª 11 en cápsulas SAIMAZA 20 uds.","price":"3,89 €","offer_price":0,"offer_type":null,"stock":false,"super":"alcampo"},{"img":"https://www.alcampo.es/media/ha9/hce/8952803754014.jpg","name":"Café largo en cápsulas MARCILLA TASSIMO, 16 uds..","price":"4,38 €","offer_price":0,"offer_type":null,"stock":false,"super":"alcampo"},{"img":"https://www.alcampo.es/media/h1d/hd2/8974890237982.jpg","name":"Café Ristretto I 11 en cápsulas compatibles con Nespresso L'OR ESPRESSO 20 uds.","price":"5,87 €","offer_price":0,"offer_type":null,"stock":false,"super":"alcampo"},{"img":"https://www.alcampo.es/media/hde/hb7/9804691439646.jpg","name":"Café largo I10 en cápsulas compatibles con Nespresso MARCILLA 20 uds. 104 g.","price":"4,84 €","offer_price":0,"offer_type":null,"stock":false,"super":"alcampo"},{"img":"https://www.alcampo.es/media/h3d/hde/9153935900702.jpg","name":"Café fuerte Nº 9 en cápsulas SAIMAZA 20 uds.","price":"3,89 €","offer_price":0,"offer_type":null,"stock":false,"super":"alcampo"},{"img":"https://www.alcampo.es/media/hc8/h8a/9600280264734.jpg","name":"Café espresso Arábica y robusta en cápsulas NESCAFÉ Dolce Gusto 16 uds..","price":"4,54 €","offer_price":0,"offer_type":null,"stock":false,"super":"alcampo"},{"img":"https://www.alcampo.es/media/h38/h00/9659385380894.jpg","name":"Café Blonde Espresso en cápsulas, Intensidad 6 STARBUCKS 10 uds. 53 g.","price":"3,57 €","offer_price":0,"offer_type":null,"stock":false,"super":"alcampo"},{"img":"https://www.alcampo.es/media/h19/h3d/9321429532702.jpg","name":"Café Suntuoso I8 en cápsulas compatibles con Nespresso L'OR ESPRESSO 20 uds.","price":"5,87 €","offer_price":0,"offer_type":null,"stock":false,"super":"alcampo"},{"img":"https://www.alcampo.es/media/hd2/hd3/9321415114782.jpg","name":"Café Colombia en cápsulas compatibles con Nespresso L'OR ESPRESSO 20 uds.","price":"6,24 €","offer_price":0,"offer_type":null,"stock":false,"super":"alcampo"},{"img":"https://www.alcampo.es/media/h5d/h55/9040051798046.jpg","name":"Café con leche intenso en cápsulas NESCAFÉ 16 uds.","price":"4,24 €","offer_price":0,"offer_type":null,"stock":false,"super":"alcampo"},{"img":"https://www.alcampo.es/media/h26/hb2/9659354808350.jpg","name":"Café Expresso en cápsulas, Intensidad 11 STARBUCKS 10 uds. 57 g.","price":"3,60 €","offer_price":0,"offer_type":null,"stock":false,"super":"alcampo"},{"img":"https://www.alcampo.es/media/hd4/h09/10801913298974.jpg","name":"Café Cappuccino en monodois NESCAFÉ DOLCE GUSTO 16 uds. 186,4 g.","price":"4,25 €","offer_price":0,"offer_type":null,"stock":false,"super":"alcampo"},{"img":"https://www.alcampo.es/media/h42/h26/9600269680670.jpg","name":"Café cortado descafeinado en cápsulas NESCAFÉ Dolce Gusto 16 uds.","price":"4,24 €","offer_price":0,"offer_type":null,"stock":false,"super":"alcampo"},{"img":"https://www.alcampo.es/media/h9c/he5/9792512589854.jpg","name":"Café Colombia I7 en cápsulas compatibles con Nespresso STARBUCKS 10 uds. 57 g.","price":"3,57 €","offer_price":0,"offer_type":null,"stock":false,"super":"alcampo"},{"img":"https://www.alcampo.es/media/he7/hfd/9659244314654.jpg","name":"Café Pike Place Lungo, Intensidad 7 STARBUCKS 10 uds. 53 g.","price":"3,60 €","offer_price":0,"offer_type":null,"stock":false,"super":"alcampo"},{"img":"https://www.alcampo.es/media/h6d/h29/9744822763550.jpg","name":"Café Esresso Intenso, Intensidad 7 en cápsulas compatibles con Dolce Gusto, NESCAFÉ DOLCE GUSTO 48 uds. 336 g.","price":"9,95 €","offer_price":0,"offer_type":null,"stock":false,"super":"alcampo"},{"img":"https://www.alcampo.es/media/h63/h34/8974878998558.jpg","name":"Café Desfeinado I6 en cápsulas compatibles con Nespresso L'OR ESPRESSO 10 uds.","price":"3,33 €","offer_price":0,"offer_type":null,"stock":false,"super":"alcampo"},{"img":"https://www.alcampo.es/media/h45/h3b/9010209488926.jpg","name":"Café Ristretto en cápsulas MARCILLLA 20 uds.","price":"4,84 €","offer_price":0,"offer_type":null,"stock":false,"super":"alcampo"},{"img":"https://www.alcampo.es/media/h9f/h44/8974891614238.jpg","name":"Café Lungo Profondo I8 en cápsulas compatibles con Nespresso L'OR ESPRESSO 10 uds.","price":"3,26 €","offer_price":0,"offer_type":null,"stock":false,"super":"alcampo"},{"img":"https://www.alcampo.es/media/h37/h4f/8949371109406.jpg","name":"Café espresso en cápsulas, TASSIMO MARCILLA, 16 uds.","price":"4,38 €","offer_price":0,"offer_type":null,"stock":false,"super":"alcampo"},{"img":"https://www.alcampo.es/media/h66/h70/9553346953246.jpg","name":"Café Lungo intenso, intensidad 5 en cápsulas PRODUCTO ALCAMPO 30 uds. 210 g.","price":"5,10 €","offer_price":0,"offer_type":null,"stock":false,"super":"alcampo"},{"img":"https://www.alcampo.es/media/h1b/hcf/10784192725022.jpg","name":"Café Expresso Intenso Intensidad 10 PRODUCTO ALCAMPO 10 uds. 52 g.","price":"1,78 €","offer_price":0,"offer_type":null,"stock":false,"super":"alcampo"},{"img":"https://www.alcampo.es/media/h02/h24/9246280843294.jpg","name":"Café Ristretto espresso 12 en cápsulas compatibles con Nespresso MARCILLA 12 uds.","price":"9,34 €","offer_price":0,"offer_type":null,"stock":false,"super":"alcampo"},{"img":"https://www.alcampo.es/media/hee/h9f/9804734332958.jpg","name":"Café Colombia en cápsulas compatibles con Nespresso L'OR 40 uds. 208 g.","price":"11,69 €","offer_price":0,"offer_type":null,"stock":false,"super":"alcampo"},{"img":"https://www.alcampo.es/media/hd2/h9c/9010161942558.jpg","name":"Café con intensidad 10 en cápsulas MARCILLA caja de 20 uds","price":"4,84 €","offer_price":0,"offer_type":null,"stock":false,"super":"alcampo"},{"img":"https://www.alcampo.es/media/h97/h6f/9520566730782.jpg","name":"Café molido de tueste natural descafeinado Espresso en cápsulas Intensidad 5 PRODUCTO ALCAMPO 10 uds. 70 g.","price":"1,95 €","offer_price":0,"offer_type":null,"stock":false,"super":"alcampo"},{"img":"https://www.alcampo.es/media/h65/h0f/10784189022238.jpg","name":"Café molido de tueste natural Espresso Intenso, intensidad 10 , en cápsulas PRODUCTO ALCAMPO 20 uds. 104 g. ","price":"2,60 €","offer_price":0,"offer_type":null,"stock":false,"super":"alcampo"},{"img":"https://www.alcampo.es/media/h82/h23/10819254550558.jpg","name":"Café molido de tueste natural en cápsula Intensidad 12 Expresso Fortissimo PRODUCTO ALCAMPO 10 uds. 52 g.","price":"1,78 €","offer_price":0,"offer_type":null,"stock":false,"super":"alcampo"},{"img":"https://www.alcampo.es/media/h6d/hbb/10802714771486.jpg","name":"Café Latte Macchiato -Caramel- en cápsulas NESCAFÉ DOLCE GUSTO 16 uds.","price":"4,46 €","offer_price":0,"offer_type":null,"stock":false,"super":"alcampo"},{"img":"https://www.alcampo.es/media/h3c/hd3/10752018612254.jpg","name":"Café con leche en cápsulas compatibles con Dolce Gusto, NESCAFÉ DOLCE GUSTO 48 uds. 336 g.","price":"9,95 €","offer_price":0,"offer_type":null,"stock":false,"super":"alcampo"},{"img":"https://www.alcampo.es/media/hd9/haf/9659240710174.jpg","name":"Café descafeinado Espresso en cápsulas, Intensidad 11 STARBUCKS 10 uds. 57 g.","price":"3,57 €","offer_price":0,"offer_type":null,"stock":false,"super":"alcampo"},{"img":"https://www.alcampo.es/media/hb1/hd1/9591092019230.jpg","name":"Café con leche en cápsulas PRODUCTO ALCAMPO 10 uds. 100 g.","price":"1,95 €","offer_price":0,"offer_type":null,"stock":false,"super":"alcampo"},{"img":"https://www.alcampo.es/media/hbe/ha6/9474978676766.jpg","name":"Café molido de tueste Expresso Barista en cápsulas, intensidad 9 NESCAFÉ DOLCE GUSTO 16 uds.112 g.","price":"4,24 €","offer_price":0,"offer_type":null,"stock":false,"super":"alcampo"},{"img":"https://www.alcampo.es/media/h21/hb4/9294763851806.jpg","name":"Café molido de tueste natural (50%) y torrefacto (50%) MARCILLA 500 g.","price":"4,53 €","offer_price":0,"offer_type":null,"stock":false,"super":"alcampo"},{"img":"https://www.alcampo.es/media/h5e/h4f/8890368458782.jpg","name":"Café molido de tueste natural MARCILLA 500 g.","price":"3,99 €","offer_price":0,"offer_type":null,"stock":false,"super":"alcampo"},{"img":"https://www.alcampo.es/media/h03/h07/9096098054174.jpg","name":"Café molino, gran aroma extra fuerte MARCILLA 500 g.","price":"4,50 €","offer_price":0,"offer_type":null,"stock":false,"super":"alcampo"},{"img":"https://www.alcampo.es/media/h32/h6b/8897225293854.jpg","name":"Café molido descafeinado de tueste natural (50%) y torrefacto (50%) MARCILLA 400 g.","price":"3,99 €","offer_price":0,"offer_type":null,"stock":false,"super":"alcampo"},{"img":"https://www.alcampo.es/media/h6f/h0c/10422805397534.jpg","name":"Café molido mezcla de tueste natural 50% y torrefacto 50% PRODUCTO ALCAMPO 250 g.","price":"1,18 €","offer_price":0,"offer_type":null,"stock":false,"super":"alcampo"},{"img":"https://www.alcampo.es/media/h58/h33/9262994292766.jpg","name":"Café molido mezcla 50/50 LA ESTRELLA 250 g.","price":"1,60 €","offer_price":0,"offer_type":null,"stock":false,"super":"alcampo"},{"img":"https://www.alcampo.es/media/hf9/hb8/9494112436254.jpg","name":"Café molido natural Tradición PRODUCTO ALCAMPO 250 g.","price":"1,04 €","offer_price":0,"offer_type":null,"stock":false,"super":"alcampo"},{"img":"https://www.alcampo.es/media/hbb/h59/8952369283102.jpg","name":"Café molido mezcla de tueste natural 50% y torrefacto 50% gran aroma MARCILLA 250 gr,","price":"2,47 €","offer_price":0,"offer_type":null,"stock":false,"super":"alcampo"},{"img":"https://www.alcampo.es/media/haf/hdc/10911364907038.jpg","name":"Café molido natural del Trópico BONKA 500 g.","price":"3,75 €","offer_price":0,"offer_type":null,"stock":false,"super":"alcampo"},{"img":"https://www.alcampo.es/media/hc8/ha0/8952245059614.jpg","name":"Café molido natural gran aroma MARCILLA 250 gr,","price":"2,47 €","offer_price":0,"offer_type":null,"stock":false,"super":"alcampo"},{"img":"https://www.alcampo.es/media/h07/h03/9954734604318.jpg","name":"Café molido Italiano CREMA e Gusto de LAVAZZA 250 g.","price":"2,30 €","offer_price":0,"offer_type":null,"stock":false,"super":"alcampo"},{"img":"https://www.alcampo.es/media/h51/h7f/10397004267550.jpg","name":"Café molido mezcla descafeinado (50 % tueste natural descafeinado. 50 % torrefacto descafeinado) PRODUCTO ALCAMPO 250 g.","price":"1,23 €","offer_price":0,"offer_type":null,"stock":false,"super":"alcampo"},{"img":"https://www.alcampo.es/media/h0c/h5c/9662638948382.jpg","name":"Café molido mezcla PRODUCTO ECONÓMICO ALCAMPO 250 g.","price":"1,09 €","offer_price":0,"offer_type":null,"stock":false,"super":"alcampo"},{"img":"https://www.alcampo.es/media/h4d/hac/9532082552862.jpg","name":"Café molido natural PRODUCTO ECONÓMICO ALCAMPO 250 g.","price":"0,95 €","offer_price":0,"offer_type":null,"stock":false,"super":"alcampo"},{"img":"https://www.alcampo.es/media/hf0/h5b/9443506618398.jpg","name":"Café molido descafeinado natural PRODUCTO ALCAMPO 250 g.","price":"1,33 €","offer_price":0,"offer_type":null,"stock":false,"super":"alcampo"},{"img":"https://www.alcampo.es/media/h39/h0b/8952378294302.jpg","name":"Café molido mezcla MARCILLA Crème Express 250 gr,","price":"3,18 €","offer_price":0,"offer_type":null,"stock":false,"super":"alcampo"},{"img":"https://www.alcampo.es/media/ha7/ha2/8952269799454.jpg","name":"Café molido mezcla SAIMAZA 250 gr,","price":"1,99 €","offer_price":0,"offer_type":null,"stock":false,"super":"alcampo"},{"img":"https://www.alcampo.es/media/hdb/hba/10788969480222.jpg","name":"Café molido de tueste natural, procedente de agricultura ecológica OQUENDO 250 g.","price":"2,44 €","offer_price":0,"offer_type":null,"stock":false,"super":"alcampo"},{"img":"https://www.alcampo.es/media/hc1/h17/10546494570526.jpg","name":"Café Natural BONKA de NESTLÉ 250 gramos.","price":"2,11 €","offer_price":0,"offer_type":null,"stock":false,"super":"alcampo"},{"img":"https://www.alcampo.es/media/hb4/h79/9367313547294.jpg","name":"Café molido natural MARCILLA Crème Express 250 gr,","price":"3,18 €","offer_price":0,"offer_type":null,"stock":false,"super":"alcampo"},{"img":"https://www.alcampo.es/media/h3a/hee/9549387202590.jpg","name":"Café molido Colombia ALCAMPO GOURMET 250 g.","price":"2,44 €","offer_price":0,"offer_type":null,"stock":false,"super":"alcampo"},{"img":"https://www.alcampo.es/media/haf/hc0/9579939037214.jpg","name":"Café molido natural INTERMÓN OXFAM TIERRA MADRE 250 g.","price":"2,26 €","offer_price":0,"offer_type":null,"stock":false,"super":"alcampo"},{"img":"https://www.alcampo.es/media/he9/h26/9954736472094.jpg","name":"Café molido Espresso 100% Arábica LAVAZZA 250 g.","price":"3,15 €","offer_price":0,"offer_type":null,"stock":false,"super":"alcampo"},{"img":"https://www.alcampo.es/media/h08/h07/8952367808542.jpg","name":"Café molido natural SAIMAZA 250 gr,","price":"1,99 €","offer_price":0,"offer_type":null,"stock":false,"super":"alcampo"},{"img":"https://www.alcampo.es/media/ha7/h89/8952468865054.jpg","name":"Café molido descafeinado de tueste natural MARCILLA 200 gr,","price":"2,59 €","offer_price":0,"offer_type":null,"stock":false,"super":"alcampo"},{"img":"https://www.alcampo.es/media/h2e/hbc/9954797748254.jpg","name":"Café molido Italiano Qualità Rossa de LAVAZZA 250 g.","price":"3,15 €","offer_price":0,"offer_type":null,"stock":false,"super":"alcampo"},{"img":"https://www.alcampo.es/media/h15/hbd/9443466543134.jpg","name":"Café molido Arábica Espresso PRODUCTO ALCAMPO 250 g.","price":"1,84 €","offer_price":0,"offer_type":null,"stock":false,"super":"alcampo"},{"img":"https://www.alcampo.es/media/h98/h8b/8952496717854.jpg","name":"Café molido descafeinado mezcla MARCILLA 200 gr,","price":"2,59 €","offer_price":0,"offer_type":null,"stock":false,"super":"alcampo"},{"img":"https://www.alcampo.es/media/h20/h9f/8952224448542.jpg","name":"Café molido descafeinado mezcla MARCILLA Crème Express 250 gr,","price":"3,48 €","offer_price":0,"offer_type":null,"stock":false,"super":"alcampo"},{"img":"https://www.alcampo.es/media/h41/h48/9549361348638.jpg","name":"Café molido Etiopía ALCAMPO GOURMET 250 g.","price":"2,44 €","offer_price":0,"offer_type":null,"stock":false,"super":"alcampo"},{"img":"https://www.alcampo.es/media/h00/h74/9518650097694.jpg","name":"Café molido de tueste natural descafeinado BONKA de NESTLÉ 250 g.","price":"2,62 €","offer_price":0,"offer_type":null,"stock":false,"super":"alcampo"},{"img":"https://www.alcampo.es/media/h45/h57/9627285225502.jpg","name":"Café molido puro Colombia BONKA 250 g.","price":"2,50 €","offer_price":0,"offer_type":null,"stock":false,"super":"alcampo"},{"img":"https://www.alcampo.es/media/h90/hba/9262991245342.jpg","name":"Café molido natural LA ESTRELLA 250 g.","price":"1,60 €","offer_price":0,"offer_type":null,"stock":false,"super":"alcampo"},{"img":"https://www.alcampo.es/media/he0/ha6/10752038141982.jpg","name":"Café molido mezcla intensa LA ESTRELLA 2 uds. x 250 g.","price":"2,74 €","offer_price":0,"offer_type":null,"stock":false,"super":"alcampo"},{"img":"https://www.alcampo.es/media/h3b/h2c/8952271601694.jpg","name":"Café molido descafeinado mezcla SAIMAZA 250 gr,","price":"2,34 €","offer_price":0,"offer_type":null,"stock":false,"super":"alcampo"},{"img":"https://www.alcampo.es/media/ha8/hac/10911492964382.jpg","name":"Café molido descafeinado del trópico BONKA 400 g.","price":"3,75 €","offer_price":0,"offer_type":null,"stock":false,"super":"alcampo"},{"img":"https://www.alcampo.es/media/hb2/h4d/9617076781086.jpg","name":"Café molido natural FORTALEZA 500 g.","price":"5,47 €","offer_price":0,"offer_type":null,"stock":false,"super":"alcampo"},{"img":"https://www.alcampo.es/media/hd9/h6f/9549512966174.jpg","name":"Café molido 100 % Arábica PRODUCTO ALCAMPO 250 g.","price":"1,89 €","offer_price":0,"offer_type":null,"stock":false,"super":"alcampo"},{"img":"https://www.alcampo.es/media/h89/h3e/8952225431582.jpg","name":"Café molido natural gran selección SAIMAZA 250 g.","price":"2,59 €","offer_price":0,"offer_type":null,"stock":false,"super":"alcampo"},{"img":"https://www.alcampo.es/media/h81/hc7/9549357645854.jpg","name":"Café molido Brasil ALCAMPO GOURMET 250 g.","price":"2,44 €","offer_price":0,"offer_type":null,"stock":false,"super":"alcampo"},{"img":"https://www.alcampo.es/media/h5d/h07/9649875222558.jpg","name":"Café tostado molido Espresso Casa Intensidad 10 SEGAFREDO 225 g.","price":"2,26 €","offer_price":0,"offer_type":null,"stock":false,"super":"alcampo"},{"img":"https://www.alcampo.es/media/h3d/h43/10546850988062.jpg","name":"Café Molido Mezcla 70%Natural/30% Torrefacto BONKA de NESTLÉ 250 Gramos","price":"2,06 €","offer_price":0,"offer_type":null,"stock":false,"super":"alcampo"},{"img":"https://www.alcampo.es/media/h91/h61/8952300208158.jpg","name":"Café descafeinado molido natural SAIMAZA 250 gr,","price":"2,34 €","offer_price":0,"offer_type":null,"stock":false,"super":"alcampo"},{"img":"https://www.alcampo.es/media/h7c/hc6/9549368950814.jpg","name":"Café molido descafeinado 100 % Arábica PRODUCTO ALCAMPO 250 g.","price":"2,09 €","offer_price":0,"offer_type":null,"stock":false,"super":"alcampo"},{"img":"https://www.alcampo.es/media/hb0/h18/10411463016478.jpg","name":"Café molido Espresso de tueste medio ILLY 250 g.","price":"7,25 €","offer_price":0,"offer_type":null,"stock":false,"super":"alcampo"},{"img":"https://www.alcampo.es/media/ha0/heb/9679095889950.jpg","name":"Café molido de tueste natural MARCILLA pack de 2uds x500 g.","price":"7,28 €","offer_price":0,"offer_type":null,"stock":false,"super":"alcampo"},{"img":"https://www.alcampo.es/media/hcd/h3b/10911525273630.jpg","name":"Cáfe molido mezcla del Trópico BONKA 500 g. ","price":"3,75 €","offer_price":0,"offer_type":null,"stock":false,"super":"alcampo"},{"img":"https://www.alcampo.es/media/h0e/h1f/9527040966686.jpg","name":"Café molido de tueste natural Veranda STARBUCKS 200 g.","price":"2,77 €","offer_price":0,"offer_type":null,"stock":false,"super":"alcampo"},{"img":"https://www.alcampo.es/media/h9a/hbe/9600273547294.jpg","name":"Café soluble natural NESCAFÉ CLASSIC 200 g.","price":"5,25 €","offer_price":0,"offer_type":null,"stock":false,"super":"alcampo"},{"img":"https://www.alcampo.es/media/h6a/h0c/9600278790174.jpg","name":"Café soluble descafeinado NESCAFÉ CLASSIC 200 g.","price":"5,95 €","offer_price":0,"offer_type":null,"stock":false,"super":"alcampo"},{"img":"https://www.alcampo.es/media/h4e/h67/10739997048862.jpg","name":"Café soluble natural PRODUCTO ALCAMPO 200 g.","price":"1,89 €","offer_price":0,"offer_type":null,"stock":false,"super":"alcampo"},{"img":"https://www.alcampo.es/media/h7c/h58/9262999830558.jpg","name":"Café soluble descafeinado classic NESCAFÉ 10 uds.","price":"1,02 €","offer_price":0,"offer_type":null,"stock":false,"super":"alcampo"},{"img":"https://www.alcampo.es/media/hf1/h0d/8929941520414.jpg","name":"Café soluble descafeinado NESCAFÉ 100 g.","price":"2,88 €","offer_price":0,"offer_type":null,"stock":false,"super":"alcampo"},{"img":"https://www.alcampo.es/media/h59/haf/10819231907870.jpg","name":"Café soluble descafeínado PRODUCTO ALCAMPO 200 g.","price":"2,50 €","offer_price":0,"offer_type":null,"stock":false,"super":"alcampo"},{"img":"https://www.alcampo.es/media/h23/h59/10911575113758.jpg","name":"Café soluble natural con magnesio NESCAFÉ VITALÍSSIMO 200 g.","price":"5,20 €","offer_price":0,"offer_type":null,"stock":false,"super":"alcampo"},{"img":"https://www.alcampo.es/media/h4f/hdd/9659269775390.jpg","name":"Café soluble natural NESCAFÉ CLASSIC 100 g.","price":"2,94 €","offer_price":0,"offer_type":null,"stock":false,"super":"alcampo"},{"img":"https://www.alcampo.es/media/hd8/h6c/9226982785054.jpg","name":"Café soluble natural MARCILLA Creme Express 200 g.","price":"6,44 €","offer_price":0,"offer_type":null,"stock":false,"super":"alcampo"},{"img":"https://www.alcampo.es/media/hee/hed/9262995439646.jpg","name":"Café soluble natural NESCAFÉ 10 sobres","price":"0,91 €","offer_price":0,"offer_type":null,"stock":false,"super":"alcampo"},{"img":"https://www.alcampo.es/media/h6d/hf8/10911467765790.jpg","name":"Café soluble con mucha crema NESCAFÉ CLASSIC 200 g.","price":"5,20 €","offer_price":0,"offer_type":null,"stock":false,"super":"alcampo"},{"img":"https://www.alcampo.es/media/hd2/h8b/9263000485918.jpg","name":"Café soluble natural NESCAFÉ 100 g.","price":"4,15 €","offer_price":0,"offer_type":null,"stock":false,"super":"alcampo"},{"img":"https://www.alcampo.es/media/h97/hae/8959044485150.jpg","name":"Café soluble natural, MARCILLA, 200 gr,.","price":"4,65 €","offer_price":0,"offer_type":null,"stock":false,"super":"alcampo"},{"img":"https://www.alcampo.es/media/h1a/h22/9600274235422.jpg","name":"Café soluble natural alta rica NESCAFÉ GOLD bote de 100 g.","price":"3,99 €","offer_price":0,"offer_type":null,"stock":false,"super":"alcampo"},{"img":"https://www.alcampo.es/media/h54/h2c/10911505186846.jpg","name":"Café soluble descafeinado con magnesio, ayuda a reducir el cansancio y la fatiga NESCAFÉ 200 g.","price":"5,20 €","offer_price":0,"offer_type":null,"stock":false,"super":"alcampo"},{"img":"https://www.alcampo.es/media/h9d/hc9/9600270499870.jpg","name":"Café puro de Colombia NESCAFÉ 100 g.","price":"3,99 €","offer_price":0,"offer_type":null,"stock":false,"super":"alcampo"},{"img":"https://www.alcampo.es/media/hf5/h6f/10444766019614.jpg","name":"Café soluble 3 en 1 (café+leche+azúcar) NESCAFÉ 10 uds. de 18 gr,","price":"1,79 €","offer_price":0,"offer_type":null,"stock":false,"super":"alcampo"},{"img":"https://www.alcampo.es/media/h53/h72/9671847116830.jpg","name":"Café soluble natural NESCAFÉ pack 2 uds x 200 g.","price":"8,75 €","offer_price":0,"offer_type":null,"stock":false,"super":"alcampo"},{"img":"https://www.alcampo.es/media/h9d/hee/9489611882526.jpg","name":"Café soluble natural 100 % Colombia ALCAMPO GOURMET 100 g","price":"2,98 €","offer_price":0,"offer_type":null,"stock":false,"super":"alcampo"},{"img":"https://www.alcampo.es/media/hb9/h9c/8959055298590.jpg","name":"Café soluble descafeinado MARCILLA, 200 gr,.","price":"4,79 €","offer_price":0,"offer_type":null,"stock":false,"super":"alcampo"},{"img":"https://www.alcampo.es/media/h8a/h82/8952321540126.jpg","name":"Café soluble natural LA ESTRELLA 200 gr,","price":"2,84 €","offer_price":0,"offer_type":null,"stock":false,"super":"alcampo"},{"img":"https://www.alcampo.es/media/he9/hc6/9484925992990.jpg","name":"Café soluble Cappuccino Mocha NESCAFÉ Gold 306 g.","price":"3,19 €","offer_price":0,"offer_type":null,"stock":false,"super":"alcampo"},{"img":"https://www.alcampo.es/media/hc3/h2b/10752046071838.jpg","name":"Café soluble capuccino Mocha NESCAFÉ GOLD 8 uds.x 18 g.","price":"2,32 €","offer_price":0,"offer_type":null,"stock":false,"super":"alcampo"},{"img":"https://www.alcampo.es/media/hab/hea/9262992556062.jpg","name":"Café soluble descafeinado Gold de NESCAFÉ bote de 100 g.","price":"3,99 €","offer_price":0,"offer_type":null,"stock":false,"super":"alcampo"},{"img":"https://www.alcampo.es/media/hf3/h27/10879805423646.jpg","name":"Café soluble Capuccino avellana PRODUCTO ALCAMPO 250 g.","price":"2,05 €","offer_price":0,"offer_type":null,"stock":false,"super":"alcampo"},{"img":"https://www.alcampo.es/media/h05/ha2/10703031042078.jpg","name":"Café soluble natural PRODUCTO ALCAMPO 100 g.","price":"1,32 €","offer_price":0,"offer_type":null,"stock":false,"super":"alcampo"},{"img":"https://www.alcampo.es/media/h46/h83/10911401213982.jpg","name":"Café soluble natural intenso NESCAFÉ BLACK ROAST 200 g. ","price":"4,84 €","offer_price":0,"offer_type":null,"stock":false,"super":"alcampo"},{"img":"https://www.alcampo.es/media/h19/h94/10703016493086.jpg","name":"Café soluble descafeinado PRODUCTO ALCAMPO 100 g.","price":"1,31 €","offer_price":0,"offer_type":null,"stock":false,"super":"alcampo"},{"img":"https://www.alcampo.es/media/h09/h6f/10435491954718.jpg","name":"Café soluble descafeinado NESCAFÉ 2 uds x 200 g.","price":"8,75 €","offer_price":0,"offer_type":null,"stock":false,"super":"alcampo"},{"img":"https://www.alcampo.es/media/h4b/hc0/10740012351518.jpg","name":"Café soluble Capuccino Vienés PRODUCTO ALCAMPO 250 g.","price":"1,97 €","offer_price":0,"offer_type":null,"stock":false,"super":"alcampo"},{"img":"https://www.alcampo.es/media/h8f/h7e/9226972266526.jpg","name":"Café soluble descafeinado MARCILLA Creme Express 200 g.","price":"6,89 €","offer_price":0,"offer_type":null,"stock":false,"super":"alcampo"},{"img":"https://www.alcampo.es/media/h35/hf6/9600278298654.jpg","name":"Café soluible vainilla Latte NESCAFÉ GOLD 310 g.","price":"3,19 €","offer_price":0,"offer_type":null,"stock":false,"super":"alcampo"},{"img":"https://www.alcampo.es/media/h3a/hc3/10752158564382.jpg","name":"Café soluble descafeinado LA ESTRELLA 200 g.","price":"3,54 €","offer_price":0,"offer_type":null,"stock":false,"super":"alcampo"},{"img":"https://www.alcampo.es/media/hcb/hb3/9424017784862.jpg","name":"Café soluble natural PRODUCTO ALCAMPO 50 g.","price":"1,09 €","offer_price":0,"offer_type":null,"stock":false,"super":"alcampo"},{"img":"https://www.alcampo.es/media/hef/ha3/9489577345054.jpg","name":"Café soluble Capuccino vainilla PRODUCTO ALCAMPO 8 sticks 144 g.","price":"1,58 €","offer_price":0,"offer_type":null,"stock":false,"super":"alcampo"},{"img":"https://www.alcampo.es/media/h37/h4a/9424027582494.jpg","name":"Café soluble natural Barista AUCHAN Gourmet 100 g.","price":"2,59 €","offer_price":0,"offer_type":null,"stock":false,"super":"alcampo"},{"img":"https://www.alcampo.es/media/hcb/h26/10798454505502.jpg","name":"Café soluble Capuccino blanco NESCAFÉ GOLD 8 sobres 120 g.","price":"2,24 €","offer_price":0,"offer_type":null,"stock":false,"super":"alcampo"},{"img":"https://www.alcampo.es/media/hd1/he7/9787430633502.jpg","name":"Café soluble de Papua Nueva Guinea, arábico y BIO MOUNT HAGEN 100 g.","price":"6,99 €","offer_price":0,"offer_type":null,"stock":false,"super":"alcampo"},{"img":"https://www.alcampo.es/media/he2/h5b/10826947231774.jpg","name":"Café soluble natural, intensidad 8 PRODUCTO ALCAMPO 10 uds. 20 G.","price":"1,85 €","offer_price":0,"offer_type":null,"stock":false,"super":"alcampo"},{"img":"https://www.alcampo.es/media/h0a/h10/10411512496158.jpg","name":"Café soluble natural Espresso intenso NESCAFÉ GOLD 100 g.","price":"3,99 €","offer_price":0,"offer_type":null,"stock":false,"super":"alcampo"},{"img":"https://www.alcampo.es/media/he4/h79/10826933436446.jpg","name":"Café soluble descafeinado intensidad 8 PRODUCTO ALCAMPO 10 uds. 20 g.","price":"0,83 €","offer_price":0,"offer_type":null,"stock":false,"super":"alcampo"},{"img":"https://www.alcampo.es/media/h76/hff/9475641147422.jpg","name":"Café soluble natural Arábica NESCAFÉ GOLD 15 uds, x 1,8 g.","price":"2,41 €","offer_price":0,"offer_type":null,"stock":false,"super":"alcampo"},{"img":"https://www.alcampo.es/media/h5e/h56/9787441709086.jpg","name":"Café descafeinado soluble, arábico y BIO MOUNT HAGEN 100 g.","price":"6,99 €","offer_price":0,"offer_type":null,"stock":false,"super":"alcampo"},{"img":"https://www.alcampo.es/media/h75/h6b/10289050320926.jpg","name":"Café soluble con bebida de coco NESCAFÉ GOLD COCONUT LATTE 6 uds. 90 g.","price":"2,35 €","offer_price":0,"offer_type":null,"stock":false,"super":"alcampo"},{"img":"https://www.alcampo.es/media/h22/h69/10879848415262.jpg","name":"Café soluble Cappuccino chocolate PRODUCTO ALCAMPO 8 uds. 144 g.","price":"1,58 €","offer_price":0,"offer_type":null,"stock":false,"super":"alcampo"},{"img":"https://www.alcampo.es/media/h0e/h4c/10289007296542.jpg","name":"Café soluble con avena NESCAFÉ GOLD OAT LATTE 6 uds. 96 g.","price":"2,35 €","offer_price":0,"offer_type":null,"stock":false,"super":"alcampo"},{"img":"https://www.alcampo.es/media/h32/hff/9263001567262.jpg","name":"Café en grano natural BONKA de NESTLÉ 500 gr,","price":"6,57 €","offer_price":0,"offer_type":null,"stock":false,"super":"alcampo"},{"img":"https://www.alcampo.es/media/h8d/h37/10788876353566.jpg","name":"Café en grano de agricultura ecológica 100% arábica OQUENDO 250 g.","price":"2,77 €","offer_price":0,"offer_type":null,"stock":false,"super":"alcampo"},{"img":"https://www.alcampo.es/media/h6a/hee/10857400238110.jpg","name":"Café tueste natural en grano MARCILLA 500 g.","price":"6,48 €","offer_price":0,"offer_type":null,"stock":false,"super":"alcampo"},{"img":"https://www.alcampo.es/media/h69/h0c/9470698848286.jpg","name":"Café en grano natural Italian Style MALONGO 500 g.","price":"4,79 €","offer_price":0,"offer_type":null,"stock":false,"super":"alcampo"},{"img":"https://www.alcampo.es/media/ha4/h4c/9549399326750.jpg","name":"Café en grano natural Tradición PRODUCTO ALCAMPO 500 g.","price":"3,17 €","offer_price":0,"offer_type":null,"stock":false,"super":"alcampo"},{"img":"https://www.alcampo.es/media/h13/h7a/9549375995934.jpg","name":"Café en grano 100 % Arábica PRODUCTO ALCAMPO 500 g.","price":"3,89 €","offer_price":0,"offer_type":null,"stock":false,"super":"alcampo"},{"img":"https://www.alcampo.es/media/he3/h25/10493024043038.jpg","name":"Café en grano mezcla (café de tueste natural 80% y café torrefacto 20%) PRODUCTO ALCAMPO 1 kg.","price":"5,54 €","offer_price":0,"offer_type":null,"stock":false,"super":"alcampo"},{"img":"https://www.alcampo.es/media/hb5/h0a/9396456063006.jpg","name":"Café granos Arábica 100 % BONKA 500 g.","price":"5,49 €","offer_price":0,"offer_type":null,"stock":false,"super":"alcampo"},{"img":"https://www.alcampo.es/media/h2b/h1a/9701155242014.jpg","name":"Café de tueste natural en grano OQUENDO 250 g.","price":"1,99 €","offer_price":0,"offer_type":null,"stock":false,"super":"alcampo"},{"img":"https://www.alcampo.es/media/h12/hc2/9712643047454.jpg","name":"Café en grano Pike Place STARBUCKS 200 g.","price":"3,26 €","offer_price":0,"offer_type":null,"stock":false,"super":"alcampo"},{"img":"https://www.alcampo.es/media/had/hf3/10882266595358.jpg","name":"Café de tueste natural descafeinado en grano, intensidad 7 OQUENDO 500 g.","price":"4,99 €","offer_price":0,"offer_type":null,"stock":false,"super":"alcampo"},{"img":"https://www.alcampo.es/media/hee/h57/9462980902942.jpg","name":"Café en grano tueste natural LA ESTRELLA 500 g. ","price":"3,29 €","offer_price":0,"offer_type":null,"stock":false,"super":"alcampo"},{"img":"https://www.alcampo.es/media/ha0/h7a/9552605249566.jpg","name":"Café en grano 100 % Arábica ALCAMPO ECOLÓGICO 250 g.","price":"2,32 €","offer_price":0,"offer_type":null,"stock":false,"super":"alcampo"},{"img":"https://www.alcampo.es/media/h54/h59/9146700693534.jpg","name":"Café grano descafeinado BONKA 500 g.","price":"6,81 €","offer_price":0,"offer_type":null,"stock":false,"super":"alcampo"},{"img":"https://www.alcampo.es/media/h25/ha8/10882301657118.jpg","name":"Café mezcla de tueste natural 70% y torrefacto 30% en grano. intensidad 7 OQUENDO 500 g.","price":"3,95 €","offer_price":0,"offer_type":null,"stock":false,"super":"alcampo"},{"img":"https://www.alcampo.es/media/ha7/h65/9537339228190.jpg","name":"Café en grano Arábica Espresso LAVAZZA 500 g.","price":"8,45 €","offer_price":0,"offer_type":null,"stock":false,"super":"alcampo"},{"img":"https://www.alcampo.es/media/h88/h83/9330681806878.jpg","name":"Café en grano natural 100 % MALONGO 500 g.","price":"7,76 €","offer_price":0,"offer_type":null,"stock":false,"super":"alcampo"},{"img":"https://www.alcampo.es/media/hee/h85/10411461541918.jpg","name":"Café en grano natural tueste medio ILLY 250 g.","price":"8,94 €","offer_price":0,"offer_type":null,"stock":false,"super":"alcampo"},{"img":"https://www.alcampo.es/media/h44/h4a/9853948624926.jpg","name":"Café en grano espresso Colombia, Intensidad 8 L´OR 500 g.","price":"7,28 €","offer_price":0,"offer_type":null,"stock":false,"super":"alcampo"},{"img":"https://www.alcampo.es/media/hc7/h1a/10882237726750.jpg","name":"Café en grano natural, intensidad 7 OQUENDO 500 g.","price":"4,99 €","offer_price":0,"offer_type":null,"stock":false,"super":"alcampo"},{"img":"https://www.alcampo.es/media/h38/h14/9526998204446.jpg","name":"Café en grano Blonde Espresso STARBUCKS 200 g.","price":"3,05 €","offer_price":0,"offer_type":null,"stock":false,"super":"alcampo"},{"img":"https://www.alcampo.es/media/h2d/h4d/9462945906718.jpg","name":"Café en grano torrefacto LA ESTRELLA 500 g.","price":"4,14 €","offer_price":0,"offer_type":null,"stock":false,"super":"alcampo"},{"img":"https://www.alcampo.es/media/h45/h09/9527008854046.jpg","name":"Café Espresso en grano STARBUCKS 200 g.","price":"3,62 €","offer_price":0,"offer_type":null,"stock":false,"super":"alcampo"},{"img":"https://www.alcampo.es/media/h6f/ha1/10193714348062.jpg","name":"Café en grano natural. Qualitá Rossa, intensidad 5 LAVAZZA 500 g.","price":"6,49 €","offer_price":0,"offer_type":null,"stock":false,"super":"alcampo"},{"img":"https://www.alcampo.es/media/h98/h6c/9549360627742.jpg","name":"Café en grano descafeinado natural PRODUCTO ALCAMPO 250 g.","price":"1,99 €","offer_price":0,"offer_type":null,"stock":false,"super":"alcampo"},{"img":"https://www.alcampo.es/media/ha3/h03/10786514108446.jpg","name":"Café en grano Arábica supremo MALONGO LE GRAIN 220 g. ","price":"3,95 €","offer_price":0,"offer_type":null,"stock":false,"super":"alcampo"},{"img":"https://www.alcampo.es/media/h32/h88/10875087224862.jpg","name":"Café mezcla en grano SAIMAZA GRAN AROMA 500 g.","price":"10,35 €","offer_price":0,"offer_type":null,"stock":false,"super":"alcampo"},{"img":"https://www.alcampo.es/media/hd8/hda/9744734355486.jpg","name":"Café Forza en grano de tueste natural intensidad 9 L' OR 500 g.","price":"7,57 €","offer_price":0,"offer_type":null,"stock":false,"super":"alcampo"},{"img":"https://www.alcampo.es/media/h12/h9f/9100140183582.jpg","name":"Café en grano descafeinado ILLY 250 g.","price":"7,25 €","offer_price":0,"offer_type":null,"stock":false,"super":"alcampo"},{"img":"https://www.alcampo.es/media/h47/h2b/9744832921630.jpg","name":"Café Classique en grano con tueste natural L' OR 500 g.","price":"8,04 €","offer_price":0,"offer_type":null,"stock":false,"super":"alcampo"},{"img":"https://www.alcampo.es/media/h18/h41/10786584789022.jpg","name":"Café en grano Arábica MALONGO CARAT 220 g.","price":"2,99 €","offer_price":0,"offer_type":null,"stock":false,"super":"alcampo"},{"img":"https://www.alcampo.es/media/h7a/ha0/9712642424862.jpg","name":"Cereal soluble ecológico EKO 150 g.","price":"2,39 €","offer_price":0,"offer_type":null,"stock":false,"super":"alcampo"},{"img":"https://www.alcampo.es/media/h19/h06/10802713264158.jpg","name":"Cereales solubles con magnesio EKO 150 g.","price":"2,43 €","offer_price":0,"offer_type":null,"stock":false,"super":"alcampo"},{"img":"https://www.alcampo.es/media/h7e/h51/8990278549534.jpg","name":"Achicoria soluble natural LEROUX 200 gr,.","price":"2,74 €","offer_price":0,"offer_type":null,"stock":false,"super":"alcampo"},{"img":"https://www.alcampo.es/media/h2e/h75/10801686970398.jpg","name":"Café soluble de cereales tostados, malta y achicoria EKO de NESTLE 150 g.","price":"2,43 €","offer_price":0,"offer_type":null,"stock":false,"super":"alcampo"},{"img":"https://www.alcampo.es/media/h4f/hca/8901703237662.jpg","name":"Achicoria express EL CHIMBO 500 gr,","price":"2,99 €","offer_price":0,"offer_type":null,"stock":false,"super":"alcampo"},{"img":"https://www.alcampo.es/media/h88/he3/9247183601694.jpg","name":"Extracto soluble de malta, cereales tostados y achicoria PRODUCTO ECONÓMICO ALCAMPO 200 gr,","price":"2,11 €","offer_price":0,"offer_type":null,"stock":false,"super":"alcampo"},{"img":"https://www.alcampo.es/media/h0a/he5/8929927430174.jpg","name":"Mezcla de achicoria y café NESTLÉ RICORÉ 250 g.","price":"5,40 €","offer_price":0,"offer_type":null,"stock":false,"super":"alcampo"}]