[{"img":"https://www.alcampo.es/media/h17/hec/10752052232222.jpg","name":"Cereales desayuno Alphabet NESQUIK 325 g","price":"2,49 €","offer_price":0,"offer_type":null,"stock":false,"super":"alcampo"},{"img":"https://www.alcampo.es/media/he4/h02/9314073346078.jpg","name":"Cereales, multipack NESTLÉ 5 x 30 g. +1 x 40 g","price":"2,75 €","offer_price":0,"offer_type":null,"stock":false,"super":"alcampo"},{"img":"https://www.alcampo.es/media/h8e/h68/9627259174942.jpg","name":"Cereales con miel en forma de Estrellitas NESTLÉ 450 g.","price":"2,49 €","offer_price":0,"offer_type":null,"stock":false,"super":"alcampo"},{"img":"https://www.alcampo.es/media/h32/hd4/9041926062110.jpg","name":"Galleta con arroz inflado chocolateado CHOCO FLAKES 450 g.","price":"2,75 €","offer_price":0,"offer_type":null,"stock":false,"super":"alcampo"},{"img":"https://www.alcampo.es/media/h67/haf/10879792513054.jpg","name":"Cereales rellenos de leche PRODUCTO ALCAMPO 500 g.","price":"1,64 €","offer_price":0,"offer_type":null,"stock":false,"super":"alcampo"},{"img":"https://www.alcampo.es/media/h72/h59/9524443054110.jpg","name":"Cereales copos de maíz natural KELLOGG'S CORN FLAKES 500 g.","price":"2,44 €","offer_price":0,"offer_type":null,"stock":false,"super":"alcampo"},{"img":"https://www.alcampo.es/media/had/hbf/9058436841502.jpg","name":"Cereales de fibra con copos de avena PRODUCTO ALCAMPO 500 g.","price":"0,73 €","offer_price":0,"offer_type":null,"stock":false,"super":"alcampo"},{"img":"https://www.alcampo.es/media/h66/he9/10098034540574.jpg","name":"Cereales de chocolate CHOCAPIC 750 g. ","price":"3,54 €","offer_price":0,"offer_type":null,"stock":false,"super":"alcampo"},{"img":"https://www.alcampo.es/media/h21/hc2/10207707365406.jpg","name":"Cereales clásicos bajos en calorías KELLOGG'S SPECIAL K 750 g.","price":"3,90 €","offer_price":0,"offer_type":null,"stock":false,"super":"alcampo"},{"img":"https://www.alcampo.es/media/h83/ha1/10207670075422.jpg","name":"Cereales integrales de chocolate negro KELLOGG'S SPECIAL K 550 g.","price":"3,40 €","offer_price":0,"offer_type":null,"stock":false,"super":"alcampo"},{"img":"https://www.alcampo.es/media/h27/h21/9743861874718.jpg","name":"Cereales de fibra y chocolate KELLOGG'S ALL-BRAN CHOCO 375 g.","price":"2,74 €","offer_price":0,"offer_type":null,"stock":false,"super":"alcampo"},{"img":"https://www.alcampo.es/media/h7d/hf8/9219988324382.jpg","name":"Galletas de cereales con forma de dinosaurios DINOSAURUS 350 gr,","price":"1,98 €","offer_price":0,"offer_type":null,"stock":false,"super":"alcampo"},{"img":"https://www.alcampo.es/media/hd7/h12/10879849660446.jpg","name":"Cereales rellenos de chocolate con leche PRODUCTO ALCAMPO JUMBLIES 500 g.","price":"1,64 €","offer_price":0,"offer_type":null,"stock":false,"super":"alcampo"},{"img":"https://www.alcampo.es/media/h40/he7/9379972382750.jpg","name":"Cereales cornflakes, copos de maíz ecológicos ECOCESTA 400 g.","price":"2,68 €","offer_price":0,"offer_type":null,"stock":false,"super":"alcampo"},{"img":"https://www.alcampo.es/media/h48/hda/10664286617630.jpg","name":"Cereales de fibra con copos de avena suaves WEETABIX 500 g.","price":"1,27 €","offer_price":0,"offer_type":null,"stock":false,"super":"alcampo"},{"img":"https://www.alcampo.es/media/ha4/h09/10911404589086.jpg","name":"Cereales de arroz inflado de chocolate KELLOGG'S CHOCO KRISPIES 375 g.","price":"3,25 €","offer_price":0,"offer_type":null,"stock":false,"super":"alcampo"},{"img":"https://www.alcampo.es/media/h69/hd6/10911400755230.jpg","name":"Cereales copos de maíz azucarados KELLOGG'S FROSTIES 375 g.","price":"3,25 €","offer_price":0,"offer_type":null,"stock":false,"super":"alcampo"},{"img":"https://www.alcampo.es/media/hb9/hd4/10358782394398.jpg","name":"Copos de avena integral suaves KöLLN 500 g.","price":"1,83 €","offer_price":0,"offer_type":null,"stock":false,"super":"alcampo"},{"img":"https://www.alcampo.es/media/ha5/h69/9379973136414.jpg","name":"Copos de avena integral de cultivo ecológico ECOCESTA 500 gr,","price":"2,06 €","offer_price":0,"offer_type":null,"stock":false,"super":"alcampo"},{"img":"https://www.alcampo.es/media/hc4/hef/10911323193374.jpg","name":"Cereales de trigo con miel SMACKS 375 g.","price":"3,25 €","offer_price":0,"offer_type":null,"stock":false,"super":"alcampo"},{"img":"https://www.alcampo.es/media/h48/hd7/9775608234014.jpg","name":"Cereal de copo de maíz PRODUCTO ALCAMPO 500 g.","price":"0,98 €","offer_price":0,"offer_type":null,"stock":false,"super":"alcampo"},{"img":"https://www.alcampo.es/media/hee/h22/9884068118558.jpg","name":"Copos de trigo integral, arroz y avena integral tostados, recubierto de chocolate con leche NESTLÉ FITNESS 375 g.","price":"2,73 €","offer_price":0,"offer_type":null,"stock":false,"super":"alcampo"},{"img":"https://www.alcampo.es/media/h64/h6b/9444308549662.jpg","name":"Cereales muesli con chocolate negro y avellanas PRODUCTO ALCAMPO 450 g.","price":"1,56 €","offer_price":0,"offer_type":null,"stock":false,"super":"alcampo"},{"img":"https://www.alcampo.es/media/h45/hf1/10033906515998.jpg","name":"Cereales muesli con chocolate Cruesli QUAKER 375 g.","price":"2,99 €","offer_price":0,"offer_type":null,"stock":false,"super":"alcampo"},{"img":"https://www.alcampo.es/media/h19/h0f/10207712673822.jpg","name":"Cereales clásicos bajos en calorías KELLOGG'S SPECIAL K 500 g.","price":"2,48 €","offer_price":0,"offer_type":null,"stock":false,"super":"alcampo"},{"img":"https://www.alcampo.es/media/h8d/h3f/9157823201310.jpg","name":"Copos de avena integral QUAKER 500 g.","price":"2,07 €","offer_price":0,"offer_type":null,"stock":false,"super":"alcampo"},{"img":"https://www.alcampo.es/media/h7c/h44/10546734792734.jpg","name":"Copos de trigo integral, arroz y avena integral, recubiertos de chocolate negro NESTLÉ FITNESS 375 g.","price":"2,08 €","offer_price":0,"offer_type":null,"stock":false,"super":"alcampo"},{"img":"https://www.alcampo.es/media/h57/h79/9758519197726.jpg","name":"Cereal con copo de trigo con chocolate PRODUCTO ALCAMPO CAO FLAKES 500 g.","price":"1,38 €","offer_price":0,"offer_type":null,"stock":false,"super":"alcampo"},{"img":"https://www.alcampo.es/media/hb4/h65/10879804997662.jpg","name":"Cereales rellenos de chocolate negro PRODUCTO ALCAMPO 500 g.","price":"1,98 €","offer_price":0,"offer_type":null,"stock":false,"super":"alcampo"},{"img":"https://www.alcampo.es/media/h24/h15/8877060915230.jpg","name":"Copos de avena integral de agricultura ecológica SANTIVERI 500 g.","price":"2,02 €","offer_price":0,"offer_type":null,"stock":false,"super":"alcampo"},{"img":"https://www.alcampo.es/media/h9a/h28/10879787892766.jpg","name":"Cereales rellenos de cacao con avellana PRODUCTO ALCAMPO JUMBLIES 500 g.","price":"1,58 €","offer_price":0,"offer_type":null,"stock":false,"super":"alcampo"},{"img":"https://www.alcampo.es/media/h21/h06/9761266991134.jpg","name":"Cereales de arroz inflado de chocolate PRODUCTO ALCAMPO CHOCOCRACK 500 G","price":"1,34 €","offer_price":0,"offer_type":null,"stock":false,"super":"alcampo"},{"img":"https://www.alcampo.es/media/h84/h00/10802783780894.jpg","name":"Cereales granola con chocolate y avellanas KELLOGG'S EXTRA 375 g.","price":"2,69 €","offer_price":0,"offer_type":null,"stock":false,"super":"alcampo"},{"img":"https://www.alcampo.es/media/h95/hb6/10207712509982.jpg","name":"Cereales rellenos de chocolate KRAVE KELLOGG'S 600 g.","price":"3,79 €","offer_price":0,"offer_type":null,"stock":false,"super":"alcampo"},{"img":"https://www.alcampo.es/media/h23/ha2/9444300881950.jpg","name":"Cereales muesli con fruta PRODUCTO ALCAMPO 450 g.","price":"1,42 €","offer_price":0,"offer_type":null,"stock":false,"super":"alcampo"},{"img":"https://www.alcampo.es/media/ha5/h27/9089241939998.jpg","name":"Muesli de chocolate con leche CROUSTY, PRODUCTO ALCAMPO 450 gr.","price":"1,99 €","offer_price":0,"offer_type":null,"stock":false,"super":"alcampo"},{"img":"https://www.alcampo.es/media/h60/h41/9444371857438.jpg","name":"Cereal granola Crousty 3 chocolates PRODUCTO ALCAMPO 450 g.","price":"1,99 €","offer_price":0,"offer_type":null,"stock":false,"super":"alcampo"},{"img":"https://www.alcampo.es/media/h06/hee/10207725846558.jpg","name":"Cereales con frutos rojos KELLOGG'S SPECIAL K 300 g.","price":"2,94 €","offer_price":0,"offer_type":null,"stock":false,"super":"alcampo"},{"img":"https://www.alcampo.es/media/h86/hd4/10911420874782.jpg","name":"Cereales de chocolate KELLOGG'S CHOCO KRISPIES 375 g.","price":"3,25 €","offer_price":0,"offer_type":null,"stock":false,"super":"alcampo"},{"img":"https://www.alcampo.es/media/h1d/h66/10801918246942.jpg","name":"Cereales de chocolate CHOCAPIC 375 g.","price":"2,44 €","offer_price":0,"offer_type":null,"stock":false,"super":"alcampo"},{"img":"https://www.alcampo.es/media/hc4/h36/9884085288990.jpg","name":"Cereales de maíz y trigo tostados NESTLÉ GOLDEN GRAHAMS 420 gr,","price":"2,18 €","offer_price":0,"offer_type":null,"stock":false,"super":"alcampo"},{"img":"https://www.alcampo.es/media/h4e/hda/10752019431454.jpg","name":"Cereales sin gluten Go Free NESTLÉ 375 g.","price":"2,26 €","offer_price":0,"offer_type":null,"stock":false,"super":"alcampo"},{"img":"https://www.alcampo.es/media/h08/hbd/10911466618910.jpg","name":"Cereales arros RICE KRISPIES KELLOGG'S 340 g. ","price":"3,25 €","offer_price":0,"offer_type":null,"stock":false,"super":"alcampo"},{"img":"https://www.alcampo.es/media/h80/h36/9627278573598.jpg","name":"Cereales con caramelo y chocolate NESTLÉ LION 400 g.","price":"2,39 €","offer_price":0,"offer_type":null,"stock":false,"super":"alcampo"},{"img":"https://www.alcampo.es/media/hb7/h38/10540058378270.jpg","name":"Barrita de cereales, con chocolate y avenllanas PRODUCTO ALCAMPO CROUSTY 6 uds. x 21 g.","price":"1,12 €","offer_price":0,"offer_type":null,"stock":false,"super":"alcampo"},{"img":"https://www.alcampo.es/media/he4/h4b/9524427587614.jpg","name":"Cereales con miel KELLOGG'S CRUNCHY NUT 500 g.","price":"2,66 €","offer_price":0,"offer_type":null,"stock":false,"super":"alcampo"},{"img":"https://www.alcampo.es/media/h6e/h2f/9444319461406.jpg","name":"Cereales muesli con frutas rojas PRODUCTO ALCAMPO 450 g.","price":"1,99 €","offer_price":0,"offer_type":null,"stock":false,"super":"alcampo"},{"img":"https://www.alcampo.es/media/h9a/h76/9758493278238.jpg","name":"Cereales de copo integral con chocolate negro PRODUCTO ALCAMPO DELIFORM 500 g.","price":"2,19 €","offer_price":0,"offer_type":null,"stock":false,"super":"alcampo"},{"img":"https://www.alcampo.es/media/h22/hfe/9444270211102.jpg","name":"Cereales muesli con nueces AUCHAN 450 g.","price":"1,99 €","offer_price":0,"offer_type":null,"stock":false,"super":"alcampo"},{"img":"https://www.alcampo.es/media/h9d/h3c/9712635478046.jpg","name":"Cereales en barrita con chocolate negro PRODUCTO ALCAMPO CROUSTY barrita de 21 gr, pack de 6 uds.","price":"1,12 €","offer_price":0,"offer_type":null,"stock":false,"super":"alcampo"},{"img":"https://www.alcampo.es/media/h53/hab/9758515527710.jpg","name":"Cereales de copo integral PRODUCTO ALCAMPO DELIFORM 500 g.","price":"1,58 €","offer_price":0,"offer_type":null,"stock":false,"super":"alcampo"},{"img":"https://www.alcampo.es/media/h4c/h0e/10911428214814.jpg","name":"Cereales con miel KELLOGG'S MIEL POPS 375 g.","price":"3,25 €","offer_price":0,"offer_type":null,"stock":false,"super":"alcampo"},{"img":"https://www.alcampo.es/media/hb2/hfa/10546726404126.jpg","name":"Copos de trigo integral, avena integral y arroz tostados NESTLÉ FITNESS, 450 g.","price":"2,59 €","offer_price":0,"offer_type":null,"stock":false,"super":"alcampo"},{"img":"https://www.alcampo.es/media/ha5/h17/9758498521118.jpg","name":"Cereal de maíz con miel PRODUCTO ALCAMPO MIEL NUTS 500 g.","price":"1,37 €","offer_price":0,"offer_type":null,"stock":false,"super":"alcampo"},{"img":"https://www.alcampo.es/media/h37/h7f/10752068845598.jpg","name":"Cereales integrales ecológicos NESTÉ CHEERIOS 330 g.","price":"3,16 €","offer_price":0,"offer_type":null,"stock":false,"super":"alcampo"},{"img":"https://www.alcampo.es/media/h4c/h1f/10231502045214.jpg","name":"Cereales muesli con frutas PRODUCTO ALCAMPO 1 kg.","price":"1,81 €","offer_price":0,"offer_type":null,"stock":false,"super":"alcampo"},{"img":"https://www.alcampo.es/media/h8d/hce/10664287109150.jpg","name":"Cereales de trigo bajos en calorías WEETABIX 860 g.","price":"5,09 €","offer_price":0,"offer_type":null,"stock":false,"super":"alcampo"},{"img":"https://www.alcampo.es/media/h63/h30/9524425326622.jpg","name":"Barritas en bizcocho de fruta y fibra ALL-BRAN KELLOGG´S pack 6 uds. x 40 g..","price":"2,57 €","offer_price":0,"offer_type":null,"stock":false,"super":"alcampo"},{"img":"https://www.alcampo.es/media/h69/h2f/10445217202206.jpg","name":"Barritas de frutos secos y arándanos con ingredientes 100% naturales y sin azúcares añadidos NÁKD 4 uds. 140 g.","price":"2,35 €","offer_price":0,"offer_type":null,"stock":false,"super":"alcampo"},{"img":"https://www.alcampo.es/media/hab/h01/10358797041694.jpg","name":"Cereales muesli con copos de avena integrales y pepitas de chocolate KöLLN 500 g.","price":"4,23 €","offer_price":0,"offer_type":null,"stock":false,"super":"alcampo"},{"img":"https://www.alcampo.es/media/h69/hf6/8899705700382.jpg","name":"Cereales en barrita PRODUCTO ECONÓMICO ALCAMPO barrita 21 gr. Pack 6 unidades","price":"0,77 €","offer_price":0,"offer_type":null,"stock":false,"super":"alcampo"},{"img":"https://www.alcampo.es/media/h6a/hba/10628190240798.jpg","name":"Cereales en barrita con chocolate negro HERO MUESLY 6 x 23 g.","price":"1,63 €","offer_price":0,"offer_type":null,"stock":false,"super":"alcampo"},{"img":"https://www.alcampo.es/media/hfc/h22/10207734202398.jpg","name":"Cereales con trocitos de chocolate con leche KELLOGG'S SPECIAL K 375 g.","price":"2,67 €","offer_price":0,"offer_type":null,"stock":false,"super":"alcampo"},{"img":"https://www.alcampo.es/media/hf4/h34/10664268103710.jpg","name":"Cereal muesli sin azúcares añadidos ALPEN 560 g.","price":"3,91 €","offer_price":0,"offer_type":null,"stock":false,"super":"alcampo"},{"img":"https://www.alcampo.es/media/h21/h7c/10819239870494.jpg","name":"Copos suaves de avena integrales ecológicos ALCAMPO ECOLÓGICO 500 g.","price":"1,28 €","offer_price":0,"offer_type":null,"stock":false,"super":"alcampo"},{"img":"https://www.alcampo.es/media/hcf/h60/10445189939230.jpg","name":"Barritas de dátiles con cacahuete, 100% ingredientes naturales y sin azúcares añadidos NÁKD 4 uds. 140 g.","price":"2,43 €","offer_price":0,"offer_type":null,"stock":false,"super":"alcampo"},{"img":"https://www.alcampo.es/media/hc3/h53/10033837768734.jpg","name":"Cereales muesli con frutos secos Cruesli QUAKER 375 g.","price":"2,99 €","offer_price":0,"offer_type":null,"stock":false,"super":"alcampo"},{"img":"https://www.alcampo.es/media/h34/h05/9790086152222.jpg","name":"Cereales de fibra con frutas y avellanas PRODUCTO ALCAMPO 500 gr,","price":"1,64 €","offer_price":0,"offer_type":null,"stock":false,"super":"alcampo"},{"img":"https://www.alcampo.es/media/h97/he8/10540060704798.jpg","name":"Barrita de cereales y chocolate con leche PRODUCTO ALCAMPO CROUSTY DUO 6 uds. x 21 g.","price":"1,09 €","offer_price":0,"offer_type":null,"stock":false,"super":"alcampo"},{"img":"https://www.alcampo.es/media/h4c/ha4/9775614525470.jpg","name":"Cereal de copo de maíz azucarado PRODUCTO ALCAMPO 500 g.","price":"1,28 €","offer_price":0,"offer_type":null,"stock":false,"super":"alcampo"},{"img":"https://www.alcampo.es/media/h2a/hb4/9758540202014.jpg","name":"Cereal de trigo inflado con miel PRODUCTO ALCAMPO BUMPIES 500 g.","price":"1,34 €","offer_price":0,"offer_type":null,"stock":false,"super":"alcampo"},{"img":"https://www.alcampo.es/media/h5d/h23/10806379937822.jpg","name":"Cereales de arroz tostado con sabor a chocolate KELLOGG Choco Krispies 600 g.","price":"3,66 €","offer_price":0,"offer_type":null,"stock":false,"super":"alcampo"},{"img":"https://www.alcampo.es/media/h67/h6a/10628296015902.jpg","name":"Cereales en barritas con chocolate negro HERO MUESLY 6 udsx 25 g.","price":"1,54 €","offer_price":0,"offer_type":null,"stock":false,"super":"alcampo"},{"img":"https://www.alcampo.es/media/hbd/ha7/9524419559454.jpg","name":"Cereales granola frutos secos sin azúcares añadidos KELLOGG'S 300 g.","price":"2,18 €","offer_price":0,"offer_type":null,"stock":false,"super":"alcampo"},{"img":"https://www.alcampo.es/media/h3f/hb9/9758528438302.jpg","name":"Cereal bolas de trigo con chocolate PRODUCTO ALCAMPO CAO CROC 500 g.","price":"1,27 €","offer_price":0,"offer_type":null,"stock":false,"super":"alcampo"},{"img":"https://www.alcampo.es/media/hac/h84/9041992646686.jpg","name":"Galletas de chocolate CHOCO FLAKES 450 gr,","price":"2,84 €","offer_price":0,"offer_type":null,"stock":false,"super":"alcampo"},{"img":"https://www.alcampo.es/media/h86/ha9/8870841810974.jpg","name":"Cereales en barrita con manzana y albaricoque PRODUCTO ECONÓMICO ALCAMPO 21 gr.pack de 6 uds.","price":"0,80 €","offer_price":0,"offer_type":null,"stock":false,"super":"alcampo"},{"img":"https://www.alcampo.es/media/h1f/h9e/10207710543902.jpg","name":"Barritas de cereales con chocolate negro KELLOGG´S SPECIAL K pack 6 uds. x 21,5 g.","price":"1,99 €","offer_price":0,"offer_type":null,"stock":false,"super":"alcampo"},{"img":"https://www.alcampo.es/media/h18/h25/9379995942942.jpg","name":"Cereales bolitas de maiz ecológicos con miel ECOCESTA 400 g.","price":"2,64 €","offer_price":0,"offer_type":null,"stock":false,"super":"alcampo"},{"img":"https://www.alcampo.es/media/h9e/hb4/8894678237214.jpg","name":"Cereales en barrita PRODUCTO ECONÓMICO ALCAMPO barrita 21 gr pack de 6 unidades","price":"0,81 €","offer_price":0,"offer_type":null,"stock":false,"super":"alcampo"},{"img":"https://www.alcampo.es/media/hfe/h36/10664183529502.jpg","name":"Cereales mini chocolate WEETABIX 450 g.","price":"2,67 €","offer_price":0,"offer_type":null,"stock":false,"super":"alcampo"},{"img":"https://www.alcampo.es/media/h4d/h78/10628314464286.jpg","name":"Cereales en barritas de chocolate con leche muesli línea de HERO 6 uds. x 20 g.","price":"1,55 €","offer_price":0,"offer_type":null,"stock":false,"super":"alcampo"},{"img":"https://www.alcampo.es/media/h0f/h63/8980432322590.jpg","name":"Cereales integrales con chocolate negro NESTLÉ FITNESS 600 gr,","price":"3,75 €","offer_price":0,"offer_type":null,"stock":false,"super":"alcampo"},{"img":"https://www.alcampo.es/media/h42/h46/9014901407774.jpg","name":"Copos de avena sin gluten BAUCKHOF 475 g.","price":"3,67 €","offer_price":0,"offer_type":null,"stock":false,"super":"alcampo"},{"img":"https://www.alcampo.es/media/hf7/h2b/9380020224030.jpg","name":"Cereales de fibra con copos de avena ECOCESTA 500 g.","price":"1,88 €","offer_price":0,"offer_type":null,"stock":false,"super":"alcampo"},{"img":"https://www.alcampo.es/media/hdf/he4/9425084612638.jpg","name":"Espelta hinchada bio ECOCESTA 125 g.-","price":"2,04 €","offer_price":0,"offer_type":null,"stock":false,"super":"alcampo"},{"img":"https://www.alcampo.es/media/h90/h67/9743846047774.jpg","name":"Cereales de fibra de salvado de trigo KELLOGG'S ALL-BRAN 375 g.","price":"2,34 €","offer_price":0,"offer_type":null,"stock":false,"super":"alcampo"},{"img":"https://www.alcampo.es/media/h43/hdf/10207643041822.jpg","name":"Cereales con chocolate suizo negro, bajos en calorías SPECIAL K 375 g.","price":"2,64 €","offer_price":0,"offer_type":null,"stock":false,"super":"alcampo"},{"img":"https://www.alcampo.es/media/h12/h66/9524418412574.jpg","name":"Cereales en barrita con chocolateKELLOGG´S ALL-BRAN pack 6 uds.x 40 g.","price":"2,72 €","offer_price":0,"offer_type":null,"stock":false,"super":"alcampo"},{"img":"https://www.alcampo.es/media/hbb/h84/9549367148574.jpg","name":"Salvado de avena 100 % España AUCHAN 500 g.","price":"1,09 €","offer_price":0,"offer_type":null,"stock":false,"super":"alcampo"},{"img":"https://www.alcampo.es/media/he9/h86/10546853314590.jpg","name":"Barritas de cereal avena y miel NATURE VALLEY 210 g. ","price":"2,02 €","offer_price":0,"offer_type":null,"stock":false,"super":"alcampo"},{"img":"https://www.alcampo.es/media/h56/h3b/10846987190302.jpg","name":"Copos de trigo y avena integral tostados NESTLÉ FITNESS 625 g.","price":"3,67 €","offer_price":0,"offer_type":null,"stock":false,"super":"alcampo"},{"img":"https://www.alcampo.es/media/h22/hd3/10207708020766.jpg","name":"Barritas de cereales con chocolate con leche KELLOGG´S SPECIAL K pack 6 uds. x 20 g.","price":"1,96 €","offer_price":0,"offer_type":null,"stock":false,"super":"alcampo"},{"img":"https://www.alcampo.es/media/h46/h11/9659294089246.jpg","name":"Cereales Unicorn Froot KELLOG'S 375 g.","price":"2,89 €","offer_price":0,"offer_type":null,"stock":false,"super":"alcampo"},{"img":"https://www.alcampo.es/media/h9f/hfe/9379978870814.jpg","name":"Cereales muesli y frutas de cultivo ecológico ECOCESTA 500 g.","price":"2,28 €","offer_price":0,"offer_type":null,"stock":false,"super":"alcampo"},{"img":"https://www.alcampo.es/media/h68/h7a/8877041975326.jpg","name":"Cereales (trigo, arroz, avena) PRODUCTO ALCAMPO 375 g.","price":"2,89 €","offer_price":0,"offer_type":null,"stock":false,"super":"alcampo"},{"img":"https://www.alcampo.es/media/hc6/h23/10628213866526.jpg","name":"Cereales en barrita con avellanas HERO MUESLY 6 uds.x 25 g.","price":"1,54 €","offer_price":0,"offer_type":null,"stock":false,"super":"alcampo"},{"img":"https://www.alcampo.es/media/h7d/hb6/10664277049374.jpg","name":"Muesli arándano/almendra, sin azúcares añadidos ALPEN 560 g.","price":"3,93 €","offer_price":0,"offer_type":null,"stock":false,"super":"alcampo"},{"img":"https://www.alcampo.es/media/hee/h1e/8969646506014.jpg","name":"Cereales sin gluten SCHAR Corn Flakes, 250 g.","price":"1,88 €","offer_price":0,"offer_type":null,"stock":false,"super":"alcampo"},{"img":"https://www.alcampo.es/media/h08/ha7/9712631316510.jpg","name":"Cereales integrales Chocapic ecológicos NESTLÉ 330 g.","price":"3,16 €","offer_price":0,"offer_type":null,"stock":false,"super":"alcampo"},{"img":"https://www.alcampo.es/media/h89/h02/9015557980190.jpg","name":"Cereales muesli con quinoa y con chocolate ALCAMPO ECOLÓGICO 500 g.","price":"3,94 €","offer_price":0,"offer_type":null,"stock":false,"super":"alcampo"},{"img":"https://www.alcampo.es/media/hd3/h0e/9758514839582.jpg","name":"Cereal de copo integral con frutos rojos PRODUCTO ALCAMPO DELIFORM 300 g.","price":"1,49 €","offer_price":0,"offer_type":null,"stock":false,"super":"alcampo"},{"img":"https://www.alcampo.es/media/h50/h89/10207668109342.jpg","name":" Barritas de cereales con chocolate KELLOGG´S CHOCO KRISPIE´S 6 uds. x 20 g.","price":"1,96 €","offer_price":0,"offer_type":null,"stock":false,"super":"alcampo"},{"img":"https://www.alcampo.es/media/h27/h22/10752042270750.jpg","name":"Cereales desayuno sin gluten con chocolate NESTLE GO FREE 350 g.","price":"2,35 €","offer_price":0,"offer_type":null,"stock":false,"super":"alcampo"},{"img":"https://www.alcampo.es/media/h21/h64/10806464053278.jpg","name":"Cereales de trigo (salvado de trigo rico en fibras) KELLOGG All bran 500 g.","price":"2,58 €","offer_price":0,"offer_type":null,"stock":false,"super":"alcampo"},{"img":"https://www.alcampo.es/media/hae/h30/9380014522398.jpg","name":"Cereales de chocolate ECOCESTA 375 g.","price":"4,79 €","offer_price":0,"offer_type":null,"stock":false,"super":"alcampo"},{"img":"https://www.alcampo.es/media/h3b/h77/10207655493662.jpg","name":"Barritas de cereales con frutos rojasKELLOGG´S SPECIAL K pack 6 uds.x 21,5 g.","price":"1,96 €","offer_price":0,"offer_type":null,"stock":false,"super":"alcampo"},{"img":"https://www.alcampo.es/media/hee/h35/10802609127454.jpg","name":"Cereales granola KELLOGG'S EXTRA 375 g.","price":"2,69 €","offer_price":0,"offer_type":null,"stock":false,"super":"alcampo"},{"img":"https://www.alcampo.es/media/h48/h07/10664192376862.jpg","name":"Cereales rulos chocolate CRUNCH WEETABIX 450 g","price":"2,96 €","offer_price":0,"offer_type":null,"stock":false,"super":"alcampo"},{"img":"https://www.alcampo.es/media/h0d/h6e/9884068904990.jpg","name":"Cereales de trigo tostados con chocolate y crema sabor a caramelo NESTLÉ LION 675 g.","price":"3,61 €","offer_price":0,"offer_type":null,"stock":false,"super":"alcampo"},{"img":"https://www.alcampo.es/media/h77/h2e/10358780592158.jpg","name":"Cereales crujientes de avena KÖLLN 375 g.","price":"3,42 €","offer_price":0,"offer_type":null,"stock":false,"super":"alcampo"},{"img":"https://www.alcampo.es/media/hd1/hca/10207708512286.jpg","name":"Cereales rellenos de chocolate blanco KRAVE de KELLOGG'S 375 g.","price":"2,82 €","offer_price":0,"offer_type":null,"stock":false,"super":"alcampo"},{"img":"https://www.alcampo.es/media/h78/h14/10033605279774.jpg","name":"Cereales muesli con frutas CRUESLI QUAKER 375 g.","price":"2,99 €","offer_price":0,"offer_type":null,"stock":false,"super":"alcampo"},{"img":"https://www.alcampo.es/media/hde/h12/10664303198238.jpg","name":"Copos de Avena bio WEETABIX 500 g.","price":"1,74 €","offer_price":0,"offer_type":null,"stock":false,"super":"alcampo"},{"img":"https://www.alcampo.es/media/h5d/h03/8902665175070.jpg","name":"Cereales con miel RIK &amp; ROK 375 gr,","price":"1,45 €","offer_price":0,"offer_type":null,"stock":false,"super":"alcampo"},{"img":"https://www.alcampo.es/media/he2/h32/10806373154846.jpg","name":"Cereales de trigo enriquecidos con salvado, vitaminas y minerales KELLOGG All-Bran 375 g. ","price":"3,64 €","offer_price":0,"offer_type":null,"stock":false,"super":"alcampo"},{"img":"https://www.alcampo.es/media/hfe/hc1/10540058542110.jpg","name":"Cereales en barrita con trozos de frutas rojas PRODUCTO ALCAMPO CROUSTY 6 uds. x 21 g.","price":"1,19 €","offer_price":0,"offer_type":null,"stock":false,"super":"alcampo"},{"img":"https://www.alcampo.es/media/h1f/hf5/8973780877342.jpg","name":"Muesli con frutos secos, sin gluten PRODUCTO ALCAMPO 375 gr.","price":"2,89 €","offer_price":0,"offer_type":null,"stock":false,"super":"alcampo"},{"img":"https://www.alcampo.es/media/hf8/h2a/10628311547934.jpg","name":"Cereales en barrita con chocolate blanco y edulcorante HERO 6 uds. x 20 g.","price":"1,64 €","offer_price":0,"offer_type":null,"stock":false,"super":"alcampo"},{"img":"https://www.alcampo.es/media/h5f/h5e/9524434894878.jpg","name":"Cereales surtidos VARIETY KELLOGG'S pack 8 cajas de 25 g. ","price":"3,60 €","offer_price":0,"offer_type":null,"stock":false,"super":"alcampo"},{"img":"https://www.alcampo.es/media/h2d/he2/8998762512414.jpg","name":"Cereales rellenos chocolate y avellanas sin gluten PRODUCTO ALCAMPO 375 gr.","price":"2,89 €","offer_price":0,"offer_type":null,"stock":false,"super":"alcampo"},{"img":"https://www.alcampo.es/media/h0e/hd5/8966290636830.jpg","name":"Cereales en barritas con manzana con sabor a fresa PRODUCTO ALCAMPO Deliform x6 126 gr.","price":"1,19 €","offer_price":0,"offer_type":null,"stock":false,"super":"alcampo"},{"img":"https://www.alcampo.es/media/h44/h8c/10667742232606.jpg","name":"Cereales avena Oatibix WEETABIX 550 g.","price":"2,54 €","offer_price":0,"offer_type":null,"stock":false,"super":"alcampo"},{"img":"https://www.alcampo.es/media/h88/h94/9762370879518.jpg","name":"Cereales copos de trigo integral PRODUCTO ALCAMPO BRAN FLAKES 500 g.","price":"2,14 €","offer_price":0,"offer_type":null,"stock":false,"super":"alcampo"},{"img":"https://www.alcampo.es/media/hd6/h70/10628211507230.jpg","name":"Cereales en barritas con chocolate y coco HERO MUESLY 6 uds. x 25 g.","price":"1,90 €","offer_price":0,"offer_type":null,"stock":false,"super":"alcampo"},{"img":"https://www.alcampo.es/media/h35/he1/8922942341150.jpg","name":"Cereales con caramelo y chocolate PRODUCTO ALCAMPO 400 gr,","price":"1,70 €","offer_price":0,"offer_type":null,"stock":false,"super":"alcampo"},{"img":"https://www.alcampo.es/media/h43/ha2/10546419531806.jpg","name":"Barritas de cereal con avena y chocolate negro NATURE VALLEY 5 uds. 210 g. ","price":"2,02 €","offer_price":0,"offer_type":null,"stock":false,"super":"alcampo"},{"img":"https://www.alcampo.es/media/hd4/h5b/8952212488222.jpg","name":"Cereales de chocolate CRUNCH 375 gr,","price":"2,63 €","offer_price":0,"offer_type":null,"stock":false,"super":"alcampo"},{"img":"https://www.alcampo.es/media/h67/h6c/10752149061662.jpg","name":"Cereales integrales cubiertos de chocolate NESTLÉ NESQUIK 625 g.","price":"3,36 €","offer_price":0,"offer_type":null,"stock":false,"super":"alcampo"},{"img":"https://www.alcampo.es/media/h83/h29/10207720964126.jpg","name":"Cereales sabor avellana rellenos de chocolate, KRAVE de KELLOGG'S 375 g.","price":"2,48 €","offer_price":0,"offer_type":null,"stock":false,"super":"alcampo"},{"img":"https://www.alcampo.es/media/h93/h79/8869872369694.jpg","name":"Cereales en barrita con chocolate PRODUCTO ALCAMPO barrita de 21 gr, pack de 6 uds.","price":"1,12 €","offer_price":0,"offer_type":null,"stock":false,"super":"alcampo"},{"img":"https://www.alcampo.es/media/h45/h61/8897541177374.jpg","name":"Copos de trigo con chocolate PRODUCTO ALCAMPO 375 g.","price":"2,89 €","offer_price":0,"offer_type":null,"stock":false,"super":"alcampo"},{"img":"https://www.alcampo.es/media/hd6/hb5/10207568199710.jpg","name":"Cereales de chocolate KRAVE Roulette KELLOGG'S 375 g.","price":"2,96 €","offer_price":0,"offer_type":null,"stock":false,"super":"alcampo"},{"img":"https://www.alcampo.es/media/h92/he9/10207569182750.jpg","name":"Cereales frutos secos con proteínas KELLOGG´S SPECIAL K 330 g.","price":"3,09 €","offer_price":0,"offer_type":null,"stock":false,"super":"alcampo"},{"img":"https://www.alcampo.es/media/h54/h39/10358795665438.jpg","name":"Cereales muesli con arándanos y copos de avena integrales con pepitas de calabaza KöLLN 500 g.","price":"4,41 €","offer_price":0,"offer_type":null,"stock":false,"super":"alcampo"},{"img":"https://www.alcampo.es/media/h98/hfb/8899968434206.jpg","name":"Cereales muesli con frutas secas PRODUCTO ECONÓMICO ALCAMPO 750 gr,","price":"2,35 €","offer_price":0,"offer_type":null,"stock":false,"super":"alcampo"},{"img":"https://www.alcampo.es/media/h31/h1f/10566473056286.jpg","name":"Barratas de cereal muesly con avena, arándanos y pipas de calabaza HERO 140 g. ","price":"1,80 €","offer_price":0,"offer_type":null,"stock":false,"super":"alcampo"},{"img":"https://www.alcampo.es/media/h05/h5f/9529038143518.jpg","name":"Cereales chocolate ecológicos KELLOGG´S 300 g.","price":"2,58 €","offer_price":0,"offer_type":null,"stock":false,"super":"alcampo"},{"img":"https://www.alcampo.es/media/hc9/h26/9787391180830.jpg","name":"Cereales prebioticos de granola KELLOGG'S ALL-BRAN 380 g.","price":"2,89 €","offer_price":0,"offer_type":null,"stock":false,"super":"alcampo"},{"img":"https://www.alcampo.es/media/h6c/hb5/9884067168286.jpg","name":"Cereales de granola con avena y chocolate FITNESS, 300 g.","price":"3,05 €","offer_price":0,"offer_type":null,"stock":false,"super":"alcampo"},{"img":"https://www.alcampo.es/media/h8c/h6e/10801783570462.jpg","name":"Cereales de chocolate NESQUIK 375 g.","price":"2,49 €","offer_price":0,"offer_type":null,"stock":false,"super":"alcampo"},{"img":"https://www.alcampo.es/media/hb1/h15/8966262784030.jpg","name":"Cereales en barritas chocolate caramelo PRODUCTO ALCAMPO Deliform x6 126 gr.","price":"1,19 €","offer_price":0,"offer_type":null,"stock":false,"super":"alcampo"},{"img":"https://www.alcampo.es/media/h1f/hc0/8998734430238.jpg","name":"Cereales arroz inflado al cacao. sin gluten PRODUCTO ALCAMPO 375 gr.","price":"2,89 €","offer_price":0,"offer_type":null,"stock":false,"super":"alcampo"},{"img":"https://www.alcampo.es/media/h8e/hea/9041966366750.jpg","name":"Galletas con arroz inflado chocolateado CHOCO FLAKES packs de 5 uds. de 50 gr,","price":"2,04 €","offer_price":0,"offer_type":null,"stock":false,"super":"alcampo"},{"img":"https://www.alcampo.es/media/h1b/hdf/10664185593886.jpg","name":"Cereales de fibra WEETABIX 215 g.","price":"1,95 €","offer_price":0,"offer_type":null,"stock":false,"super":"alcampo"},{"img":"https://www.alcampo.es/media/h74/he3/10021518934046.jpg","name":"Granola de mezclas de cereales con almendras y semillas de calabaza KELLOGG´S PREBIOTIC 380 g.","price":"2,82 €","offer_price":0,"offer_type":null,"stock":false,"super":"alcampo"},{"img":"https://www.alcampo.es/media/h2c/h6d/9379989946398.jpg","name":"Quinoa hinchada de cultivo ecológico ECOCESTA 125 g.","price":"3,04 €","offer_price":0,"offer_type":null,"stock":false,"super":"alcampo"},{"img":"https://www.alcampo.es/media/hc4/hd4/9524442497054.jpg","name":"Cereales con fruta y fibra ALL-BRAN 500 g.","price":"3,39 €","offer_price":0,"offer_type":null,"stock":false,"super":"alcampo"},{"img":"https://www.alcampo.es/media/h59/h0e/8888244109342.jpg","name":"Cereales en barritas con arándanos, sin gluten SAM MILLS Blueberry, 5 uds x 124 g.","price":"2,54 €","offer_price":0,"offer_type":null,"stock":false,"super":"alcampo"},{"img":"https://www.alcampo.es/media/h04/h69/9786199539742.jpg","name":"Cereal de salvado de trigo PRODUCTO ALCAMPO 500 g.","price":"1,38 €","offer_price":0,"offer_type":null,"stock":false,"super":"alcampo"},{"img":"https://www.alcampo.es/media/h64/heb/9743710257182.gif","name":"Cereales en barrita con trozos de albaricoque PRODUCTO ALCAMPO CROUSTY 6 uds. x 21 g,","price":"0,79 €","offer_price":0,"offer_type":null,"stock":false,"super":"alcampo"},{"img":"https://www.alcampo.es/media/hf6/hd9/8922622001182.jpg","name":"Cereales de fibra con copos de avena BIOGORET 500 gr,","price":"1,69 €","offer_price":0,"offer_type":null,"stock":false,"super":"alcampo"},{"img":"https://www.alcampo.es/media/h70/h91/9379974971422.jpg","name":"Salvado de avena de agricultura ecológica ECOCESTA 500 g.","price":"3,05 €","offer_price":0,"offer_type":null,"stock":false,"super":"alcampo"},{"img":"https://www.alcampo.es/media/h26/h9a/10566540263454.jpg","name":"Cereales en barritas con crujiente avena y miel HERO Línea 6 uds. x 20 g.","price":"1,78 €","offer_price":0,"offer_type":null,"stock":false,"super":"alcampo"},{"img":"https://www.alcampo.es/media/h59/had/9754260668446.jpg","name":"Cereales de proteína vegetal granola WK de KELLOGG'S 300 g.","price":"2,94 €","offer_price":0,"offer_type":null,"stock":false,"super":"alcampo"},{"img":"https://www.alcampo.es/media/h16/hea/10740013858846.jpg","name":"Cereales de desayuno, de maíz y arroz rellenos de leche, sin gluten PRODUCTO ALCAMPO 400 g.","price":"1,89 €","offer_price":0,"offer_type":null,"stock":false,"super":"alcampo"},{"img":"https://www.alcampo.es/media/h92/h30/10802609946654.jpg","name":"Crujientes granolas de avena con frambuesas, moras y grosellas rojas liofilizadas KELLOGG´S EXTRA 375 g.","price":"2,90 €","offer_price":0,"offer_type":null,"stock":false,"super":"alcampo"},{"img":"https://www.alcampo.es/media/h41/hea/10561960378398.jpg","name":"Barritas de bizcocho de chocolate con chips de chocolate FIBRE 5 uds. x 24 g.","price":"2,35 €","offer_price":0,"offer_type":null,"stock":false,"super":"alcampo"},{"img":"https://www.alcampo.es/media/h7e/h9e/10628207869982.jpg","name":"Cereales en barrita praliné con avellanas y chocolate HERO MUESLY barrita de 20 g. x 6 uds.","price":"1,64 €","offer_price":0,"offer_type":null,"stock":false,"super":"alcampo"},{"img":"https://www.alcampo.es/media/ha0/he2/8878537048094.jpg","name":"Arroz integral inflado de cultivo ecológico BIOGORET 180 g.","price":"2,18 €","offer_price":0,"offer_type":null,"stock":false,"super":"alcampo"},{"img":"https://www.alcampo.es/media/he4/hde/10358792060958.jpg","name":"Cereales crujientes de avena con chocolate KÖLLN 375 g","price":"3,85 €","offer_price":0,"offer_type":null,"stock":false,"super":"alcampo"},{"img":"https://www.alcampo.es/media/h86/h22/9718466576414.jpg","name":"Barrita de almendra con chocolate negro EL ALMENDRO, pack de 4 uds x 25 g.","price":"2,21 €","offer_price":0,"offer_type":null,"stock":false,"super":"alcampo"},{"img":"https://www.alcampo.es/media/h58/hec/10420613644318.jpg","name":"Muesli de chocolate, sin gluten BAUCKHOF 300 g.","price":"4,99 €","offer_price":0,"offer_type":null,"stock":false,"super":"alcampo"},{"img":"https://www.alcampo.es/media/hb8/hfb/10540059295774.jpg","name":"Cereales en barrita con trozos de manzana verde PRODUCTO ALCAMPO barrita de 21 gr, pack de 6 uds.","price":"1,12 €","offer_price":0,"offer_type":null,"stock":false,"super":"alcampo"},{"img":"https://www.alcampo.es/media/hd0/hc0/10207715459102.jpg","name":"Cereales en barrita con proteína y chocolate Special KELLOGG'S 4 uds x 28 g.","price":"2,31 €","offer_price":0,"offer_type":null,"stock":false,"super":"alcampo"},{"img":"https://www.alcampo.es/media/ha2/hae/10207573409822.jpg","name":"Cereales en barritas con proteínas a base de frutos secos, semillas y crema de almendras SPECIQAL K KELLOGG'S pack. 4 uds x 28 g.","price":"2,52 €","offer_price":0,"offer_type":null,"stock":false,"super":"alcampo"},{"img":"https://www.alcampo.es/media/hc0/hc8/9519027716126.jpg","name":"Barritas de cereales cacahuete y chocolate PROTEIN NATURE VALLEY 4x40 g.","price":"2,96 €","offer_price":0,"offer_type":null,"stock":false,"super":"alcampo"},{"img":"https://www.alcampo.es/media/h1d/h99/9637116182558.jpg","name":"Cereales Granola con frambuesas, manzana y zanahorias KELLOOGG 300 g.","price":"2,79 €","offer_price":0,"offer_type":null,"stock":false,"super":"alcampo"},{"img":"https://www.alcampo.es/media/h22/h2f/10802544574494.jpg","name":"Cereales granola con frutas KELLOGG'S EXTRA 375 g.","price":"2,69 €","offer_price":0,"offer_type":null,"stock":false,"super":"alcampo"},{"img":"https://www.alcampo.es/media/hbd/h6e/8894495129630.jpg","name":"Muesli crujiente con frutos rojos de agricultura ecológica SANTIVERI 325 g.","price":"3,57 €","offer_price":0,"offer_type":null,"stock":false,"super":"alcampo"},{"img":"https://www.alcampo.es/media/h0e/h83/10667656839198.jpg","name":"Cereales integral con proteinas Protein WEETABIX 440 g.","price":"3,34 €","offer_price":0,"offer_type":null,"stock":false,"super":"alcampo"},{"img":"https://www.alcampo.es/media/h7c/h91/9792529530910.jpg","name":"Cereales granola con chocolate negro y coco, fuente de proteínas vegetales KELLOGG 300 g.","price":"2,84 €","offer_price":0,"offer_type":null,"stock":false,"super":"alcampo"},{"img":"https://www.alcampo.es/media/h5a/hfc/10362360987678.jpg","name":"Almohadillas crujientes de avena KÖLLN 300 g.","price":"3,34 €","offer_price":0,"offer_type":null,"stock":false,"super":"alcampo"},{"img":"https://www.alcampo.es/media/h70/h88/9491333873694.jpg","name":"Muesli cin frutos secos, sin azúcares añadidos QUAKER 500 g.","price":"4,09 €","offer_price":0,"offer_type":null,"stock":false,"super":"alcampo"},{"img":"https://www.alcampo.es/media/hec/h6d/8892197503006.jpg","name":"Cereales con miel ALCAMPO ECOLÓGICO 375 g.","price":"2,89 €","offer_price":0,"offer_type":null,"stock":false,"super":"alcampo"},{"img":"https://www.alcampo.es/media/haa/ha8/10752028868638.jpg","name":"Cereales de trigo y arroz con sabor a canela NESTLÉ CINI MINIS 375 g.","price":"2,35 €","offer_price":0,"offer_type":null,"stock":false,"super":"alcampo"},{"img":"https://www.alcampo.es/media/h90/h98/9524443709470.jpg","name":"Cereales en barritas de almendra y chocolate, KELLOGG'S pack 4 uds. x 32 g.","price":"2,36 €","offer_price":0,"offer_type":null,"stock":false,"super":"alcampo"},{"img":"https://www.alcampo.es/media/he9/hbc/10494943264798.jpg","name":"Barritas de bizcocho con trozos de toffe de caramelo salado FIBRE ONE 5 uds.120 g. ","price":"2,80 €","offer_price":0,"offer_type":null,"stock":false,"super":"alcampo"},{"img":"https://www.alcampo.es/media/hc2/h62/9491340263454.jpg","name":"Muesli con dátiles y coco, sin azúcares añadidos QUAKER 600 g.","price":"4,04 €","offer_price":0,"offer_type":null,"stock":false,"super":"alcampo"},{"img":"https://www.alcampo.es/media/hda/h8c/9637108482078.jpg","name":"Cereales Granola con cacao y avellanas KELLOGG","price":"2,79 €","offer_price":0,"offer_type":null,"stock":false,"super":"alcampo"},{"img":"https://www.alcampo.es/media/hb9/hb0/8923131576350.jpg","name":"Cereales en barritas chocolate sin gluten SAN MILLS 5 uds x 124 g.","price":"2,54 €","offer_price":0,"offer_type":null,"stock":false,"super":"alcampo"},{"img":"https://www.alcampo.es/media/h85/h58/9761253228574.jpg","name":"Cereales de copo integral con chocolate con leche PRODUCTO ALCAMPO DELIFORM 500 g.","price":"2,38 €","offer_price":0,"offer_type":null,"stock":false,"super":"alcampo"},{"img":"https://www.alcampo.es/media/hbe/h46/10207671386142.jpg","name":"Cereales con frutas del bosque Protein KELLOGG´S SPECIAL K 320 g.","price":"3,09 €","offer_price":0,"offer_type":null,"stock":false,"super":"alcampo"},{"img":"https://www.alcampo.es/media/h79/h14/10107150696478.jpg","name":"Hojuelas de maíz ecológico ORIGENS BIO CORN FLAKES 150 g.","price":"1,59 €","offer_price":0,"offer_type":null,"stock":false,"super":"alcampo"},{"img":"https://www.alcampo.es/media/hd9/hcb/9600144506910.jpg","name":"Cereales de arroz inflado de chocolate blanco KELLOGG´S CHOCO KRISPIES 350 g.","price":"2,78 €","offer_price":0,"offer_type":null,"stock":false,"super":"alcampo"},{"img":"https://www.alcampo.es/media/h05/hbb/9644182208542.jpg","name":"Cereales granola con chocolate negro y semillas PRODUCTO ALCAMPO 375 g.","price":"2,39 €","offer_price":0,"offer_type":null,"stock":false,"super":"alcampo"},{"img":"https://www.alcampo.es/media/he5/h99/10240720470046.jpg","name":"Barritas de cereales ecológicas NESTLÉ CHEERIOS 4 uds- x 22 g.","price":"3,20 €","offer_price":0,"offer_type":null,"stock":false,"super":"alcampo"},{"img":"https://www.alcampo.es/media/h97/h22/9645043023902.jpg","name":"Barrtidas de cereales con higo PRODUCTO ALCAMPO CROUSTY 6 uds. x 21 g.","price":"1,12 €","offer_price":0,"offer_type":null,"stock":false,"super":"alcampo"},{"img":"https://www.alcampo.es/media/h53/h13/9311001575454.jpg","name":"Muesli crujiente de avena con nuez y pecanas QUAKER caja 350 g. ","price":"2,73 €","offer_price":0,"offer_type":null,"stock":false,"super":"alcampo"},{"img":"https://www.alcampo.es/media/ha7/h3f/9514773741598.jpg","name":"Barritas de cereales, cacao y frutos secos KLLOGG´S 120 g.","price":"2,90 €","offer_price":0,"offer_type":null,"stock":false,"super":"alcampo"},{"img":"https://www.alcampo.es/media/hea/h38/9884076146718.jpg","name":"Cereales integrales con fruta NESTLÉ FITNESS 375 g.","price":"3,20 €","offer_price":0,"offer_type":null,"stock":false,"super":"alcampo"},{"img":"https://www.alcampo.es/media/hdc/h9b/9735910293534.jpg","name":"Barrita de cacao y almendra, vegan, gluten free y BIO, DELICATALIA 3 uds. 90 g.","price":"3,70 €","offer_price":0,"offer_type":null,"stock":false,"super":"alcampo"},{"img":"https://www.alcampo.es/media/h43/h24/9627277262878.jpg","name":"Cereales granola de avena con miel, NESTLÉ, bolsa de 300 g.","price":"3,05 €","offer_price":0,"offer_type":null,"stock":false,"super":"alcampo"},{"img":"https://www.alcampo.es/media/h66/h99/10566608683038.jpg","name":"Cereales bizcochitos, fruta y fibra HERO 6 uds. x 32,5g.","price":"1,95 €","offer_price":0,"offer_type":null,"stock":false,"super":"alcampo"},{"img":"https://www.alcampo.es/media/ha5/h1f/10752153976862.jpg","name":"Cereales de chocolate relleno de chocolate chococrush CHOCAPIC 410 g. ","price":"3,05 €","offer_price":0,"offer_type":null,"stock":false,"super":"alcampo"},{"img":"https://www.alcampo.es/media/hbc/hf3/9763518775326.jpg","name":"Barritas de almendra de chocolate blanco con frutos rojos EL ALMENDRO 100 g.","price":"2,21 €","offer_price":0,"offer_type":null,"stock":false,"super":"alcampo"},{"img":"https://www.alcampo.es/media/h51/h18/8922622492702.jpg","name":"Cereales en barritas con frutas , Sin Gluten SAN MILLS 5 uds x 124 g.","price":"2,54 €","offer_price":0,"offer_type":null,"stock":false,"super":"alcampo"},{"img":"https://www.alcampo.es/media/h85/hd1/10664196243486.jpg","name":"Avena instantánea, 100 % integral WEETABIX OATIBIX 450 g.","price":"2,58 €","offer_price":0,"offer_type":null,"stock":false,"super":"alcampo"},{"img":"https://www.alcampo.es/media/h0f/hd7/10435587670046.jpg","name":"Cereales con avena y miel SPECIAL´K 420 g.","price":"2,84 €","offer_price":0,"offer_type":null,"stock":false,"super":"alcampo"},{"img":"https://www.alcampo.es/media/ha3/h79/10486300246046.jpg","name":"Cereales estrellitas con canela KELLOGG ZIMMYS 330 g.","price":"2,84 €","offer_price":0,"offer_type":null,"stock":false,"super":"alcampo"},{"img":"https://www.alcampo.es/media/hf2/h0a/9015540088862.jpg","name":"Cereales rellenos con con chocolate y caramelo NESTLÉ 410 g.","price":"3,10 €","offer_price":0,"offer_type":null,"stock":false,"super":"alcampo"},{"img":"https://www.alcampo.es/media/h2b/hc6/8889697337374.jpg","name":"Cereales de fibra y chocolate SANTIVERI 400 g.","price":"3,57 €","offer_price":0,"offer_type":null,"stock":false,"super":"alcampo"},{"img":"https://www.alcampo.es/media/he7/h56/10664192049182.jpg","name":"Cereales de fibra con fruta y nuez WEETABIX MINIS 450 g.","price":"2,79 €","offer_price":0,"offer_type":null,"stock":false,"super":"alcampo"},{"img":"https://www.alcampo.es/media/h5d/he4/9735929397278.jpg","name":"Barrita de quinoa y cacao natural, gluten free, vegan, lactosa free y BIO, DELICATALIA 3 uds. 90 g.","price":"3,70 €","offer_price":0,"offer_type":null,"stock":false,"super":"alcampo"},{"img":"https://www.alcampo.es/media/h10/he0/9532062203934.jpg","name":"Cereales muesli con lino y semillas de calabaza ALCAMPO ECOLÓGICO 500 g.","price":"3,69 €","offer_price":0,"offer_type":null,"stock":false,"super":"alcampo"},{"img":"https://www.alcampo.es/media/he0/hc2/9717395882014.jpg","name":"Barritas de almendra a la sal EL ALMENDRO 4 uds. 84g.","price":"2,21 €","offer_price":0,"offer_type":null,"stock":false,"super":"alcampo"},{"img":"https://www.alcampo.es/media/hf5/hbb/9735925530654.jpg","name":"Barrita de fruta y frutos secos, vegan, gluten free y BIO, DELICATALIA 3 uds. 90 g.","price":"3,70 €","offer_price":0,"offer_type":null,"stock":false,"super":"alcampo"},{"img":"https://www.alcampo.es/media/h5c/h93/8920902041630.jpg","name":"Cereales muesli con frutos secos JORDANS SPECIAL 500 gr,","price":"4,04 €","offer_price":0,"offer_type":null,"stock":false,"super":"alcampo"},{"img":"https://www.alcampo.es/media/h9c/h21/8867364864030.jpg","name":"Cereales muesli con chocolate negro JORDANS COUNTRY CRISP 400 gr,","price":"4,13 €","offer_price":0,"offer_type":null,"stock":false,"super":"alcampo"},{"img":"https://www.alcampo.es/media/h97/h7a/9524430372894.jpg","name":"Cereales en barritas de almendra y frutos rojos, KELLOGG'S pack 4 uds. x 32 g.","price":"2,42 €","offer_price":0,"offer_type":null,"stock":false,"super":"alcampo"},{"img":"https://www.alcampo.es/media/h58/he4/10739990134814.jpg","name":"Cereales desayuno de arroz y maíz, pétalos de chocolate, sin gluten PRODUCTO ALCAMPO 400 g.","price":"1,89 €","offer_price":0,"offer_type":null,"stock":false,"super":"alcampo"},{"img":"https://www.alcampo.es/media/h3b/h2b/9763442163742.jpg","name":"Barritas de almendra de chocolate con leche EL ALMENDRO 100 g. ","price":"2,11 €","offer_price":0,"offer_type":null,"stock":false,"super":"alcampo"},{"img":"https://www.alcampo.es/media/hc4/h0c/8899960897566.jpg","name":"Salvado de avena BIOGORET 225 g.","price":"1,49 €","offer_price":0,"offer_type":null,"stock":false,"super":"alcampo"},{"img":"https://www.alcampo.es/media/h0f/h4c/9644068831262.jpg","name":"Cereales granola con frutas y semillas PRODUCTO ALCAMPO 375 g.","price":"2,39 €","offer_price":0,"offer_type":null,"stock":false,"super":"alcampo"},{"img":"https://www.alcampo.es/media/h76/hcd/8902546096158.jpg","name":"Cereales muesli integral con almendras, nueces y avellanas JORDANS COUNTRY CRISP 400 gr,","price":"4,18 €","offer_price":0,"offer_type":null,"stock":false,"super":"alcampo"},{"img":"https://www.alcampo.es/media/hc6/h4c/9491307790366.jpg","name":"Muesli con fresa, sin azúcares añadidos QUAKER 600 g.","price":"4,23 €","offer_price":0,"offer_type":null,"stock":false,"super":"alcampo"},{"img":"https://www.alcampo.es/media/ha3/hcf/9735904362526.jpg","name":"Galletas de chocolate a cucharadas PRINCIPE 6 uds. 240 g.","price":"1,88 €","offer_price":0,"offer_type":null,"stock":false,"super":"alcampo"},{"img":"https://www.alcampo.es/media/hca/h98/10664266530846.jpg","name":"Muesli original ALPEN 550 g.","price":"3,81 €","offer_price":0,"offer_type":null,"stock":false,"super":"alcampo"},{"img":"https://www.alcampo.es/media/h2d/hd3/9514757357598.jpg","name":"Barritas cereales con semillas de girasol, chía y avena KELLOGG`S 120 g.","price":"2,96 €","offer_price":0,"offer_type":null,"stock":false,"super":"alcampo"},{"img":"https://www.alcampo.es/media/h05/h72/8902086033438.jpg","name":"Salvado de avena de agricultura ecológica SANTIVERI BIO 250 g.","price":"1,79 €","offer_price":0,"offer_type":null,"stock":false,"super":"alcampo"},{"img":"https://www.alcampo.es/media/h3f/hc7/9167074295838.jpg","name":"Cereales muesli sin azúcar añadido alto contenido de fibra MUESLI Up 350 g. ","price":"3,79 €","offer_price":0,"offer_type":null,"stock":false,"super":"alcampo"},{"img":"https://www.alcampo.es/media/h54/h49/9638005899294.jpg","name":"Cereales KELLOGG'S DISNEY350 g.","price":"3,05 €","offer_price":0,"offer_type":null,"stock":false,"super":"alcampo"},{"img":"https://www.alcampo.es/media/h48/h8e/10358780428318.jpg","name":"Copos de avena integral solubles KÖLLN 200 g.","price":"2,90 €","offer_price":0,"offer_type":null,"stock":false,"super":"alcampo"},{"img":"https://www.alcampo.es/media/h3e/h54/9311074189342.jpg","name":"Muesli crujiente bayas Goji/arándanos QUAKER 350 g. ","price":"2,73 €","offer_price":0,"offer_type":null,"stock":false,"super":"alcampo"},{"img":"https://www.alcampo.es/media/h16/h25/8902557106206.jpg","name":"Muesli con frutas secas, sin gluten BAUCKHOF 325 g.","price":"4,99 €","offer_price":0,"offer_type":null,"stock":false,"super":"alcampo"},{"img":"https://www.alcampo.es/media/hb7/he0/9110024159262.jpg","name":"Cereales granola de avena y miel con frutos del bosque JORDANS 550 g.","price":"9,49 €","offer_price":0,"offer_type":null,"stock":false,"super":"alcampo"},{"img":"https://www.alcampo.es/media/hb2/h61/9539611721758.jpg","name":"Cereales chocolate, almendras y quinoa NESTLÉ FITNESS 300 g.","price":"3,13 €","offer_price":0,"offer_type":null,"stock":false,"super":"alcampo"},{"img":"https://www.alcampo.es/media/hc8/ha8/8873579773982.jpg","name":"Cereales de fibra BIOGORET 500 g.","price":"2,66 €","offer_price":0,"offer_type":null,"stock":false,"super":"alcampo"},{"img":"https://www.alcampo.es/media/h49/he2/8888003788830.jpg","name":"Cereales de cacao y miel sin gluten NOGLUT SANTIVERI 250 g.","price":"2,82 €","offer_price":0,"offer_type":null,"stock":false,"super":"alcampo"},{"img":"https://www.alcampo.es/media/h04/h51/10411379818526.jpg","name":"Cereales con avena y trigo integrales con almendras y miel NESTLÉ NAT 270 g.","price":"3,52 €","offer_price":0,"offer_type":null,"stock":false,"super":"alcampo"},{"img":"https://www.alcampo.es/media/hee/hec/10411468881950.jpg","name":"Cereales de avena integral y arroz con chicolate (Ositos) NESTLÉ NAT 210 g.","price":"3,50 €","offer_price":0,"offer_type":null,"stock":false,"super":"alcampo"},{"img":"https://www.alcampo.es/media/ha8/hfc/10817021935646.jpg","name":"Copos de maíz y arroz sin gluten SCHÄR 300 g.","price":"3,35 €","offer_price":0,"offer_type":null,"stock":false,"super":"alcampo"},{"img":"https://www.alcampo.es/media/h18/h0a/9167147925534.jpg","name":"Mijo 100% natural LEGUMBRES GUILLERMO bolsa 500 g. ","price":"2,23 €","offer_price":0,"offer_type":null,"stock":false,"super":"alcampo"},{"img":"https://www.alcampo.es/media/hdf/h47/9629572759582.jpg","name":"Copos integrales de avena, finos y blandos ecológicos EL HORNO DE LEÑA 1 kg.","price":"2,99 €","offer_price":0,"offer_type":null,"stock":false,"super":"alcampo"},{"img":"https://www.alcampo.es/media/h10/hdb/10411491622942.jpg","name":"Cereales de avena y trigo integrales. con chocolate y fresas NESTLÉ NAT 270 g.","price":"3,51 €","offer_price":0,"offer_type":null,"stock":false,"super":"alcampo"},{"img":"https://www.alcampo.es/media/h60/hab/10411380244510.jpg","name":"Cereales de avena integral y arroz con miel NESTLÉ NAT 192 g.","price":"3,50 €","offer_price":0,"offer_type":null,"stock":false,"super":"alcampo"},{"img":"https://www.alcampo.es/media/hd2/h70/10786518007838.jpg","name":"Cereales de trigo, aros de chocolate sabor vainilla OREO 350 g.","price":"3,89 €","offer_price":0,"offer_type":null,"stock":false,"super":"alcampo"},{"img":"https://www.alcampo.es/media/h5c/h0d/9126038143006.jpg","name":"Copos de avena finos Bio MUESLI Up 400 g.","price":"3,25 €","offer_price":0,"offer_type":null,"stock":false,"super":"alcampo"},{"img":"https://www.alcampo.es/media/h04/hd1/10566588465182.jpg","name":"Cereales en barritas de cacahuetes más chocolate con leche HERO 4 uds. x 24 g..","price":"1,89 €","offer_price":0,"offer_type":null,"stock":false,"super":"alcampo"}]