[{"img":"https://www.alcampo.es/media/h10/hae/9664852819998.jpg","name":"Ajo en polvo PRODUCTO ALCAMPO, tarro de 57 g.","price":"0,48 €","offer_price":0,"offer_type":null,"stock":false,"super":"alcampo"},{"img":"https://www.alcampo.es/media/h3b/hf4/9687413424158.jpg","name":"Orégano PRODUCTO ALCAMPO 10 g","price":"0,40 €","offer_price":0,"offer_type":null,"stock":false,"super":"alcampo"},{"img":"https://www.alcampo.es/media/hec/h82/9664869269534.jpg","name":"Perejil PRODUCTO ALCAMPO 9 g.","price":"0,46 €","offer_price":0,"offer_type":null,"stock":false,"super":"alcampo"},{"img":"https://www.alcampo.es/media/ha4/h83/10245486706718.jpg","name":"Cebolla frita PRODUCTO ALCAMPO 100 g.","price":"0,77 €","offer_price":0,"offer_type":null,"stock":false,"super":"alcampo"},{"img":"https://www.alcampo.es/media/h98/hde/8952546099230.jpg","name":"Canela molida CARMENCITA 40 g.","price":"1,31 €","offer_price":0,"offer_type":null,"stock":false,"super":"alcampo"},{"img":"https://www.alcampo.es/media/h4b/hfc/8952535580702.jpg","name":"Orégano CARMENCITA 7 g.","price":"1,31 €","offer_price":0,"offer_type":null,"stock":false,"super":"alcampo"},{"img":"https://www.alcampo.es/media/hac/h9a/9687406739486.jpg","name":"Pimienta negra molida PRODUCTO ALCAMPO 50 g.","price":"0,53 €","offer_price":0,"offer_type":null,"stock":false,"super":"alcampo"},{"img":"https://www.alcampo.es/media/h11/hbe/8895471353886.jpg","name":"Cebolla en polvo CARMENCITA 35 g.","price":"1,40 €","offer_price":0,"offer_type":null,"stock":false,"super":"alcampo"},{"img":"https://www.alcampo.es/media/h20/hc2/8952444616734.jpg","name":"Canela en rama CARMENCITA 18 g.","price":"1,93 €","offer_price":0,"offer_type":null,"stock":false,"super":"alcampo"},{"img":"https://www.alcampo.es/media/h25/he5/8952402378782.jpg","name":"Ajo en polvo CARMENCITA 60 g.","price":"1,56 €","offer_price":0,"offer_type":null,"stock":false,"super":"alcampo"},{"img":"https://www.alcampo.es/media/h89/h61/8879235203102.jpg","name":"Azafrán en hebra CARMENCITA 0,375 g.","price":"2,24 €","offer_price":0,"offer_type":null,"stock":false,"super":"alcampo"},{"img":"https://www.alcampo.es/media/hcb/h96/9737164226590.jpg","name":"Pimiento choricero CELORRIO 125 g.","price":"1,03 €","offer_price":0,"offer_type":null,"stock":false,"super":"alcampo"},{"img":"https://www.alcampo.es/media/h7b/h40/9743788605470.jpg","name":"Pimentón dulce PRODUCTO ALCAMPO frasco de 50 g.","price":"0,45 €","offer_price":0,"offer_type":null,"stock":false,"super":"alcampo"},{"img":"https://www.alcampo.es/media/h3b/heb/9687493935134.jpg","name":"Tomillo PRODUCTO ALCAMPO frasco de 17 g.","price":"0,44 €","offer_price":0,"offer_type":null,"stock":false,"super":"alcampo"},{"img":"https://www.alcampo.es/media/hde/h3d/9777696014366.jpg","name":"Hojas de laurel PRODUCTO ALCAMPO bolsa 10 g.","price":"0,66 €","offer_price":0,"offer_type":null,"stock":false,"super":"alcampo"},{"img":"https://www.alcampo.es/media/h48/h82/8952473616414.jpg","name":"Laurel en hojas CARMENCITA bolsa de 8 g.","price":"0,89 €","offer_price":0,"offer_type":null,"stock":false,"super":"alcampo"},{"img":"https://www.alcampo.es/media/hbf/he6/9687492853790.jpg","name":"Colorante alimentario PRODUCTO ALCAMPO 65 g.","price":"0,58 €","offer_price":0,"offer_type":null,"stock":false,"super":"alcampo"},{"img":"https://www.alcampo.es/media/hab/hd1/8952508678174.jpg","name":"Sazonador para paella CARMENCITA caja de 20 g.","price":"1,45 €","offer_price":0,"offer_type":null,"stock":false,"super":"alcampo"},{"img":"https://www.alcampo.es/media/ha0/hf0/8968620474398.jpg","name":"Cebolla caramelizada IBSA 250 g.","price":"1,36 €","offer_price":0,"offer_type":null,"stock":false,"super":"alcampo"},{"img":"https://www.alcampo.es/media/h2c/h4e/9687723966494.jpg","name":"Albahaca PRODUCTO ALCAMPO frasco 15 g.","price":"0,49 €","offer_price":0,"offer_type":null,"stock":false,"super":"alcampo"},{"img":"https://www.alcampo.es/media/h8e/hc5/9720085086238.jpg","name":"Comino molino PRODUCTO ALCAMPO 45 g.","price":"0,57 €","offer_price":0,"offer_type":null,"stock":false,"super":"alcampo"},{"img":"https://www.alcampo.es/media/hd2/hfd/9743876358174.jpg","name":"Canela en rama PRODUCTO ALCAMPO 18 g.","price":"1,19 €","offer_price":0,"offer_type":null,"stock":false,"super":"alcampo"},{"img":"https://www.alcampo.es/media/h29/h18/8896843939870.jpg","name":"Pimentón dulce LA DALIA lata de 70 g.","price":"1,62 €","offer_price":0,"offer_type":null,"stock":false,"super":"alcampo"},{"img":"https://www.alcampo.es/media/h15/h7d/9687506681886.jpg","name":"Sazonador hierbas Provenzales PRODUCTO ALCAMPO 24 g.","price":"0,69 €","offer_price":0,"offer_type":null,"stock":false,"super":"alcampo"},{"img":"https://www.alcampo.es/media/hd1/hc2/8878516863006.jpg","name":"Cúrcuma CARMENCITA 45 g.","price":"1,31 €","offer_price":0,"offer_type":null,"stock":false,"super":"alcampo"},{"img":"https://www.alcampo.es/media/h7c/h7f/8952478531614.jpg","name":"Ñoras CARMENCITA bolsa de 25 g.","price":"1,21 €","offer_price":0,"offer_type":null,"stock":false,"super":"alcampo"},{"img":"https://www.alcampo.es/media/h5b/h5d/9511109165086.jpg","name":"Pimentón de la Vera dulce Denominación de Origen Protegida PRODUCTO ALCAMPO 75 g.","price":"1,78 €","offer_price":0,"offer_type":null,"stock":false,"super":"alcampo"},{"img":"https://www.alcampo.es/media/h09/h12/8952447893534.jpg","name":"Azafrán molido CARMENCITA 0,4 g.","price":"2,09 €","offer_price":0,"offer_type":null,"stock":false,"super":"alcampo"},{"img":"https://www.alcampo.es/media/h5b/h1d/8898835972126.jpg","name":"Perejil CARMENCITA 50 g.","price":"3,15 €","offer_price":0,"offer_type":null,"stock":false,"super":"alcampo"},{"img":"https://www.alcampo.es/media/h83/h48/9664854949918.jpg","name":"Sazonador ajo y perejil PRODUCTO ALCAMPO 50 g.","price":"0,94 €","offer_price":0,"offer_type":null,"stock":false,"super":"alcampo"},{"img":"https://www.alcampo.es/media/h14/h28/8952431181854.jpg","name":"Pimienta negra molida CARMENCITA 52 g.","price":"1,49 €","offer_price":0,"offer_type":null,"stock":false,"super":"alcampo"},{"img":"https://www.alcampo.es/media/h6f/h69/8960029818910.jpg","name":"Orégano CARMENCITA 35 g.","price":"2,53 €","offer_price":0,"offer_type":null,"stock":false,"super":"alcampo"},{"img":"https://www.alcampo.es/media/h93/hb5/10826957881374.jpg","name":"Cebolla frita PUTT&amp;WALKE 100 g.","price":"1,18 €","offer_price":0,"offer_type":null,"stock":false,"super":"alcampo"},{"img":"https://www.alcampo.es/media/h28/hc6/8952394842142.jpg","name":"Tomillo CARMENCITA frasco de 11 g.","price":"1,30 €","offer_price":0,"offer_type":null,"stock":false,"super":"alcampo"},{"img":"https://www.alcampo.es/media/h4a/ha4/9758423482398.jpg","name":"Lata de pimentón dulce PRODUCTO ALCAMPO 75 g.","price":"0,89 €","offer_price":0,"offer_type":null,"stock":false,"super":"alcampo"},{"img":"https://www.alcampo.es/media/ha2/h24/9687491739678.jpg","name":"Curry sazonador PRODUCTO ALCAMPO 40 g.","price":"0,62 €","offer_price":0,"offer_type":null,"stock":false,"super":"alcampo"},{"img":"https://www.alcampo.es/media/hb1/h82/9687518478366.jpg","name":"Nuez moscada molida PRODUCTO ALCAMPO 40 g.","price":"0,85 €","offer_price":0,"offer_type":null,"stock":false,"super":"alcampo"},{"img":"https://www.alcampo.es/media/h53/h4f/9687415062558.jpg","name":"Pimienta negra en grano PRODUCTO ALCAMPO 40 g.","price":"0,74 €","offer_price":0,"offer_type":null,"stock":false,"super":"alcampo"},{"img":"https://www.alcampo.es/media/h08/h80/8960015237150.jpg","name":"Ajo en polvo CARMENCITA 290 g.","price":"3,76 €","offer_price":0,"offer_type":null,"stock":false,"super":"alcampo"},{"img":"https://www.alcampo.es/media/h5c/hf5/8897327661086.jpg","name":"Pimentón dulce CARMENCITA lata de 75 g.","price":"1,61 €","offer_price":0,"offer_type":null,"stock":false,"super":"alcampo"},{"img":"https://www.alcampo.es/media/hcd/hbf/9758539546654.jpg","name":"Azafrán en hebras PRODUCTO ALCAMPO 0,4 g.","price":"1,43 €","offer_price":0,"offer_type":null,"stock":false,"super":"alcampo"},{"img":"https://www.alcampo.es/media/h7e/hdd/8894745968670.jpg","name":"Curry CARMENCITA 42 g.","price":"1,30 €","offer_price":0,"offer_type":null,"stock":false,"super":"alcampo"},{"img":"https://www.alcampo.es/media/h2a/h1a/9311376211998.jpg","name":"Sazonador para preparar pollo asado a la barbacoa PRODUCTO ALCAMPO 30 g.","price":"0,47 €","offer_price":0,"offer_type":null,"stock":false,"super":"alcampo"},{"img":"https://www.alcampo.es/media/hdd/h02/9775662792734.jpg","name":"Pimienta negra entera molinillo PRODUCTO ALCAMPO 44 g.","price":"1,31 €","offer_price":0,"offer_type":null,"stock":false,"super":"alcampo"},{"img":"https://www.alcampo.es/media/h3a/he6/9687504060446.jpg","name":"Romero frasco PRODUCTO ALCAMPO 25 g,","price":"0,79 €","offer_price":0,"offer_type":null,"stock":false,"super":"alcampo"},{"img":"https://www.alcampo.es/media/h23/hb1/8952523948062.jpg","name":"Cominos molidos CARMENCITA frasco de 41 g.","price":"1,30 €","offer_price":0,"offer_type":null,"stock":false,"super":"alcampo"},{"img":"https://www.alcampo.es/media/h7c/hc3/8959956942878.jpg","name":"Pimienta negra molinillo CARMENCITA 50 g.","price":"2,73 €","offer_price":0,"offer_type":null,"stock":false,"super":"alcampo"},{"img":"https://www.alcampo.es/media/he3/haf/8890766983198.jpg","name":"Colorante alimentario CARMENCITA 62 g.","price":"1,31 €","offer_price":0,"offer_type":null,"stock":false,"super":"alcampo"},{"img":"https://www.alcampo.es/media/hb1/h1c/8952439046174.jpg","name":"Hierbas provenzales CARMENCITA 20 g.","price":"1,31 €","offer_price":0,"offer_type":null,"stock":false,"super":"alcampo"},{"img":"https://www.alcampo.es/media/h83/h60/9791464439838.jpg","name":"Condimento líquido a base de proteínas vegetales hidrolizadas MAGGI 100 ml.","price":"1,81 €","offer_price":0,"offer_type":null,"stock":false,"super":"alcampo"},{"img":"https://www.alcampo.es/media/h37/h8d/8899561717790.jpg","name":"Perejil CARMENCITA 12 g.","price":"1,31 €","offer_price":0,"offer_type":null,"stock":false,"super":"alcampo"},{"img":"https://www.alcampo.es/media/h30/hc3/9664862158878.jpg","name":"Cebollino frasco PRODUCTO ALCAMPO 5 g.","price":"0,94 €","offer_price":0,"offer_type":null,"stock":false,"super":"alcampo"},{"img":"https://www.alcampo.es/media/hd6/h96/8959972474910.jpg","name":"Albahaca CARMENCITA frasco de 16 g.","price":"1,31 €","offer_price":0,"offer_type":null,"stock":false,"super":"alcampo"},{"img":"https://www.alcampo.es/media/h65/hfa/8959987056670.jpg","name":"Romero CARMENCITA 25 g.","price":"1,31 €","offer_price":0,"offer_type":null,"stock":false,"super":"alcampo"},{"img":"https://www.alcampo.es/media/h08/h43/8952500322334.jpg","name":"Pimentón dulce CARMENCITA frasco de 45 g.","price":"1,31 €","offer_price":0,"offer_type":null,"stock":false,"super":"alcampo"},{"img":"https://www.alcampo.es/media/hf4/h02/9396459667486.jpg","name":"Cebolla frita IBSA 225 g.","price":"1,17 €","offer_price":0,"offer_type":null,"stock":false,"super":"alcampo"},{"img":"https://www.alcampo.es/media/h53/h32/8952542658590.jpg","name":"Canela en rama CARMENCITA 5 gramos.","price":"0,57 €","offer_price":0,"offer_type":null,"stock":false,"super":"alcampo"},{"img":"https://www.alcampo.es/media/had/hab/9627271299102.jpg","name":"Sazonador de pollo al ajillo MAGGI DIRECTO AL HORNO 34 g.","price":"0,77 €","offer_price":0,"offer_type":null,"stock":false,"super":"alcampo"},{"img":"https://www.alcampo.es/media/hc9/h9d/10564396253214.jpg","name":"Orégano DUCROS 65 g.","price":"4,31 €","offer_price":0,"offer_type":null,"stock":false,"super":"alcampo"},{"img":"https://www.alcampo.es/media/h04/hd4/8901006852126.jpg","name":"Laurel en hojas SABATER caja de 15 g.","price":"0,95 €","offer_price":0,"offer_type":null,"stock":false,"super":"alcampo"},{"img":"https://www.alcampo.es/media/hd5/hd7/8952424005662.jpg","name":"Pimienta negra entera CARMENCITA 47 g.","price":"1,65 €","offer_price":0,"offer_type":null,"stock":false,"super":"alcampo"},{"img":"https://www.alcampo.es/media/h5a/hd3/9462993551390.jpg","name":"Sazonador para preparar pollo asado a las hierbas provenzales MAGGI Jugoso al horno sobre de 34 g.","price":"0,77 €","offer_price":0,"offer_type":null,"stock":false,"super":"alcampo"},{"img":"https://www.alcampo.es/media/h58/hda/10869968011294.jpg","name":"Romero PRODUCTO ALCAMPO 20gr.","price":"0,99 €","offer_price":0,"offer_type":null,"stock":false,"super":"alcampo"},{"img":"https://www.alcampo.es/media/hd1/h6c/10564422565918.jpg","name":"Orégano DUCROS 10 g.","price":"1,66 €","offer_price":0,"offer_type":null,"stock":false,"super":"alcampo"},{"img":"https://www.alcampo.es/media/h97/h93/8952482791454.jpg","name":"Azafrán molido POTE 0,40 g.","price":"2,49 €","offer_price":0,"offer_type":null,"stock":false,"super":"alcampo"},{"img":"https://www.alcampo.es/media/h22/h66/8977397547038.jpg","name":"Laurel hojas LA ESPECIERA 40 g.","price":"1,41 €","offer_price":0,"offer_type":null,"stock":false,"super":"alcampo"},{"img":"https://www.alcampo.es/media/h0e/h68/8901007704094.jpg","name":"Azafrán en hebra SABATER 0,360 g.","price":"2,27 €","offer_price":0,"offer_type":null,"stock":false,"super":"alcampo"},{"img":"https://www.alcampo.es/media/h0b/h73/8959741788190.jpg","name":"Ñoras en pulpa JR frasco de 135 gramos.","price":"2,21 €","offer_price":0,"offer_type":null,"stock":false,"super":"alcampo"},{"img":"https://www.alcampo.es/media/h7a/h61/8892312256542.jpg","name":"Azafrán molido SABATER 0,5 g.","price":"2,28 €","offer_price":0,"offer_type":null,"stock":false,"super":"alcampo"},{"img":"https://www.alcampo.es/media/h25/hf7/8960053936158.jpg","name":"Pimienta mezcla negra, blanca, verde y rosa CARMENCITA 35 g.","price":"2,73 €","offer_price":0,"offer_type":null,"stock":false,"super":"alcampo"},{"img":"https://www.alcampo.es/media/he9/h43/8891683012638.jpg","name":"Sazonador para pollo asado a las hierbas provenzales PRODUCTO ALCAMPO 34 g.","price":"0,42 €","offer_price":0,"offer_type":null,"stock":false,"super":"alcampo"},{"img":"https://www.alcampo.es/media/hf2/hc7/8977418190878.jpg","name":"Canela en rama LA ESPECIERA 5 ud.","price":"1,19 €","offer_price":0,"offer_type":null,"stock":false,"super":"alcampo"},{"img":"https://www.alcampo.es/media/hd4/hce/8952466079774.jpg","name":"Nuez moscada molida CARMENCITA 43 g.","price":"2,02 €","offer_price":0,"offer_type":null,"stock":false,"super":"alcampo"},{"img":"https://www.alcampo.es/media/hc2/hc4/8952409260062.jpg","name":"Jengibre molido CARMENCITA 35 g.","price":"1,26 €","offer_price":0,"offer_type":null,"stock":false,"super":"alcampo"},{"img":"https://www.alcampo.es/media/hc3/hcf/8969644343326.jpg","name":"Extracto original de buey BOVRIL 250 g.","price":"5,19 €","offer_price":0,"offer_type":null,"stock":false,"super":"alcampo"},{"img":"https://www.alcampo.es/media/h67/h0b/9164513738782.jpg","name":"Azafrán en hebra SAFRINA 0,5 g.","price":"1,99 €","offer_price":0,"offer_type":null,"stock":false,"super":"alcampo"},{"img":"https://www.alcampo.es/media/h16/haf/9005801963550.jpg","name":"Ajo troceado CARMENCITA","price":"1,31 €","offer_price":0,"offer_type":null,"stock":false,"super":"alcampo"},{"img":"https://www.alcampo.es/media/h45/h83/10853422301214.jpg","name":"Cebolla frita muy crujiente SANTA RITA 250 g.","price":"2,75 €","offer_price":0,"offer_type":null,"stock":false,"super":"alcampo"},{"img":"https://www.alcampo.es/media/h6f/h28/10564410900510.jpg","name":"Perejil DUCROS 30 g.","price":"3,70 €","offer_price":0,"offer_type":null,"stock":false,"super":"alcampo"},{"img":"https://www.alcampo.es/media/h2c/ha1/8952493441054.jpg","name":"Pimienta Cayena molida CARMENCITA 40 g.","price":"1,31 €","offer_price":0,"offer_type":null,"stock":false,"super":"alcampo"},{"img":"https://www.alcampo.es/media/h67/ha6/8873240952862.jpg","name":"Orégano procedente de agricultura ecológica ARTEMIS BIO 7 g.","price":"1,75 €","offer_price":0,"offer_type":null,"stock":false,"super":"alcampo"},{"img":"https://www.alcampo.es/media/h4e/h63/8900518543390.jpg","name":"Sazonador para preparar pescado al horno con eneldo PRODUCTO ALCAMPO 18 g.","price":"0,47 €","offer_price":0,"offer_type":null,"stock":false,"super":"alcampo"},{"img":"https://www.alcampo.es/media/h2f/h99/9743824977950.jpg","name":"Pimentón picante PRODUCTO ALCAMPO frasco de 47 g.","price":"0,74 €","offer_price":0,"offer_type":null,"stock":false,"super":"alcampo"},{"img":"https://www.alcampo.es/media/hdf/hbc/9687521329182.jpg","name":"Jengibre molido PRODUCTO ALCAMPO 36 g.","price":"1,09 €","offer_price":0,"offer_type":null,"stock":false,"super":"alcampo"},{"img":"https://www.alcampo.es/media/h45/hbd/9407916146718.jpg","name":"Azafrán Denominación de Origen Protegida La Mancha PRODUCTO ALCAMPO 1 g.","price":"6,29 €","offer_price":0,"offer_type":null,"stock":false,"super":"alcampo"},{"img":"https://www.alcampo.es/media/h3a/h24/8952422531102.jpg","name":"Cominos en grano CARMENCITA frasco de 40 g.","price":"1,31 €","offer_price":0,"offer_type":null,"stock":false,"super":"alcampo"},{"img":"https://www.alcampo.es/media/h9b/h34/8959662227486.jpg","name":"Garam masala CARMENCITA 47 g.","price":"1,37 €","offer_price":0,"offer_type":null,"stock":false,"super":"alcampo"},{"img":"https://www.alcampo.es/media/h17/hd8/9687502258206.jpg","name":"Eneldo PRODUCTO ALCAMPO frasco 20 g.","price":"1,04 €","offer_price":0,"offer_type":null,"stock":false,"super":"alcampo"},{"img":"https://www.alcampo.es/media/h42/hfc/8891169570846.jpg","name":"Pimentón dulce CARMENCITA lata de 160 g.","price":"2,83 €","offer_price":0,"offer_type":null,"stock":false,"super":"alcampo"},{"img":"https://www.alcampo.es/media/hee/h71/8959947276318.jpg","name":"Anís en grano CARMENCITA 35 g.","price":"1,31 €","offer_price":0,"offer_type":null,"stock":false,"super":"alcampo"},{"img":"https://www.alcampo.es/media/hd0/haf/10564338122782.jpg","name":"Pimentón dulce MCCORMICK lata de 70 g.","price":"2,90 €","offer_price":0,"offer_type":null,"stock":false,"super":"alcampo"},{"img":"https://www.alcampo.es/media/h98/h2b/9687498653726.jpg","name":"Cilantro frasco PRODUCTO ALCAMPO 38 g.","price":"0,99 €","offer_price":0,"offer_type":null,"stock":false,"super":"alcampo"},{"img":"https://www.alcampo.es/media/ha4/h3f/8952449531934.jpg","name":"Pimienta Cayena entera CARMENCITA 18 g.","price":"1,28 €","offer_price":0,"offer_type":null,"stock":false,"super":"alcampo"},{"img":"https://www.alcampo.es/media/h58/h87/8952440193054.jpg","name":"Pimiento choricero en pulpa JR 110 gramos.","price":"1,63 €","offer_price":0,"offer_type":null,"stock":false,"super":"alcampo"},{"img":"https://www.alcampo.es/media/h4c/hc5/8952451989534.jpg","name":"Eneldo CARMENCITA 15 g.","price":"1,31 €","offer_price":0,"offer_type":null,"stock":false,"super":"alcampo"},{"img":"https://www.alcampo.es/media/h58/hd2/10564346085406.jpg","name":"Perejil DUCROS 5 g.","price":"1,66 €","offer_price":0,"offer_type":null,"stock":false,"super":"alcampo"},{"img":"https://www.alcampo.es/media/h68/hf3/9290697703454.jpg","name":"Cebolla crujiente ideal para ensalada FLORETTE bolsa de 70 g.","price":"0,93 €","offer_price":0,"offer_type":null,"stock":false,"super":"alcampo"},{"img":"https://www.alcampo.es/media/h81/h84/8889774112798.jpg","name":"Canela en rama VAHINE 10 gr,","price":"2,73 €","offer_price":0,"offer_type":null,"stock":false,"super":"alcampo"},{"img":"https://www.alcampo.es/media/hce/h64/9687517724702.jpg","name":"Pimienta blanca molida PRODUCTO ALCAMPO 52 g.","price":"1,11 €","offer_price":0,"offer_type":null,"stock":false,"super":"alcampo"},{"img":"https://www.alcampo.es/media/hb6/h24/8960014417950.jpg","name":"Sazonador para pollo CARMENCITA frasco de 75 g.","price":"1,37 €","offer_price":0,"offer_type":null,"stock":false,"super":"alcampo"},{"img":"https://www.alcampo.es/media/h40/hd4/10608084549662.jpg","name":"Cebolla frita laminada, crujiente MARISA 250 g.","price":"1,99 €","offer_price":0,"offer_type":null,"stock":false,"super":"alcampo"},{"img":"https://www.alcampo.es/media/hb8/hfa/8870861275166.jpg","name":"Canela molida-condimento ecológico ARTEMIS 30 g.","price":"1,99 €","offer_price":0,"offer_type":null,"stock":false,"super":"alcampo"},{"img":"https://www.alcampo.es/media/hf7/h32/9023548686366.jpg","name":"Pimiento dulce choricero CARMENCITA 75 g.","price":"2,44 €","offer_price":0,"offer_type":null,"stock":false,"super":"alcampo"},{"img":"https://www.alcampo.es/media/h3d/h8a/9035593678878.jpg","name":"Ñora picada CARMENCITA 41 g.","price":"1,39 €","offer_price":0,"offer_type":null,"stock":false,"super":"alcampo"},{"img":"https://www.alcampo.es/media/hf5/hc7/8952539381790.jpg","name":"Azafrán en hebra POTE 0,400 gr.","price":"2,49 €","offer_price":0,"offer_type":null,"stock":false,"super":"alcampo"},{"img":"https://www.alcampo.es/media/h83/h01/10564345331742.jpg","name":"Ajo en polvo DUCROS 58 g.","price":"1,88 €","offer_price":0,"offer_type":null,"stock":false,"super":"alcampo"},{"img":"https://www.alcampo.es/media/h11/hc6/8893498130462.jpg","name":"Pimentón picante LA DALIA lata de 125 g.","price":"1,69 €","offer_price":0,"offer_type":null,"stock":false,"super":"alcampo"},{"img":"https://www.alcampo.es/media/h8b/h0f/8869556191262.jpg","name":"Sazonador ibérico, ideal para tortillas, estofados, sopas y ensaladas TOQUE frasco de 28 g.","price":"2,25 €","offer_price":0,"offer_type":null,"stock":false,"super":"alcampo"},{"img":"https://www.alcampo.es/media/h28/hc7/8898793013278.jpg","name":"Sazonador Italia ideal para pizzas, pastas, pollo y ensaladas TOQUE frasco de 43 g.","price":"2,25 €","offer_price":0,"offer_type":null,"stock":false,"super":"alcampo"},{"img":"https://www.alcampo.es/media/h32/h0f/8898440069150.jpg","name":"Colorante alimentario POTE sobre de 28 ud.","price":"0,99 €","offer_price":0,"offer_type":null,"stock":false,"super":"alcampo"},{"img":"https://www.alcampo.es/media/h6a/hcd/8898179956766.jpg","name":"Sazonador de ajo y perejil AVECREM lata de 100 g.","price":"1,52 €","offer_price":0,"offer_type":null,"stock":false,"super":"alcampo"},{"img":"https://www.alcampo.es/media/h54/h46/8952387960862.jpg","name":"Pimienta blanca molida CARMENCITA 50 g.","price":"1,72 €","offer_price":0,"offer_type":null,"stock":false,"super":"alcampo"},{"img":"https://www.alcampo.es/media/hac/hfc/8890778124318.jpg","name":"Pimienta verde CARMENCITA 60 g.","price":"1,43 €","offer_price":0,"offer_type":null,"stock":false,"super":"alcampo"},{"img":"https://www.alcampo.es/media/h22/h20/10564402053150.jpg","name":"Canela molida DUCROS 39 g.","price":"1,87 €","offer_price":0,"offer_type":null,"stock":false,"super":"alcampo"},{"img":"https://www.alcampo.es/media/h45/hdb/10564411555870.jpg","name":"Pimienta negra en molinillo DUCROS 35 g.","price":"2,96 €","offer_price":0,"offer_type":null,"stock":false,"super":"alcampo"},{"img":"https://www.alcampo.es/media/hd9/h27/9743789719582.jpg","name":"Clavo en grano PRODUCTO ALCAMPO 31 g.","price":"1,09 €","offer_price":0,"offer_type":null,"stock":false,"super":"alcampo"},{"img":"https://www.alcampo.es/media/h3b/h16/9687725113374.jpg","name":"Pimienta Cayena entera PRODUCTO ALCAMPO 17 g.","price":"0,94 €","offer_price":0,"offer_type":null,"stock":false,"super":"alcampo"},{"img":"https://www.alcampo.es/media/h52/h2b/9762381627422.jpg","name":"Sazonador para paella PRODUCTO ALCAMPO 53 g.","price":"0,94 €","offer_price":0,"offer_type":null,"stock":false,"super":"alcampo"},{"img":"https://www.alcampo.es/media/hd7/ha6/10564391305246.jpg","name":"Curry de tradición India DUCROS SELECCIÓN 53 g.","price":"3,29 €","offer_price":0,"offer_type":null,"stock":false,"super":"alcampo"},{"img":"https://www.alcampo.es/media/h7e/h8e/9743799517214.jpg","name":"Ajonjolí sésamo en grano PRODUCTO ALCAMPO 53 g.","price":"0,99 €","offer_price":0,"offer_type":null,"stock":false,"super":"alcampo"},{"img":"https://www.alcampo.es/media/h29/h0e/8952531812382.jpg","name":"Pimentón picante CARMENCITA frasco de 45 g.","price":"1,29 €","offer_price":0,"offer_type":null,"stock":false,"super":"alcampo"},{"img":"https://www.alcampo.es/media/h46/h35/8891930050590.jpg","name":"Ajo Granulado ecológico ARTEMIS 50 g.","price":"2,23 €","offer_price":0,"offer_type":null,"stock":false,"super":"alcampo"},{"img":"https://www.alcampo.es/media/hbd/hea/8960004915230.jpg","name":"Hierbabuena CARMENCITA 18 g.","price":"1,31 €","offer_price":0,"offer_type":null,"stock":false,"super":"alcampo"},{"img":"https://www.alcampo.es/media/hc4/hc0/8965512658974.jpg","name":"Pimentón dulce SABATER lata de 160 g.","price":"2,48 €","offer_price":0,"offer_type":null,"stock":false,"super":"alcampo"},{"img":"https://www.alcampo.es/media/hc6/ha7/8898552004638.jpg","name":"Ñoras secas SABATER caja de 20 g.","price":"0,93 €","offer_price":0,"offer_type":null,"stock":false,"super":"alcampo"},{"img":"https://www.alcampo.es/media/h18/h0e/10564385734686.jpg","name":"Colorante alimentario DUCROS 60 g.","price":"1,64 €","offer_price":0,"offer_type":null,"stock":false,"super":"alcampo"},{"img":"https://www.alcampo.es/media/h2e/h03/8902298566686.jpg","name":"Cúrcuma procedente de agricultura ecológica ARTEMIS BIO 30 g.","price":"2,09 €","offer_price":0,"offer_type":null,"stock":false,"super":"alcampo"},{"img":"https://www.alcampo.es/media/h6e/h80/8952463458334.jpg","name":"Sazonador para paella valenciana CARMENCITA caja de 12 g.","price":"1,58 €","offer_price":0,"offer_type":null,"stock":false,"super":"alcampo"},{"img":"https://www.alcampo.es/media/h19/hb2/8879090303006.jpg","name":"Perejil_condimentos ecológicos ARTEMIS 8 g.","price":"1,99 €","offer_price":0,"offer_type":null,"stock":false,"super":"alcampo"},{"img":"https://www.alcampo.es/media/h73/h34/8960043745310.jpg","name":"Colorante alimentario CARMENCITA 290 g.","price":"3,08 €","offer_price":0,"offer_type":null,"stock":false,"super":"alcampo"},{"img":"https://www.alcampo.es/media/h8b/h92/8896274825246.jpg","name":"Cilantro CARMENCITA 26 g.","price":"1,37 €","offer_price":0,"offer_type":null,"stock":false,"super":"alcampo"},{"img":"https://www.alcampo.es/media/h35/h6d/9294761623582.jpg","name":"Cardamomo CARMENCITA 23 g.","price":"2,44 €","offer_price":0,"offer_type":null,"stock":false,"super":"alcampo"},{"img":"https://www.alcampo.es/media/hf7/hbc/8898796257310.jpg","name":"Nuez moscada en piezas CARMENCITA 45 g.","price":"2,30 €","offer_price":0,"offer_type":null,"stock":false,"super":"alcampo"},{"img":"https://www.alcampo.es/media/h06/he7/8883643613214.jpg","name":"Guindillas extra picantes LA ESPECIERA DEL NORTE caja de 40 g.","price":"1,69 €","offer_price":0,"offer_type":null,"stock":false,"super":"alcampo"},{"img":"https://www.alcampo.es/media/hb4/h8c/10564335435806.jpg","name":"Sazonador de ajo y perejil DUCROS frasco de 43 g.","price":"1,74 €","offer_price":0,"offer_type":null,"stock":false,"super":"alcampo"},{"img":"https://www.alcampo.es/media/h70/h55/8897070301214.jpg","name":"Curry (condimento ecológico) ARTEMIS 30 g.","price":"2,04 €","offer_price":0,"offer_type":null,"stock":false,"super":"alcampo"},{"img":"https://www.alcampo.es/media/ha9/h9b/8959931416606.jpg","name":"Pimentón dulce CARMENCITA frasco de 225 g.","price":"3,81 €","offer_price":0,"offer_type":null,"stock":false,"super":"alcampo"},{"img":"https://www.alcampo.es/media/h59/he7/10238322049054.jpg","name":"Tomates secos en aceite, mitades DELICIAS 160 g.","price":"3,23 €","offer_price":0,"offer_type":null,"stock":false,"super":"alcampo"},{"img":"https://www.alcampo.es/media/h80/h08/8976206888990.jpg","name":"Pimentón picante CARMENCITA 75 g.","price":"1,83 €","offer_price":0,"offer_type":null,"stock":false,"super":"alcampo"},{"img":"https://www.alcampo.es/media/h71/h64/9123359621150.jpg","name":"Pimentón dulce de la vera LA DALIA 250 g.","price":"1,89 €","offer_price":0,"offer_type":null,"stock":false,"super":"alcampo"},{"img":"https://www.alcampo.es/media/h7a/h1f/8959946457118.jpg","name":"Sazonador para espaguetti CARMENCITA frasco de 38 g.","price":"1,37 €","offer_price":0,"offer_type":null,"stock":false,"super":"alcampo"},{"img":"https://www.alcampo.es/media/h0b/hd9/8887362650142.jpg","name":"Sazonador de ajo y perejil CARMENCITA frasco de 35 g.","price":"1,31 €","offer_price":0,"offer_type":null,"stock":false,"super":"alcampo"},{"img":"https://www.alcampo.es/media/ha7/h6e/8949243904030.jpg","name":"Pimentón agridulce, LA DALIA, lata de 70 g,","price":"1,64 €","offer_price":0,"offer_type":null,"stock":false,"super":"alcampo"},{"img":"https://www.alcampo.es/media/hcd/h0d/8898081456158.jpg","name":"Sazonador Thai ideal para pescados, mariscos, verduras, sopas y ensaladas TOQUE frasco de 38 g.","price":"2,25 €","offer_price":0,"offer_type":null,"stock":false,"super":"alcampo"},{"img":"https://www.alcampo.es/media/hf2/h20/8879428927518.jpg","name":"Azafrán en hebra SABATER 1 g.","price":"4,75 €","offer_price":0,"offer_type":null,"stock":false,"super":"alcampo"},{"img":"https://www.alcampo.es/media/h6b/h9f/8892692168734.jpg","name":"Pimienta negra en grano, ecológica ARTEMIS 40 g.","price":"2,04 €","offer_price":0,"offer_type":null,"stock":false,"super":"alcampo"},{"img":"https://www.alcampo.es/media/hee/hdb/9758519853086.jpg","name":"Lata de pimentón picante PRODUCTO ALCAMPO 75 g.","price":"0,99 €","offer_price":0,"offer_type":null,"stock":false,"super":"alcampo"},{"img":"https://www.alcampo.es/media/h8f/he1/8894231478302.jpg","name":"Ñoras dulces LA ESPECIERA DEL NORTE caja de 70 g.","price":"1,89 €","offer_price":0,"offer_type":null,"stock":false,"super":"alcampo"},{"img":"https://www.alcampo.es/media/h0c/h9b/8952537415710.jpg","name":"Sazonador para paella a la marinera CARMENCITA caja de 12 g.","price":"1,96 €","offer_price":0,"offer_type":null,"stock":false,"super":"alcampo"},{"img":"https://www.alcampo.es/media/h59/hf6/10289056383006.jpg","name":"Canela molida CARMENCITA 40 g.","price":"1,99 €","offer_price":0,"offer_type":null,"stock":false,"super":"alcampo"},{"img":"https://www.alcampo.es/media/h4f/h24/9687484891166.jpg","name":"Sazonador finas hierbas PRODUCTO ALCAMPO 12 g.","price":"0,99 €","offer_price":0,"offer_type":null,"stock":false,"super":"alcampo"},{"img":"https://www.alcampo.es/media/hd5/hf9/10564401168414.jpg","name":"Albahaca DUCROS frasco de 11 g.","price":"1,72 €","offer_price":0,"offer_type":null,"stock":false,"super":"alcampo"},{"img":"https://www.alcampo.es/media/h5d/h67/8952494751774.jpg","name":"Clavo en grano CARMENCITA 30 g.","price":"2,06 €","offer_price":0,"offer_type":null,"stock":false,"super":"alcampo"},{"img":"https://www.alcampo.es/media/h2c/h25/10564419420190.jpg","name":"Pimentón dulce DUCROS lata de 75 g.","price":"2,19 €","offer_price":0,"offer_type":null,"stock":false,"super":"alcampo"},{"img":"https://www.alcampo.es/media/h25/h59/9687721476126.jpg","name":"Cominos en grano PRODUCTO ALCAMPO frasco de 36 g.","price":"0,79 €","offer_price":0,"offer_type":null,"stock":false,"super":"alcampo"},{"img":"https://www.alcampo.es/media/h25/h61/8898611937310.jpg","name":"Sazonador para paella SABATER 10 g.","price":"0,81 €","offer_price":0,"offer_type":null,"stock":false,"super":"alcampo"},{"img":"https://www.alcampo.es/media/hd9/h2b/10190763524126.jpg","name":"Res el Hanot (mezcla de especies) ecológico ARTEMIS BIO 25 g.","price":"3,10 €","offer_price":0,"offer_type":null,"stock":false,"super":"alcampo"},{"img":"https://www.alcampo.es/media/h30/h1c/10564410245150.jpg","name":"Canela de Saigón tostada molida DUCROS SELECCIÓN 40 g.","price":"3,29 €","offer_price":0,"offer_type":null,"stock":false,"super":"alcampo"},{"img":"https://www.alcampo.es/media/h8f/h71/9005837778974.jpg","name":"Guindilla Cayena CARMENCITA 18 g.","price":"5,41 €","offer_price":0,"offer_type":null,"stock":false,"super":"alcampo"},{"img":"https://www.alcampo.es/media/h82/h33/8901228953630.jpg","name":"Jengibre de cultivo ecológico molido ARTEMIS 25 g.","price":"1,90 €","offer_price":0,"offer_type":null,"stock":false,"super":"alcampo"},{"img":"https://www.alcampo.es/media/hc2/h07/9462979428382.jpg","name":"Sazonador receta mexicana para pechugas de pollo MAGGI Jugoso al horno sobre de 40 g.","price":"0,83 €","offer_price":0,"offer_type":null,"stock":false,"super":"alcampo"},{"img":"https://www.alcampo.es/media/h0e/h6a/10564332683294.jpg","name":"Sazonador mexicano DUCROS 40 g.","price":"2,02 €","offer_price":0,"offer_type":null,"stock":false,"super":"alcampo"},{"img":"https://www.alcampo.es/media/h10/h47/9295212937246.jpg","name":"Pimienta mezcla negra, blanca, verde y rosa TOQUE 45 g.","price":"2,38 €","offer_price":0,"offer_type":null,"stock":false,"super":"alcampo"},{"img":"https://www.alcampo.es/media/h65/hfc/9778557681694.jpg","name":"Piñones pelados CARMENCITA 56 g.","price":"9,76 €","offer_price":0,"offer_type":null,"stock":false,"super":"alcampo"},{"img":"https://www.alcampo.es/media/he9/h26/8891313356830.jpg","name":"Ajonjoli CARMENCITA 55 g.","price":"1,26 €","offer_price":0,"offer_type":null,"stock":false,"super":"alcampo"},{"img":"https://www.alcampo.es/media/hb6/h8d/8902134792222.jpg","name":"Hierbas provenzales procedente de agricultura ecológica ARTEMIS BIO 15 g.","price":"1,83 €","offer_price":0,"offer_type":null,"stock":false,"super":"alcampo"},{"img":"https://www.alcampo.es/media/hff/hf7/8894078189598.jpg","name":"Sazonador para pinchos morunos SADIK 200 g.","price":"1,45 €","offer_price":0,"offer_type":null,"stock":false,"super":"alcampo"},{"img":"https://www.alcampo.es/media/hcc/h1c/10564347887646.jpg","name":"Mostaza en semilla DUCROS 48 g.","price":"1,54 €","offer_price":0,"offer_type":null,"stock":false,"super":"alcampo"},{"img":"https://www.alcampo.es/media/ha4/h6e/10564411064350.jpg","name":"Pimienta negra molida DUCROS 40 g.","price":"1,99 €","offer_price":0,"offer_type":null,"stock":false,"super":"alcampo"},{"img":"https://www.alcampo.es/media/h8f/h54/8959739985950.jpg","name":"Hinojo molido CARMENCITA 40 g.","price":"1,12 €","offer_price":0,"offer_type":null,"stock":false,"super":"alcampo"},{"img":"https://www.alcampo.es/media/hd0/hc1/8959966248990.jpg","name":"Sazonador para carne CARMENCITA frasco de 75 g.","price":"1,37 €","offer_price":0,"offer_type":null,"stock":false,"super":"alcampo"},{"img":"https://www.alcampo.es/media/hd2/hac/10564409196574.jpg","name":"Guindilla en aros DUCROS SELECCIÓN 9 g,","price":"3,29 €","offer_price":0,"offer_type":null,"stock":false,"super":"alcampo"},{"img":"https://www.alcampo.es/media/h91/h6b/9294112784414.jpg","name":"Cebolla caramelizada crujiente ALCAMPO GOURMET 240 g.","price":"2,99 €","offer_price":0,"offer_type":null,"stock":false,"super":"alcampo"},{"img":"https://www.alcampo.es/media/hb1/hd5/8960028508190.jpg","name":"Pimienta negra molida CARMENCITA 225 g.","price":"5,72 €","offer_price":0,"offer_type":null,"stock":false,"super":"alcampo"},{"img":"https://www.alcampo.es/media/h74/hbd/9164529106974.jpg","name":"Azafrán molido estuche SAFRINA 4 sobres. 0,5 g. ","price":"2,96 €","offer_price":0,"offer_type":null,"stock":false,"super":"alcampo"},{"img":"https://www.alcampo.es/media/h92/h80/8870154797086.jpg","name":"Pimentón dulce SABATER lata de 75 g.","price":"1,32 €","offer_price":0,"offer_type":null,"stock":false,"super":"alcampo"},{"img":"https://www.alcampo.es/media/hb8/hc4/10564422729758.jpg","name":"Pimienta negra en molinillo ajustable DUCROS 35 g.","price":"3,04 €","offer_price":0,"offer_type":null,"stock":false,"super":"alcampo"},{"img":"https://www.alcampo.es/media/h04/h52/8900083843102.jpg","name":"Ajo en molinillo CARMENCITA 62 g.","price":"3,28 €","offer_price":0,"offer_type":null,"stock":false,"super":"alcampo"},{"img":"https://www.alcampo.es/media/hdd/he8/8898442297374.jpg","name":"Sazonador clásico marroquí para cordero, pescado o pollo AL'FÉZ Ras el hanout 42 g.","price":"2,91 €","offer_price":0,"offer_type":null,"stock":false,"super":"alcampo"},{"img":"https://www.alcampo.es/media/h5f/h1d/8901035950110.jpg","name":"Colorante alimentario CARMENCITA sobre de 25 ud.","price":"1,40 €","offer_price":0,"offer_type":null,"stock":false,"super":"alcampo"},{"img":"https://www.alcampo.es/media/hf3/h9c/8952512446494.jpg","name":"Anís estrellado especial para combinados CARMENCITA 27 g.","price":"3,45 €","offer_price":0,"offer_type":null,"stock":false,"super":"alcampo"},{"img":"https://www.alcampo.es/media/hb6/haf/9305084395550.jpg","name":"Pimienta negra telicherry en molinillo CARMENCITA 180 g.","price":"7,99 €","offer_price":0,"offer_type":null,"stock":false,"super":"alcampo"},{"img":"https://www.alcampo.es/media/h2f/h80/10564392026142.jpg","name":"Pimienta mezcla negra, blanca, rosa, verde y de Jamaica DUCROS 24 g.","price":"3,09 €","offer_price":0,"offer_type":null,"stock":false,"super":"alcampo"},{"img":"https://www.alcampo.es/media/h75/ha7/8959670517790.jpg","name":"Tomate deshidratado EL CAMPANILLO 60 g.","price":"1,45 €","offer_price":0,"offer_type":null,"stock":false,"super":"alcampo"},{"img":"https://www.alcampo.es/media/hda/h72/8977459150878.jpg","name":"Sazonador para ensaladas con lavanda CARMENCITA 45 g.","price":"3,28 €","offer_price":0,"offer_type":null,"stock":false,"super":"alcampo"},{"img":"https://www.alcampo.es/media/hc9/h72/8893079945246.jpg","name":"Pimentón dulce ecológico ARTEMIS 38 g.","price":"2,91 €","offer_price":0,"offer_type":null,"stock":false,"super":"alcampo"},{"img":"https://www.alcampo.es/media/hb9/h48/9771306549278.jpg","name":"Comino molido ecológico ARTEMIS 35 g.","price":"2,49 €","offer_price":0,"offer_type":null,"stock":false,"super":"alcampo"},{"img":"https://www.alcampo.es/media/h89/h83/10190618722334.jpg","name":"Tikka Masala ecológico ARTEMIS BIO 28 g.","price":"2,88 €","offer_price":0,"offer_type":null,"stock":false,"super":"alcampo"},{"img":"https://www.alcampo.es/media/hdb/h26/8894120525854.jpg","name":"Canela de cultivo ecológico en rama ARTEMIS 15 g.","price":"2,15 €","offer_price":0,"offer_type":null,"stock":false,"super":"alcampo"},{"img":"https://www.alcampo.es/media/h35/h39/10749123690526.jpg","name":"Sazonador natural para paellas con pescado, con azafrán POTE 5 uds. x 2,5 g.","price":"1,48 €","offer_price":0,"offer_type":null,"stock":false,"super":"alcampo"},{"img":"https://www.alcampo.es/media/hbe/h66/9775629271070.jpg","name":"Estragón PRODUCTO ALCAMPO 8 g.","price":"0,99 €","offer_price":0,"offer_type":null,"stock":false,"super":"alcampo"},{"img":"https://www.alcampo.es/media/h96/h78/10564412538910.jpg","name":"Sazonador ajo y perejil selección DUCROS 18 g.","price":"3,67 €","offer_price":0,"offer_type":null,"stock":false,"super":"alcampo"},{"img":"https://www.alcampo.es/media/h05/hc9/8894797447198.jpg","name":"Azafrán en hebra SABATER 0,333 g.","price":"2,55 €","offer_price":0,"offer_type":null,"stock":false,"super":"alcampo"},{"img":"https://www.alcampo.es/media/h2e/he4/8901532188702.jpg","name":"Pimientos extra dulces LA ESPECIERA DEL NORTE caja de 90 g.","price":"1,80 €","offer_price":0,"offer_type":null,"stock":false,"super":"alcampo"},{"img":"https://www.alcampo.es/media/h83/h74/8890960379934.jpg","name":"Albahaca ecológica ARTEMIS 12 g.","price":"2,09 €","offer_price":0,"offer_type":null,"stock":false,"super":"alcampo"},{"img":"https://www.alcampo.es/media/hc3/h4c/8901422284830.jpg","name":"Sazonador para pasta sensaciones de la Toscana en molinillo CARMENCITA frasco de 28 g.","price":"2,73 €","offer_price":0,"offer_type":null,"stock":false,"super":"alcampo"},{"img":"https://www.alcampo.es/media/hc3/hac/9278685741086.jpg","name":"Pimienta verde, molinillo CARMENCITA 25 g.","price":"2,99 €","offer_price":0,"offer_type":null,"stock":false,"super":"alcampo"},{"img":"https://www.alcampo.es/media/h0b/h78/8889356779550.jpg","name":"Sazonador para cous cous SADIK 200 g.","price":"1,45 €","offer_price":0,"offer_type":null,"stock":false,"super":"alcampo"},{"img":"https://www.alcampo.es/media/hc0/h82/9117589241886.jpg","name":"Molinillo regulable tex-mex TOQUE especial 40 gramos.","price":"2,25 €","offer_price":0,"offer_type":null,"stock":false,"super":"alcampo"},{"img":"https://www.alcampo.es/media/haf/h6a/9305113100318.jpg","name":"Pimentón picante SABATER lata de 75 g.","price":"1,50 €","offer_price":0,"offer_type":null,"stock":false,"super":"alcampo"},{"img":"https://www.alcampo.es/media/h32/hf1/8896260472862.jpg","name":"Sazonador para paella natural 100% SABATER caja de 3 uds x 2 gr.","price":"2,47 €","offer_price":0,"offer_type":null,"stock":false,"super":"alcampo"},{"img":"https://www.alcampo.es/media/h79/h7c/10564335271966.jpg","name":"Azafrán hebras DUCROS 0,3 gramos.","price":"3,39 €","offer_price":0,"offer_type":null,"stock":false,"super":"alcampo"},{"img":"https://www.alcampo.es/media/h0b/h13/8890579550238.jpg","name":"Sazonador para paella SABATER frasco de 45 g.","price":"1,75 €","offer_price":0,"offer_type":null,"stock":false,"super":"alcampo"},{"img":"https://www.alcampo.es/media/h34/hfc/10564395040798.jpg","name":"Chipote sazonador DUCROS 46 g.","price":"2,54 €","offer_price":0,"offer_type":null,"stock":false,"super":"alcampo"},{"img":"https://www.alcampo.es/media/ha9/h72/10749261021214.jpg","name":"Sazonador para paellas de carne con azafrán POTE 5 uds. x 2,5 g.","price":"1,48 €","offer_price":0,"offer_type":null,"stock":false,"super":"alcampo"},{"img":"https://www.alcampo.es/media/h26/hbd/10564420075550.jpg","name":"Sésamo negro en semillas DUCROS 47 g.","price":"2,48 €","offer_price":0,"offer_type":null,"stock":false,"super":"alcampo"},{"img":"https://www.alcampo.es/media/hc8/h8c/9771333091358.jpg","name":"Pimienta negra molida ecológica ARTEMIS 38 g.","price":"3,45 €","offer_price":0,"offer_type":null,"stock":false,"super":"alcampo"},{"img":"https://www.alcampo.es/media/hff/h81/8901203066910.jpg","name":"Sazonador India ideal para sopas, verduras a la plancha o pollo al horno TOQUE frasco de 40 g.","price":"2,25 €","offer_price":0,"offer_type":null,"stock":false,"super":"alcampo"},{"img":"https://www.alcampo.es/media/h57/h88/8901891424286.jpg","name":"Sazonador para barbacoa sensaciones de Louisiana en molinillo CARMENCITA frasco de 43 g.","price":"2,73 €","offer_price":0,"offer_type":null,"stock":false,"super":"alcampo"},{"img":"https://www.alcampo.es/media/he8/h21/9120287195166.jpg","name":"Sazonador pizza y pasta molinillo CARMENCITA 40 g.","price":"3,32 €","offer_price":0,"offer_type":null,"stock":false,"super":"alcampo"},{"img":"https://www.alcampo.es/media/h91/h4c/9132367937566.jpg","name":"Especia liquida a la trufa blanca en spray TURCI 40 ml.","price":"1,93 €","offer_price":0,"offer_type":null,"stock":false,"super":"alcampo"},{"img":"https://www.alcampo.es/media/h94/h00/10564343365662.jpg","name":"Sazonador de pollo DUCROS MIS RECETAS 50 g.","price":"2,34 €","offer_price":0,"offer_type":null,"stock":false,"super":"alcampo"},{"img":"https://www.alcampo.es/media/h52/h4c/9295185543198.jpg","name":"Sazonador Marruecos ideal para carnes, verduras, sopas, estofados y ensaladas TOQUE frasco de 38 g.","price":"2,25 €","offer_price":0,"offer_type":null,"stock":false,"super":"alcampo"},{"img":"https://www.alcampo.es/media/h98/h74/8893914677278.jpg","name":"Citronela CARMENCITA 11 g.","price":"1,12 €","offer_price":0,"offer_type":null,"stock":false,"super":"alcampo"},{"img":"https://www.alcampo.es/media/h95/he7/8897100054558.jpg","name":"Sazonador para pollo sensaciones de la Provenza en molinillo CARMENCITA frasco de 36 g.","price":"2,73 €","offer_price":0,"offer_type":null,"stock":false,"super":"alcampo"},{"img":"https://www.alcampo.es/media/h55/h65/9771335286814.jpg","name":"Eneldo ecológico ARTEMIS 11 g.","price":"2,04 €","offer_price":0,"offer_type":null,"stock":false,"super":"alcampo"},{"img":"https://www.alcampo.es/media/h00/hea/9152862421022.jpg","name":"Salsa de pimiento LA ESPECIERA 250 g.","price":"1,65 €","offer_price":0,"offer_type":null,"stock":false,"super":"alcampo"},{"img":"https://www.alcampo.es/media/h7c/h7d/8952478859294.jpg","name":"Estragón CARMENCITA 10 g.","price":"1,64 €","offer_price":0,"offer_type":null,"stock":false,"super":"alcampo"},{"img":"https://www.alcampo.es/media/hb2/hdd/8960081461278.jpg","name":"Botánicos para preparar gintonics CARMENCITA Cocktails 16 g.","price":"3,34 €","offer_price":0,"offer_type":null,"stock":false,"super":"alcampo"},{"img":"https://www.alcampo.es/media/h37/hec/8925937205278.jpg","name":"Potenciador del sabor CARMENCITA 150 g.","price":"1,99 €","offer_price":0,"offer_type":null,"stock":false,"super":"alcampo"},{"img":"https://www.alcampo.es/media/h3c/h5f/10564405755934.jpg","name":"Azafrám molido de aroma penetrante DUCROS 0,3 g.","price":"3,29 €","offer_price":0,"offer_type":null,"stock":false,"super":"alcampo"},{"img":"https://www.alcampo.es/media/ha6/hfa/10564399530014.jpg","name":"Piñones pelados DUCROS 40 g.","price":"5,24 €","offer_price":0,"offer_type":null,"stock":false,"super":"alcampo"},{"img":"https://www.alcampo.es/media/had/h44/10564336812062.jpg","name":"Pimienta negra molida de Lampong 35 g.","price":"2,41 €","offer_price":0,"offer_type":null,"stock":false,"super":"alcampo"},{"img":"https://www.alcampo.es/media/hcc/h32/8896530153502.jpg","name":"Pimienta rosa CARMENCITA 40 g.","price":"3,21 €","offer_price":0,"offer_type":null,"stock":false,"super":"alcampo"},{"img":"https://www.alcampo.es/media/he4/h20/9256478146590.jpg","name":"Colorante alimentario SABATER 25 uds 12 gr","price":"1,19 €","offer_price":0,"offer_type":null,"stock":false,"super":"alcampo"},{"img":"https://www.alcampo.es/media/h65/h7b/8968586231838.jpg","name":"Polvo 5 especias chinas BART 30 g.","price":"2,95 €","offer_price":0,"offer_type":null,"stock":false,"super":"alcampo"},{"img":"https://www.alcampo.es/media/h46/h6c/9492168179742.jpg","name":"Pimentón pulpería POTE 10 uds. x 2 g.","price":"1,14 €","offer_price":0,"offer_type":null,"stock":false,"super":"alcampo"},{"img":"https://www.alcampo.es/media/h34/hc3/8959684902942.jpg","name":"Apio molido CARMENCITA 43 g.","price":"1,12 €","offer_price":0,"offer_type":null,"stock":false,"super":"alcampo"},{"img":"https://www.alcampo.es/media/h6e/hdf/8940718751774.jpg","name":"Sazonador para barbacoa CARMENCITA frasco de 330 g.","price":"5,65 €","offer_price":0,"offer_type":null,"stock":false,"super":"alcampo"},{"img":"https://www.alcampo.es/media/h48/h1e/10564412211230.jpg","name":"Ajo sabor a ahumado DUCROS 48 g.","price":"2,58 €","offer_price":0,"offer_type":null,"stock":false,"super":"alcampo"},{"img":"https://www.alcampo.es/media/h09/h11/9295199830046.jpg","name":"Pimienta de Jamaica CARMENCITA 50 g.","price":"2,25 €","offer_price":0,"offer_type":null,"stock":false,"super":"alcampo"},{"img":"https://www.alcampo.es/media/h60/h8b/9777667637278.jpg","name":"Mezcla 5 pimientas PRODUCTO ALCAMPO 38 g.","price":"1,47 €","offer_price":0,"offer_type":null,"stock":false,"super":"alcampo"},{"img":"https://www.alcampo.es/media/h2f/h09/8902223790110.jpg","name":"Comino procedente de agricultura ecológica ARTEMIS BIO 20 g.","price":"2,23 €","offer_price":0,"offer_type":null,"stock":false,"super":"alcampo"},{"img":"https://www.alcampo.es/media/hf5/ha5/8878174634014.jpg","name":"Canela cassia CARMENCITA 50 g.","price":"4,71 €","offer_price":0,"offer_type":null,"stock":false,"super":"alcampo"},{"img":"https://www.alcampo.es/media/h64/hf5/10564349657118.jpg","name":"Pimienta negra molida de Brasil DUCROS32 g.","price":"2,41 €","offer_price":0,"offer_type":null,"stock":false,"super":"alcampo"}]