[{"img":"https://www.alcampo.es/media/hdd/h50/9533796352030.jpg","name":"Harina de trigo PRODUCTO ECONÓMICO ALCAMPO 1 kg","price":"0,42 €","offer_price":0,"offer_type":null,"stock":false,"super":"alcampo"},{"img":"https://www.alcampo.es/media/hb6/h98/8927244845086.jpg","name":"Harina de trigo GALLO 1 kg.","price":"0,89 €","offer_price":0,"offer_type":null,"stock":false,"super":"alcampo"},{"img":"https://www.alcampo.es/media/h49/h1f/9738295476254.jpg","name":"Masa para pizza tradicional con levadura panadera PRODUCTO ALCAMPO 260 g.","price":"0,98 €","offer_price":0,"offer_type":null,"stock":false,"super":"alcampo"},{"img":"https://www.alcampo.es/media/h55/h92/10720873218078.jpg","name":"Masa para empanadillas medianas (Obleas) BUITONI 160 g.","price":"0,87 €","offer_price":0,"offer_type":null,"stock":false,"super":"alcampo"},{"img":"https://www.alcampo.es/media/hd3/hb8/9737269018654.jpg","name":"Harina de fuerza PRODUCTO ALCAMPO 1 kg.","price":"0,58 €","offer_price":0,"offer_type":null,"stock":false,"super":"alcampo"},{"img":"https://www.alcampo.es/media/h1b/hc6/9304254545950.jpg","name":"Harina de trigo, especial repostería GALLO 1 kg","price":"1,01 €","offer_price":0,"offer_type":null,"stock":false,"super":"alcampo"},{"img":"https://www.alcampo.es/media/h17/h2c/10720990953502.jpg","name":"Masa (Obleas) para empanadillas gigantes BUITONI 280 g.","price":"1,38 €","offer_price":0,"offer_type":null,"stock":false,"super":"alcampo"},{"img":"https://www.alcampo.es/media/hae/h43/9304231542814.jpg","name":"Harina de fuerza de trigo GALLO 1 kg","price":"1,03 €","offer_price":0,"offer_type":null,"stock":false,"super":"alcampo"},{"img":"https://www.alcampo.es/media/hcd/h35/9738398105630.jpg","name":"Masa de hojaldre, lista para extender PRODUCTO ALCAMPO 230 g.","price":"0,98 €","offer_price":0,"offer_type":null,"stock":false,"super":"alcampo"},{"img":"https://www.alcampo.es/media/h50/h77/10801886691358.jpg","name":"Masa rectangular fina y crujiente, para pizza BUITONI 260 g.","price":"1,93 €","offer_price":0,"offer_type":null,"stock":false,"super":"alcampo"},{"img":"https://www.alcampo.es/media/h82/hcc/10752021528606.jpg","name":"Masarectangular fina y crujiente, para pizza de gran tamaño BUITONI 350 g.","price":"2,27 €","offer_price":0,"offer_type":null,"stock":false,"super":"alcampo"},{"img":"https://www.alcampo.es/media/h93/h7d/10911422349342.jpg","name":"Masa de hojaldre rectangular ideal para tartas y repostería BUITONI 230 g.","price":"1,87 €","offer_price":0,"offer_type":null,"stock":false,"super":"alcampo"},{"img":"https://www.alcampo.es/media/hfa/h50/9777697292318.jpg","name":"Masa rectagular de hojaldre, lista para extender PRODUCTO ALCAMPO 230 g.","price":"0,98 €","offer_price":0,"offer_type":null,"stock":false,"super":"alcampo"},{"img":"https://www.alcampo.es/media/h00/h2a/10752007995422.jpg","name":"Masa fina y esponjosa, para pizza familiar rectangular BUITONI 385 g.","price":"2,21 €","offer_price":0,"offer_type":null,"stock":false,"super":"alcampo"},{"img":"https://www.alcampo.es/media/h5c/h7f/9575636303902.jpg","name":"Masa fresca y redonda para pizza fina CASA TARRADELLAS 260 g.","price":"1,43 €","offer_price":0,"offer_type":null,"stock":false,"super":"alcampo"},{"img":"https://www.alcampo.es/media/h64/h65/9777715183646.jpg","name":"Masa rectagular para empanada PRODUCTO ALCAMPO 280 g.","price":"1,47 €","offer_price":0,"offer_type":null,"stock":false,"super":"alcampo"},{"img":"https://www.alcampo.es/media/h7f/h61/8875035721758.jpg","name":"Harina de maíz blanco recocida P.A.N 1 kg","price":"1,91 €","offer_price":0,"offer_type":null,"stock":false,"super":"alcampo"},{"img":"https://www.alcampo.es/media/h06/hd8/9710751055902.jpg","name":"Masa para pizza fina de tamaño grande PRODUCTO ALCAMPO 230 g.","price":"0,98 €","offer_price":0,"offer_type":null,"stock":false,"super":"alcampo"},{"img":"https://www.alcampo.es/media/h41/h65/9738376216606.jpg","name":"Masa quebrada PRODUCTO ALCAMPO 230 g.","price":"0,98 €","offer_price":0,"offer_type":null,"stock":false,"super":"alcampo"},{"img":"https://www.alcampo.es/media/h42/h2f/9575615660062.jpg","name":"Masa fresca de hojaldre cuadrada y con mantequilla CASATARRADELLAS 260 g.","price":"1,35 €","offer_price":0,"offer_type":null,"stock":false,"super":"alcampo"},{"img":"https://www.alcampo.es/media/h42/hc0/9650889981982.jpg","name":"Masa fresca y redonda elaborada con quinoa, chia, trigo sarraceno, amapola y espelta CASA TARRADELLAS 260 g.","price":"1,32 €","offer_price":0,"offer_type":null,"stock":false,"super":"alcampo"},{"img":"https://www.alcampo.es/media/h4d/h1a/9791383765022.jpg","name":"Masa de empanada cuadrada (32 x 25 cm), de fácil manipulación y que no se rompe BUITONI 280 g.","price":"2,30 €","offer_price":0,"offer_type":null,"stock":false,"super":"alcampo"},{"img":"https://www.alcampo.es/media/h0b/h9f/9477069570078.jpg","name":"Harina de trigo integral PRODUCTO ALCAMPO 500 gr,","price":"0,39 €","offer_price":0,"offer_type":null,"stock":false,"super":"alcampo"},{"img":"https://www.alcampo.es/media/h61/h5f/9019639169054.jpg","name":"Harina trigo integral GALLO 1 kg.","price":"0,97 €","offer_price":0,"offer_type":null,"stock":false,"super":"alcampo"},{"img":"https://www.alcampo.es/media/hee/hb0/9679094153246.jpg","name":"Harina de trigo, espelta integral GALLO 1 kg.","price":"1,87 €","offer_price":0,"offer_type":null,"stock":false,"super":"alcampo"},{"img":"https://www.alcampo.es/media/h0f/h2b/8875880808478.jpg","name":"Harina de maíz MAIZENA 400 g.","price":"1,48 €","offer_price":0,"offer_type":null,"stock":false,"super":"alcampo"},{"img":"https://www.alcampo.es/media/h80/ha6/10801866145822.jpg","name":"Masa fina y esponjosa, para pizza redonda tradicional BUITONI 260 g.","price":"2,02 €","offer_price":0,"offer_type":null,"stock":false,"super":"alcampo"},{"img":"https://www.alcampo.es/media/h79/h7f/10911359008798.jpg","name":"Masa quebrada redonda (32 cm), de fácil manipulación y que no se rompe BUITONI 230 g.","price":"1,99 €","offer_price":0,"offer_type":null,"stock":false,"super":"alcampo"},{"img":"https://www.alcampo.es/media/h7a/h7b/10911579144222.jpg","name":"Masa de hojaldre redonda (32 cm), de fácil manipulación y que no se rompe BUITONI 230 g.","price":"1,99 €","offer_price":0,"offer_type":null,"stock":false,"super":"alcampo"},{"img":"https://www.alcampo.es/media/h0e/h9c/9735869890590.jpg","name":"Harina de trigo ideal para repostería VILLAMAYOR 1 kg.","price":"0,99 €","offer_price":0,"offer_type":null,"stock":false,"super":"alcampo"},{"img":"https://www.alcampo.es/media/hd2/h34/9575637450782.jpg","name":"Masa fresca y cuadrada de hojaldre CASA TARRADELLAS 260 g","price":"1,43 €","offer_price":0,"offer_type":null,"stock":false,"super":"alcampo"},{"img":"https://www.alcampo.es/media/h19/h36/9735853998110.jpg","name":"Harina de trigo ideal para cocina VILLAMAYOR 1 kg.","price":"0,65 €","offer_price":0,"offer_type":null,"stock":false,"super":"alcampo"},{"img":"https://www.alcampo.es/media/he2/h0e/9515420385310.jpg","name":"Harina de trigo especial repostería PRODUCTO ALCAMPO 1 kg.","price":"0,80 €","offer_price":0,"offer_type":null,"stock":false,"super":"alcampo"},{"img":"https://www.alcampo.es/media/h91/h33/9096039596062.jpg","name":"Harina de trigo, formato ahorro GALLO 2,5 kg.","price":"2,03 €","offer_price":0,"offer_type":null,"stock":false,"super":"alcampo"},{"img":"https://www.alcampo.es/media/h78/h81/9477042503710.jpg","name":"Harina de trigo tipo candeal PRODUCTO ALCAMPO 1 kilogramo","price":"0,69 €","offer_price":0,"offer_type":null,"stock":false,"super":"alcampo"},{"img":"https://www.alcampo.es/media/h4d/h21/10712335056926.jpg","name":"Harina fina de maíz MAIZENA 700 g.","price":"2,15 €","offer_price":0,"offer_type":null,"stock":false,"super":"alcampo"},{"img":"https://www.alcampo.es/media/h81/h2b/9380002922526.jpg","name":"Harina de avena integral de cultivo ecológico ECOCESTA 500 g.","price":"1,66 €","offer_price":0,"offer_type":null,"stock":false,"super":"alcampo"},{"img":"https://www.alcampo.es/media/h3e/h51/10502689849374.jpg","name":"Masa grande para empanadillas LA NAPOLITANA 12 uds.","price":"1,93 €","offer_price":0,"offer_type":null,"stock":false,"super":"alcampo"},{"img":"https://www.alcampo.es/media/h2f/h58/9631914524702.jpg","name":"Harina de almendra ecológica BIOTERRA 200 g.","price":"3,98 €","offer_price":0,"offer_type":null,"stock":false,"super":"alcampo"},{"img":"https://www.alcampo.es/media/h71/hb7/10034352554014.jpg","name":"Placas de pasta elaborada con huevos frescos de gallinas camperas RANA 12 uds.","price":"1,80 €","offer_price":0,"offer_type":null,"stock":false,"super":"alcampo"},{"img":"https://www.alcampo.es/media/h09/h8d/9735889518622.jpg","name":"Harina de trigo de fuerza, ideal para panes y pastelería VILLAMAYOR 1 kg.","price":"1,14 €","offer_price":0,"offer_type":null,"stock":false,"super":"alcampo"},{"img":"https://www.alcampo.es/media/h25/h8e/8952519327774.jpg","name":"Harina de trigo NOMEN 1 kilogramo","price":"1,17 €","offer_price":0,"offer_type":null,"stock":false,"super":"alcampo"},{"img":"https://www.alcampo.es/media/h99/h4b/9304231870494.jpg","name":"Harina de trigo, especial fuerza HARIMSA 750 gr,","price":"1,49 €","offer_price":0,"offer_type":null,"stock":false,"super":"alcampo"},{"img":"https://www.alcampo.es/media/h9f/h0f/9304245796894.jpg","name":"Harina para bizcochos HARIMSA 1 kg","price":"1,18 €","offer_price":0,"offer_type":null,"stock":false,"super":"alcampo"},{"img":"https://www.alcampo.es/media/hb2/h9a/8964762140702.jpg","name":"Harina de avena integral HARIMSA 400 g.","price":"1,33 €","offer_price":0,"offer_type":null,"stock":false,"super":"alcampo"},{"img":"https://www.alcampo.es/media/h77/h5b/9304243863582.jpg","name":"Harina de preparación para pizza HARIMSA 1 kg","price":"1,42 €","offer_price":0,"offer_type":null,"stock":false,"super":"alcampo"},{"img":"https://www.alcampo.es/media/h58/ha3/9311381880862.jpg","name":"Harina de trigo con levadura, especial bizcochos GALLO 1 kg","price":"1,08 €","offer_price":0,"offer_type":null,"stock":false,"super":"alcampo"},{"img":"https://www.alcampo.es/media/h36/h21/8895835602974.jpg","name":"Harina de garbanzo DON PEDRO 400 gr,","price":"1,23 €","offer_price":0,"offer_type":null,"stock":false,"super":"alcampo"},{"img":"https://www.alcampo.es/media/h22/ha0/8960117080094.jpg","name":"Harina de espelta integral HARIMSA 500 g.","price":"1,51 €","offer_price":0,"offer_type":null,"stock":false,"super":"alcampo"},{"img":"https://www.alcampo.es/media/he9/hbe/8952074502174.jpg","name":"Preparado para pan natural sin gluten SCHÄR, 1 kg","price":"3,39 €","offer_price":0,"offer_type":null,"stock":false,"super":"alcampo"},{"img":"https://www.alcampo.es/media/h6e/hb3/10752158826526.jpg","name":"Masa de hojaldre redonda, elaborada sin gluten BUITONI 280 g.","price":"3,24 €","offer_price":0,"offer_type":null,"stock":false,"super":"alcampo"},{"img":"https://www.alcampo.es/media/h75/h4f/10418264506398.jpg","name":"Masa fresca y cuadrada para elaborar empanadas CASA TARRADELLAS 230 g.","price":"1,39 €","offer_price":0,"offer_type":null,"stock":false,"super":"alcampo"},{"img":"https://www.alcampo.es/media/h6f/h5c/9791383568414.jpg","name":"Masa para pizza, elaborada sin gluten y sin lactosa BUITONI, 230 g.","price":"3,24 €","offer_price":0,"offer_type":null,"stock":false,"super":"alcampo"},{"img":"https://www.alcampo.es/media/h5a/h0e/9379981230110.jpg","name":"Harina de Trigo Integral Bio ECOCESTA 500 g.","price":"0,95 €","offer_price":0,"offer_type":null,"stock":false,"super":"alcampo"},{"img":"https://www.alcampo.es/media/h73/h55/9476252598302.jpg","name":"Preparado de harina para pizza PRODUCTO ALCAMPO 1 kg.","price":"1,05 €","offer_price":0,"offer_type":null,"stock":false,"super":"alcampo"},{"img":"https://www.alcampo.es/media/hb4/h4f/9596435169310.jpg","name":"Harina de trigo especial para repostería PRODUCTO ALCAMPO 500 g.","price":"0,45 €","offer_price":0,"offer_type":null,"stock":false,"super":"alcampo"},{"img":"https://www.alcampo.es/media/h1b/h24/9532038348830.jpg","name":"Harina de trigo tipo Candeal PRODUCTO ALCAMPO 500 g.","price":"0,39 €","offer_price":0,"offer_type":null,"stock":false,"super":"alcampo"},{"img":"https://www.alcampo.es/media/h6b/he5/9311378702366.jpg","name":"Harina para freír y rebozar GALLO 1 kg","price":"0,83 €","offer_price":0,"offer_type":null,"stock":false,"super":"alcampo"},{"img":"https://www.alcampo.es/media/hf2/hc4/9095407566878.jpg","name":"Harina de arroz NOMEN 500 g.","price":"1,01 €","offer_price":0,"offer_type":null,"stock":false,"super":"alcampo"},{"img":"https://www.alcampo.es/media/h4f/he7/8927331581982.jpg","name":"Harina sin gluten para múltiples usos GALLO 500 g.","price":"2,39 €","offer_price":0,"offer_type":null,"stock":false,"super":"alcampo"},{"img":"https://www.alcampo.es/media/hb3/h7e/8890318782494.jpg","name":"Base para pizza con tomate PANNA &amp; POMODORO 280 g.","price":"1,76 €","offer_price":0,"offer_type":null,"stock":false,"super":"alcampo"},{"img":"https://www.alcampo.es/media/h1c/h12/8959660916766.jpg","name":"Preparado para hacer pan de queso YOKI 250 gr,","price":"3,60 €","offer_price":0,"offer_type":null,"stock":false,"super":"alcampo"},{"img":"https://www.alcampo.es/media/h46/h15/9379989782558.jpg","name":"Harina de Centeno Integral Bio ECOCESTA 500 g.","price":"1,45 €","offer_price":0,"offer_type":null,"stock":false,"super":"alcampo"},{"img":"https://www.alcampo.es/media/h8e/hd1/8872447442974.jpg","name":"Harina especial para hacer tortitas HARIMSA 500 gr,","price":"1,62 €","offer_price":0,"offer_type":null,"stock":false,"super":"alcampo"},{"img":"https://www.alcampo.es/media/ha7/h18/10217539665950.jpg","name":"Masa de hojaldre, sin grasa de Palma FRINCA 500 g.","price":"1,75 €","offer_price":0,"offer_type":null,"stock":false,"super":"alcampo"},{"img":"https://www.alcampo.es/media/h4f/hcf/9425146282014.jpg","name":"Harina de trigo Sarraceno bio ECOCESTA 500 g.","price":"3,48 €","offer_price":0,"offer_type":null,"stock":false,"super":"alcampo"},{"img":"https://www.alcampo.es/media/h90/ha1/10632090550302.jpg","name":"Masa de hojaldre con matequilla lista para extender ALCAMPO GOURMET 230 g.","price":"1,25 €","offer_price":0,"offer_type":null,"stock":false,"super":"alcampo"},{"img":"https://www.alcampo.es/media/h36/he8/8894602936350.jpg","name":"Preparado de harina especial para bizcochos PRODUCTO ALCAMPO 1 kg","price":"0,82 €","offer_price":0,"offer_type":null,"stock":false,"super":"alcampo"},{"img":"https://www.alcampo.es/media/h03/h1e/9148221521950.jpg","name":"Harina de maíz sin gluten (controlado por la FACE) PRODUCTO ALCAMPO 1 kg.","price":"1,59 €","offer_price":0,"offer_type":null,"stock":false,"super":"alcampo"},{"img":"https://www.alcampo.es/media/h09/h02/8983414636574.jpg","name":"Masa de hojaldre elaborada sin leche y sin gluten ADPAN 250 g.","price":"1,95 €","offer_price":0,"offer_type":null,"stock":false,"super":"alcampo"},{"img":"https://www.alcampo.es/media/h0e/h08/8898588868638.jpg","name":"Base de pizza sin gluten SCHÄR 300 g.","price":"4,04 €","offer_price":0,"offer_type":null,"stock":false,"super":"alcampo"},{"img":"https://www.alcampo.es/media/hd5/h37/9567911542814.jpg","name":"Harina de trigo especial para fritos y rebozados PRODUCTO ALCAMPO 1 kg.","price":"0,76 €","offer_price":0,"offer_type":null,"stock":false,"super":"alcampo"},{"img":"https://www.alcampo.es/media/h5d/h34/10720879181854.jpg","name":"Pasta filo especial para hojaldrados y tartas JR 250 g","price":"3,56 €","offer_price":0,"offer_type":null,"stock":false,"super":"alcampo"},{"img":"https://www.alcampo.es/media/h9d/hb1/8964774920222.jpg","name":"Harina de trigo sarraceno HARIMSA 400 g.","price":"2,87 €","offer_price":0,"offer_type":null,"stock":false,"super":"alcampo"},{"img":"https://www.alcampo.es/media/hf7/h79/8952261771294.jpg","name":"Harina especial para freir pescados SANTA RITA 500 g.","price":"1,93 €","offer_price":0,"offer_type":null,"stock":false,"super":"alcampo"},{"img":"https://www.alcampo.es/media/hcf/h02/8886886334494.jpg","name":"Harina blanca DOÑA AREPA 1 kg","price":"1,87 €","offer_price":0,"offer_type":null,"stock":false,"super":"alcampo"},{"img":"https://www.alcampo.es/media/ha4/h3e/9287865499678.jpg","name":"Masa de tamaño mediano para empanadillas LA NAPOLITANA 12 uds.","price":"1,58 €","offer_price":0,"offer_type":null,"stock":false,"super":"alcampo"},{"img":"https://www.alcampo.es/media/hfb/h60/10483908804638.jpg","name":"Masa de hojaldre, ideal para la elaboración de tartas y empanadas LA COCINERA 2 x 500 g.","price":"2,90 €","offer_price":0,"offer_type":null,"stock":false,"super":"alcampo"},{"img":"https://www.alcampo.es/media/hf0/h4c/8901038702622.jpg","name":"Harina de garbanzo HARIMSA 400 gr,","price":"1,46 €","offer_price":0,"offer_type":null,"stock":false,"super":"alcampo"},{"img":"https://www.alcampo.es/media/h00/hc7/9660174106654.jpg","name":"Harina multicereales integral GALLO 900 g.","price":"1,78 €","offer_price":0,"offer_type":null,"stock":false,"super":"alcampo"},{"img":"https://www.alcampo.es/media/h27/he5/8893447536670.jpg","name":"Masa para pizza, elaborada sin gluten ADPAN 250 g.","price":"2,25 €","offer_price":0,"offer_type":null,"stock":false,"super":"alcampo"},{"img":"https://www.alcampo.es/media/hfe/hcd/8952103895070.jpg","name":"Preparado para pasteles y galletas sin gluten SCHÄR, 1 kg.","price":"3,71 €","offer_price":0,"offer_type":null,"stock":false,"super":"alcampo"},{"img":"https://www.alcampo.es/media/haa/h97/10231507583006.jpg","name":"Masa de obleas (empanadillas), elaborada sin alérgenos y sin aceite de Palma ADPAN 290 g.","price":"1,50 €","offer_price":0,"offer_type":null,"stock":false,"super":"alcampo"},{"img":"https://www.alcampo.es/media/h7f/h85/9380000792606.jpg","name":"Gofio de millo LA PIÑA 1 kg","price":"2,58 €","offer_price":0,"offer_type":null,"stock":false,"super":"alcampo"},{"img":"https://www.alcampo.es/media/h16/hc8/9260120801310.jpg","name":"Preparado para para productos de panadería sin gluten PRODUCTO ALCAMPO 1 kg.","price":"2,79 €","offer_price":0,"offer_type":null,"stock":false,"super":"alcampo"},{"img":"https://www.alcampo.es/media/had/h69/9226300522526.jpg","name":"Harina de avena sin gluten bio BAUCK HOF 350 g.","price":"4,41 €","offer_price":0,"offer_type":null,"stock":false,"super":"alcampo"},{"img":"https://www.alcampo.es/media/he8/h20/8923029700638.jpg","name":"Masa brick JR 170 g.","price":"2,81 €","offer_price":0,"offer_type":null,"stock":false,"super":"alcampo"},{"img":"https://www.alcampo.es/media/h12/hb6/8952405327902.jpg","name":"Harina de maíz espesante instantánea MAIZENA 250 gr,","price":"2,90 €","offer_price":0,"offer_type":null,"stock":false,"super":"alcampo"},{"img":"https://www.alcampo.es/media/h65/h49/8952249974814.jpg","name":"Harina para tempura y rebozados SANTA RITA 500 g.","price":"2,43 €","offer_price":0,"offer_type":null,"stock":false,"super":"alcampo"},{"img":"https://www.alcampo.es/media/h90/h15/8952402542622.jpg","name":"Preparado para hacer pan multicereales y semillas HARIMSA 500 gr,","price":"1,93 €","offer_price":0,"offer_type":null,"stock":false,"super":"alcampo"},{"img":"https://www.alcampo.es/media/h6f/h63/9391017132062.jpg","name":"Masa pizza ALCAMPO ECOLÓGICO 260 g.","price":"1,89 €","offer_price":0,"offer_type":null,"stock":false,"super":"alcampo"},{"img":"https://www.alcampo.es/media/hc0/h3b/8901702582302.jpg","name":"Harina amarilla DOÑA AREPA 1 kg","price":"1,87 €","offer_price":0,"offer_type":null,"stock":false,"super":"alcampo"},{"img":"https://www.alcampo.es/media/h32/h78/9304241143838.jpg","name":"Harina de espelta integral ecológica BIGORET 500 g.","price":"2,25 €","offer_price":0,"offer_type":null,"stock":false,"super":"alcampo"},{"img":"https://www.alcampo.es/media/h9c/hdc/9082959396894.jpg","name":"Masa de hojaldre, realizada sin gluten SCHÄR 250 g.","price":"3,20 €","offer_price":0,"offer_type":null,"stock":false,"super":"alcampo"},{"img":"https://www.alcampo.es/media/h0e/h78/9380033822750.jpg","name":"Harina de maíz de cultivo ecológico ECOCESTA 500 g.","price":"1,56 €","offer_price":0,"offer_type":null,"stock":false,"super":"alcampo"},{"img":"https://www.alcampo.es/media/h5b/h32/8922523140126.jpg","name":"Masa quebrada sin gluten ADPAN 250 g.","price":"2,25 €","offer_price":0,"offer_type":null,"stock":false,"super":"alcampo"},{"img":"https://www.alcampo.es/media/h3c/h6c/9465796296734.jpg","name":"Harina de garbanzos de cultivo ecológico ECOCESTA 500 g.","price":"2,64 €","offer_price":0,"offer_type":null,"stock":false,"super":"alcampo"},{"img":"https://www.alcampo.es/media/he2/h1c/10714992345118.jpg","name":"Preparado para tortitas veganas, sin gluten, sin lactosa MARU LEE 180 g.","price":"2,18 €","offer_price":0,"offer_type":null,"stock":false,"super":"alcampo"},{"img":"https://www.alcampo.es/media/h4e/h59/10695730266142.jpg","name":"Preparado para tortitas ROYAL 120 g.","price":"0,91 €","offer_price":0,"offer_type":null,"stock":false,"super":"alcampo"},{"img":"https://www.alcampo.es/media/h8e/hbb/9639214907422.jpg","name":"Preparado de harina para tortitas y crepes PRODUCTO ALCAMPO 500 gr,","price":"0,99 €","offer_price":0,"offer_type":null,"stock":false,"super":"alcampo"},{"img":"https://www.alcampo.es/media/h2f/h4f/8952526897182.jpg","name":"Harina especial para rebozar sin huevo YOLANDA 500 gr,","price":"1,27 €","offer_price":0,"offer_type":null,"stock":false,"super":"alcampo"},{"img":"https://www.alcampo.es/media/he4/hb8/10720940130334.jpg","name":"Pasta Brick enrollada JR 3 m.","price":"2,81 €","offer_price":0,"offer_type":null,"stock":false,"super":"alcampo"},{"img":"https://www.alcampo.es/media/ha3/h2c/9401133269022.jpg","name":"Preparado de harina para tempura PRODUCTO ALCAMPO 500 g.","price":"0,79 €","offer_price":0,"offer_type":null,"stock":false,"super":"alcampo"},{"img":"https://www.alcampo.es/media/h01/hd0/10444848824350.jpg","name":"Masa de empanada, elaborada sin gluten ADPAN 500 g.","price":"2,25 €","offer_price":0,"offer_type":null,"stock":false,"super":"alcampo"},{"img":"https://www.alcampo.es/media/h4f/h3a/10695773257758.jpg","name":"Complemento de tapioca para salsas, rellenos y caldos ROYAL 175 g.","price":"1,44 €","offer_price":0,"offer_type":null,"stock":false,"super":"alcampo"},{"img":"https://www.alcampo.es/media/h21/h97/8879248506910.jpg","name":"Preparado para hacer churros HARIMSA 500 gr,","price":"1,62 €","offer_price":0,"offer_type":null,"stock":false,"super":"alcampo"},{"img":"https://www.alcampo.es/media/h58/hd8/8892530884638.jpg","name":"Fécula de maíz PRODUCTO ALCAMPO 400 gr,","price":"0,89 €","offer_price":0,"offer_type":null,"stock":false,"super":"alcampo"},{"img":"https://www.alcampo.es/media/hd5/hff/8952054841374.jpg","name":"Harina para pan rústico sin gluten SCHÄR, 1 kg","price":"5,09 €","offer_price":0,"offer_type":null,"stock":false,"super":"alcampo"},{"img":"https://www.alcampo.es/media/h9c/h1b/9532054143006.jpg","name":"Harina especial para croquetas y bechamel PRODUCTO ALCAMPO 500 g.","price":"0,99 €","offer_price":0,"offer_type":null,"stock":false,"super":"alcampo"},{"img":"https://www.alcampo.es/media/hca/h40/9465750716446.jpg","name":"Preparado para hacer crepes HARIMSA 500 gr,","price":"1,62 €","offer_price":0,"offer_type":null,"stock":false,"super":"alcampo"},{"img":"https://www.alcampo.es/media/hd2/hb1/9537338572830.jpg","name":"Fécula de mandioca, Tapioca TIPIAK 250 g.","price":"2,54 €","offer_price":0,"offer_type":null,"stock":false,"super":"alcampo"},{"img":"https://www.alcampo.es/media/h15/h34/8893707517982.jpg","name":"Masa kataifi JR 500 g.","price":"3,45 €","offer_price":0,"offer_type":null,"stock":false,"super":"alcampo"},{"img":"https://www.alcampo.es/media/h86/h88/8897895661598.jpg","name":"Harina de maíz ARPIS 1 kg.","price":"1,21 €","offer_price":0,"offer_type":null,"stock":false,"super":"alcampo"},{"img":"https://www.alcampo.es/media/h32/hf3/9630116773918.jpg","name":"Harina integral de avena ecológica EL HORNO DE LEÑA 1 kg.","price":"2,99 €","offer_price":0,"offer_type":null,"stock":false,"super":"alcampo"},{"img":"https://www.alcampo.es/media/h42/hf3/8902425772062.jpg","name":"Harina de arroz integral procedente de agricultura ecológica BIOGORET 500 g.","price":"3,75 €","offer_price":0,"offer_type":null,"stock":false,"super":"alcampo"},{"img":"https://www.alcampo.es/media/h90/h15/8973625851934.jpg","name":"Harina de quinoa DON PEDRO 400 g.","price":"3,10 €","offer_price":0,"offer_type":null,"stock":false,"super":"alcampo"},{"img":"https://www.alcampo.es/media/hba/h68/9308419260446.jpg","name":"Harina blanca de centeno SANTA RITA 430 g.","price":"1,61 €","offer_price":0,"offer_type":null,"stock":false,"super":"alcampo"},{"img":"https://www.alcampo.es/media/h9d/h7a/8902345818142.jpg","name":"Harina de arroz sin gluten BAUCKHOF 500 gr,","price":"3,83 €","offer_price":0,"offer_type":null,"stock":false,"super":"alcampo"},{"img":"https://www.alcampo.es/media/h83/h40/9045849931806.jpg","name":"Harina de trigo sin gluten BAUCKHOF 500 g.","price":"4,66 €","offer_price":0,"offer_type":null,"stock":false,"super":"alcampo"},{"img":"https://www.alcampo.es/media/h7c/h30/9591099260958.jpg","name":"Harina integral de Teff HARIMSA 400 g.","price":"3,83 €","offer_price":0,"offer_type":null,"stock":false,"super":"alcampo"},{"img":"https://www.alcampo.es/media/hcb/h91/10721039220766.jpg","name":"Masa de hojaldre (18 a 20 láminas) JR 500 g.","price":"3,99 €","offer_price":0,"offer_type":null,"stock":false,"super":"alcampo"},{"img":"https://www.alcampo.es/media/hc7/hd3/9631947325470.jpg","name":"Mix bechamel (harina) instantánea en frío, sin gluten SANTA RITA 240 g.","price":"4,65 €","offer_price":0,"offer_type":null,"stock":false,"super":"alcampo"},{"img":"https://www.alcampo.es/media/h6d/hb7/10078912774174.jpg","name":"Harina especial panqueques y gofres BAUCK HOF 200 g.","price":"2,74 €","offer_price":0,"offer_type":null,"stock":false,"super":"alcampo"},{"img":"https://www.alcampo.es/media/h4d/he9/8900881612830.jpg","name":"Tapioca de agricultura ecológica SANTIVERI BIO 250 g.","price":"4,34 €","offer_price":0,"offer_type":null,"stock":false,"super":"alcampo"},{"img":"https://www.alcampo.es/media/h6b/hc5/10853426298910.jpg","name":"Preparado de bechamel en frío, instantáneo, para 60 croquetas aproximadamente SANTA RITA 240 g.","price":"4,31 €","offer_price":0,"offer_type":null,"stock":false,"super":"alcampo"}]