[{"img":"https://www.alcampo.es/media/he0/h4a/8892011642910.jpg","name":"Huevos camperos frescos de categoria A y clase L PAZO DE VILANE 12 uds.","price":"2,88 €","offer_price":0,"offer_type":null,"stock":false,"super":"alcampo"},{"img":"https://www.alcampo.es/media/h9b/hd9/9657407471646.jpg","name":"Huevos frescos de categoria A y clase M PRODUCTO ALCAMPO 12 uds.","price":"1,28 €","offer_price":0,"offer_type":null,"stock":false,"super":"alcampo"},{"img":"https://www.alcampo.es/media/h6b/h7b/9591092674590.jpg","name":"Huevos frescos ecológicos Clase M-L Categoría A LA GRANJA DE SAURI 6 uds.","price":"2,21 €","offer_price":0,"offer_type":null,"stock":false,"super":"alcampo"},{"img":"https://www.alcampo.es/media/hbd/he0/9161438593054.jpg","name":"Huevos frescos clase M-L y categoria A CORRAL DE MONEGROS 12 uds.","price":"2,79 €","offer_price":0,"offer_type":null,"stock":false,"super":"alcampo"},{"img":"https://www.alcampo.es/media/hbb/ha7/9741689815070.jpg","name":"Huevos frescos de categoria A y clase L DAGU 12 uds.","price":"1,49 €","offer_price":0,"offer_type":null,"stock":false,"super":"alcampo"},{"img":"https://www.alcampo.es/media/hfa/h83/9657273712670.jpg","name":"Huevos frescos de categoria A y clase L PRODUCTO ALCAMPO 6 uds.","price":"0,94 €","offer_price":0,"offer_type":null,"stock":false,"super":"alcampo"},{"img":"https://www.alcampo.es/media/h0c/h7e/9741698203678.jpg","name":"Huevos frescos de gallinas criadas en suelo, de categoria A y clase L DAGU 12 uds.","price":"1,68 €","offer_price":0,"offer_type":null,"stock":false,"super":"alcampo"},{"img":"https://www.alcampo.es/media/h2a/h22/9706675830814.jpg","name":"Huevos frescos de categoria A y clase M DAGU 30 uds.","price":"2,79 €","offer_price":0,"offer_type":null,"stock":false,"super":"alcampo"},{"img":"https://www.alcampo.es/media/h2c/hb4/9706675044382.jpg","name":"Huevos frescos de categoria A y clase XL DAGU 10 uds.","price":"1,89 €","offer_price":0,"offer_type":null,"stock":false,"super":"alcampo"},{"img":"https://www.alcampo.es/media/hd9/hba/9662587863070.jpg","name":"Huevos frescos de categoria A y clase XL PRODUCTO ALCAMPO 6 uds.","price":"1,19 €","offer_price":0,"offer_type":null,"stock":false,"super":"alcampo"},{"img":"https://www.alcampo.es/media/h55/ha9/10043998699550.jpg","name":"Huevos frescos camperos de categoria A y clase M - L DAGU 6 uds.","price":"1,18 €","offer_price":0,"offer_type":null,"stock":false,"super":"alcampo"},{"img":"https://www.alcampo.es/media/he5/h96/10160101818398.jpg","name":"Huevos frescos camperos de categoria A y clase M / L ALCAMPO PRODUCCIÓN CONTROLADA 6 uds.","price":"1,49 €","offer_price":0,"offer_type":null,"stock":false,"super":"alcampo"},{"img":"https://www.alcampo.es/media/h00/hc0/9294758543390.jpg","name":"Huevos camperos de categoria A y clase L PAZO DE VILANE 6 uds.","price":"1,68 €","offer_price":0,"offer_type":null,"stock":false,"super":"alcampo"},{"img":"https://www.alcampo.es/media/hc8/h8f/10160101064734.jpg","name":"Huevos frescos ecológicos de categoria A y clase M / L ALCAMPO PRODUCCIÓN CONTROLADA ECOLÓGICO 6 uds.","price":"2,59 €","offer_price":0,"offer_type":null,"stock":false,"super":"alcampo"},{"img":"https://www.alcampo.es/media/ha5/haa/9221379751966.jpg","name":"Huevos frescos de corral de clases M y L y categoria A CORRAL DE MONEGROS 6 uds.","price":"1,48 €","offer_price":0,"offer_type":null,"stock":false,"super":"alcampo"},{"img":"https://www.alcampo.es/media/h97/hca/9706678943774.jpg","name":"Huevos fresco de categoria A y clase XL PITAS 10 uds.","price":"2,25 €","offer_price":0,"offer_type":null,"stock":false,"super":"alcampo"},{"img":"https://www.alcampo.es/media/h55/h94/8950330851358.jpg","name":"Clara de huevo líquido pasteurizada, ROIG, botella 500 gr.","price":"2,08 €","offer_price":0,"offer_type":null,"stock":false,"super":"alcampo"},{"img":"https://www.alcampo.es/media/hef/h09/10721108033566.jpg","name":"Clara de huevo líquida y pasteurizada PASCUAL 1000 ml.","price":"3,43 €","offer_price":0,"offer_type":null,"stock":false,"super":"alcampo"},{"img":"https://www.alcampo.es/media/hc2/hcc/10160101457950.jpg","name":"Huevos frescos camperos de categoria A y clase M / L ALCAMPO PRODUCCIÓN CONTROLADA 12 uds.","price":"2,69 €","offer_price":0,"offer_type":null,"stock":false,"super":"alcampo"},{"img":"https://www.alcampo.es/media/hed/h90/9738385784862.jpg","name":"Huevos camperos frescos clase M-L y categoria A PITAS 12 uds.","price":"2,65 €","offer_price":0,"offer_type":null,"stock":false,"super":"alcampo"},{"img":"https://www.alcampo.es/media/hea/hda/8898381348894.jpg","name":"Huevos Clase L PITAS 12 Unidades","price":"1,29 €","offer_price":0,"offer_type":null,"stock":false,"super":"alcampo"},{"img":"https://www.alcampo.es/media/he2/h5c/9701145837598.jpg","name":"Huevos frescos de codorniz PITAS o DAGU 18 uds.","price":"1,29 €","offer_price":0,"offer_type":null,"stock":false,"super":"alcampo"},{"img":"https://www.alcampo.es/media/h35/h87/9701132271646.jpg","name":"Huevos frescos de categoria A y clase L / M PITAS 12 uds. ","price":"1,69 €","offer_price":0,"offer_type":null,"stock":false,"super":"alcampo"},{"img":"https://www.alcampo.es/media/h04/h68/8894043193374.jpg","name":"Huevos Clase M PITAS 12 Unidades","price":"1,25 €","offer_price":0,"offer_type":null,"stock":false,"super":"alcampo"},{"img":"https://www.alcampo.es/media/h71/h71/10160102277150.jpg","name":"Huevos rescos camperos de categoria A y clase XL ALCAMPO PRODUCCIÓN CONTROLADA 6 uds.","price":"1,85 €","offer_price":0,"offer_type":null,"stock":false,"super":"alcampo"},{"img":"https://www.alcampo.es/media/hcd/hda/9543214661662.jpg","name":"Huevos frescos camperos categoria A y clase M / L OLÉ Tus huevos 12 uds.","price":"2,79 €","offer_price":0,"offer_type":null,"stock":false,"super":"alcampo"},{"img":"https://www.alcampo.es/media/haf/h09/9352922464286.jpg","name":"Huevos de codorniz MONEGROS 12 uds.","price":"0,99 €","offer_price":0,"offer_type":null,"stock":false,"super":"alcampo"},{"img":"https://www.alcampo.es/media/h7c/h38/9396471463966.jpg","name":"Huevos camperos cocidos con cáscara clase M-L y categoria A CORRAL DE MONEGROS 6 uds.","price":"2,25 €","offer_price":0,"offer_type":null,"stock":false,"super":"alcampo"},{"img":"https://www.alcampo.es/media/hd4/ha5/9706650861598.jpg","name":"Huevos frescos de categoria A y clase M-L DAGU 6 uds.","price":"1,09 €","offer_price":0,"offer_type":null,"stock":false,"super":"alcampo"},{"img":"https://www.alcampo.es/media/h29/h08/9706653450270.jpg","name":"Huevos frescos de categoria A y clase M PITAS 12 uds.","price":"1,75 €","offer_price":0,"offer_type":null,"stock":false,"super":"alcampo"},{"img":"https://www.alcampo.es/media/hd8/hcd/10073575194654.jpg","name":"Huevos frescos camperos categoria A y clase M / L OLÉ Tus huevos 6 uds","price":"1,49 €","offer_price":0,"offer_type":null,"stock":false,"super":"alcampo"},{"img":"https://www.alcampo.es/media/h2d/h0b/10643759300638.jpg","name":"Huevo hilado elaborado con un 90% de yema y sin gluten SANTA TERESA 100 g","price":"3,45 €","offer_price":0,"offer_type":null,"stock":false,"super":"alcampo"},{"img":"https://www.alcampo.es/media/h5d/h37/9701150752798.jpg","name":"Huevos de codorniz cocidos y pelados PITAS 18 uds.","price":"3,57 €","offer_price":0,"offer_type":null,"stock":false,"super":"alcampo"},{"img":"https://www.alcampo.es/media/h48/hf6/9915953152030.jpg","name":"Huevos camperos azules de categoria A y clase M / L CORRAL DE MONEGROS 6 uds.","price":"1,89 €","offer_price":0,"offer_type":null,"stock":false,"super":"alcampo"},{"img":"https://www.alcampo.es/media/hb7/he7/9431874011166.jpg","name":"Huevos de codorniz, cocidos y en salmuera CORRAL DE MONEGROS 18 uds.","price":"3,40 €","offer_price":0,"offer_type":null,"stock":false,"super":"alcampo"},{"img":"https://www.alcampo.es/media/h1a/h61/10734154055710.jpg","name":"Huevo líquido entero y pasteurizado PASCUAL 1000 g.","price":"3,67 €","offer_price":0,"offer_type":null,"stock":false,"super":"alcampo"},{"img":"https://www.alcampo.es/media/h30/hce/9442080260126.jpg","name":"Huevos camperos frescos de categoria A y clase M-L DAGU 12 uds.","price":"2,29 €","offer_price":0,"offer_type":null,"stock":false,"super":"alcampo"}]