[{"img":"https://www.alcampo.es/media/hdb/h37/9465740656670.jpg","name":"Lentejas Pardina extra PRODUCTO ALCAMPO 1 kg.","price":"1,38 €","offer_price":0,"offer_type":null,"stock":false,"super":"alcampo"},{"img":"https://www.alcampo.es/media/he8/h5b/9465798197278.jpg","name":"Lentejas extra PRODUCTO ALCAMPO 1 kg.","price":"1,24 €","offer_price":0,"offer_type":null,"stock":false,"super":"alcampo"},{"img":"https://www.alcampo.es/media/h77/h50/9543909900318.jpg","name":"Garbanzos cocidos PRODUCTO ALCAMPO 400 g.","price":"0,52 €","offer_price":0,"offer_type":null,"stock":false,"super":"alcampo"},{"img":"https://www.alcampo.es/media/h3d/h21/10034005377054.jpg","name":"Garbanzo cocido LUENGO frasco de 400 g.","price":"0,85 €","offer_price":0,"offer_type":null,"stock":false,"super":"alcampo"},{"img":"https://www.alcampo.es/media/h4d/h8f/9543884931102.jpg","name":"Lentejas cocidas extra PRODUCTO ALCAMPO 400 g.","price":"0,52 €","offer_price":0,"offer_type":null,"stock":false,"super":"alcampo"},{"img":"https://www.alcampo.es/media/h1d/h4b/10911422119966.jpg","name":"Fabada Asturiana LITORAL 435 g","price":"1,99 €","offer_price":0,"offer_type":null,"stock":false,"super":"alcampo"},{"img":"https://www.alcampo.es/media/h4a/hca/9465732530206.jpg","name":"Garbanzo cocido con bajo contenido en sal LUENGO frasco de 400 g.","price":"0,80 €","offer_price":0,"offer_type":null,"stock":false,"super":"alcampo"},{"img":"https://www.alcampo.es/media/h26/h40/10033819123742.jpg","name":"Lenteja cocida LUENGO frasco de 400 g.","price":"0,77 €","offer_price":0,"offer_type":null,"stock":false,"super":"alcampo"},{"img":"https://www.alcampo.es/media/h54/ha6/9543876476958.jpg","name":"Alubias cocidas extra PRODUCTO ALCAMPO 400 g.","price":"0,52 €","offer_price":0,"offer_type":null,"stock":false,"super":"alcampo"},{"img":"https://www.alcampo.es/media/h59/hb3/10546347999262.gif","name":"Lentejas Pardina LUENGO paquete de 1 kg.","price":"2,76 €","offer_price":0,"offer_type":null,"stock":false,"super":"alcampo"},{"img":"https://www.alcampo.es/media/h95/hc6/10033901109278.jpg","name":"Alubia cocida LUENGO frasco de 400 g.","price":"0,85 €","offer_price":0,"offer_type":null,"stock":false,"super":"alcampo"},{"img":"https://www.alcampo.es/media/hc3/he8/9014915334174.jpg","name":"Garbanzo cocidos LUENGO 200 g.","price":"0,67 €","offer_price":0,"offer_type":null,"stock":false,"super":"alcampo"},{"img":"https://www.alcampo.es/media/h43/h24/9543894040606.jpg","name":"Garbanzos cocidos PRODUCTO ALCAMPO 240 g.","price":"0,56 €","offer_price":0,"offer_type":null,"stock":false,"super":"alcampo"},{"img":"https://www.alcampo.es/media/h29/h2a/9792511803422.jpg","name":"Lentejas a la Riojana LITORAL lata de 430 g.","price":"1,39 €","offer_price":0,"offer_type":null,"stock":false,"super":"alcampo"},{"img":"https://www.alcampo.es/media/h70/hfa/9386888560670.jpg","name":"Fabada asturiana PRODUCTO ALCAMPO, lata de 440 g.","price":"0,98 €","offer_price":0,"offer_type":null,"stock":false,"super":"alcampo"},{"img":"https://www.alcampo.es/media/hd3/hbc/9465692848158.jpg","name":"Lentejas Pardina Extra PRODUCTO ALCAMPO 500 g.","price":"0,70 €","offer_price":0,"offer_type":null,"stock":false,"super":"alcampo"},{"img":"https://www.alcampo.es/media/h7b/hfe/8893207216158.jpg","name":"Alubia cocida roja LUENGO frasco de 400 g.","price":"0,99 €","offer_price":0,"offer_type":null,"stock":false,"super":"alcampo"},{"img":"https://www.alcampo.es/media/h52/hfd/9659274264606.jpg","name":"Cocido Madrileño LITORAL lata de 440 g.","price":"1,83 €","offer_price":0,"offer_type":null,"stock":false,"super":"alcampo"},{"img":"https://www.alcampo.es/media/h2e/h80/9544130166814.jpg","name":"Alubias cocidas bajas en sal PRODUCTO ALCAMPO 400 g.","price":"0,56 €","offer_price":0,"offer_type":null,"stock":false,"super":"alcampo"},{"img":"https://www.alcampo.es/media/h1d/h2b/8952410079262.jpg","name":"Garbanzos cocidos JAE lata de 500 g.","price":"1,78 €","offer_price":0,"offer_type":null,"stock":false,"super":"alcampo"},{"img":"https://www.alcampo.es/media/h37/h84/9465684557854.jpg","name":"Lentejas Pardina LUENGO paquete de 500 g.","price":"1,49 €","offer_price":0,"offer_type":null,"stock":false,"super":"alcampo"},{"img":"https://www.alcampo.es/media/h14/h23/9263328854046.jpg","name":"Fabada Asturiana con selectos embutidos asturianos LITORAL lata de 865 g.","price":"3,24 €","offer_price":0,"offer_type":null,"stock":false,"super":"alcampo"},{"img":"https://www.alcampo.es/media/ha5/h3c/9567904628766.jpg","name":"Garbanzos cocidos bajo contenido en sal PRODUCTO ALCAMPO 400 g.","price":"0,67 €","offer_price":0,"offer_type":null,"stock":false,"super":"alcampo"},{"img":"https://www.alcampo.es/media/he7/h51/9567907020830.jpg","name":"Alubia morada cocida PRODUCTO ALCAMPO 400 g.","price":"0,68 €","offer_price":0,"offer_type":null,"stock":false,"super":"alcampo"},{"img":"https://www.alcampo.es/media/h86/hdf/10911488802846.jpg","name":"Lentejas con verduras LITORAL lata de 430 g.","price":"1,56 €","offer_price":0,"offer_type":null,"stock":false,"super":"alcampo"},{"img":"https://www.alcampo.es/media/h27/h95/9543925039134.jpg","name":"Alubias pintas cocidas PRODUCTO ALCAMPO 400 g.","price":"0,77 €","offer_price":0,"offer_type":null,"stock":false,"super":"alcampo"},{"img":"https://www.alcampo.es/media/h71/hfc/9005799342110.jpg","name":"Lenteja cocida LUENGO 200 g.","price":"0,67 €","offer_price":0,"offer_type":null,"stock":false,"super":"alcampo"},{"img":"https://www.alcampo.es/media/h79/h38/10911331680286.jpg","name":"Garbanzos con espinacas LITORAL 425 g.","price":"1,56 €","offer_price":0,"offer_type":null,"stock":false,"super":"alcampo"},{"img":"https://www.alcampo.es/media/hb9/hea/9543869759518.jpg","name":"Lentejas cocidas extra PRODUCTO ALCAMPO 240 g.","price":"0,49 €","offer_price":0,"offer_type":null,"stock":false,"super":"alcampo"},{"img":"https://www.alcampo.es/media/h02/hb3/10746905395230.jpg","name":"Lentejas de la Abuela cocinadas LITORAL 435 g.","price":"1,07 €","offer_price":0,"offer_type":null,"stock":false,"super":"alcampo"},{"img":"https://www.alcampo.es/media/hbf/h25/9503729680414.jpg","name":"Lentejas a la riojana PRODUCTO ALCAMPO lata de 430 g.","price":"0,84 €","offer_price":0,"offer_type":null,"stock":false,"super":"alcampo"},{"img":"https://www.alcampo.es/media/hdb/h8d/9465687015454.jpg","name":"Alubia cocida blanca con bajo contenido en sal LUENGO frasco de 400 g.","price":"0,80 €","offer_price":0,"offer_type":null,"stock":false,"super":"alcampo"},{"img":"https://www.alcampo.es/media/he5/ha1/9011566673950.jpg","name":"Garbanzos cocidos JA'E frasco de 500 g.","price":"1,34 €","offer_price":0,"offer_type":null,"stock":false,"super":"alcampo"},{"img":"https://www.alcampo.es/media/hf0/hed/10746910408734.jpg","name":"Garbanzos cocinados al estilo de la abuela LITORAL 440 g.","price":"1,07 €","offer_price":0,"offer_type":null,"stock":false,"super":"alcampo"},{"img":"https://www.alcampo.es/media/h27/hca/9465770475550.jpg","name":"Garbanzo pedrosillano LUENGO paquete de 1 kilogramo","price":"3,05 €","offer_price":0,"offer_type":null,"stock":false,"super":"alcampo"},{"img":"https://www.alcampo.es/media/ha1/hc8/9011571687454.jpg","name":"Lentejas cocidas Selección JA'E 500 g.","price":"1,15 €","offer_price":0,"offer_type":null,"stock":false,"super":"alcampo"},{"img":"https://www.alcampo.es/media/hc5/hc7/9535243550750.jpg","name":"Garbanzos cocidos ALCAMPO ECOLÓGICO 450 g.","price":"2,15 €","offer_price":0,"offer_type":null,"stock":false,"super":"alcampo"},{"img":"https://www.alcampo.es/media/h0e/h15/9543917600798.jpg","name":"Garbanzos cocidos con verduras PRODUCTO ALCAMPO frasco de 400 g.","price":"0,69 €","offer_price":0,"offer_type":null,"stock":false,"super":"alcampo"},{"img":"https://www.alcampo.es/media/h2f/hec/8952497700894.jpg","name":"Lentejas cocidas JAE lata de 500 g.","price":"1,34 €","offer_price":0,"offer_type":null,"stock":false,"super":"alcampo"},{"img":"https://www.alcampo.es/media/hca/hbc/9543920353310.jpg","name":"Alubias cocidas extra sin gluten PRODUCTO ALCAMPO 240 g.","price":"0,49 €","offer_price":0,"offer_type":null,"stock":false,"super":"alcampo"},{"img":"https://www.alcampo.es/media/hf0/h2a/10746850607134.jpg","name":"Alubias a la Vasca con embutido selecto LITORAL lata de 430 g.","price":"1,83 €","offer_price":0,"offer_type":null,"stock":false,"super":"alcampo"},{"img":"https://www.alcampo.es/media/h01/had/9133146767390.jpg","name":"Garbanzos pedrosillano selección gourmet PEDRO LUIS 500 g.","price":"1,88 €","offer_price":0,"offer_type":null,"stock":false,"super":"alcampo"},{"img":"https://www.alcampo.es/media/hbc/h30/8952457396254.jpg","name":"Garbanzos cocidos JAE lata de 250 g.","price":"1,19 €","offer_price":0,"offer_type":null,"stock":false,"super":"alcampo"},{"img":"https://www.alcampo.es/media/he0/h71/9465809141790.jpg","name":"Garbanzo extra PRODUCTO ALCAMPO 1 kg.","price":"1,98 €","offer_price":0,"offer_type":null,"stock":false,"super":"alcampo"},{"img":"https://www.alcampo.es/media/hdd/hd2/9152885817374.jpg","name":"Fabada Asturiana -30% sal y grasas LITORAL 435 g.","price":"1,87 €","offer_price":0,"offer_type":null,"stock":false,"super":"alcampo"},{"img":"https://www.alcampo.es/media/h5f/h28/9605376344094.jpg","name":"Garbanzo lechoso LUENGO paquete de 1 kg.","price":"2,84 €","offer_price":0,"offer_type":null,"stock":false,"super":"alcampo"},{"img":"https://www.alcampo.es/media/h57/h5a/9010219909150.jpg","name":"Alubias de la Abuela con ingredientes naturales LITORAL 430 g.","price":"1,03 €","offer_price":0,"offer_type":null,"stock":false,"super":"alcampo"},{"img":"https://www.alcampo.es/media/h9a/h2d/9465752485918.jpg","name":"Lenteja cocida LA COCHURA frasco de 400 g.","price":"1,02 €","offer_price":0,"offer_type":null,"stock":false,"super":"alcampo"},{"img":"https://www.alcampo.es/media/hc4/h94/10546403016734.jpg","name":"Judión cocido DON PEDRO 400 g.","price":"1,19 €","offer_price":0,"offer_type":null,"stock":false,"super":"alcampo"},{"img":"https://www.alcampo.es/media/h57/h0a/10569145319454.jpg","name":"Fabada asturiana PRODUCTO ALCAMPO 865 g.","price":"1,66 €","offer_price":0,"offer_type":null,"stock":false,"super":"alcampo"},{"img":"https://www.alcampo.es/media/h28/hb9/8952381702174.jpg","name":"Alubia cocida granja LUENGO frasco de 400 g.","price":"1,17 €","offer_price":0,"offer_type":null,"stock":false,"super":"alcampo"},{"img":"https://www.alcampo.es/media/hea/h56/9465783648286.jpg","name":"Garbanzos ecológicos en conserva ECOLECERA 425 g.","price":"3,03 €","offer_price":0,"offer_type":null,"stock":false,"super":"alcampo"},{"img":"https://www.alcampo.es/media/h8b/h7e/8901472092190.jpg","name":"Garbanza cocida DON PEDRO frasco de 400 g.","price":"1,25 €","offer_price":0,"offer_type":null,"stock":false,"super":"alcampo"},{"img":"https://www.alcampo.es/media/hba/h5a/9494116925470.jpg","name":"Garbanzo lechoso extra PRODUCTO ALCAMPO paquete de 1 kg.","price":"2,04 €","offer_price":0,"offer_type":null,"stock":false,"super":"alcampo"},{"img":"https://www.alcampo.es/media/he4/h22/9031846789150.jpg","name":"Alubia blanca cocida LA COCHURA 400 g.","price":"0,73 €","offer_price":0,"offer_type":null,"stock":false,"super":"alcampo"},{"img":"https://www.alcampo.es/media/h60/h2e/8880847192094.jpg","name":"Garbanzos con espinacas LUENGO 400 g.","price":"1,03 €","offer_price":0,"offer_type":null,"stock":false,"super":"alcampo"},{"img":"https://www.alcampo.es/media/hdc/h6b/8952495407134.jpg","name":"Alubias rojas cocidas JAE 500 g.","price":"1,75 €","offer_price":0,"offer_type":null,"stock":false,"super":"alcampo"},{"img":"https://www.alcampo.es/media/hc4/hb2/9465788235806.gif","name":"Alubia blanca extra LUENGO paquete de 1 kilogramo","price":"2,70 €","offer_price":0,"offer_type":null,"stock":false,"super":"alcampo"},{"img":"https://www.alcampo.es/media/hec/h6e/9543870251038.jpg","name":"Alubias con verduras PRODUCTO ALCAMPO frasco de 400 g.","price":"0,69 €","offer_price":0,"offer_type":null,"stock":false,"super":"alcampo"},{"img":"https://www.alcampo.es/media/hbe/hf9/9465721618462.jpg","name":"Garbanzo pedrosillano PRODUCTO ALCAMPO paquete de 1 kg.","price":"1,98 €","offer_price":0,"offer_type":null,"stock":false,"super":"alcampo"},{"img":"https://www.alcampo.es/media/h9a/h42/9188557029406.jpg","name":"Garbanzos cocidos Baby DON PEDRO 400 g","price":"1,33 €","offer_price":0,"offer_type":null,"stock":false,"super":"alcampo"},{"img":"https://www.alcampo.es/media/hcc/h9c/9133162659870.jpg","name":"Garbanzos selección gourmet PEDRO LUIS 500 g.","price":"1,80 €","offer_price":0,"offer_type":null,"stock":false,"super":"alcampo"},{"img":"https://www.alcampo.es/media/hef/hf5/9543929331742.jpg","name":"Alubias cocidas granja PRODUCTO ALCAMPO frasco de 400 g.","price":"1,30 €","offer_price":0,"offer_type":null,"stock":false,"super":"alcampo"},{"img":"https://www.alcampo.es/media/h0d/ha6/9465783320606.jpg","name":"Lenteja rápida LUENGO paquete de 1 kg.","price":"2,96 €","offer_price":0,"offer_type":null,"stock":false,"super":"alcampo"},{"img":"https://www.alcampo.es/media/hbb/hcd/10245513150494.jpg","name":"Alubias con verduras PRODUCTO ALCAMPO, 430 g.","price":"0,79 €","offer_price":0,"offer_type":null,"stock":false,"super":"alcampo"},{"img":"https://www.alcampo.es/media/h60/ha5/8895851200542.jpg","name":"Garbanzo cocido PEDRO frasco de 400 gramos.","price":"0,72 €","offer_price":0,"offer_type":null,"stock":false,"super":"alcampo"},{"img":"https://www.alcampo.es/media/hdf/hb3/9011051954206.jpg","name":"Alubias cocidas LUENGO 200 g.","price":"0,67 €","offer_price":0,"offer_type":null,"stock":false,"super":"alcampo"},{"img":"https://www.alcampo.es/media/he5/hc7/9465059803166.jpg","name":"Lentejas Pardinas de Aragón de cultivo ecológico ECOLECERA 500 g.","price":"1,95 €","offer_price":0,"offer_type":null,"stock":false,"super":"alcampo"},{"img":"https://www.alcampo.es/media/h44/h22/8952385175582.jpg","name":"Alubias blancas cocidas pocha JAE lata de 500 g.","price":"1,78 €","offer_price":0,"offer_type":null,"stock":false,"super":"alcampo"},{"img":"https://www.alcampo.es/media/hca/h3f/9465697959966.jpg","name":"Lenteja ecológica ECOLECERA 425 g.","price":"3,03 €","offer_price":0,"offer_type":null,"stock":false,"super":"alcampo"},{"img":"https://www.alcampo.es/media/he6/h12/9465754222622.gif","name":"Alubia pinta extra PRODUCTO ALCAMPO 1 kg.","price":"1,89 €","offer_price":0,"offer_type":null,"stock":false,"super":"alcampo"},{"img":"https://www.alcampo.es/media/h96/h40/8952492458014.jpg","name":"Lentejas cocidas JAE lata de 250 g.","price":"1,19 €","offer_price":0,"offer_type":null,"stock":false,"super":"alcampo"},{"img":"https://www.alcampo.es/media/hdb/hc3/8952397299742.jpg","name":"Pote Gallego con embutido selecto LITORAL lata de 430 g.","price":"2,07 €","offer_price":0,"offer_type":null,"stock":false,"super":"alcampo"},{"img":"https://www.alcampo.es/media/h46/heb/9465692684318.jpg","name":"Alubia negra PRODUCTO ALCAMPO 500 g.","price":"1,09 €","offer_price":0,"offer_type":null,"stock":false,"super":"alcampo"},{"img":"https://www.alcampo.es/media/h78/h5c/9031825948702.jpg","name":"Garbanzo cocido LA COCHURA frasco de 400 g.","price":"0,77 €","offer_price":0,"offer_type":null,"stock":false,"super":"alcampo"},{"img":"https://www.alcampo.es/media/h9b/h73/8952452153374.jpg","name":"Alubias rojas cocidas JAE lata 250 g.","price":"1,49 €","offer_price":0,"offer_type":null,"stock":false,"super":"alcampo"},{"img":"https://www.alcampo.es/media/h8f/hce/9465682427934.jpg","name":"Judía blanca bote cristal ecológico ECOLECERA 425 g.","price":"3,03 €","offer_price":0,"offer_type":null,"stock":false,"super":"alcampo"},{"img":"https://www.alcampo.es/media/h0f/h58/8952602525726.jpg","name":"Garbanzos cocidos con verduras LUENGO frasco 400 g.","price":"1,02 €","offer_price":0,"offer_type":null,"stock":false,"super":"alcampo"},{"img":"https://www.alcampo.es/media/ha5/he1/8952486395934.jpg","name":"Alubias blancas cocidas largas JAE lata de 500 g.","price":"1,49 €","offer_price":0,"offer_type":null,"stock":false,"super":"alcampo"},{"img":"https://www.alcampo.es/media/h43/hcc/9662685773854.jpg","name":"Garbanzos con verduras PRODUCTO ALCAMPO lata de 440 g.","price":"0,77 €","offer_price":0,"offer_type":null,"stock":false,"super":"alcampo"},{"img":"https://www.alcampo.es/media/h04/hc6/9193442443294.jpg","name":"Alubia cocida Baby DON PEDRO 400 g.","price":"1,47 €","offer_price":0,"offer_type":null,"stock":false,"super":"alcampo"},{"img":"https://www.alcampo.es/media/h24/hcf/9465712705566.jpg","name":"Lentejas Pardina VEGAS BAÑEZANAS 1 kg.","price":"2,69 €","offer_price":0,"offer_type":null,"stock":false,"super":"alcampo"},{"img":"https://www.alcampo.es/media/hf7/h44/9465711263774.jpg","name":"Alubia pinta LUENGO paquete de 1 kilogramo","price":"2,58 €","offer_price":0,"offer_type":null,"stock":false,"super":"alcampo"},{"img":"https://www.alcampo.es/media/h01/h31/10459897102366.jpg","name":"Lentejas roja LA COCHURA paquete de 500 g.","price":"1,48 €","offer_price":0,"offer_type":null,"stock":false,"super":"alcampo"},{"img":"https://www.alcampo.es/media/hfb/h7c/9465759039518.jpg","name":"Lenteja Lanzarote PRODUCTO ALCAMPO 500 g.","price":"0,65 €","offer_price":0,"offer_type":null,"stock":false,"super":"alcampo"},{"img":"https://www.alcampo.es/media/h13/h34/9465775390750.jpg","name":"Alubia riñón extra PRODUCTO ALCAMPO paquete de 500 g.","price":"0,86 €","offer_price":0,"offer_type":null,"stock":false,"super":"alcampo"},{"img":"https://www.alcampo.es/media/h56/hed/8960144146462.jpg","name":"Fabes con almejas LITORAL lata de 440 g.","price":"2,81 €","offer_price":0,"offer_type":null,"stock":false,"super":"alcampo"},{"img":"https://www.alcampo.es/media/h14/hac/9593881526302.jpg","name":"Garbanzos medianos extra LUENGO paquete de 1 kilogramo","price":"2,58 €","offer_price":0,"offer_type":null,"stock":false,"super":"alcampo"},{"img":"https://www.alcampo.es/media/h2b/hc1/9465752322078.jpg","name":"Alubia riñón extra PRODUCTO ALCAMPO paquete de 1 kg.","price":"1,60 €","offer_price":0,"offer_type":null,"stock":false,"super":"alcampo"},{"img":"https://www.alcampo.es/media/h17/hf6/9465734070302.jpg","name":"Lentejas extra PRODUCTO ALCAMPO 500 g.","price":"0,65 €","offer_price":0,"offer_type":null,"stock":false,"super":"alcampo"},{"img":"https://www.alcampo.es/media/he7/hf2/9465771720734.jpg","name":"Garbanzo pedrosillano PRODUCTO ALCAMPO 500 g.","price":"0,95 €","offer_price":0,"offer_type":null,"stock":false,"super":"alcampo"},{"img":"https://www.alcampo.es/media/h46/ha1/9605347147806.jpg","name":"Garbanzos extra LUENGO paquete de 1 kig.","price":"3,14 €","offer_price":0,"offer_type":null,"stock":false,"super":"alcampo"},{"img":"https://www.alcampo.es/media/hd4/h5f/8952539709470.jpg","name":"Alubias blancas cocida pocha JAE lata de 250 g.","price":"1,19 €","offer_price":0,"offer_type":null,"stock":false,"super":"alcampo"},{"img":"https://www.alcampo.es/media/he3/h50/10459894218782.jpg","name":"Garbanzo Pedrosillano LA COCHURA 1 kg.","price":"1,87 €","offer_price":0,"offer_type":null,"stock":false,"super":"alcampo"},{"img":"https://www.alcampo.es/media/h6a/h0f/10546368249886.gif","name":"Lentejas extra LUENGO 1 kg.","price":"2,62 €","offer_price":0,"offer_type":null,"stock":false,"super":"alcampo"},{"img":"https://www.alcampo.es/media/hb6/hbb/9470715658270.jpg","name":"Lentejas al estilo casero CARRETILLA 300 g.","price":"1,63 €","offer_price":0,"offer_type":null,"stock":false,"super":"alcampo"},{"img":"https://www.alcampo.es/media/h38/hcd/9465713033246.jpg","name":"Lenteja Lanzarote LUENGO paquete de 500 g.","price":"1,87 €","offer_price":0,"offer_type":null,"stock":false,"super":"alcampo"},{"img":"https://www.alcampo.es/media/h3e/h73/9465683247134.jpg","name":"Alubia blanca LUENGO paquete de 500 g.","price":"1,89 €","offer_price":0,"offer_type":null,"stock":false,"super":"alcampo"},{"img":"https://www.alcampo.es/media/ha8/h09/8896377192478.jpg","name":"Fabada Asturiana CAMPANAL 425 g.","price":"2,05 €","offer_price":0,"offer_type":null,"stock":false,"super":"alcampo"},{"img":"https://www.alcampo.es/media/he2/hd0/9595658862622.jpg","name":"Lenteja Pardina ALCAMPO GOURMET 1 kg.","price":"2,58 €","offer_price":0,"offer_type":null,"stock":false,"super":"alcampo"},{"img":"https://www.alcampo.es/media/hf1/h11/9031825457182.jpg","name":"Alubia cocida blanca con bajo contenido en sal LA COCHURA frasco de 400 g.","price":"0,94 €","offer_price":0,"offer_type":null,"stock":false,"super":"alcampo"},{"img":"https://www.alcampo.es/media/h85/hab/9503747571742.jpg","name":"Garbanzo lechoso extra PRODUCTO ALCAMPO paquete de 500 g.","price":"1,05 €","offer_price":0,"offer_type":null,"stock":false,"super":"alcampo"},{"img":"https://www.alcampo.es/media/he8/he2/9535225757726.jpg","name":"Lentejas Pardina ALCAMPO ECOLÓGICO 500 g.","price":"2,35 €","offer_price":0,"offer_type":null,"stock":false,"super":"alcampo"},{"img":"https://www.alcampo.es/media/hcb/h57/9465706938398.jpg","name":"Alubia negrita LUENGO paquete de 500 g.","price":"1,09 €","offer_price":0,"offer_type":null,"stock":false,"super":"alcampo"},{"img":"https://www.alcampo.es/media/h27/h68/9397872558110.jpg","name":"Fabada Asturiana SEDA 415 g.","price":"0,75 €","offer_price":0,"offer_type":null,"stock":false,"super":"alcampo"},{"img":"https://www.alcampo.es/media/h36/ha1/9535244599326.jpg","name":"Alubias cocidas ALCAMPO ECOLÓGICO 450 g.","price":"2,15 €","offer_price":0,"offer_type":null,"stock":false,"super":"alcampo"},{"img":"https://www.alcampo.es/media/hbf/h6e/9465682591774.jpg","name":"Lentejas extra LUENGO paquete de 500 g.","price":"1,86 €","offer_price":0,"offer_type":null,"stock":false,"super":"alcampo"},{"img":"https://www.alcampo.es/media/h28/h7e/9470689574942.jpg","name":"Garbanzos al estilo casero CARRETILLA 300 g.","price":"1,63 €","offer_price":0,"offer_type":null,"stock":false,"super":"alcampo"},{"img":"https://www.alcampo.es/media/h42/h20/8887206936606.jpg","name":"Garbanzo cocido LA PEDRIZA frasco de 560 g.","price":"0,50 €","offer_price":0,"offer_type":null,"stock":false,"super":"alcampo"},{"img":"https://www.alcampo.es/media/hb1/h8a/9465777717278.jpg","name":"Alubia pinta LUENGO paquete de 500 g.","price":"2,25 €","offer_price":0,"offer_type":null,"stock":false,"super":"alcampo"},{"img":"https://www.alcampo.es/media/h8d/h78/9659372896286.jpg","name":"Lenteja Pardina extra LA COCHURA paquete de 1 kg.","price":"2,26 €","offer_price":0,"offer_type":null,"stock":false,"super":"alcampo"},{"img":"https://www.alcampo.es/media/h75/hb8/10626226913310.jpg","name":"Lentejas con chorizo ALBO lata de 425 g.","price":"1,68 €","offer_price":0,"offer_type":null,"stock":false,"super":"alcampo"},{"img":"https://www.alcampo.es/media/h7d/hb7/8952658296862.jpg","name":"Alubia cocida con verduras LUENGO 400 g.","price":"1,09 €","offer_price":0,"offer_type":null,"stock":false,"super":"alcampo"},{"img":"https://www.alcampo.es/media/h18/h8b/10444698910750.jpg","name":"Lentejas Pardina EL HOSTAL 1 kg","price":"3,01 €","offer_price":0,"offer_type":null,"stock":false,"super":"alcampo"},{"img":"https://www.alcampo.es/media/h4b/h76/9465697468446.jpg","name":"Alubia pinta extra PRODUCTO ALCAMPO paquete de 500 g.","price":"0,97 €","offer_price":0,"offer_type":null,"stock":false,"super":"alcampo"},{"img":"https://www.alcampo.es/media/h4e/ha9/9105282891806.jpg","name":"Alubias blancas PEDRO LUIS 500 g.","price":"1,80 €","offer_price":0,"offer_type":null,"stock":false,"super":"alcampo"},{"img":"https://www.alcampo.es/media/h54/h9c/9470719492126.jpg","name":"Alubias al estilo casero CARRETILLA 300 g.","price":"1,63 €","offer_price":0,"offer_type":null,"stock":false,"super":"alcampo"},{"img":"https://www.alcampo.es/media/h3b/ha5/10546393317406.jpg","name":"Frijol negro LA COCHURA paquete de 1 kg.","price":"1,82 €","offer_price":0,"offer_type":null,"stock":false,"super":"alcampo"},{"img":"https://www.alcampo.es/media/h81/h6d/9465743507486.jpg","name":"Garbanzos extra LUENGO paquete de 500 g.","price":"2,17 €","offer_price":0,"offer_type":null,"stock":false,"super":"alcampo"},{"img":"https://www.alcampo.es/media/h55/hba/9031809105950.jpg","name":"Garbanzo cocido extra con bajo contenido en sal LA COCHURA frasco de 400 g.","price":"0,96 €","offer_price":0,"offer_type":null,"stock":false,"super":"alcampo"},{"img":"https://www.alcampo.es/media/h7e/h23/9465007964190.jpg","name":"Garbanzos de Aragón de cultivo ecológico ECOLECERA 500 g.","price":"1,95 €","offer_price":0,"offer_type":null,"stock":false,"super":"alcampo"},{"img":"https://www.alcampo.es/media/heb/h2a/9023009521694.jpg","name":"Garbanzos con chorizo CAMPANAL 425 g.","price":"1,39 €","offer_price":0,"offer_type":null,"stock":false,"super":"alcampo"},{"img":"https://www.alcampo.es/media/h67/hd5/9465810911262.jpg","name":"Lenteja Pardina PEDRO paquete de 1 kg.","price":"1,80 €","offer_price":0,"offer_type":null,"stock":false,"super":"alcampo"},{"img":"https://www.alcampo.es/media/hee/h03/9466021052446.jpg","name":"Garbanzos extra VEGAS BAÑEZANAS saco de 1 kilogramo","price":"3,38 €","offer_price":0,"offer_type":null,"stock":false,"super":"alcampo"},{"img":"https://www.alcampo.es/media/h3a/h98/9465754386462.jpg","name":"Alubia morada PRODUCTO ALCAMPO 500 g.","price":"1,29 €","offer_price":0,"offer_type":null,"stock":false,"super":"alcampo"},{"img":"https://www.alcampo.es/media/hae/h17/9595664007198.jpg","name":"Garbanzo Pedrosillano ALCAMPO GOURMET 1 kg.","price":"2,21 €","offer_price":0,"offer_type":null,"stock":false,"super":"alcampo"},{"img":"https://www.alcampo.es/media/h12/h6e/10802529861662.jpg","name":"Fabada Asturiana CARRETILLA lata de 350 g.","price":"2,06 €","offer_price":0,"offer_type":null,"stock":false,"super":"alcampo"},{"img":"https://www.alcampo.es/media/h68/h66/8879783084062.jpg","name":"Alubia pocha de Navarra GUVTARRA 400 g.","price":"4,03 €","offer_price":0,"offer_type":null,"stock":false,"super":"alcampo"},{"img":"https://www.alcampo.es/media/ha5/h80/9397881339934.jpg","name":"Lentejas con chorizo SEDA 415 g.","price":"0,97 €","offer_price":0,"offer_type":null,"stock":false,"super":"alcampo"},{"img":"https://www.alcampo.es/media/hf7/he2/9664910000158.jpg","name":"Garbanzo extra PRODUCTO ALCAMPO paquete de 500 g.","price":"0,49 €","offer_price":0,"offer_type":null,"stock":false,"super":"alcampo"},{"img":"https://www.alcampo.es/media/h93/hde/9465697304606.jpg","name":"Lentejas VEGAS BAÑEZANAS saco de 1 kilogramo","price":"2,29 €","offer_price":0,"offer_type":null,"stock":false,"super":"alcampo"},{"img":"https://www.alcampo.es/media/hcd/h2b/8900797530142.jpg","name":"Alubia cocida roja SEÑORÍO DE SARRIÁ 400 g.","price":"1,79 €","offer_price":0,"offer_type":null,"stock":false,"super":"alcampo"},{"img":"https://www.alcampo.es/media/h31/h24/10193738498078.jpg","name":"Soja texturizada LUENGO 200 g.","price":"2,49 €","offer_price":0,"offer_type":null,"stock":false,"super":"alcampo"},{"img":"https://www.alcampo.es/media/h55/h5e/9465718702110.jpg","name":"Garbanzo lechoso LUENGO paquete de 500 gramos.","price":"2,40 €","offer_price":0,"offer_type":null,"stock":false,"super":"alcampo"},{"img":"https://www.alcampo.es/media/h2a/h1a/10546388467742.jpg","name":"Alubia fabada alta selección DON PEDRO paquete de 500 g.","price":"4,71 €","offer_price":0,"offer_type":null,"stock":false,"super":"alcampo"},{"img":"https://www.alcampo.es/media/h45/hbe/10459837956126.jpg","name":"Garbanzo lechoso LA COCHURA paquete de 1 kg.","price":"2,60 €","offer_price":0,"offer_type":null,"stock":false,"super":"alcampo"},{"img":"https://www.alcampo.es/media/h72/h58/9397884715038.jpg","name":"Cocido Madrileño SEDA 415 g.","price":"0,89 €","offer_price":0,"offer_type":null,"stock":false,"super":"alcampo"},{"img":"https://www.alcampo.es/media/he9/h89/9380868947998.jpg","name":"Alubia Carilla PRODUCTO ALCAMPO 500 g","price":"0,99 €","offer_price":0,"offer_type":null,"stock":false,"super":"alcampo"},{"img":"https://www.alcampo.es/media/h2c/h68/8872775647262.jpg","name":"Alubia cocida granja SEÑORÍO DE SARRIÁ 560 g.","price":"1,79 €","offer_price":0,"offer_type":null,"stock":false,"super":"alcampo"},{"img":"https://www.alcampo.es/media/hf2/hff/9465707921438.jpg","name":"Alubia granja LUENGO paquete de 500 g.","price":"3,56 €","offer_price":0,"offer_type":null,"stock":false,"super":"alcampo"},{"img":"https://www.alcampo.es/media/h96/heb/10459848736798.jpg","name":"Alubia blanca LA COCHURA paquete de 1 kg","price":"2,54 €","offer_price":0,"offer_type":null,"stock":false,"super":"alcampo"},{"img":"https://www.alcampo.es/media/h4c/hd4/9227846778910.jpg","name":"Fabada Asturiana CARRETILLA 435 gr","price":"1,31 €","offer_price":0,"offer_type":null,"stock":false,"super":"alcampo"},{"img":"https://www.alcampo.es/media/h64/h1d/9535206752286.jpg","name":"Garbanzos Pedrosillano ALCAMPO ECOLÓGICO 500 g.","price":"1,98 €","offer_price":0,"offer_type":null,"stock":false,"super":"alcampo"},{"img":"https://www.alcampo.es/media/h1a/h25/8896926449694.jpg","name":"Mini alubias con zanahoria, pimiento rojo y maíz LUENGO 400 g.","price":"1,10 €","offer_price":0,"offer_type":null,"stock":false,"super":"alcampo"},{"img":"https://www.alcampo.es/media/hb7/h95/9465720340510.jpg","name":"Alubia morada extra LUENGO paquete de 1 kilogramo","price":"3,79 €","offer_price":0,"offer_type":null,"stock":false,"super":"alcampo"},{"img":"https://www.alcampo.es/media/hf4/h41/9465739280414.jpg","name":"Garbanza blanca DON PEDRO paquete de 1 kilogramo","price":"2,91 €","offer_price":0,"offer_type":null,"stock":false,"super":"alcampo"},{"img":"https://www.alcampo.es/media/hd1/hb8/9032051392542.jpg","name":"Alubias con chorizo CAMPANAL 425 g.","price":"1 €","offer_price":0,"offer_type":null,"stock":false,"super":"alcampo"},{"img":"https://www.alcampo.es/media/h54/hd7/9465074876446.jpg","name":"Garbanzos Pedrosillanos. Marca de Garantía Garbanzo de Pedrosillo REINA DE SALAMANCA 1 kg.","price":"2,52 €","offer_price":0,"offer_type":null,"stock":false,"super":"alcampo"},{"img":"https://www.alcampo.es/media/h0d/h57/9743852634142.jpg","name":"Alubias largas extra cocidas JA`E 500 g.","price":"1,82 €","offer_price":0,"offer_type":null,"stock":false,"super":"alcampo"},{"img":"https://www.alcampo.es/media/h9d/h51/9036443877406.jpg","name":"Lentejas con chorizo CAMPANAL 425 g.","price":"1,46 €","offer_price":0,"offer_type":null,"stock":false,"super":"alcampo"},{"img":"https://www.alcampo.es/media/h5f/h69/10459909816350.jpg","name":"Lentejas LA COCHURA 1 kg.","price":"2,11 €","offer_price":0,"offer_type":null,"stock":false,"super":"alcampo"},{"img":"https://www.alcampo.es/media/h60/h5a/10546404818974.jpg","name":"Garbanzo Indicación Geográfica Protegida Fuentesaúco REINA DE SALAMANCA 1 kg.","price":"3,18 €","offer_price":0,"offer_type":null,"stock":false,"super":"alcampo"},{"img":"https://www.alcampo.es/media/hd0/h4f/9397835431966.jpg","name":"Judías con chorizo SEDA 415 g.","price":"0,89 €","offer_price":0,"offer_type":null,"stock":false,"super":"alcampo"},{"img":"https://www.alcampo.es/media/hb4/hd1/9465686851614.jpg","name":"Alubia planchada LUENGO paquete de 1 kilogramo","price":"3,49 €","offer_price":0,"offer_type":null,"stock":false,"super":"alcampo"},{"img":"https://www.alcampo.es/media/hf1/h66/9595648606238.jpg","name":"Alubia judión de La Granja ALCAMPO GOURMET 1 kg.","price":"6,79 €","offer_price":0,"offer_type":null,"stock":false,"super":"alcampo"},{"img":"https://www.alcampo.es/media/ha4/hc5/8867227238430.jpg","name":"Fabada especial granja CAMPANAL 880 g.","price":"10,23 €","offer_price":0,"offer_type":null,"stock":false,"super":"alcampo"},{"img":"https://www.alcampo.es/media/h6a/h74/9465094504478.jpg","name":"Alubia blanca ORZA 1 kg.","price":"1 €","offer_price":0,"offer_type":null,"stock":false,"super":"alcampo"},{"img":"https://www.alcampo.es/media/h9b/h42/9465033392158.jpg","name":"Lentejas de la Armuña REINA DE SALAMANCA 1 kg.","price":"3,18 €","offer_price":0,"offer_type":null,"stock":false,"super":"alcampo"},{"img":"https://www.alcampo.es/media/hda/h17/10466110898206.jpg","name":"Garbanzos con sofrito, variedad Pedrosillano LITORAL ECOLÓGICO 425 g.","price":"2,15 €","offer_price":0,"offer_type":null,"stock":false,"super":"alcampo"},{"img":"https://www.alcampo.es/media/hd1/h8d/9595652931614.jpg","name":"Garbanzo lechoso ALCAMPO GOURMET 1 kg.","price":"3,74 €","offer_price":0,"offer_type":null,"stock":false,"super":"alcampo"},{"img":"https://www.alcampo.es/media/hd1/h87/9465692520478.gif","name":"Alubia blanca de la Bañeza ALCAMPO GOURMET 1 kg.","price":"4,64 €","offer_price":0,"offer_type":null,"stock":false,"super":"alcampo"},{"img":"https://www.alcampo.es/media/h39/h5d/9465679937566.jpg","name":"Alubia pinta VEGAS BAÑEZANAS 1 kg.","price":"3,99 €","offer_price":0,"offer_type":null,"stock":false,"super":"alcampo"},{"img":"https://www.alcampo.es/media/hb3/h05/9659351859230.jpg","name":"Garbanzos extra LA COCHURA paquete de 1 kg.","price":"2,11 €","offer_price":0,"offer_type":null,"stock":false,"super":"alcampo"},{"img":"https://www.alcampo.es/media/h52/h7b/9407918735390.jpg","name":"Fabada, receta Asturiana ALCAMPO GOURMET430 g.","price":"3,99 €","offer_price":0,"offer_type":null,"stock":false,"super":"alcampo"},{"img":"https://www.alcampo.es/media/h5e/h1d/9198849687582.jpg","name":"Lentejas EL HOSTAL 1 kg","price":"3,01 €","offer_price":0,"offer_type":null,"stock":false,"super":"alcampo"},{"img":"https://www.alcampo.es/media/h2e/hb3/8874100981790.jpg","name":"Alubia cocida PEDRO frasco de 400 g.","price":"0,72 €","offer_price":0,"offer_type":null,"stock":false,"super":"alcampo"},{"img":"https://www.alcampo.es/media/haf/h28/9535214747678.jpg","name":"Alubias blancas ALCAMPO ECOLÓGICO 500 g.","price":"2,29 €","offer_price":0,"offer_type":null,"stock":false,"super":"alcampo"},{"img":"https://www.alcampo.es/media/h8d/h61/9465063669790.jpg","name":"Garbanzos blancos EL POTAJE 1 kg","price":"1 €","offer_price":0,"offer_type":null,"stock":false,"super":"alcampo"},{"img":"https://www.alcampo.es/media/h5b/h26/9465099583518.jpg","name":"Lenteja Pardina ORZA 1 kg.","price":"1 €","offer_price":0,"offer_type":null,"stock":false,"super":"alcampo"},{"img":"https://www.alcampo.es/media/h0c/ha5/9217405485086.jpg","name":"Lenteja a la Riojana CARRETILLA 430 g","price":"1,23 €","offer_price":0,"offer_type":null,"stock":false,"super":"alcampo"},{"img":"https://www.alcampo.es/media/h92/h42/10459911127070.jpg","name":"Lentejas Pardina LA COCHURA 500 g.","price":"1,25 €","offer_price":0,"offer_type":null,"stock":false,"super":"alcampo"},{"img":"https://www.alcampo.es/media/hb7/h20/9596436414494.jpg","name":"Faba verdina asturiana TIERRINA VAQUEIRA 500gr","price":"6,85 €","offer_price":0,"offer_type":null,"stock":false,"super":"alcampo"},{"img":"https://www.alcampo.es/media/hb3/hb6/9465680494622.jpg","name":"Alubia blanca VEGAS BAÑEZANAS saco de 1 kilogramo","price":"6,29 €","offer_price":0,"offer_type":null,"stock":false,"super":"alcampo"},{"img":"https://www.alcampo.es/media/h03/h0b/9465018351646.jpg","name":"Lenteja Pardina LAZARILLO DE TORMES 1 kg.","price":"3,12 €","offer_price":0,"offer_type":null,"stock":false,"super":"alcampo"},{"img":"https://www.alcampo.es/media/h48/hc8/9258382589982.jpg","name":"Garbanzos lechosos, IGP. Escacena DON PEDRO 700 g.","price":"3,15 €","offer_price":0,"offer_type":null,"stock":false,"super":"alcampo"},{"img":"https://www.alcampo.es/media/h3b/h39/9380837294110.jpg","name":"Alubia Canela PRODUCTO ALCAMPO 500 g.","price":"0,99 €","offer_price":0,"offer_type":null,"stock":false,"super":"alcampo"},{"img":"https://www.alcampo.es/media/hf0/ha6/9188515348510.jpg","name":"Garbanzo Pedrosillano EL HOSTAL 1000 g","price":"2,77 €","offer_price":0,"offer_type":null,"stock":false,"super":"alcampo"},{"img":"https://www.alcampo.es/media/h5b/hf9/9198814560286.jpg","name":"Alubia blanca EL HOSTAL 1 kg","price":"3,09 €","offer_price":0,"offer_type":null,"stock":false,"super":"alcampo"},{"img":"https://www.alcampo.es/media/h89/h04/9577814261790.jpg","name":"Garbanzos extra IGP Fuentesauco PRODUCTO ALCAMPO 1 kg.","price":"3,94 €","offer_price":0,"offer_type":null,"stock":false,"super":"alcampo"},{"img":"https://www.alcampo.es/media/h09/h69/10459913715742.jpg","name":"Lentejas Beluga, LA COCHURA, 500 g.","price":"1,32 €","offer_price":0,"offer_type":null,"stock":false,"super":"alcampo"},{"img":"https://www.alcampo.es/media/h79/h11/10459909652510.jpg","name":"Alubia pinta LA COCHURA paquete de 1 kg.","price":"2,63 €","offer_price":0,"offer_type":null,"stock":false,"super":"alcampo"},{"img":"https://www.alcampo.es/media/h32/hbd/9465013108766.jpg","name":"Alubia blanca riñón LAZARILLO DE TORMES, saco 1 kg.","price":"3,70 €","offer_price":0,"offer_type":null,"stock":false,"super":"alcampo"},{"img":"https://www.alcampo.es/media/h21/hef/9465052299294.jpg","name":"Garbanzo lechoso LA PEDRIZA paquete de 1 kilogramo","price":"1,80 €","offer_price":0,"offer_type":null,"stock":false,"super":"alcampo"},{"img":"https://www.alcampo.es/media/hfd/h4c/9465699860510.jpg","name":"Garbanza blanca DON PEDRO paquete de 500 g.","price":"1,67 €","offer_price":0,"offer_type":null,"stock":false,"super":"alcampo"},{"img":"https://www.alcampo.es/media/hf5/hd3/9198870626334.jpg","name":"Garbanzos extra EL HOSTAL 1 kg","price":"4,51 €","offer_price":0,"offer_type":null,"stock":false,"super":"alcampo"},{"img":"https://www.alcampo.es/media/hcb/hc1/10626305130526.jpg","name":"Cocido tradicional ALBO 425 g.","price":"2,72 €","offer_price":0,"offer_type":null,"stock":false,"super":"alcampo"},{"img":"https://www.alcampo.es/media/hfd/hbb/9465021104158.jpg","name":"Fabes asturianas calidad extra TIERRINA VAQUEIRA 1 kg.","price":"11,99 €","offer_price":0,"offer_type":null,"stock":false,"super":"alcampo"},{"img":"https://www.alcampo.es/media/h8c/h3f/9465035554846.jpg","name":"Fabes asturianas TIERRINA VAQUEIRA 500 g.","price":"7,65 €","offer_price":0,"offer_type":null,"stock":false,"super":"alcampo"},{"img":"https://www.alcampo.es/media/hc3/h29/10459898413086.jpg","name":"Garbanzas LA COCHURA 500 g.","price":"1,50 €","offer_price":0,"offer_type":null,"stock":false,"super":"alcampo"},{"img":"https://www.alcampo.es/media/h6d/he8/8872137981982.jpg","name":"Judías blancas estofadas de cultivo ecológico SORIA NATURAL 300 g.","price":"2,89 €","offer_price":0,"offer_type":null,"stock":false,"super":"alcampo"},{"img":"https://www.alcampo.es/media/hee/h77/9465077497886.jpg","name":"Alubia canela VEGAS BAÑEZANAS saco de 1 kg.","price":"5,31 €","offer_price":0,"offer_type":null,"stock":false,"super":"alcampo"},{"img":"https://www.alcampo.es/media/h5f/h98/9407917129758.jpg","name":"Pote, receta Asturiana ALCAMPO GOURMET 430 g.","price":"3,99 €","offer_price":0,"offer_type":null,"stock":false,"super":"alcampo"},{"img":"https://www.alcampo.es/media/h6f/hf9/10459910799390.jpg","name":"Lentejas rápida LA COCHURA paquete de 1 kg.","price":"2,65 €","offer_price":0,"offer_type":null,"stock":false,"super":"alcampo"},{"img":"https://www.alcampo.es/media/h61/h18/9474809856030.gif","name":"Alubia blanca ecológica origen Aragón ECOLECERA 500 g.","price":"3,65 €","offer_price":0,"offer_type":null,"stock":false,"super":"alcampo"},{"img":"https://www.alcampo.es/media/h6a/heb/9133165707294.jpg","name":"Pochas verdes y blancas selección gourmet PEDRO LUIS 500 g.","price":"3,27 €","offer_price":0,"offer_type":null,"stock":false,"super":"alcampo"},{"img":"https://www.alcampo.es/media/h55/hd3/9465100566558.jpg","name":"Judiones bolsa DON PEDRO 500 gr. ","price":"3,81 €","offer_price":0,"offer_type":null,"stock":false,"super":"alcampo"},{"img":"https://www.alcampo.es/media/hef/h7d/9571746316318.jpg","name":"Lentejas estofadas con quinoa y semillas de chía LITORAL 415 g.","price":"1,84 €","offer_price":0,"offer_type":null,"stock":false,"super":"alcampo"},{"img":"https://www.alcampo.es/media/h3d/h7c/8900212752414.jpg","name":"Garbanzos estofados con verduras, ecológicos SORIA NATURAL 300 g.","price":"2,99 €","offer_price":0,"offer_type":null,"stock":false,"super":"alcampo"},{"img":"https://www.alcampo.es/media/h44/h2d/10459831304222.jpg","name":"Lenteja verdina LA COCHURA paquete de 1 kg.","price":"2,65 €","offer_price":0,"offer_type":null,"stock":false,"super":"alcampo"},{"img":"https://www.alcampo.es/media/hca/h05/9133180780574.jpg","name":"Alubias pinta selección gourmet PEDRO LUIS 500 g.","price":"2,15 €","offer_price":0,"offer_type":null,"stock":false,"super":"alcampo"},{"img":"https://www.alcampo.es/media/h95/h2f/10459896119326.jpg","name":"Lentejas tipo Lanzarote LA COCHURA 500 g.","price":"1,15 €","offer_price":0,"offer_type":null,"stock":false,"super":"alcampo"},{"img":"https://www.alcampo.es/media/h91/h6f/9465720176670.jpg","name":"Garbanzo lechoso PEDRO paquete de 1 kilogramo","price":"2,35 €","offer_price":0,"offer_type":null,"stock":false,"super":"alcampo"},{"img":"https://www.alcampo.es/media/h4c/hef/9465698746398.jpg","name":"Alubia blanca Indicación Geográfica protegida Faba Asturiana PRODUCTO ALCAMPO 500 g.","price":"7,98 €","offer_price":0,"offer_type":null,"stock":false,"super":"alcampo"},{"img":"https://www.alcampo.es/media/hd8/h42/9778650152990.jpg","name":"Alubias rojas Tolosanas LEGUMBRES GUILLERMO 500 g.","price":"4,56 €","offer_price":0,"offer_type":null,"stock":false,"super":"alcampo"},{"img":"https://www.alcampo.es/media/hd9/hce/10857351905310.jpg","name":"Cocido madrileño CAMPANAL 425 g.","price":"1,83 €","offer_price":0,"offer_type":null,"stock":false,"super":"alcampo"},{"img":"https://www.alcampo.es/media/h9a/h18/9465756549150.jpg","name":"Alubia riñón VEGAS BAÑEZANAS 1 kg.","price":"3,69 €","offer_price":0,"offer_type":null,"stock":false,"super":"alcampo"},{"img":"https://www.alcampo.es/media/h56/hb0/9511115554846.jpg","name":"Fabada Asturiana LA ERMITA 550 g.","price":"5,95 €","offer_price":0,"offer_type":null,"stock":false,"super":"alcampo"},{"img":"https://www.alcampo.es/media/haa/heb/9533792616478.jpg","name":"Legumbres con espelta AMÍO 500 g.","price":"1,87 €","offer_price":0,"offer_type":null,"stock":false,"super":"alcampo"},{"img":"https://www.alcampo.es/media/h1e/h55/10459903590430.jpg","name":"Alubia morada LA COCHURA paquete de 1 kg.","price":"2,59 €","offer_price":0,"offer_type":null,"stock":false,"super":"alcampo"},{"img":"https://www.alcampo.es/media/h5e/h0b/8896494108702.jpg","name":"Judías rojas estofadas ecológicas SORIA NATURAL 300 g.","price":"2,35 €","offer_price":0,"offer_type":null,"stock":false,"super":"alcampo"},{"img":"https://www.alcampo.es/media/h94/ha2/10107189624862.jpg","name":"Alubias Azuki ecológicas BIO ORIGENS 500 g.","price":"2,34 €","offer_price":0,"offer_type":null,"stock":false,"super":"alcampo"},{"img":"https://www.alcampo.es/media/hda/h58/10196743946270.jpg","name":"Garbanzos pelados, sin piel LUENGO 400 g.","price":"1,92 €","offer_price":0,"offer_type":null,"stock":false,"super":"alcampo"},{"img":"https://www.alcampo.es/media/h2f/hd2/10459895300126.jpg","name":"Alubia granja LA COCHURA 1 kg.","price":"5,50 €","offer_price":0,"offer_type":null,"stock":false,"super":"alcampo"},{"img":"https://www.alcampo.es/media/he4/h9d/10459910307870.jpg","name":"Frijoles Negros LA COCHURA 500 g.","price":"1,19 €","offer_price":0,"offer_type":null,"stock":false,"super":"alcampo"},{"img":"https://www.alcampo.es/media/hdd/h14/9465748783134.jpg","name":"Lentejas de la Armuña IGP PRODUCTO ALCAMPO 1 kg.","price":"3,24 €","offer_price":0,"offer_type":null,"stock":false,"super":"alcampo"},{"img":"https://www.alcampo.es/media/hf3/hcb/9465098469406.jpg","name":"Lentejas verdina LA PEDRIZA paquete de 1 kg.","price":"1,29 €","offer_price":0,"offer_type":null,"stock":false,"super":"alcampo"},{"img":"https://www.alcampo.es/media/ha4/hd5/9198863253534.jpg","name":"Garbanzos lechosos EL HOSTAL 1 kg","price":"3,94 €","offer_price":0,"offer_type":null,"stock":false,"super":"alcampo"},{"img":"https://www.alcampo.es/media/h46/hb1/9032052703262.jpg","name":"Fabes con almeja CAMPANAL 425 g.","price":"2,38 €","offer_price":0,"offer_type":null,"stock":false,"super":"alcampo"},{"img":"https://www.alcampo.es/media/h20/h96/9596493365278.jpg","name":"Preparado fabada Asturiana ORBAYU 470 g. aprox.","price":"9,90 €","offer_price":0,"offer_type":null,"stock":false,"super":"alcampo"},{"img":"https://www.alcampo.es/media/hdb/hfb/9465081790494.jpg","name":"Alubia pinta riñón LAZARILLO DE TORMES 1 kg.","price":"3,90 €","offer_price":0,"offer_type":null,"stock":false,"super":"alcampo"},{"img":"https://www.alcampo.es/media/h6e/h33/9198901067806.jpg","name":"Alubias pinta EL HOSTAL 1 kg","price":"3,48 €","offer_price":0,"offer_type":null,"stock":false,"super":"alcampo"},{"img":"https://www.alcampo.es/media/h96/hc9/9133167149086.jpg","name":"Alubias pocha selección gourmet PEDRO LUIS 500 g.","price":"2,02 €","offer_price":0,"offer_type":null,"stock":false,"super":"alcampo"},{"img":"https://www.alcampo.es/media/hd2/hdd/9465105678366.jpg","name":"Alubia planchada VEGAS BAÑEZANAS saco de 1 kilogramo","price":"4,70 €","offer_price":0,"offer_type":null,"stock":false,"super":"alcampo"},{"img":"https://www.alcampo.es/media/hb5/hc9/10193728831518.jpg","name":"Garbanzos + kit hummus LUENGO SAZONA 300 g.","price":"1,58 €","offer_price":0,"offer_type":null,"stock":false,"super":"alcampo"},{"img":"https://www.alcampo.es/media/heb/h48/9778566332446.jpg","name":"Alubias blancas riñón, Indicación Geográfica Protegida Barco de Ávila LEGUMBRES CORONADO 1 kg.","price":"8,94 €","offer_price":0,"offer_type":null,"stock":false,"super":"alcampo"},{"img":"https://www.alcampo.es/media/hbe/h58/9465708249118.jpg","name":"Alubia blanca PEDRO paquete de 1 kilogramo","price":"2,34 €","offer_price":0,"offer_type":null,"stock":false,"super":"alcampo"},{"img":"https://www.alcampo.es/media/h05/had/10459903754270.jpg","name":"Haba ancha entera LA COCHURA paquete de 500 g.","price":"1,60 €","offer_price":0,"offer_type":null,"stock":false,"super":"alcampo"},{"img":"https://www.alcampo.es/media/h13/h88/9778659065886.jpg","name":"Alubias Adzuki LEGUMBRES GUILLERMO 500 g.","price":"3,98 €","offer_price":0,"offer_type":null,"stock":false,"super":"alcampo"},{"img":"https://www.alcampo.es/media/h49/h08/9778655887390.jpg","name":"Judión Indicación Geográfica Protegida Barco de Ávila LEGUMBRES CORONADO 1 kg.","price":"14,83 €","offer_price":0,"offer_type":null,"stock":false,"super":"alcampo"},{"img":"https://www.alcampo.es/media/he1/h29/9465054232606.jpg","name":"Garbanza blanca LA PEDRIZA paquete de 1 kilogramo","price":"1,80 €","offer_price":0,"offer_type":null,"stock":false,"super":"alcampo"},{"img":"https://www.alcampo.es/media/h67/h0f/9133171834910.jpg","name":"Alubias arrocina selección gourmet PEDRO LUIS 500 g.","price":"2,15 €","offer_price":0,"offer_type":null,"stock":false,"super":"alcampo"},{"img":"https://www.alcampo.es/media/h9c/he5/9778568953886.jpg","name":"Garbanzos negros LEGUMBRES GUILLERMO 500 g.","price":"3,52 €","offer_price":0,"offer_type":null,"stock":false,"super":"alcampo"}]