[{"img":"https://www.alcampo.es/media/had/h27/10422803365918.jpg","name":"Pan de molde blanco sin corteza PRODUCTO ALCAMPO 450 g.","price":"0,98 €","offer_price":0,"offer_type":null,"stock":false,"super":"alcampo"},{"img":"https://www.alcampo.es/media/h04/h09/9282145058846.jpg","name":"Pan de molde integral con corteza PRODUCTO ALCAMPO 600 gr,","price":"0,77 €","offer_price":0,"offer_type":null,"stock":false,"super":"alcampo"},{"img":"https://www.alcampo.es/media/h65/h85/9282127691806.jpg","name":"Pan de molde clásico con corteza PRODUCTO ALCAMPO 600 g.","price":"0,77 €","offer_price":0,"offer_type":null,"stock":false,"super":"alcampo"},{"img":"https://www.alcampo.es/media/h7b/h52/10416167125022.jpg","name":"Pan de molde blanco sin corteza BIMBO 450 g.","price":"1,88 €","offer_price":0,"offer_type":null,"stock":false,"super":"alcampo"},{"img":"https://www.alcampo.es/media/hd8/h39/10416168239134.jpg","name":"Pan estilo artesano BIMBO 550 g.","price":"2,15 €","offer_price":0,"offer_type":null,"stock":false,"super":"alcampo"},{"img":"https://www.alcampo.es/media/hca/h01/10422806741022.jpg","name":"Pan de molde con corteza especial sándwich PRODUCTO ALCAMPO 800 g.","price":"0,92 €","offer_price":0,"offer_type":null,"stock":false,"super":"alcampo"},{"img":"https://www.alcampo.es/media/h62/hbb/10234185220126.jpg","name":"Pan de molde blanco con corteza PRODUCTO ALCAMPO 1000 gr,","price":"1,15 €","offer_price":0,"offer_type":null,"stock":false,"super":"alcampo"},{"img":"https://www.alcampo.es/media/hbe/h29/10416106012702.jpg","name":"Pan de molde blanco con corteza BIMBO 700 g.","price":"1,68 €","offer_price":0,"offer_type":null,"stock":false,"super":"alcampo"},{"img":"https://www.alcampo.es/media/h3f/h90/10422854713374.jpg","name":"Pan de molde integral sin corteza PRODUCTO ALCAMPO 450 g.","price":"0,98 €","offer_price":0,"offer_type":null,"stock":false,"super":"alcampo"},{"img":"https://www.alcampo.es/media/h85/h78/10416170434590.jpg","name":"Pan de molde blanco con corteza 100% natural BIMBO 460 g.","price":"1,78 €","offer_price":0,"offer_type":null,"stock":false,"super":"alcampo"},{"img":"https://www.alcampo.es/media/h95/hfc/10416108240926.jpg","name":"Pan de molde blanco con corteza BIMBO 375 g.","price":"0,94 €","offer_price":0,"offer_type":null,"stock":false,"super":"alcampo"},{"img":"https://www.alcampo.es/media/h49/hbf/10802537791518.jpg","name":"Pan de molde blanco sin corteza, 100 % natural BIMBO 450 g.","price":"1,98 €","offer_price":0,"offer_type":null,"stock":false,"super":"alcampo"},{"img":"https://www.alcampo.es/media/hf9/h66/10416151199774.jpg","name":"Pan de molde con corteza, integral 100 % natural 100 % BIMBO 450 g.","price":"1,85 €","offer_price":0,"offer_type":null,"stock":false,"super":"alcampo"},{"img":"https://www.alcampo.es/media/h9b/hb6/9631906693150.jpg","name":"Pan de hogaza (mase madre) con cereales THE RUSTIK BAKERY 450 g.","price":"1,98 €","offer_price":0,"offer_type":null,"stock":false,"super":"alcampo"},{"img":"https://www.alcampo.es/media/h50/h1e/9303321870366.jpg","name":"Pan de molde de 12 cereales y semillas PRODUCTO ALCAMPO 580 g.","price":"1 €","offer_price":0,"offer_type":null,"stock":false,"super":"alcampo"},{"img":"https://www.alcampo.es/media/h08/hea/10416107192350.jpg","name":"Pan de molde con 12 cereales y semillas OROWEAT 680 g.","price":"2,43 €","offer_price":0,"offer_type":null,"stock":false,"super":"alcampo"},{"img":"https://www.alcampo.es/media/h34/he5/10416102539294.jpg","name":"Pan de molde artesano integral trigo espelta con miel BIMBO 550 g.","price":"2,15 €","offer_price":0,"offer_type":null,"stock":false,"super":"alcampo"},{"img":"https://www.alcampo.es/media/h16/h85/9311039422494.jpg","name":"Pan de molde sin gluten SCHAR 300 g.","price":"2,68 €","offer_price":0,"offer_type":null,"stock":false,"super":"alcampo"},{"img":"https://www.alcampo.es/media/hbb/h09/8927228788766.jpg","name":"Pan de molde sin gluten con cereales SCHÄR 300 g.","price":"2,69 €","offer_price":0,"offer_type":null,"stock":false,"super":"alcampo"},{"img":"https://www.alcampo.es/media/h6f/h2a/10445475774494.jpg","name":"Pan de molde blanco con corteza, especial tostada PRODUCTO ALCAMPO 800 g.","price":"1,08 €","offer_price":0,"offer_type":null,"stock":false,"super":"alcampo"},{"img":"https://www.alcampo.es/media/h27/h73/10416107520030.jpg","name":"Pan de molde integral (8 cereales) sin corteza de Bimbo SILUETA 450 g.","price":"1,88 €","offer_price":0,"offer_type":null,"stock":false,"super":"alcampo"},{"img":"https://www.alcampo.es/media/hfd/hfb/10416161030174.jpg","name":"Pan de molde con corteza tierna blanca BIMBO 450 g.","price":"1,79 €","offer_price":0,"offer_type":null,"stock":false,"super":"alcampo"},{"img":"https://www.alcampo.es/media/haa/h37/9465694158878.jpg","name":"Pan de molde familiar PANRICO 750 gramos.","price":"2 €","offer_price":0,"offer_type":null,"stock":false,"super":"alcampo"},{"img":"https://www.alcampo.es/media/h7f/h36/10416155230238.jpg","name":"Pan de molde intregral sin corteza de Bimbo SILUETA 450 g.","price":"1,88 €","offer_price":0,"offer_type":null,"stock":false,"super":"alcampo"},{"img":"https://www.alcampo.es/media/h9a/h05/10416156868638.jpg","name":"Pan de molde con pipas de girasol, calabaza y semillas de amapola OROWEAT 680 g.","price":"2,43 €","offer_price":0,"offer_type":null,"stock":false,"super":"alcampo"},{"img":"https://www.alcampo.es/media/ha7/hcb/10546408980510.jpg","name":"Pan de molde integral PANRICO 385 g.","price":"2,07 €","offer_price":0,"offer_type":null,"stock":false,"super":"alcampo"},{"img":"https://www.alcampo.es/media/hf4/h7c/10416162635806.jpg","name":"Pan de molde integral 8 cereales familiar de Bimbo SILUETA 600 gr,","price":"1,87 €","offer_price":0,"offer_type":null,"stock":false,"super":"alcampo"},{"img":"https://www.alcampo.es/media/he9/hd4/8868572692510.jpg","name":"Pan de molde especial para torrijas TRADIPAN 340 g.","price":"0,50 €","offer_price":0,"offer_type":null,"stock":false,"super":"alcampo"},{"img":"https://www.alcampo.es/media/hb2/h6a/9631863898142.jpg","name":"Pan hogazas masa madre THE RUSTIK BAKERY 450 g.","price":"2,17 €","offer_price":0,"offer_type":null,"stock":false,"super":"alcampo"},{"img":"https://www.alcampo.es/media/hca/h99/8998755794974.jpg","name":"Pan de molde sin corteza PANRICO 450 gr,","price":"2,18 €","offer_price":0,"offer_type":null,"stock":false,"super":"alcampo"},{"img":"https://www.alcampo.es/media/h80/h8f/9631918587934.jpg","name":"Pan de molde multicereales THE RUSTIK BAKERY 400 g.","price":"1,98 €","offer_price":0,"offer_type":null,"stock":false,"super":"alcampo"},{"img":"https://www.alcampo.es/media/hc5/h2f/8952028954654.jpg","name":"Pan de molde sin corteza familiar PANRICO 650 gr,","price":"2,98 €","offer_price":0,"offer_type":null,"stock":false,"super":"alcampo"},{"img":"https://www.alcampo.es/media/hf0/h76/9512721874974.jpg","name":"Panecillos tiernos artesanos BIMBO ARTESANO 4 uds 200 g.","price":"1,09 €","offer_price":0,"offer_type":null,"stock":false,"super":"alcampo"},{"img":"https://www.alcampo.es/media/h09/hd0/10875179368478.jpg","name":"Pan de molde familiar, con corteza y rebanada gruesa BIMBO 750 g.","price":"1,88 €","offer_price":0,"offer_type":null,"stock":false,"super":"alcampo"},{"img":"https://www.alcampo.es/media/h21/h89/9350757253150.jpg","name":"Pan de molde estilo rústico PANRICO 375 g.","price":"2,07 €","offer_price":0,"offer_type":null,"stock":false,"super":"alcampo"},{"img":"https://www.alcampo.es/media/h07/h26/10416148054046.jpg","name":"Pan de molde con semillas de sésamo y lino OROWEAT 680 g.","price":"2,44 €","offer_price":0,"offer_type":null,"stock":false,"super":"alcampo"},{"img":"https://www.alcampo.es/media/h50/h28/10416149397534.jpg","name":"Pan de molde integral con corteza BIMBO 480 g.","price":"1,16 €","offer_price":0,"offer_type":null,"stock":false,"super":"alcampo"},{"img":"https://www.alcampo.es/media/h23/h18/9037206945822.jpg","name":"Pan Chapatón multicereal GOTRI 750 gr","price":"1,75 €","offer_price":0,"offer_type":null,"stock":false,"super":"alcampo"},{"img":"https://www.alcampo.es/media/h03/hd4/9250797551646.jpg","name":"Pan de molde integral con centeno y corteza MOLDIPAN 400 g. ","price":"1,23 €","offer_price":0,"offer_type":null,"stock":false,"super":"alcampo"},{"img":"https://www.alcampo.es/media/h27/h51/10416164175902.jpg","name":"Pan de centeno, pipas de girasol y calabaza THE RUSTIK BAKERY 450 g.","price":"2,04 €","offer_price":0,"offer_type":null,"stock":false,"super":"alcampo"},{"img":"https://www.alcampo.es/media/hd5/h11/8934509215774.jpg","name":"Pan de molde con semillas de amapola GOTRI TRADI PAN GOURMET 450 g.","price":"1,08 €","offer_price":0,"offer_type":null,"stock":false,"super":"alcampo"},{"img":"https://www.alcampo.es/media/h65/h44/8927346655262.jpg","name":"Pan de molde sin gluten y rico en fibra SCHÄR VITAL 350 g.","price":"3,04 €","offer_price":0,"offer_type":null,"stock":false,"super":"alcampo"},{"img":"https://www.alcampo.es/media/ha3/hf9/8934527402014.jpg","name":"Pan de molde con semillas y cereales GOTRI TRADI PAN GOURMET 450 g.","price":"1,16 €","offer_price":0,"offer_type":null,"stock":false,"super":"alcampo"},{"img":"https://www.alcampo.es/media/he2/h28/10546747277342.jpg","name":"Pan de molde con 100 % harina de centeno PANRICO 400 g.0 % azúcares añadidos ","price":"2,30 €","offer_price":0,"offer_type":null,"stock":false,"super":"alcampo"},{"img":"https://www.alcampo.es/media/hcd/hb6/10409462431774.jpg","name":"Pan de molde fresco sin gluten PRODUCTO ALCAMPO 300 g.","price":"2,04 €","offer_price":0,"offer_type":null,"stock":false,"super":"alcampo"},{"img":"https://www.alcampo.es/media/hd4/h3e/8934518882334.jpg","name":"Pan de molde con arándanos GOTRI TRADI PAN GOURMET 450 g.","price":"1,35 €","offer_price":0,"offer_type":null,"stock":false,"super":"alcampo"},{"img":"https://www.alcampo.es/media/h4e/h2a/9350702071838.jpg","name":"Pan de molde de cereales y semillas (14) CEREALIA PANRICO 435 g.","price":"1,97 €","offer_price":0,"offer_type":null,"stock":false,"super":"alcampo"},{"img":"https://www.alcampo.es/media/he4/h5a/9044218937374.jpg","name":"Pan chapatón GOTRI 750 gramos","price":"1,43 €","offer_price":0,"offer_type":null,"stock":false,"super":"alcampo"},{"img":"https://www.alcampo.es/media/hd8/h39/10416168239134.jpg","name":"Pan estilo artesano BIMBO 550 g.","price":"2,15 €","offer_price":0,"offer_type":null,"stock":false,"super":"alcampo"},{"img":"https://www.alcampo.es/media/h9b/hb6/9631906693150.jpg","name":"Pan de hogaza (mase madre) con cereales THE RUSTIK BAKERY 450 g.","price":"1,98 €","offer_price":0,"offer_type":null,"stock":false,"super":"alcampo"},{"img":"https://www.alcampo.es/media/h08/hea/10416107192350.jpg","name":"Pan de molde con 12 cereales y semillas OROWEAT 680 g.","price":"2,43 €","offer_price":0,"offer_type":null,"stock":false,"super":"alcampo"},{"img":"https://www.alcampo.es/media/h06/hc5/9631878610974.jpg","name":"Pan de hogaza (masa madre) con aceite de oliva THE RUSTIK BAKERY 450 g.","price":"1,91 €","offer_price":0,"offer_type":null,"stock":false,"super":"alcampo"},{"img":"https://www.alcampo.es/media/hbb/h09/8927228788766.jpg","name":"Pan de molde sin gluten con cereales SCHÄR 300 g.","price":"2,69 €","offer_price":0,"offer_type":null,"stock":false,"super":"alcampo"},{"img":"https://www.alcampo.es/media/h9a/h05/10416156868638.jpg","name":"Pan de molde con pipas de girasol, calabaza y semillas de amapola OROWEAT 680 g.","price":"2,43 €","offer_price":0,"offer_type":null,"stock":false,"super":"alcampo"},{"img":"https://www.alcampo.es/media/hf4/h7c/10416162635806.jpg","name":"Pan de molde integral 8 cereales familiar de Bimbo SILUETA 600 gr,","price":"1,87 €","offer_price":0,"offer_type":null,"stock":false,"super":"alcampo"},{"img":"https://www.alcampo.es/media/hba/hdd/10875183595550.jpg","name":"Pan para sándwich 100 % integrales THINS 310 g.","price":"1,49 €","offer_price":0,"offer_type":null,"stock":false,"super":"alcampo"},{"img":"https://www.alcampo.es/media/h7d/h94/9690799964190.jpg","name":"Pan mediterránea cristal, 4uds x 70g.","price":"1,99 €","offer_price":0,"offer_type":null,"stock":false,"super":"alcampo"},{"img":"https://www.alcampo.es/media/hfb/h11/10292692615198.jpg","name":"Pan de molde integral con cereales y semillas PRODUCTO ALCAMPO 400 g.","price":"0,81 €","offer_price":0,"offer_type":null,"stock":false,"super":"alcampo"},{"img":"https://www.alcampo.es/media/h2a/h83/10492930654238.jpg","name":"Pan tostado integral multicereales con semillas de lino, sésamo y girasol PRODUCTO ALCAMPO 270 g,","price":"0,95 €","offer_price":0,"offer_type":null,"stock":false,"super":"alcampo"},{"img":"https://www.alcampo.es/media/h8c/ha6/9095366869022.jpg","name":"Pan crujiente avena WASA Vitalité 280 g. ","price":"2,24 €","offer_price":0,"offer_type":null,"stock":false,"super":"alcampo"},{"img":"https://www.alcampo.es/media/h9c/hb6/9323895881758.jpg","name":"Pan semillas y cereales, Finitos PRODUCTO ALCAMPO 310 g.","price":"0,98 €","offer_price":0,"offer_type":null,"stock":false,"super":"alcampo"},{"img":"https://www.alcampo.es/media/h35/hd6/9359454208030.jpg","name":"Hogaza de trigo integral (100%), 550g.","price":"2,29 €","offer_price":0,"offer_type":null,"stock":false,"super":"alcampo"},{"img":"https://www.alcampo.es/media/h07/h26/10416148054046.jpg","name":"Pan de molde con semillas de sésamo y lino OROWEAT 680 g.","price":"2,44 €","offer_price":0,"offer_type":null,"stock":false,"super":"alcampo"},{"img":"https://www.alcampo.es/media/h2f/h87/10006662479902.jpg","name":"Pan baguette sin gluten SINBLAT 175 g.","price":"1,25 €","offer_price":0,"offer_type":null,"stock":false,"super":"alcampo"},{"img":"https://www.alcampo.es/media/h10/h76/10416169844766.jpg","name":"Pan sándwich con proteínas vegetales THINS 310 g.","price":"1,49 €","offer_price":0,"offer_type":null,"stock":false,"super":"alcampo"},{"img":"https://www.alcampo.es/media/h18/hc6/8896905379870.jpg","name":"Pan molde de espelta integral ecológico PANECO 400 g.","price":"2,58 €","offer_price":0,"offer_type":null,"stock":false,"super":"alcampo"},{"img":"https://www.alcampo.es/media/h00/hb8/8895020269598.jpg","name":"Pan baguette precocido dietético sin gluten SCHÄR 350 g.","price":"2,48 €","offer_price":0,"offer_type":null,"stock":false,"super":"alcampo"},{"img":"https://www.alcampo.es/media/hdd/hf9/9378642853918.jpg","name":"Hogaza de pan, 500g.","price":"2,29 €","offer_price":0,"offer_type":null,"stock":false,"super":"alcampo"},{"img":"https://www.alcampo.es/media/hd5/h11/8934509215774.jpg","name":"Pan de molde con semillas de amapola GOTRI TRADI PAN GOURMET 450 g.","price":"1,08 €","offer_price":0,"offer_type":null,"stock":false,"super":"alcampo"},{"img":"https://www.alcampo.es/media/h65/h44/8927346655262.jpg","name":"Pan de molde sin gluten y rico en fibra SCHÄR VITAL 350 g.","price":"3,04 €","offer_price":0,"offer_type":null,"stock":false,"super":"alcampo"},{"img":"https://www.alcampo.es/media/h31/haf/9167122726942.jpg","name":"Pan con masa madre, sin gluten, SCHAR 240 g.","price":"2,77 €","offer_price":0,"offer_type":null,"stock":false,"super":"alcampo"},{"img":"https://www.alcampo.es/media/ha3/hf9/8934527402014.jpg","name":"Pan de molde con semillas y cereales GOTRI TRADI PAN GOURMET 450 g.","price":"1,16 €","offer_price":0,"offer_type":null,"stock":false,"super":"alcampo"},{"img":"https://www.alcampo.es/media/hd4/h3e/8934518882334.jpg","name":"Pan de molde con arándanos GOTRI TRADI PAN GOURMET 450 g.","price":"1,35 €","offer_price":0,"offer_type":null,"stock":false,"super":"alcampo"},{"img":"https://www.alcampo.es/media/hd1/hda/10422818275358.jpg","name":"Pan de payés multicereales sin gluten PRODUCTO ALCAMPO 300 g.","price":"2,79 €","offer_price":0,"offer_type":null,"stock":false,"super":"alcampo"},{"img":"https://www.alcampo.es/media/hc4/hcf/8952096292894.jpg","name":"Pan mini baguette precocido sin gluten SCHÄR, 2 uds x150 g.","price":"1,87 €","offer_price":0,"offer_type":null,"stock":false,"super":"alcampo"},{"img":"https://www.alcampo.es/media/ha5/h56/8952032395294.jpg","name":"Pan dulce sin gluten SCHÄR, 200 g.","price":"2,39 €","offer_price":0,"offer_type":null,"stock":false,"super":"alcampo"},{"img":"https://www.alcampo.es/media/h4f/hdd/10826947821598.jpg","name":"Pan biológico integral de centeno ecológico MESTEMACHER 500 g.","price":"3,47 €","offer_price":0,"offer_type":null,"stock":false,"super":"alcampo"},{"img":"https://www.alcampo.es/media/hdc/hb5/8958792106014.jpg","name":"Pan sándwich integral sottile DULCESOL 8 uds. 310 g.","price":"1,08 €","offer_price":0,"offer_type":null,"stock":false,"super":"alcampo"},{"img":"https://www.alcampo.es/media/h63/he5/9193469837342.jpg","name":"Pane casereccio al semi sin gluten SCHÄR 250 g.","price":"2,87 €","offer_price":0,"offer_type":null,"stock":false,"super":"alcampo"},{"img":"https://www.alcampo.es/media/hc0/h92/8877619413022.jpg","name":"Pan molde integral de espelta con avena PANECO 400 gr,","price":"2,30 €","offer_price":0,"offer_type":null,"stock":false,"super":"alcampo"},{"img":"https://www.alcampo.es/media/h70/h1c/8938164191262.jpg","name":"Pan de molde con cereales y semillas DULCESOL PAN SOTTILE 8 x 310 g.","price":"1,08 €","offer_price":0,"offer_type":null,"stock":false,"super":"alcampo"},{"img":"https://www.alcampo.es/media/h45/h36/8902253608990.jpg","name":"Pan de centeno integral, tipo alemán PANECO 600 g.","price":"2,84 €","offer_price":0,"offer_type":null,"stock":false,"super":"alcampo"},{"img":"https://www.alcampo.es/media/hca/h8e/8939135074334.jpg","name":"Chapata sin gluten SCHÄR, 200 g.","price":"1,98 €","offer_price":0,"offer_type":null,"stock":false,"super":"alcampo"},{"img":"https://www.alcampo.es/media/h4c/h1e/9308406251550.jpg","name":"Tostadas de arroz integral y trigo sarraceno SORIA NATURAL 90 g.","price":"2,35 €","offer_price":0,"offer_type":null,"stock":false,"super":"alcampo"},{"img":"https://www.alcampo.es/media/he9/h6d/8952222482462.jpg","name":"Pan baguetes vienesas cortadas LA BOULANGÈRE pack de 4 uds. 340 gr,","price":"2,63 €","offer_price":0,"offer_type":null,"stock":false,"super":"alcampo"},{"img":"https://www.alcampo.es/media/h30/he3/8960188710942.jpg","name":"Pan de centeno ecológico integral con avena y semillas de lino CÉRÉAL BIO 500 g.","price":"2,94 €","offer_price":0,"offer_type":null,"stock":false,"super":"alcampo"},{"img":"https://www.alcampo.es/media/he5/h3e/9173325905950.jpg","name":"Pan baguette mini Viena LA BOULANGÈRE 4 uds. 220 g. ","price":"1,63 €","offer_price":0,"offer_type":null,"stock":false,"super":"alcampo"},{"img":"https://www.alcampo.es/media/hb8/h8e/8952289951774.jpg","name":"Pan integral con centeno SEMILLAS 400 gr,","price":"2,30 €","offer_price":0,"offer_type":null,"stock":false,"super":"alcampo"},{"img":"https://www.alcampo.es/media/h9b/ha8/10416168960030.jpg","name":"Pan de molde multicereales ORGANIC BIO OROWEAT 400 g.","price":"3,69 €","offer_price":0,"offer_type":null,"stock":false,"super":"alcampo"},{"img":"https://www.alcampo.es/media/h5c/hc0/8952376492062.jpg","name":"Pan integral con cereales y pasas SEMILLAS 400 gr,","price":"2,30 €","offer_price":0,"offer_type":null,"stock":false,"super":"alcampo"},{"img":"https://www.alcampo.es/media/h42/h63/9243883995166.jpg","name":"Baguette integral espelta, precocinada, ecológica PANECO 200 g.","price":"1,49 €","offer_price":0,"offer_type":null,"stock":false,"super":"alcampo"},{"img":"https://www.alcampo.es/media/h21/h91/10416170663966.jpg","name":"Pan de molde quinoa y espelta ORGANIC BIO OROWEAT 400 g.","price":"3,69 €","offer_price":0,"offer_type":null,"stock":false,"super":"alcampo"},{"img":"https://www.alcampo.es/media/h8a/h95/9359656747038.jpg","name":"Pan de hogaza, masa madre, de centenos DULCESOL 450 g.","price":"1,39 €","offer_price":0,"offer_type":null,"stock":false,"super":"alcampo"},{"img":"https://www.alcampo.es/media/hb1/h65/8969711222814.jpg","name":"Pan Brioche Sin Gluten SCHAR 370 gr,","price":"3,15 €","offer_price":0,"offer_type":null,"stock":false,"super":"alcampo"},{"img":"https://www.alcampo.es/media/h94/h7c/9221492736030.jpg","name":"Tostadas ligeras de arroz integral y quinoa SORIA NATURAL 90 g.","price":"2,26 €","offer_price":0,"offer_type":null,"stock":false,"super":"alcampo"},{"img":"https://www.alcampo.es/media/h2b/h29/10566466699294.jpg","name":"Mini biscotes ecológicos RECONDO 120 g.","price":"1,47 €","offer_price":0,"offer_type":null,"stock":false,"super":"alcampo"},{"img":"https://www.alcampo.es/media/h55/hfb/10245486936094.jpg","name":"Pan para perrito PRODUCTO ALCAMPO 6 uds. 330 g.","price":"0,74 €","offer_price":0,"offer_type":null,"stock":false,"super":"alcampo"},{"img":"https://www.alcampo.es/media/hcb/hb6/10416146874398.jpg","name":"Pan para perritos calientes (Hot Dog) BIMBO 6 uds. 330 g.","price":"0,99 €","offer_price":0,"offer_type":null,"stock":false,"super":"alcampo"},{"img":"https://www.alcampo.es/media/hea/h3c/10416160866334.jpg","name":"Pan para hamburguesas (Burguer) BIMBO 4 uds. 220 g.","price":"0,99 €","offer_price":0,"offer_type":null,"stock":false,"super":"alcampo"},{"img":"https://www.alcampo.es/media/ha1/hb2/10245503287326.jpg","name":"Maxi pan para burger PRODUCTO ALCAMPO 4 udfs. 300 g.","price":"0,68 €","offer_price":0,"offer_type":null,"stock":false,"super":"alcampo"},{"img":"https://www.alcampo.es/media/hd6/h3b/10416151527454.jpg","name":"Pan maxi para hamburguesas BIMBO 4 uds. 300 g.","price":"1,56 €","offer_price":0,"offer_type":null,"stock":false,"super":"alcampo"},{"img":"https://www.alcampo.es/media/h36/h24/10409478127646.jpg","name":"Pan burguer con sésamo PRODUCTO ALCAMPO 4 uds. 220 g.","price":"0,75 €","offer_price":0,"offer_type":null,"stock":false,"super":"alcampo"},{"img":"https://www.alcampo.es/media/h30/h49/9272918376478.jpg","name":"Pan para hamburguesa con sésamo PRODUCTO ALCAMPO 8 uds. 440 g.","price":"1,49 €","offer_price":0,"offer_type":null,"stock":false,"super":"alcampo"},{"img":"https://www.alcampo.es/media/h01/he7/9465710772254.jpg","name":"Pan de hamburguesa XL PANRICO 2 uds. 165 gr,","price":"1,27 €","offer_price":0,"offer_type":null,"stock":false,"super":"alcampo"},{"img":"https://www.alcampo.es/media/hb0/h25/9359659499550.jpg","name":"Pan burguer brioche DULCESOL 4 uds. 350 g.","price":"1,27 €","offer_price":0,"offer_type":null,"stock":false,"super":"alcampo"},{"img":"https://www.alcampo.es/media/heb/h2a/9145285672990.jpg","name":"Pan de hamburguesa maxi DULCESOL 300 g.","price":"1,25 €","offer_price":0,"offer_type":null,"stock":false,"super":"alcampo"},{"img":"https://www.alcampo.es/media/h49/h41/8952370593822.jpg","name":"Medias noches LA BOULANGERE 6 uds. 270 g.","price":"1,48 €","offer_price":0,"offer_type":null,"stock":false,"super":"alcampo"},{"img":"https://www.alcampo.es/media/h28/hbe/8882163548190.jpg","name":"Pan de mini hamburguesas EL GUIJO 12 uds. 250 gr,","price":"1,38 €","offer_price":0,"offer_type":null,"stock":false,"super":"alcampo"},{"img":"https://www.alcampo.es/media/hbf/hd0/9037226082334.jpg","name":"Pan hot dog PANRICO 6 x 330 g.","price":"1,83 €","offer_price":0,"offer_type":null,"stock":false,"super":"alcampo"},{"img":"https://www.alcampo.es/media/hd9/h1d/10834182733854.jpg","name":"Pan Maxi Burguer brioche BIMBO 4 uds. 300 g.","price":"1,90 €","offer_price":0,"offer_type":null,"stock":false,"super":"alcampo"},{"img":"https://www.alcampo.es/media/h77/h0e/8934547357726.jpg","name":"Pan maxi para hamburguesa con cereales y semillas DULCESOL 300 gr, pack de 4 uds.","price":"1,35 €","offer_price":0,"offer_type":null,"stock":false,"super":"alcampo"},{"img":"https://www.alcampo.es/media/he3/ha3/8969659121694.jpg","name":"Pan de hamburguesa sin gluten SCHÄR 300 g.","price":"2,84 €","offer_price":0,"offer_type":null,"stock":false,"super":"alcampo"},{"img":"https://www.alcampo.es/media/h75/h32/9304245239838.jpg","name":"Mini panecillos de perrito con sésamo RUIPAN 240 gr","price":"1 €","offer_price":0,"offer_type":null,"stock":false,"super":"alcampo"},{"img":"https://www.alcampo.es/media/hfb/hb2/9037226868766.jpg","name":"Pan burguer con sésamo PANRICO 4 uds.","price":"1,68 €","offer_price":0,"offer_type":null,"stock":false,"super":"alcampo"},{"img":"https://www.alcampo.es/media/h38/hf0/9690780368926.jpg","name":"Pan de hamburguesa premium soft, 2uds x 90g.","price":"1,89 €","offer_price":0,"offer_type":null,"stock":false,"super":"alcampo"},{"img":"https://www.alcampo.es/media/he6/h41/9251622879262.jpg","name":"Pan mini para burguer RUIPAN bolsa 150 gramos.","price":"1 €","offer_price":0,"offer_type":null,"stock":false,"super":"alcampo"},{"img":"https://www.alcampo.es/media/h6e/h6d/10834251087902.jpg","name":"Pan maxi burguer queso BIMBO 4 uds. 300 g.","price":"1,90 €","offer_price":0,"offer_type":null,"stock":false,"super":"alcampo"},{"img":"https://www.alcampo.es/media/ha7/h06/9690793246750.jpg","name":"Pan de hamburguesa premium con sésamo (3%), 2uds x 90g.","price":"1,89 €","offer_price":0,"offer_type":null,"stock":false,"super":"alcampo"},{"img":"https://www.alcampo.es/media/hcf/h72/8960204767262.jpg","name":"Pan de hamburguesa sin gluten GERBLÉ pack de 4 uds x 75 g.","price":"3,49 €","offer_price":0,"offer_type":null,"stock":false,"super":"alcampo"},{"img":"https://www.alcampo.es/media/hf9/hc2/9690784202782.jpg","name":"Pan de hamburguesa maxi brioche, 2uds x 85g.","price":"1,89 €","offer_price":0,"offer_type":null,"stock":false,"super":"alcampo"},{"img":"https://www.alcampo.es/media/h57/h18/9096102379550.jpg","name":"Panecillos indios Naan con ajo y cilantro TIGER KHAN 4 unidades, 235 gramos","price":"3,04 €","offer_price":0,"offer_type":null,"stock":false,"super":"alcampo"},{"img":"https://www.alcampo.es/media/hf9/hfa/9690812940318.jpg","name":"Pan de hamburguesa brioche con sésamo (2.4%) y amapola (2,4%), 2 uds x 65g.","price":"1,89 €","offer_price":0,"offer_type":null,"stock":false,"super":"alcampo"},{"img":"https://www.alcampo.es/media/h1c/h58/8960056557598.jpg","name":"Baguetinas precocinadas MAHESO 500 gr pack de 4 uds","price":"1,81 €","offer_price":0,"offer_type":null,"stock":false,"super":"alcampo"},{"img":"https://www.alcampo.es/media/h2b/h98/10234182271006.jpg","name":"Pan rallado PRODUCTO ALCAMPO 500 g.","price":"0,42 €","offer_price":0,"offer_type":null,"stock":false,"super":"alcampo"},{"img":"https://www.alcampo.es/media/hcb/h3f/8927233376286.jpg","name":"Pan rallado GALLO 500 gr,","price":"0,72 €","offer_price":0,"offer_type":null,"stock":false,"super":"alcampo"},{"img":"https://www.alcampo.es/media/h4b/h05/10234185711646.jpg","name":"Pan rallado con ajo y perejil PRODUCTO ALCAMPO 500 g.","price":"0,74 €","offer_price":0,"offer_type":null,"stock":false,"super":"alcampo"},{"img":"https://www.alcampo.es/media/h4a/h5f/10234183581726.jpg","name":"Pan rallado PRODUCTO ALCAMPO 750 g.","price":"0,66 €","offer_price":0,"offer_type":null,"stock":false,"super":"alcampo"},{"img":"https://www.alcampo.es/media/hf1/ha7/9350347653150.jpg","name":"Baguettes precocidas QUELY 2 uds. 250 ,g.","price":"1,46 €","offer_price":0,"offer_type":null,"stock":false,"super":"alcampo"},{"img":"https://www.alcampo.es/media/h2b/h3e/9019623800862.jpg","name":"Pan rallado ajo y perejil GALLO 250 gr.","price":"0,65 €","offer_price":0,"offer_type":null,"stock":false,"super":"alcampo"},{"img":"https://www.alcampo.es/media/hef/h5a/9304233017374.jpg","name":"Molletes de pan precocido LA GAÑANÍA pack 2 uds. 200 gr,","price":"0,94 €","offer_price":0,"offer_type":null,"stock":false,"super":"alcampo"},{"img":"https://www.alcampo.es/media/h84/h15/9304240160798.jpg","name":"Pan rallado crujiente GALLO 500 gr,","price":"1,23 €","offer_price":0,"offer_type":null,"stock":false,"super":"alcampo"},{"img":"https://www.alcampo.es/media/h9d/hc9/8898988081182.jpg","name":"Baguettes cocidas LA GAÑANIA 3 uds. 345 gr,","price":"1,25 €","offer_price":0,"offer_type":null,"stock":false,"super":"alcampo"},{"img":"https://www.alcampo.es/media/h2f/h87/10006662479902.jpg","name":"Pan baguette sin gluten SINBLAT 175 g.","price":"1,25 €","offer_price":0,"offer_type":null,"stock":false,"super":"alcampo"},{"img":"https://www.alcampo.es/media/h87/hf7/9489586520094.jpg","name":"Molletes integrales LA MOLLETERÍA 2 uds. 120 g.","price":"0,62 €","offer_price":0,"offer_type":null,"stock":false,"super":"alcampo"},{"img":"https://www.alcampo.es/media/h00/hb8/8895020269598.jpg","name":"Pan baguette precocido dietético sin gluten SCHÄR 350 g.","price":"2,48 €","offer_price":0,"offer_type":null,"stock":false,"super":"alcampo"},{"img":"https://www.alcampo.es/media/h9a/h56/8887548379166.jpg","name":"Panecillos cocidos LA GAÑANIA 4 uds. 200 gr,","price":"0,85 €","offer_price":0,"offer_type":null,"stock":false,"super":"alcampo"},{"img":"https://www.alcampo.es/media/hc4/hcf/8952096292894.jpg","name":"Pan mini baguette precocido sin gluten SCHÄR, 2 uds x150 g.","price":"1,87 €","offer_price":0,"offer_type":null,"stock":false,"super":"alcampo"},{"img":"https://www.alcampo.es/media/hb5/h0d/9350366789662.jpg","name":"Picada (pan) para rebozar (Galletas de Inca molidas) QUELY 225 g.","price":"1,31 €","offer_price":0,"offer_type":null,"stock":false,"super":"alcampo"},{"img":"https://www.alcampo.es/media/h0d/h5e/8927146803230.jpg","name":"Pan rallado sin gluten GALLO 200 g.","price":"1,75 €","offer_price":0,"offer_type":null,"stock":false,"super":"alcampo"},{"img":"https://www.alcampo.es/media/h40/h45/9037132005406.jpg","name":"Chapatas precocidas FRANJUBA 3 uds.","price":"1,09 €","offer_price":0,"offer_type":null,"stock":false,"super":"alcampo"},{"img":"https://www.alcampo.es/media/h13/h0d/9260118507550.jpg","name":"Pan rallado sin gluten PRODUCTO ALCAMPO 250 gr","price":"1,45 €","offer_price":0,"offer_type":null,"stock":false,"super":"alcampo"},{"img":"https://www.alcampo.es/media/h1b/h2c/8939134091294.jpg","name":"Panecillos sin gluten SCHÄR Panini Rolls, 225 g.","price":"2,81 €","offer_price":0,"offer_type":null,"stock":false,"super":"alcampo"},{"img":"https://www.alcampo.es/media/hca/h8e/8939135074334.jpg","name":"Chapata sin gluten SCHÄR, 200 g.","price":"1,98 €","offer_price":0,"offer_type":null,"stock":false,"super":"alcampo"},{"img":"https://www.alcampo.es/media/h64/h89/10853424594974.jpg","name":"Pan escamas \"Crumbs\" Panko SANTA RITA 200 g.","price":"3,34 €","offer_price":0,"offer_type":null,"stock":false,"super":"alcampo"},{"img":"https://www.alcampo.es/media/hf0/hc6/9605442175006.jpg","name":"Pan Grati Sin Gluten SCHÄR 250 g.","price":"2,29 €","offer_price":0,"offer_type":null,"stock":false,"super":"alcampo"},{"img":"https://www.alcampo.es/media/h8e/h92/8867581984798.jpg","name":"Pan rallado en bolsa 440 g.","price":"1,29 €","offer_price":0,"offer_type":null,"stock":false,"super":"alcampo"},{"img":"https://www.alcampo.es/media/h0f/h61/8892930457630.jpg","name":"Panecillos de Viena con leche LA GAÑANÍA 4 unidades, 200 gramos","price":"0,89 €","offer_price":0,"offer_type":null,"stock":false,"super":"alcampo"},{"img":"https://www.alcampo.es/media/h75/h4d/9429726429214.jpg","name":"Preparado para rebozados , ajo y perejil , extra crujiente DANI 500 g.","price":"5,99 €","offer_price":0,"offer_type":null,"stock":false,"super":"alcampo"},{"img":"https://www.alcampo.es/media/h24/h96/10802732105758.jpg","name":"Tortillas de trigo con semillas de lino especiales para hacer wraps MISSION 370 g.","price":"1,74 €","offer_price":0,"offer_type":null,"stock":false,"super":"alcampo"},{"img":"https://www.alcampo.es/media/h53/he7/10802530353182.jpg","name":"Tortilla de trigo especiales para hacer wraps MISSION 370 g.","price":"1,83 €","offer_price":0,"offer_type":null,"stock":false,"super":"alcampo"},{"img":"https://www.alcampo.es/media/h50/h9c/10802625740830.jpg","name":"Tortillas de trigo con espelta y avena especiales para hacer wraps MISSION 370 g.","price":"1,68 €","offer_price":0,"offer_type":null,"stock":false,"super":"alcampo"},{"img":"https://www.alcampo.es/media/h0f/ha7/9631870943262.jpg","name":"Tortitas de harina, bases de creps roll's de BIMBO 6 uds x 240 g.","price":"2,02 €","offer_price":0,"offer_type":null,"stock":false,"super":"alcampo"},{"img":"https://www.alcampo.es/media/ha4/hfb/9548548636702.jpg","name":"Tortillas de trigo MISSION DÜRÜM 6 uds.378 g.","price":"1,40 €","offer_price":0,"offer_type":null,"stock":false,"super":"alcampo"},{"img":"https://www.alcampo.es/media/hb0/h8a/8961196589086.jpg","name":"Pan pita JAFFY'S 6 uds.","price":"2,16 €","offer_price":0,"offer_type":null,"stock":false,"super":"alcampo"},{"img":"https://www.alcampo.es/media/hb4/h9f/10817022263326.jpg","name":"Pan de pita integral IGGY'S 6 uds 375 g.","price":"1,71 €","offer_price":0,"offer_type":null,"stock":false,"super":"alcampo"},{"img":"https://www.alcampo.es/media/he3/hf8/8968268120094.jpg","name":"Pan de Pita IGGY'S 6 uds.","price":"2,11 €","offer_price":0,"offer_type":null,"stock":false,"super":"alcampo"},{"img":"https://www.alcampo.es/media/hc7/h2b/9095362641950.jpg","name":"Panes pita PANORIENT Pack 5 uds. 320 gr. ","price":"1,87 €","offer_price":0,"offer_type":null,"stock":false,"super":"alcampo"},{"img":"https://www.alcampo.es/media/hab/h7e/9100151914526.jpg","name":"Pan pita de trigo maxi IGGY'S 5 unidades de 400 gramos.","price":"1,99 €","offer_price":0,"offer_type":null,"stock":false,"super":"alcampo"},{"img":"https://www.alcampo.es/media/h31/h2f/9399673978910.jpg","name":"Wraps sin gluten NAGUAL 240 g.","price":"4,38 €","offer_price":0,"offer_type":null,"stock":false,"super":"alcampo"},{"img":"https://www.alcampo.es/media/h57/h18/9096102379550.jpg","name":"Panecillos indios Naan con ajo y cilantro TIGER KHAN 4 unidades, 235 gramos","price":"3,04 €","offer_price":0,"offer_type":null,"stock":false,"super":"alcampo"},{"img":"https://www.alcampo.es/media/he8/hbd/9477077991454.jpg","name":"Panecillos tostados integrales PRODUCTO ALCAMPO 225 gr.","price":"0,56 €","offer_price":0,"offer_type":null,"stock":false,"super":"alcampo"},{"img":"https://www.alcampo.es/media/h87/h1e/10493025189918.jpg","name":"Pan tostado integral (80 rebanadas) PRODUCTO ALCAMPO 720 g.","price":"2,34 €","offer_price":0,"offer_type":null,"stock":false,"super":"alcampo"},{"img":"https://www.alcampo.es/media/hb2/h6e/9454756724766.jpg","name":"Pan tostado (80 rebanadas) PRODUCTO ECONÓMICO ALCAMPO 80 uds. 720 g.","price":"1,99 €","offer_price":0,"offer_type":null,"stock":false,"super":"alcampo"},{"img":"https://www.alcampo.es/media/h9e/he2/10492942975006.jpg","name":"Panecillos clásicos tostados PRODUCTO ALCAMPO 225 g.","price":"0,57 €","offer_price":0,"offer_type":null,"stock":false,"super":"alcampo"},{"img":"https://www.alcampo.es/media/h23/h1a/9380810424350.jpg","name":"Pan tostado integral en rebanadas PRODUCTO ALCAMPO 270 gr,","price":"0,85 €","offer_price":0,"offer_type":null,"stock":false,"super":"alcampo"},{"img":"https://www.alcampo.es/media/h7c/h3a/9019536572446.jpg","name":"Pan de centenos WASA 275 gr.","price":"2,24 €","offer_price":0,"offer_type":null,"stock":false,"super":"alcampo"},{"img":"https://www.alcampo.es/media/h54/h0b/9380817305630.jpg","name":"Pan tostado (30 rebanadas) PRODUCTO ECONÓMICO ALCAMPO 270 g.","price":"0,74 €","offer_price":0,"offer_type":null,"stock":false,"super":"alcampo"},{"img":"https://www.alcampo.es/media/h2a/h2d/9465733840926.jpg","name":"Biscotes integrales (100 biscotes) PRODUCTO ALCAMPO 750 gr,","price":"1,87 €","offer_price":0,"offer_type":null,"stock":false,"super":"alcampo"},{"img":"https://www.alcampo.es/media/hb1/hf8/9463868260382.jpg","name":"Biscotes rebanadas (100 uds. aprox.) PRODUCTO ECONÓMICO ALCAMPO 750 g.","price":"1,55 €","offer_price":0,"offer_type":null,"stock":false,"super":"alcampo"},{"img":"https://www.alcampo.es/media/h2a/h83/10492930654238.jpg","name":"Pan tostado integral multicereales con semillas de lino, sésamo y girasol PRODUCTO ALCAMPO 270 g,","price":"0,95 €","offer_price":0,"offer_type":null,"stock":false,"super":"alcampo"},{"img":"https://www.alcampo.es/media/h7d/hb5/10911427919902.jpg","name":"Pan tostado RECONDO 270 gr,","price":"1,79 €","offer_price":0,"offer_type":null,"stock":false,"super":"alcampo"},{"img":"https://www.alcampo.es/media/hac/h7f/9659267317790.jpg","name":"Pan de chapata tostado RECONDO,167 g.","price":"1,74 €","offer_price":0,"offer_type":null,"stock":false,"super":"alcampo"},{"img":"https://www.alcampo.es/media/hbd/h98/10875180548126.jpg","name":"Mini tostas rectangulares BIMBO 100 g.","price":"1,34 €","offer_price":0,"offer_type":null,"stock":false,"super":"alcampo"},{"img":"https://www.alcampo.es/media/h0f/h71/10129363337246.jpg","name":"Mini biscottes RECONDO 120 g.","price":"1,02 €","offer_price":0,"offer_type":null,"stock":false,"super":"alcampo"},{"img":"https://www.alcampo.es/media/h8c/ha6/9095366869022.jpg","name":"Pan crujiente avena WASA Vitalité 280 g. ","price":"2,24 €","offer_price":0,"offer_type":null,"stock":false,"super":"alcampo"},{"img":"https://www.alcampo.es/media/h91/h53/9477131468830.jpg","name":"Panecillos tostados ajo y perejil PRODUCTO ALCAMPO 160 gr.","price":"0,84 €","offer_price":0,"offer_type":null,"stock":false,"super":"alcampo"},{"img":"https://www.alcampo.es/media/hcf/h13/9659350482974.jpg","name":"Pan tostado de hogaza rústico RECONDO 240 gr,","price":"1,71 €","offer_price":0,"offer_type":null,"stock":false,"super":"alcampo"},{"img":"https://www.alcampo.es/media/h4c/h7c/10911471108126.jpg","name":"Pan tostado integral RECONDO 270 gr,","price":"1,79 €","offer_price":0,"offer_type":null,"stock":false,"super":"alcampo"},{"img":"https://www.alcampo.es/media/h20/hcc/9019629797406.jpg","name":"Pan crujiente sèsamo WASA 200 gr","price":"2,24 €","offer_price":0,"offer_type":null,"stock":false,"super":"alcampo"},{"img":"https://www.alcampo.es/media/ha8/he0/10875164098590.jpg","name":"Tostaditas con arándanos, ideal queso y foie BIMBO 100 g.","price":"1,52 €","offer_price":0,"offer_type":null,"stock":false,"super":"alcampo"},{"img":"https://www.alcampo.es/media/he0/h73/9465112887326.jpg","name":"Pan tostado integral con semillas de lino Dextrin SANTIVERI, 300 g..","price":"2,85 €","offer_price":0,"offer_type":null,"stock":false,"super":"alcampo"},{"img":"https://www.alcampo.es/media/h30/h51/9477099192350.jpg","name":"Panecillos tostados tomate y orégano PRODUCTO ALCAMPO 160 gr.","price":"0,84 €","offer_price":0,"offer_type":null,"stock":false,"super":"alcampo"},{"img":"https://www.alcampo.es/media/h64/h26/10911321686046.jpg","name":"Cracker Integral PRIMA 500 g.","price":"3,39 €","offer_price":0,"offer_type":null,"stock":false,"super":"alcampo"},{"img":"https://www.alcampo.es/media/hbc/h29/10875185070110.jpg","name":"Pan tostado blanco BIMBO 270 g.","price":"0,93 €","offer_price":0,"offer_type":null,"stock":false,"super":"alcampo"},{"img":"https://www.alcampo.es/media/h04/h48/10546714083358.jpg","name":"Pan tostado multicerel extracrujiente ORTIZ 36 uds.288 g.","price":"1,73 €","offer_price":0,"offer_type":null,"stock":false,"super":"alcampo"},{"img":"https://www.alcampo.es/media/h6b/h25/10416159227934.jpg","name":"Pan tostado integral ORTIZ 60 uds. 648 g.","price":"2,89 €","offer_price":0,"offer_type":null,"stock":false,"super":"alcampo"},{"img":"https://www.alcampo.es/media/h23/h1f/10911349899294.jpg","name":"Crackers tradicionales PRIMA 500 g.","price":"3,39 €","offer_price":0,"offer_type":null,"stock":false,"super":"alcampo"},{"img":"https://www.alcampo.es/media/ha4/hfc/10129300881438.jpg","name":"Tostadas para canapés RECONDO 100 g.","price":"1,40 €","offer_price":0,"offer_type":null,"stock":false,"super":"alcampo"},{"img":"https://www.alcampo.es/media/hd2/hf3/10129308975134.jpg","name":"Pan tostado de hogaza integral RECONDO 240 g.","price":"1,71 €","offer_price":0,"offer_type":null,"stock":false,"super":"alcampo"},{"img":"https://www.alcampo.es/media/he8/h86/10875174092830.jpg","name":"Pan integral tostado BIMBO 270 g.","price":"0,93 €","offer_price":0,"offer_type":null,"stock":false,"super":"alcampo"},{"img":"https://www.alcampo.es/media/h9d/hf6/9283183542302.jpg","name":"Pan de molde integral con lino, Dextrin SANTIVERI 300 g.","price":"2,30 €","offer_price":0,"offer_type":null,"stock":false,"super":"alcampo"},{"img":"https://www.alcampo.es/media/h92/h63/10416161587230.jpg","name":"Panecillos integrales tostados ORTIZ 225 g.","price":"1,49 €","offer_price":0,"offer_type":null,"stock":false,"super":"alcampo"},{"img":"https://www.alcampo.es/media/h6f/hb3/10911341740062.jpg","name":"Pan tostado 10 cereales RECONDO 30 rebanadas 270 gr,","price":"1,79 €","offer_price":0,"offer_type":null,"stock":false,"super":"alcampo"},{"img":"https://www.alcampo.es/media/h07/h2c/9311368249374.jpg","name":"Tostadas originales FINN CRISP 200 gr,","price":"1,78 €","offer_price":0,"offer_type":null,"stock":false,"super":"alcampo"},{"img":"https://www.alcampo.es/media/hc1/he0/9601274773534.jpg","name":"Panecillos naturales 100% tradicional BIMBO 225 g.","price":"1,13 €","offer_price":0,"offer_type":null,"stock":false,"super":"alcampo"},{"img":"https://www.alcampo.es/media/h44/h77/9644982009886.jpg","name":"Mini tostas con pasas y miel ALCAMPO GOURMET 120 g.","price":"0,99 €","offer_price":0,"offer_type":null,"stock":false,"super":"alcampo"},{"img":"https://www.alcampo.es/media/hb5/hc8/9019615641630.jpg","name":"Pan crujiente fibra WASA 230 gr","price":"2,34 €","offer_price":0,"offer_type":null,"stock":false,"super":"alcampo"},{"img":"https://www.alcampo.es/media/h62/h3b/10129360388126.jpg","name":"Tostadas para canapés RECONDO 60 uds. 200 g.","price":"1,99 €","offer_price":0,"offer_type":null,"stock":false,"super":"alcampo"},{"img":"https://www.alcampo.es/media/h4e/hf6/10546722832414.jpg","name":"Pan tostado multicereal extera crujiente ORTIZ 30 uds. 324 g.","price":"1,73 €","offer_price":0,"offer_type":null,"stock":false,"super":"alcampo"},{"img":"https://www.alcampo.es/media/h21/hc9/9690778009630.jpg","name":" Crackers naturales RECONDO 250 g.","price":"1,49 €","offer_price":0,"offer_type":null,"stock":false,"super":"alcampo"},{"img":"https://www.alcampo.es/media/hca/hb8/10129301045278.jpg","name":"Panecillos tostados RECONDO 225 g.","price":"1,73 €","offer_price":0,"offer_type":null,"stock":false,"super":"alcampo"},{"img":"https://www.alcampo.es/media/h22/hd3/10911417630750.jpg","name":"Pan tostado integral bajo contenido en sal RECONDO 30 rebanadas 270 gr,","price":"1,79 €","offer_price":0,"offer_type":null,"stock":false,"super":"alcampo"},{"img":"https://www.alcampo.es/media/hbd/h17/10875074248734.jpg","name":"Mini tostas redondas BIMBO 100 g.","price":"1,34 €","offer_price":0,"offer_type":null,"stock":false,"super":"alcampo"},{"img":"https://www.alcampo.es/media/hdc/h89/10546380931102.jpg","name":"Pan tostado extra crujiente estilo tradicional ORTIZ 30 uds. 324 g.","price":"1,73 €","offer_price":0,"offer_type":null,"stock":false,"super":"alcampo"},{"img":"https://www.alcampo.es/media/hc0/h5c/10911526879262.jpg","name":"Pan tostado equilibrio sin sal y sin azúcares añadidos RECONDO 270 gr,","price":"1,79 €","offer_price":0,"offer_type":null,"stock":false,"super":"alcampo"},{"img":"https://www.alcampo.es/media/hcf/hf1/10129314611230.jpg","name":"Pan de hogaza tostado 9 cereales RECONDO 24 uds. 240 g.","price":"1,76 €","offer_price":0,"offer_type":null,"stock":false,"super":"alcampo"},{"img":"https://www.alcampo.es/media/hcb/h3a/9247105056798.jpg","name":"Tostas sin gluten PRODUCTO ALCAMPO 225 g.","price":"2,99 €","offer_price":0,"offer_type":null,"stock":false,"super":"alcampo"},{"img":"https://www.alcampo.es/media/ha0/h0d/8969655681054.jpg","name":"Crackers Sin Gluten SCHAR 210 g.","price":"3,24 €","offer_price":0,"offer_type":null,"stock":false,"super":"alcampo"},{"img":"https://www.alcampo.es/media/h4a/h0e/8968152907806.jpg","name":"Picos rústicos-Gourmet OBANDO 130 g.","price":"0,94 €","offer_price":0,"offer_type":null,"stock":false,"super":"alcampo"},{"img":"https://www.alcampo.es/media/h7f/h73/10843554349086.jpg","name":"Regañás con aceite de oliva virgen extra y sésamo PRODUCTO ALCAMPO 180 g.","price":"0,53 €","offer_price":0,"offer_type":null,"stock":false,"super":"alcampo"},{"img":"https://www.alcampo.es/media/h30/h2f/9463828283422.jpg","name":"Picos rústicos PRODUCTO ALCAMPO 140 g.","price":"0,65 €","offer_price":0,"offer_type":null,"stock":false,"super":"alcampo"},{"img":"https://www.alcampo.es/media/hde/hba/9463834378270.jpg","name":"Pico camperos con aceite de oliva y sésamo PRODUCTO ALCAMPO 180 g.","price":"0,59 €","offer_price":0,"offer_type":null,"stock":false,"super":"alcampo"},{"img":"https://www.alcampo.es/media/h37/hcd/8884633927710.jpg","name":"Regañas artesanas CASTILLO de MORILES 200 g.","price":"1,55 €","offer_price":0,"offer_type":null,"stock":false,"super":"alcampo"},{"img":"https://www.alcampo.es/media/h71/hd2/10855014629406.jpg","name":"Picatostes tostados con aceite de oliva y sal PRODUCTO ALCAMPO 75 g.","price":"0,53 €","offer_price":0,"offer_type":null,"stock":false,"super":"alcampo"},{"img":"https://www.alcampo.es/media/h33/h0c/8952306597918.jpg","name":"Picatostes tostados naturales RECONDO 80 gr,","price":"1,08 €","offer_price":0,"offer_type":null,"stock":false,"super":"alcampo"},{"img":"https://www.alcampo.es/media/hc7/h47/9304252350494.jpg","name":"Picos artesanos con aceite de oliva virgen extra HISPALANA 500 g.","price":"2,38 €","offer_price":0,"offer_type":null,"stock":false,"super":"alcampo"},{"img":"https://www.alcampo.es/media/hea/hfb/9205350268958.jpg","name":"Picos artesanos sin gluten PANCELIAC 100 g.","price":"1,60 €","offer_price":0,"offer_type":null,"stock":false,"super":"alcampo"},{"img":"https://www.alcampo.es/media/h0c/hb7/10231503749150.jpg","name":"Picos camperos PRODUCTO ALCAMPO 180 g.","price":"0,48 €","offer_price":0,"offer_type":null,"stock":false,"super":"alcampo"},{"img":"https://www.alcampo.es/media/h14/h6a/8952259313694.jpg","name":"Picos artesanos HISPALANA 200 gr,","price":"1,08 €","offer_price":0,"offer_type":null,"stock":false,"super":"alcampo"},{"img":"https://www.alcampo.es/media/hca/ha9/9465738493982.jpg","name":"Colines de pan PRODUCTO ALCAMPO 250 g.","price":"0,41 €","offer_price":0,"offer_type":null,"stock":false,"super":"alcampo"},{"img":"https://www.alcampo.es/media/h80/hc2/9282139488286.jpg","name":"Colines de pan PRODUCTO ECONÓMICO ALCAMPO 250 gr,","price":"0,48 €","offer_price":0,"offer_type":null,"stock":false,"super":"alcampo"},{"img":"https://www.alcampo.es/media/hc1/h9d/9323799707678.jpg","name":"Picos integrales QUELY 225 g.","price":"0,95 €","offer_price":0,"offer_type":null,"stock":false,"super":"alcampo"},{"img":"https://www.alcampo.es/media/h8c/h48/9323823366174.jpg","name":"Picos con aceite de oliva QUELY 225 gramos.","price":"0,95 €","offer_price":0,"offer_type":null,"stock":false,"super":"alcampo"},{"img":"https://www.alcampo.es/media/hcd/h12/8959050711070.jpg","name":"Regañas artesanas integrales, CASTILLO DE MORILES 200 g.","price":"1,69 €","offer_price":0,"offer_type":null,"stock":false,"super":"alcampo"},{"img":"https://www.alcampo.es/media/h2a/h30/8968221065246.jpg","name":"Picos rebujo OBANDO 320 g-","price":"0,99 €","offer_price":0,"offer_type":null,"stock":false,"super":"alcampo"},{"img":"https://www.alcampo.es/media/hbb/h90/10843561132062.jpg","name":"Regañas integrales con sésamo PRODUCTO ALCAMPO 150 g.","price":"0,69 €","offer_price":0,"offer_type":null,"stock":false,"super":"alcampo"},{"img":"https://www.alcampo.es/media/hf8/h0f/8952216420382.jpg","name":"Picos con aceite de oliva, ajo y orégano HISPALANA 210 gr,","price":"1,46 €","offer_price":0,"offer_type":null,"stock":false,"super":"alcampo"},{"img":"https://www.alcampo.es/media/h63/hd8/9552593256478.jpg","name":"Picos sin gluten PRODUCTO ALCAMPO 100 g.","price":"1,39 €","offer_price":0,"offer_type":null,"stock":false,"super":"alcampo"},{"img":"https://www.alcampo.es/media/hbd/hec/8902445170718.jpg","name":"Picos artesanos con aceite de oliva virgen extra CASTILLO DE MORILES 220 g.","price":"1,43 €","offer_price":0,"offer_type":null,"stock":false,"super":"alcampo"},{"img":"https://www.alcampo.es/media/h4f/hb5/8898215346206.jpg","name":"Picos artesanos CASTILLO de MORILES 350 g.","price":"1,25 €","offer_price":0,"offer_type":null,"stock":false,"super":"alcampo"},{"img":"https://www.alcampo.es/media/hfa/h69/9427919994910.jpg","name":"Regañás sin gluten gourmet PANCELIAC 80 g.","price":"1,47 €","offer_price":0,"offer_type":null,"stock":false,"super":"alcampo"},{"img":"https://www.alcampo.es/media/h1e/h4c/9292113936414.jpg","name":"Rosquillas de pan, fuente de fibra PRODUCTO ALCAMPO 250 g.","price":"0,59 €","offer_price":0,"offer_type":null,"stock":false,"super":"alcampo"},{"img":"https://www.alcampo.es/media/hfc/h9b/9735892140062.jpg","name":"Picos artesanos 100% integrales EL OBRADOR DE ANTEQUERA 140 G","price":"1,68 €","offer_price":0,"offer_type":null,"stock":false,"super":"alcampo"},{"img":"https://www.alcampo.es/media/h50/h25/9311379193886.jpg","name":"Picatostes naturales en forma de cubitos PICAGRILL 75 gr,","price":"0,55 €","offer_price":0,"offer_type":null,"stock":false,"super":"alcampo"},{"img":"https://www.alcampo.es/media/hd9/h91/10233885294622.jpg","name":"Picos surtidos PRODUCTO ALCAMPO 350 g.","price":"0,79 €","offer_price":0,"offer_type":null,"stock":false,"super":"alcampo"},{"img":"https://www.alcampo.es/media/h93/h1a/8895060443166.jpg","name":"Picos artesanos trencinas CASTILLO de MORILES 350 g.","price":"1,21 €","offer_price":0,"offer_type":null,"stock":false,"super":"alcampo"},{"img":"https://www.alcampo.es/media/hc9/h77/8952321703966.jpg","name":"Picos con aceite de oliva HISPALANA CÁSCARAS 185 gr,","price":"1,12 €","offer_price":0,"offer_type":null,"stock":false,"super":"alcampo"},{"img":"https://www.alcampo.es/media/hde/hf8/10456090050590.jpg","name":"Bocaditos pan cristal ALCAMPO GOURMET 130 g.","price":"0,85 €","offer_price":0,"offer_type":null,"stock":false,"super":"alcampo"},{"img":"https://www.alcampo.es/media/h10/h0d/9323914887198.jpg","name":"Quelitas (Pan especial) QUELY 200 gramos.","price":"1,27 €","offer_price":0,"offer_type":null,"stock":false,"super":"alcampo"},{"img":"https://www.alcampo.es/media/hf3/hda/8900143317022.jpg","name":"Regañás de espelta bio MÁS TRIGO 150 g.","price":"1,35 €","offer_price":0,"offer_type":null,"stock":false,"super":"alcampo"},{"img":"https://www.alcampo.es/media/h69/hef/9323863113758.jpg","name":"Picos integrales con sésamo QUELY 225 g.","price":"0,95 €","offer_price":0,"offer_type":null,"stock":false,"super":"alcampo"},{"img":"https://www.alcampo.es/media/hbe/hba/8952268980254.jpg","name":"Picatostes con ajo RECONDO 80 gr,","price":"1,08 €","offer_price":0,"offer_type":null,"stock":false,"super":"alcampo"},{"img":"https://www.alcampo.es/media/h2f/hcd/9194746118174.gif","name":"Picos integral ecológico MÁS TRIGO 150 g.","price":"0,99 €","offer_price":0,"offer_type":null,"stock":false,"super":"alcampo"},{"img":"https://www.alcampo.es/media/hd1/h86/8890091700254.jpg","name":"Picos camperos de espelta bio MÁS TRIGO 150 g.","price":"1,64 €","offer_price":0,"offer_type":null,"stock":false,"super":"alcampo"},{"img":"https://www.alcampo.es/media/ha2/h57/9323834015774.jpg","name":"Quelitas integrales QUELY 200 g.","price":"1,53 €","offer_price":0,"offer_type":null,"stock":false,"super":"alcampo"},{"img":"https://www.alcampo.es/media/hdf/hd0/9304240488478.jpg","name":"Picos finos CASTILLO de MORILES 500 g.","price":"1,25 €","offer_price":0,"offer_type":null,"stock":false,"super":"alcampo"},{"img":"https://www.alcampo.es/media/h27/h30/9292114264094.jpg","name":"Rosquillas de pan PRODUCTO ECONÓMICO ALCAMPO 250 g.","price":"0,59 €","offer_price":0,"offer_type":null,"stock":false,"super":"alcampo"},{"img":"https://www.alcampo.es/media/h54/hf2/9735869235230.jpg","name":"Picos artesanos EL OBRADOR DE ANTEQUERA 140 g.","price":"2,43 €","offer_price":0,"offer_type":null,"stock":false,"super":"alcampo"},{"img":"https://www.alcampo.es/media/he8/h68/8959862308894.jpg","name":"Picatostes de ajo y finas hierbas ideal para ensaladas FLORETTE bolsa de 70 gramos","price":"0,99 €","offer_price":0,"offer_type":null,"stock":false,"super":"alcampo"},{"img":"https://www.alcampo.es/media/hed/hc4/9552594239518.jpg","name":"Regañás sin gluten PRODUCTO ALCAMPO 100 g.","price":"1,59 €","offer_price":0,"offer_type":null,"stock":false,"super":"alcampo"},{"img":"https://www.alcampo.es/media/hbd/hb1/9304243208222.jpg","name":"Regañás artesanas planas CASTILLO DE MORILES 150 g.","price":"1,18 €","offer_price":0,"offer_type":null,"stock":false,"super":"alcampo"},{"img":"https://www.alcampo.es/media/h9c/h2b/9215418892318.jpg","name":"Picos de cristal. sin gluten SCHÄR 60 g.","price":"0,94 €","offer_price":0,"offer_type":null,"stock":false,"super":"alcampo"},{"img":"https://www.alcampo.es/media/h58/h48/9466048938014.jpg","name":"Picatostes naturales ideal para ensaladas FLORETTE bolsa de 65 g.","price":"0,93 €","offer_price":0,"offer_type":null,"stock":false,"super":"alcampo"},{"img":"https://www.alcampo.es/media/h6f/hd0/9304237408286.jpg","name":"Picatostes con ajo y perejil PICAGRILL 75 gr,","price":"0,83 €","offer_price":0,"offer_type":null,"stock":false,"super":"alcampo"},{"img":"https://www.alcampo.es/media/hed/h04/8927248777246.jpg","name":"Grissinis sin gluten SCHÄR 150 g.","price":"2,94 €","offer_price":0,"offer_type":null,"stock":false,"super":"alcampo"},{"img":"https://www.alcampo.es/media/he0/hed/10422867918878.jpg","name":"Trencinas PRODUCTO ALCAMPO 250 g. ","price":"0,59 €","offer_price":0,"offer_type":null,"stock":false,"super":"alcampo"},{"img":"https://www.alcampo.es/media/h9b/h8c/8952253087774.jpg","name":"Palitos de trigo con pipas SNATT'S 62 g.","price":"0,93 €","offer_price":0,"offer_type":null,"stock":false,"super":"alcampo"},{"img":"https://www.alcampo.es/media/h90/hbc/9323877793822.jpg","name":"Barrritas de pan con pipas en aceite de girasol PRODUCTO ALCAMPO 90 g.","price":"0,79 €","offer_price":0,"offer_type":null,"stock":false,"super":"alcampo"},{"img":"https://www.alcampo.es/media/h75/h53/9323838472222.jpg","name":"Palitos de pan QUELY 50 gramos.","price":"0,49 €","offer_price":0,"offer_type":null,"stock":false,"super":"alcampo"},{"img":"https://www.alcampo.es/media/h54/h7b/9312289194014.jpg","name":"Barritas de pan crujiente con semillas de girasol VELARTE 80 g.","price":"1 €","offer_price":0,"offer_type":null,"stock":false,"super":"alcampo"},{"img":"https://www.alcampo.es/media/h88/he4/10416143695902.jpg","name":"Palitos al aceite de oliva horneados BIMBO 60 g.","price":"0,86 €","offer_price":0,"offer_type":null,"stock":false,"super":"alcampo"},{"img":"https://www.alcampo.es/media/h8e/hc0/8952252432414.jpg","name":"Palitos de trigo con queso SNATTS 56 g.","price":"0,93 €","offer_price":0,"offer_type":null,"stock":false,"super":"alcampo"},{"img":"https://www.alcampo.es/media/hc5/hfa/8891269578782.jpg","name":"Palitos de pan SAN CARLO GRISSINI TORINO 125 gr,","price":"1,89 €","offer_price":0,"offer_type":null,"stock":false,"super":"alcampo"},{"img":"https://www.alcampo.es/media/h37/h76/10508980191262.jpg","name":"Palitos de pan crujiente con pipas VELARTE 65 g.","price":"0,99 €","offer_price":0,"offer_type":null,"stock":false,"super":"alcampo"},{"img":"https://www.alcampo.es/media/hcf/hbe/9308409036830.jpg","name":"Palitos de trigo con olivas y sesamo SNATTS 60 g.","price":"0,93 €","offer_price":0,"offer_type":null,"stock":false,"super":"alcampo"},{"img":"https://www.alcampo.es/media/hc0/h15/8922803175454.jpg","name":"Palitos integrales con pipas SNATTS 55 gr,","price":"0,93 €","offer_price":0,"offer_type":null,"stock":false,"super":"alcampo"},{"img":"https://www.alcampo.es/media/h00/h4e/9350343589918.jpg","name":"Quelitas con fuet QUELY 68 gr.","price":"0,94 €","offer_price":0,"offer_type":null,"stock":false,"super":"alcampo"},{"img":"https://www.alcampo.es/media/h18/h94/10362373046302.jpg","name":"Saladitos (Palitos de pan crujiente con un toque salado) VELARTE 250 g.","price":"1,36 €","offer_price":0,"offer_type":null,"stock":false,"super":"alcampo"},{"img":"https://www.alcampo.es/media/h02/h2e/10472597258270.jpg","name":"Snacks de pan con pipas VELARTE SALAPIPAS 4 uds. x 40 g.","price":"1,87 €","offer_price":0,"offer_type":null,"stock":false,"super":"alcampo"},{"img":"https://www.alcampo.es/media/h08/hd6/9323868848158.jpg","name":"Palitos pan pipas QUELYV 50 gramos.","price":"0,70 €","offer_price":0,"offer_type":null,"stock":false,"super":"alcampo"},{"img":"https://www.alcampo.es/media/h15/h7b/9350367379486.jpg","name":"Quelitas con pipas QUELY 150 g..","price":"0,95 €","offer_price":0,"offer_type":null,"stock":false,"super":"alcampo"},{"img":"https://www.alcampo.es/media/h1a/h46/9173348155422.jpg","name":"Palitos integrales de Bimbo SILUETA 60 gr,","price":"0,89 €","offer_price":0,"offer_type":null,"stock":false,"super":"alcampo"},{"img":"https://www.alcampo.es/media/hfc/h7d/9355431477278.jpg","name":"Palitos Mediterráneos con tomate y finas hierbas SNATTS 110 g.","price":"0,94 €","offer_price":0,"offer_type":null,"stock":false,"super":"alcampo"},{"img":"https://www.alcampo.es/media/h67/h28/10472632287262.jpg","name":"Palitos de pan con queso Emmental VELARTE SALAQUESO 65 g.","price":"0,86 €","offer_price":0,"offer_type":null,"stock":false,"super":"alcampo"},{"img":"https://www.alcampo.es/media/h3b/h45/9350330482718.jpg","name":"Palitos de pan con aceitunas negras y aceite de oliva QUELY 50 g. ","price":"0,55 €","offer_price":0,"offer_type":null,"stock":false,"super":"alcampo"},{"img":"https://www.alcampo.es/media/h72/h37/9355452579870.jpg","name":"Palitos de queso con hierbas aromáticas SNATTS 110 g.","price":"1,08 €","offer_price":0,"offer_type":null,"stock":false,"super":"alcampo"},{"img":"https://www.alcampo.es/media/hb0/ha4/10006717235230.jpg","name":"Palitos con pipas sin gluten SINBLAT, 80 g.","price":"1,97 €","offer_price":0,"offer_type":null,"stock":false,"super":"alcampo"},{"img":"https://www.alcampo.es/media/h87/h4f/9179227881502.jpg","name":"Galletas marineras ecológicas con aceite de oliva virgen extra DAVEIGA 200 g.","price":"2,35 €","offer_price":0,"offer_type":null,"stock":false,"super":"alcampo"},{"img":"https://www.alcampo.es/media/hcc/hc9/9179212513310.jpg","name":"Galletas-crackers marineras con aceite de oliva DAVEIGA 200 gr,","price":"1,68 €","offer_price":0,"offer_type":null,"stock":false,"super":"alcampo"},{"img":"https://www.alcampo.es/media/hed/h04/8927248777246.jpg","name":"Grissinis sin gluten SCHÄR 150 g.","price":"2,94 €","offer_price":0,"offer_type":null,"stock":false,"super":"alcampo"},{"img":"https://www.alcampo.es/media/hcb/hd4/9355401887774.jpg","name":"Palitos de olivas y romero SNATTS 110 g.","price":"1,08 €","offer_price":0,"offer_type":null,"stock":false,"super":"alcampo"},{"img":"https://www.alcampo.es/media/hd3/h7b/9350332481566.jpg","name":"Quelitas rústicas con aceite de oliva QUELY 200 g.","price":"1,96 €","offer_price":0,"offer_type":null,"stock":false,"super":"alcampo"},{"img":"https://www.alcampo.es/media/hba/h68/10111002181662.jpg","name":"Snack de pan sabot pizza VELARTE MEDITERRANIUM BITES 80 g.","price":"0,99 €","offer_price":0,"offer_type":null,"stock":false,"super":"alcampo"},{"img":"https://www.alcampo.es/media/h15/h28/10110985961502.jpg","name":"Palitos de frutos secos VELARTE 65 g.","price":"1,09 €","offer_price":0,"offer_type":null,"stock":false,"super":"alcampo"},{"img":"https://www.alcampo.es/media/h19/h0b/9350347489310.jpg","name":"Palitos integrales con aceite de oliva QUELY 50 g..","price":"0,62 €","offer_price":0,"offer_type":null,"stock":false,"super":"alcampo"},{"img":"https://www.alcampo.es/media/h45/h6b/10749056057374.jpg","name":"Snack de pan con sabor a tomate y orégano VELARTE MEDITERRANIUM BITES 80 g.","price":"0,88 €","offer_price":0,"offer_type":null,"stock":false,"super":"alcampo"},{"img":"https://www.alcampo.es/media/h58/hd2/9332531888158.jpg","name":"Barritas pan con queso PRODUCTO ALCAMPO 90 g.","price":"0,79 €","offer_price":0,"offer_type":null,"stock":false,"super":"alcampo"},{"img":"https://www.alcampo.es/media/hab/h0e/9312247349278.jpg","name":"Barritas de pan crujiente con queso Emmental y orégano VELARTE 80 g.","price":"1 €","offer_price":0,"offer_type":null,"stock":false,"super":"alcampo"},{"img":"https://www.alcampo.es/media/h3b/h49/9312247185438.jpg","name":"Barritas de pan crujiente con semillas y vegetales VELARTE 80 g.","price":"1 €","offer_price":0,"offer_type":null,"stock":false,"super":"alcampo"},{"img":"https://www.alcampo.es/media/h34/h97/9405221503006.jpg","name":"Palitos de pan con pipas QUELY 100 g.","price":"0,99 €","offer_price":0,"offer_type":null,"stock":false,"super":"alcampo"},{"img":"https://www.alcampo.es/media/h93/ha8/9591130259486.jpg","name":"Palitos de pan horneados con aceite de girasol ANDREA BERRO 250 g.","price":"2,43 €","offer_price":0,"offer_type":null,"stock":false,"super":"alcampo"},{"img":"https://www.alcampo.es/media/h79/h28/9179219787806.jpg","name":"Galletas-crackers marineras DAVEIGA 200 gr,","price":"1,68 €","offer_price":0,"offer_type":null,"stock":false,"super":"alcampo"},{"img":"https://www.alcampo.es/media/h1e/h1e/10749230776350.jpg","name":"Snack de pan sabor a jamón VELARTE MEDITERRANIUM BITES 80 g.","price":"0,80 €","offer_price":0,"offer_type":null,"stock":false,"super":"alcampo"},{"img":"https://www.alcampo.es/media/he6/ha5/9406800101406.jpg","name":"Palitos pan aceituna QUELY 100 g.","price":"0,94 €","offer_price":0,"offer_type":null,"stock":false,"super":"alcampo"},{"img":"https://www.alcampo.es/media/h9d/h8f/8974048034846.jpg","name":"Grisini Ondulati sin gluten, DR. SCHÄR 150 grr","price":"3,24 €","offer_price":0,"offer_type":null,"stock":false,"super":"alcampo"},{"img":"https://www.alcampo.es/media/hca/hf6/10033581522974.jpg","name":"Snack pan crujiente con espelta y avena VELARDE 67 g.","price":"0,84 €","offer_price":0,"offer_type":null,"stock":false,"super":"alcampo"},{"img":"https://www.alcampo.es/media/hbb/he6/9015497457694.jpg","name":"Tortas de aceite romero y tomillo INÉS ROSALES 180 gr.","price":"1,96 €","offer_price":0,"offer_type":null,"stock":false,"super":"alcampo"},{"img":"https://www.alcampo.es/media/h77/h77/9015560634398.jpg","name":"Tortas de aceite sèsamo y sal marina INÈS ROSALES 180 gr","price":"2,11 €","offer_price":0,"offer_type":null,"stock":false,"super":"alcampo"},{"img":"https://www.alcampo.es/media/h7a/hae/9263307161630.jpg","name":"Almendrados DULCESOL 325 gr, pack de 12 uds.","price":"2,32 €","offer_price":0,"offer_type":null,"stock":false,"super":"alcampo"},{"img":"https://www.alcampo.es/media/he6/h70/9405241458718.jpg","name":"Palitos de pan con aceituna negra QUELY 100 g.","price":"1 €","offer_price":0,"offer_type":null,"stock":false,"super":"alcampo"},{"img":"https://www.alcampo.es/media/h0d/had/10467305979934.jpg","name":"Bastón chapata, 300g.","price":"0,95 €","offer_price":0,"offer_type":null,"stock":false,"super":"alcampo"},{"img":"https://www.alcampo.es/media/hd7/h6c/9447181352990.jpg","name":"Barra de pan, 250g.","price":"0,44 €","offer_price":0,"offer_type":null,"stock":false,"super":"alcampo"},{"img":"https://www.alcampo.es/media/hf7/h44/9518719500318.jpg","name":"Barra de pan tahona plus, 380g.","price":"0,99 €","offer_price":0,"offer_type":null,"stock":false,"super":"alcampo"},{"img":"https://www.alcampo.es/media/h59/h8b/9537627193374.jpg","name":"Barra de pan serrana, 260g.","price":"1,09 €","offer_price":0,"offer_type":null,"stock":false,"super":"alcampo"},{"img":"https://www.alcampo.es/media/h28/hb1/9200455221278.png","name":"Barra de pan de tahona 250 g.","price":"0,75 €","offer_price":0,"offer_type":null,"stock":false,"super":"alcampo"},{"img":"https://www.alcampo.es/media/h03/he2/9577879011358.jpg","name":"Baguette clásica, 220g.","price":"0,40 €","offer_price":0,"offer_type":null,"stock":false,"super":"alcampo"},{"img":"https://www.alcampo.es/media/hd3/h14/9577879797790.jpg","name":"Barra de pan rústica mediterránea, 230g.","price":"0,99 €","offer_price":0,"offer_type":null,"stock":false,"super":"alcampo"},{"img":"https://www.alcampo.es/media/h6b/h82/9536787775518.jpg","name":"Barra de pan de picos, 340g.","price":"0,99 €","offer_price":0,"offer_type":null,"stock":false,"super":"alcampo"},{"img":"https://www.alcampo.es/media/hdd/h2e/9250783789086.jpg","name":"Barra de pan, 200g.","price":"0,59 €","offer_price":0,"offer_type":null,"stock":false,"super":"alcampo"},{"img":"https://www.alcampo.es/media/h7d/h94/9690799964190.jpg","name":"Pan mediterránea cristal, 4uds x 70g.","price":"1,99 €","offer_price":0,"offer_type":null,"stock":false,"super":"alcampo"},{"img":"https://www.alcampo.es/media/h21/h12/9171849019422.jpg","name":"Pan de chapata, 200g.","price":"0,99 €","offer_price":0,"offer_type":null,"stock":false,"super":"alcampo"},{"img":"https://www.alcampo.es/media/hf4/he2/9243930722334.jpg","name":"Barra de pan París, 300g","price":"1,39 €","offer_price":0,"offer_type":null,"stock":false,"super":"alcampo"},{"img":"https://www.alcampo.es/media/hd6/hc2/9171854884894.jpg","name":"Baguettina clásica, 110g.","price":"0,39 €","offer_price":0,"offer_type":null,"stock":false,"super":"alcampo"},{"img":"https://www.alcampo.es/media/he3/hb2/9753252495390.jpg","name":"Barra de pan rústica, 250g.","price":"0,99 €","offer_price":0,"offer_type":null,"stock":false,"super":"alcampo"},{"img":"https://www.alcampo.es/media/h1b/h82/9031373750302.jpg","name":"Baguettina sin gluten BETINA 100 g.","price":"0,98 €","offer_price":0,"offer_type":null,"stock":false,"super":"alcampo"},{"img":"https://www.alcampo.es/media/h08/h36/9536793477150.jpg","name":"Baguette, 190g.","price":"0,38 €","offer_price":0,"offer_type":null,"stock":false,"super":"alcampo"},{"img":"https://www.alcampo.es/media/he2/h2e/9208427806750.jpg","name":"Baguette, 250g.","price":"0,89 €","offer_price":0,"offer_type":null,"stock":false,"super":"alcampo"},{"img":"https://www.alcampo.es/media/ha7/h26/9577879339038.jpg","name":"Barra de pan provenzal, 225g.","price":"0,99 €","offer_price":0,"offer_type":null,"stock":false,"super":"alcampo"},{"img":"https://www.alcampo.es/media/hec/had/9206122250270.jpg","name":"Barra de pan bogavante 300 g.","price":"1,29 €","offer_price":0,"offer_type":null,"stock":false,"super":"alcampo"},{"img":"https://www.alcampo.es/media/ha3/h37/9243933442078.jpg","name":"Barra de pan viena nube, 200g.","price":"0,99 €","offer_price":0,"offer_type":null,"stock":false,"super":"alcampo"},{"img":"https://www.alcampo.es/media/h48/h70/9206305554462.jpg","name":"Barra de pan de espiga 230 g.","price":"0,95 €","offer_price":0,"offer_type":null,"stock":false,"super":"alcampo"},{"img":"https://www.alcampo.es/media/h1f/h9d/9200575152158.jpg","name":"Pan chapata con maíz (3,4%), 300g.","price":"1,69 €","offer_price":0,"offer_type":null,"stock":false,"super":"alcampo"},{"img":"https://www.alcampo.es/media/h5a/h14/9658550779934.jpg","name":"Barra de pan solera, 250g.","price":"0,59 €","offer_price":0,"offer_type":null,"stock":false,"super":"alcampo"},{"img":"https://www.alcampo.es/media/hd6/h01/9239735599134.jpg","name":"Barra de pan, 2uds, 500g.","price":"2,59 €","offer_price":0,"offer_type":null,"stock":false,"super":"alcampo"},{"img":"https://www.alcampo.es/media/he9/h19/9310965039134.jpg","name":"Barra de pan yodada, 230g.","price":"0,99 €","offer_price":0,"offer_type":null,"stock":false,"super":"alcampo"},{"img":"https://www.alcampo.es/media/hb7/h41/10467305816094.jpg","name":"Trenza de pan, 500g.","price":"1,99 €","offer_price":0,"offer_type":null,"stock":false,"super":"alcampo"},{"img":"https://www.alcampo.es/media/h4d/hd7/9243934818334.jpg","name":"Pan espiga, 250g.","price":"0,79 €","offer_price":0,"offer_type":null,"stock":false,"super":"alcampo"},{"img":"https://www.alcampo.es/media/h67/h50/9237633105950.jpg","name":"Panecillo guisantes y espinacas, 90g.","price":"0,65 €","offer_price":0,"offer_type":null,"stock":false,"super":"alcampo"},{"img":"https://www.alcampo.es/media/he6/hfa/9203105628190.jpg","name":"Pan candeal picado andaluz 220 g.","price":"1,29 €","offer_price":0,"offer_type":null,"stock":false,"super":"alcampo"},{"img":"https://www.alcampo.es/media/hf4/he2/9243930722334.jpg","name":"Barra de pan París, 300g","price":"1,39 €","offer_price":0,"offer_type":null,"stock":false,"super":"alcampo"},{"img":"https://www.alcampo.es/media/hde/hfc/9660264415262.jpg","name":"Mollete ecológico 2x90g.","price":"1,39 €","offer_price":0,"offer_type":null,"stock":false,"super":"alcampo"},{"img":"https://www.alcampo.es/media/h83/hc3/10467304767518.jpg","name":"Hogaza de pan rústico, 800g.","price":"2,49 €","offer_price":0,"offer_type":null,"stock":false,"super":"alcampo"},{"img":"https://www.alcampo.es/media/haf/h02/9171847741470.jpg","name":"Pan castilla candeal, 400g.","price":"1,99 €","offer_price":0,"offer_type":null,"stock":false,"super":"alcampo"},{"img":"https://www.alcampo.es/media/hf3/h70/10467304341534.jpg","name":"Hogaza de pan, 400g.","price":"1,59 €","offer_price":0,"offer_type":null,"stock":false,"super":"alcampo"},{"img":"https://www.alcampo.es/media/h80/h4e/9378372550686.jpg","name":"Pan campesino rústico, 800g.","price":"2,59 €","offer_price":0,"offer_type":null,"stock":false,"super":"alcampo"},{"img":"https://www.alcampo.es/media/ha3/h32/8887045980190.jpg","name":"Pan bocata rústico, 110g.","price":"0,29 €","offer_price":0,"offer_type":null,"stock":false,"super":"alcampo"},{"img":"https://www.alcampo.es/media/hb2/h3f/9378379431966.jpg","name":"Pan colón candeal, 400g.","price":"1,99 €","offer_price":0,"offer_type":null,"stock":false,"super":"alcampo"},{"img":"https://www.alcampo.es/media/hf1/hd2/9203127123998.jpg","name":"Pan candeal sevillano 220 g.","price":"0,99 €","offer_price":0,"offer_type":null,"stock":false,"super":"alcampo"},{"img":"https://www.alcampo.es/media/hd8/h8e/10648617451550.jpg","name":"Pan mulicereales, ALCAMPO PRODUCCIÓN CONTROLADA, 260g.","price":"2,58 €","offer_price":0,"offer_type":null,"stock":false,"super":"alcampo"},{"img":"https://www.alcampo.es/media/h2e/h16/10467305652254.jpg","name":"Rosca de pan rústica, 440g.","price":"1,59 €","offer_price":0,"offer_type":null,"stock":false,"super":"alcampo"},{"img":"https://www.alcampo.es/media/h10/hff/9254483165214.jpg","name":"Hogaza de pan, 375g.","price":"1,49 €","offer_price":0,"offer_type":null,"stock":false,"super":"alcampo"},{"img":"https://www.alcampo.es/media/h13/h15/9783010656286.jpg","name":"Hogaza de maíz (11%), 340g.","price":"1,99 €","offer_price":0,"offer_type":null,"stock":false,"super":"alcampo"},{"img":"https://www.alcampo.es/media/h9f/h2b/9782973071390.jpg","name":"Barrote de trigo espelta (6%) con yogurt (1%), 340g.","price":"2,29 €","offer_price":0,"offer_type":null,"stock":false,"super":"alcampo"},{"img":"https://www.alcampo.es/media/h4d/hd7/9243934818334.jpg","name":"Pan espiga, 250g.","price":"0,79 €","offer_price":0,"offer_type":null,"stock":false,"super":"alcampo"},{"img":"https://www.alcampo.es/media/h30/hca/9203180077086.jpg","name":"Pan rosca candeal, 220g.","price":"0,89 €","offer_price":0,"offer_type":null,"stock":false,"super":"alcampo"},{"img":"https://www.alcampo.es/media/h9b/h5b/9158500220958.jpg","name":"Hogaza de pan con cereales, 400g.","price":"1,99 €","offer_price":0,"offer_type":null,"stock":false,"super":"alcampo"},{"img":"https://www.alcampo.es/media/h50/h58/10467305455646.jpg","name":"Pan de trigo de Espelta (100%), 300g.","price":"1,89 €","offer_price":0,"offer_type":null,"stock":false,"super":"alcampo"},{"img":"https://www.alcampo.es/media/h6f/h4c/9221516263454.jpg","name":"Hogaza multigrain, 375g.","price":"1,99 €","offer_price":0,"offer_type":null,"stock":false,"super":"alcampo"},{"img":"https://www.alcampo.es/media/hdc/h05/10467306274846.jpg","name":"Barra de pan con harina de Teff (13%), 400g.","price":"1,99 €","offer_price":0,"offer_type":null,"stock":false,"super":"alcampo"},{"img":"https://www.alcampo.es/media/h3d/h8e/9782937485342.jpg","name":"Pan con leguminosas (6%), 370g.","price":"1,99 €","offer_price":0,"offer_type":null,"stock":false,"super":"alcampo"},{"img":"https://www.alcampo.es/media/hfe/h26/9577648914462.jpg","name":"Pan integral de trigo (100%), 400g.","price":"1,99 €","offer_price":0,"offer_type":null,"stock":false,"super":"alcampo"},{"img":"https://www.alcampo.es/media/h7f/h1e/10467305160734.jpg","name":"Barra de pan con harina integral de trigo (70%), 220g.","price":"0,89 €","offer_price":0,"offer_type":null,"stock":false,"super":"alcampo"},{"img":"https://www.alcampo.es/media/h63/h09/9203121979422.jpg","name":"Barrita integral de trigo, 90g.","price":"0,49 €","offer_price":0,"offer_type":null,"stock":false,"super":"alcampo"},{"img":"https://www.alcampo.es/media/h99/he3/9203152322590.jpg","name":"Baguettina con harina integral, 90g.","price":"0,49 €","offer_price":0,"offer_type":null,"stock":false,"super":"alcampo"},{"img":"https://www.alcampo.es/media/haf/h5d/9171741835294.jpg","name":"Baguette integral (70%), 200g.","price":"0,95 €","offer_price":0,"offer_type":null,"stock":false,"super":"alcampo"},{"img":"https://www.alcampo.es/media/h0c/h19/10467304505374.jpg","name":"Barra de pan bajo contenido en sal, 250g","price":"0,59 €","offer_price":0,"offer_type":null,"stock":false,"super":"alcampo"},{"img":"https://www.alcampo.es/media/h5c/hde/9205527478302.jpg","name":"Barra de centeno con pipas, 230g.","price":"1,09 €","offer_price":0,"offer_type":null,"stock":false,"super":"alcampo"},{"img":"https://www.alcampo.es/media/hd9/hdc/8928686440478.jpg","name":"Barra de pan bajo contenido en sal, 120g.","price":"0,39 €","offer_price":0,"offer_type":null,"stock":false,"super":"alcampo"},{"img":"https://www.alcampo.es/media/h70/h37/9157134811166.jpg","name":"Barra de pan con 9 cereales (68%) y semillas (8%), 170g.","price":"0,99 €","offer_price":0,"offer_type":null,"stock":false,"super":"alcampo"},{"img":"https://www.alcampo.es/media/hde/hfc/9660264415262.jpg","name":"Mollete ecológico 2x90g.","price":"1,39 €","offer_price":0,"offer_type":null,"stock":false,"super":"alcampo"},{"img":"https://www.alcampo.es/media/h1c/h44/8931304308766.jpg","name":"Pan con centeno (16%) y trigo espelta (3%), 110g.","price":"0,79 €","offer_price":0,"offer_type":null,"stock":false,"super":"alcampo"},{"img":"https://www.alcampo.es/media/h4b/h1b/9471806996510.jpg","name":"Barra de pan con semillas (12%), 200g.","price":"0,99 €","offer_price":0,"offer_type":null,"stock":false,"super":"alcampo"},{"img":"https://www.alcampo.es/media/h98/hfd/9236134920222.jpg","name":"Pan de trigo con espelta (100%), ecológico, 400g.","price":"1,99 €","offer_price":0,"offer_type":null,"stock":false,"super":"alcampo"},{"img":"https://www.alcampo.es/media/hd8/h8e/10648617451550.jpg","name":"Pan mulicereales, ALCAMPO PRODUCCIÓN CONTROLADA, 260g.","price":"2,58 €","offer_price":0,"offer_type":null,"stock":false,"super":"alcampo"},{"img":"https://www.alcampo.es/media/h0c/h08/9203141279774.jpg","name":"Pan hogaza con semillas de girasol (11%), 300g.","price":"1,99 €","offer_price":0,"offer_type":null,"stock":false,"super":"alcampo"},{"img":"https://www.alcampo.es/media/h90/h89/9203202785310.jpg","name":"Pan hogaza con higos (13%) y nueces (9%), 300g.","price":"2,09 €","offer_price":0,"offer_type":null,"stock":false,"super":"alcampo"},{"img":"https://www.alcampo.es/media/ha4/hf3/9236096122910.jpg","name":"Pan de centeno con semillas, 400g.","price":"3,99 €","offer_price":0,"offer_type":null,"stock":false,"super":"alcampo"},{"img":"https://www.alcampo.es/media/h4a/h00/8897581809694.jpg","name":"Pan pavé multicereales 450 g.","price":"2,95 €","offer_price":0,"offer_type":null,"stock":false,"super":"alcampo"},{"img":"https://www.alcampo.es/media/hcd/h38/8895555764254.jpg","name":"Pan con aceitunas (20%), 150g.","price":"1,19 €","offer_price":0,"offer_type":null,"stock":false,"super":"alcampo"},{"img":"https://www.alcampo.es/media/h0f/h7b/9203099303966.jpg","name":"Hogaza de pan de centeno (70%), 400g.","price":"2,10 €","offer_price":0,"offer_type":null,"stock":false,"super":"alcampo"},{"img":"https://www.alcampo.es/media/h61/h65/9453446070302.jpg","name":"Pan de centeno (51%), 160g.","price":"0,99 €","offer_price":0,"offer_type":null,"stock":false,"super":"alcampo"},{"img":"https://www.alcampo.es/media/h98/h50/9152884736030.jpg","name":"Hogaza de pan con semillas de chia (7.3%) 250g.","price":"1,59 €","offer_price":0,"offer_type":null,"stock":false,"super":"alcampo"},{"img":"https://www.alcampo.es/media/h13/h15/9783010656286.jpg","name":"Hogaza de maíz (11%), 340g.","price":"1,99 €","offer_price":0,"offer_type":null,"stock":false,"super":"alcampo"},{"img":"https://www.alcampo.es/media/he4/h28/9157171314718.jpg","name":"Hogaza de pan multicereales 350g.","price":"2,99 €","offer_price":0,"offer_type":null,"stock":false,"super":"alcampo"},{"img":"https://www.alcampo.es/media/h9f/h2b/9782973071390.jpg","name":"Barrote de trigo espelta (6%) con yogurt (1%), 340g.","price":"2,29 €","offer_price":0,"offer_type":null,"stock":false,"super":"alcampo"},{"img":"https://www.alcampo.es/media/hc0/h1e/9537357479966.jpg","name":"Hogaza con pasas (11%), avena (5%) y miel (4%), 300g.","price":"1,89 €","offer_price":0,"offer_type":null,"stock":false,"super":"alcampo"},{"img":"https://www.alcampo.es/media/h4c/h1e/9537344864286.jpg","name":"Hogaza de maíz (6%) con semillas (17%), 300g.","price":"1,89 €","offer_price":0,"offer_type":null,"stock":false,"super":"alcampo"},{"img":"https://www.alcampo.es/media/h5a/hfb/8876540624926.jpg","name":"Pan con avena (11%), 160g.","price":"0,65 €","offer_price":0,"offer_type":null,"stock":false,"super":"alcampo"},{"img":"https://www.alcampo.es/media/h9b/h5b/9158500220958.jpg","name":"Hogaza de pan con cereales, 400g.","price":"1,99 €","offer_price":0,"offer_type":null,"stock":false,"super":"alcampo"},{"img":"https://www.alcampo.es/media/h64/h24/9660212281374.jpg","name":"Hogaza de pan de centeno (20%), 300g.","price":"1,99 €","offer_price":0,"offer_type":null,"stock":false,"super":"alcampo"},{"img":"https://www.alcampo.es/media/had/h95/9259393318942.jpg","name":"Pan de campo, ecológico, 400g.","price":"1,69 €","offer_price":0,"offer_type":null,"stock":false,"super":"alcampo"},{"img":"https://www.alcampo.es/media/h43/hf0/10467304996894.jpg","name":"Barra de pan con multicereales, 200g.","price":"1,69 €","offer_price":0,"offer_type":null,"stock":false,"super":"alcampo"},{"img":"https://www.alcampo.es/media/hcc/h75/9537344208926.jpg","name":"Hogaza con quinoa (7,7%), 300g.","price":"1,89 €","offer_price":0,"offer_type":null,"stock":false,"super":"alcampo"},{"img":"https://www.alcampo.es/media/hce/h9c/9661491871774.jpg","name":"Pan con centeno (70%), 440g.","price":"1,89 €","offer_price":0,"offer_type":null,"stock":false,"super":"alcampo"},{"img":"https://www.alcampo.es/media/hdc/h05/10467306274846.jpg","name":"Barra de pan con harina de Teff (13%), 400g.","price":"1,99 €","offer_price":0,"offer_type":null,"stock":false,"super":"alcampo"},{"img":"https://www.alcampo.es/media/h3d/h8e/9782937485342.jpg","name":"Pan con leguminosas (6%), 370g.","price":"1,99 €","offer_price":0,"offer_type":null,"stock":false,"super":"alcampo"},{"img":"https://www.alcampo.es/media/h14/h65/9358411792414.jpg","name":"Pan con harina integral de trigo espelta (30%), 500g.","price":"1,89 €","offer_price":0,"offer_type":null,"stock":false,"super":"alcampo"},{"img":"https://www.alcampo.es/media/hd5/h04/10415745237022.jpg","name":"Hogaza con pipas de calabaza, 260g.","price":"1,29 €","offer_price":0,"offer_type":null,"stock":false,"super":"alcampo"},{"img":"https://www.alcampo.es/media/h9d/hc0/8899806953502.jpg","name":"Pan de pita libanés CEDAR'S BREAD 300 g.","price":"1,49 €","offer_price":0,"offer_type":null,"stock":false,"super":"alcampo"},{"img":"https://www.alcampo.es/media/hd9/h31/10467317809182.jpg","name":"Hogaza rústica en rebanadas, 800g.","price":"2,59 €","offer_price":0,"offer_type":null,"stock":false,"super":"alcampo"},{"img":"https://www.alcampo.es/media/h35/hd6/9359454208030.jpg","name":"Hogaza de trigo integral (100%), 550g.","price":"2,29 €","offer_price":0,"offer_type":null,"stock":false,"super":"alcampo"},{"img":"https://www.alcampo.es/media/he6/hf9/10467317579806.jpg","name":"Hogaza de pan cortada en rebanadas. 400g.","price":"1,69 €","offer_price":0,"offer_type":null,"stock":false,"super":"alcampo"},{"img":"https://www.alcampo.es/media/hdc/h3b/9378642690078.jpg","name":"Hogaza de pan de centeno (30%) con avena (6%), 500g.","price":"1,89 €","offer_price":0,"offer_type":null,"stock":false,"super":"alcampo"},{"img":"https://www.alcampo.es/media/h69/hce/9378640592926.jpg","name":"Pan de molde, 500g.","price":"1,89 €","offer_price":0,"offer_type":null,"stock":false,"super":"alcampo"},{"img":"https://www.alcampo.es/media/hdd/hf9/9378642853918.jpg","name":"Hogaza de pan, 500g.","price":"2,29 €","offer_price":0,"offer_type":null,"stock":false,"super":"alcampo"},{"img":"https://www.alcampo.es/media/h61/h82/8868226531358.jpg","name":"Pan de molde con semillas, 500g.","price":"1,89 €","offer_price":0,"offer_type":null,"stock":false,"super":"alcampo"},{"img":"https://www.alcampo.es/media/hd6/h42/9378639708190.jpg","name":"Hogaza con semillas (3,5%), 500g.","price":"2,59 €","offer_price":0,"offer_type":null,"stock":false,"super":"alcampo"},{"img":"https://www.alcampo.es/media/h83/h6b/9457393991710.jpg","name":"Hogaza de pan con maíz (11%), semillas de calabaza (4.9%) y girasol (4.4%), 400g.","price":"1,79 €","offer_price":0,"offer_type":null,"stock":false,"super":"alcampo"},{"img":"https://www.alcampo.es/media/h03/h05/9457393172510.jpg","name":"Hogaza de pan de trigo Espelta (50%), quinoa (2%) y miel (0.3%), 400g.","price":"1,79 €","offer_price":0,"offer_type":null,"stock":false,"super":"alcampo"},{"img":"https://www.alcampo.es/media/h40/h0d/9211899641886.jpg","name":"Bolsa de migas de pan, 300g.","price":"2,29 €","offer_price":0,"offer_type":null,"stock":false,"super":"alcampo"},{"img":"https://www.alcampo.es/media/h00/hf7/8898879225886.jpg","name":"Pan de molde de centeno, 500g.","price":"2,79 €","offer_price":0,"offer_type":null,"stock":false,"super":"alcampo"},{"img":"https://www.alcampo.es/media/haa/h2b/9457392451614.jpg","name":"Pan brioche, 400g.","price":"1,79 €","offer_price":0,"offer_type":null,"stock":false,"super":"alcampo"}]