[{"img":"https://www.alcampo.es/media/h39/h89/10044014067742.jpg","name":"Pasta Tagliata al huevo GALLO paquete de 450 g.","price":"1,36 €","offer_price":0,"offer_type":null,"stock":false,"super":"alcampo"},{"img":"https://www.alcampo.es/media/h30/h7d/10043857698846.jpg","name":"Pasta espagueti Nº 2 al huevo GALLO paquete de 450 g.","price":"1,33 €","offer_price":0,"offer_type":null,"stock":false,"super":"alcampo"},{"img":"https://www.alcampo.es/media/haa/h48/10043965669406.jpg","name":"Pasta Macheroni al huevo GALLO paquete de 450 g.","price":"1,33 €","offer_price":0,"offer_type":null,"stock":false,"super":"alcampo"},{"img":"https://www.alcampo.es/media/h01/h29/10043998109726.jpg","name":"Pasta nido al huevo GALLO paquete de 450 g.","price":"1,33 €","offer_price":0,"offer_type":null,"stock":false,"super":"alcampo"},{"img":"https://www.alcampo.es/media/haa/hfb/10043979726878.jpg","name":"Pasta Amorellis al huevo GALLO paquete de 450 g.","price":"1,33 €","offer_price":0,"offer_type":null,"stock":false,"super":"alcampo"},{"img":"https://www.alcampo.es/media/h77/h1f/9664869105694.jpg","name":"Pasta macarrón PRODUCTO ECONÓMICO ALCAMPO paquete 1 kg.","price":"0,78 €","offer_price":0,"offer_type":null,"stock":false,"super":"alcampo"},{"img":"https://www.alcampo.es/media/h18/h42/9664862322718.jpg","name":"Pasta espagueti PRODUCTO ECONÓMICO ALCAMPO paquete 1 kg.","price":"0,78 €","offer_price":0,"offer_type":null,"stock":false,"super":"alcampo"},{"img":"https://www.alcampo.es/media/h15/h51/9687409197086.jpg","name":"Pasta macarrón PRODUCTO ALCAMPO paquete de 500 g.","price":"0,44 €","offer_price":0,"offer_type":null,"stock":false,"super":"alcampo"},{"img":"https://www.alcampo.es/media/h08/heb/9721430769694.jpg","name":"Pasta espagueti PRODUCTO ALCAMPO paquete de 500 g.","price":"0,44 €","offer_price":0,"offer_type":null,"stock":false,"super":"alcampo"},{"img":"https://www.alcampo.es/media/h11/h5b/9664859537438.jpg","name":"Pasta espiral con espinacas y tomate PRODUCTO ALCAMPO paquete 500 g.","price":"0,54 €","offer_price":0,"offer_type":null,"stock":false,"super":"alcampo"},{"img":"https://www.alcampo.es/media/hca/h18/10857363800094.jpg","name":"Pasta espagueti Nº 3 GALLO paquete de 900 g.","price":"1,78 €","offer_price":0,"offer_type":null,"stock":false,"super":"alcampo"},{"img":"https://www.alcampo.es/media/hfd/h9c/10857347448862.jpg","name":"Pasta pluma nº 6 GALLO paquete de 900 g.","price":"1,78 €","offer_price":0,"offer_type":null,"stock":false,"super":"alcampo"},{"img":"https://www.alcampo.es/media/h72/h45/10834179162142.jpg","name":"Pasta pluma nº 3 GALLO paquete de 450 g.","price":"0,86 €","offer_price":0,"offer_type":null,"stock":false,"super":"alcampo"},{"img":"https://www.alcampo.es/media/h4c/h4c/9762344206366.jpg","name":"Pasta tallarín PRODUCTO ALCAMPO paquete de 500 g.","price":"0,44 €","offer_price":0,"offer_type":null,"stock":false,"super":"alcampo"},{"img":"https://www.alcampo.es/media/h7e/h32/9687722197022.jpg","name":"Pasta macarrones integrales PRODUCTO ALCAMPO paquete de 500 g.","price":"0,72 €","offer_price":0,"offer_type":null,"stock":false,"super":"alcampo"},{"img":"https://www.alcampo.es/media/h60/hd9/9762367045662.jpg","name":"Pasta tiburón PRODUCTO ALCAMPO paquete de 500 g.","price":"0,49 €","offer_price":0,"offer_type":null,"stock":false,"super":"alcampo"},{"img":"https://www.alcampo.es/media/h9d/h85/9775665152030.jpg","name":"Pasta espagueti PRODUCTO ALCAMPO paquete de 500 g.","price":"0,72 €","offer_price":0,"offer_type":null,"stock":false,"super":"alcampo"},{"img":"https://www.alcampo.es/media/ha4/h2b/9687505207326.jpg","name":"Pasta fideos cabellín PRODUCTO ECONÓMICO ALCAMPO paquete 1 kg.","price":"0,78 €","offer_price":0,"offer_type":null,"stock":false,"super":"alcampo"},{"img":"https://www.alcampo.es/media/h52/h80/9762403418142.jpg","name":"Pasta fideo cabellín PRODUCTO ALCAMPO paquete de 500 g.","price":"0,39 €","offer_price":0,"offer_type":null,"stock":false,"super":"alcampo"},{"img":"https://www.alcampo.es/media/had/h3e/10834175557662.jpg","name":"Pasta tallarín GALLO paquete de 450 g.","price":"0,89 €","offer_price":0,"offer_type":null,"stock":false,"super":"alcampo"},{"img":"https://www.alcampo.es/media/h24/hff/9762372354078.jpg","name":"Pasta Fideuá PRODUCTO ALCAMPO paquete de 500 g.","price":"0,41 €","offer_price":0,"offer_type":null,"stock":false,"super":"alcampo"},{"img":"https://www.alcampo.es/media/h63/h1b/10467996172318.jpg","name":"Pasta estrellas GALLO paquete de 450 g.","price":"0,86 €","offer_price":0,"offer_type":null,"stock":false,"super":"alcampo"},{"img":"https://www.alcampo.es/media/h49/hdc/10911584059422.jpg","name":"Pasta Pennes Rigates, pasta de sémola de trigo duro de calidad superior BARILLA 500 g.","price":"1,30 €","offer_price":0,"offer_type":null,"stock":false,"super":"alcampo"},{"img":"https://www.alcampo.es/media/h68/h62/10911329517598.jpg","name":"Pasta epagueti nº 5 BARILLA 500 g.","price":"1,30 €","offer_price":0,"offer_type":null,"stock":false,"super":"alcampo"},{"img":"https://www.alcampo.es/media/h83/h7e/8928209043486.jpg","name":"Pasta espagueti Nº 3 GALLO paquete de 250 g.","price":"0,67 €","offer_price":0,"offer_type":null,"stock":false,"super":"alcampo"},{"img":"https://www.alcampo.es/media/h2d/h55/9762370387998.jpg","name":"Pasta letras PRODUCTO ALCAMPO paquete de 250 g.","price":"0,34 €","offer_price":0,"offer_type":null,"stock":false,"super":"alcampo"},{"img":"https://www.alcampo.es/media/h4b/h14/10467961700382.jpg","name":"Pasta fideo nº 0 GALLO paquete de 450 g.","price":"0,89 €","offer_price":0,"offer_type":null,"stock":false,"super":"alcampo"},{"img":"https://www.alcampo.es/media/hd5/hc6/10033650171934.jpg","name":"Salsa de pesto especial para pasta GALLO frasco de 190 gramos.","price":"1,57 €","offer_price":0,"offer_type":null,"stock":false,"super":"alcampo"},{"img":"https://www.alcampo.es/media/hdb/hc8/10546424971294.jpg","name":"Salsa Pesto Genovese BARILLA Tarro de 190 g.","price":"2,07 €","offer_price":0,"offer_type":null,"stock":false,"super":"alcampo"},{"img":"https://www.alcampo.es/media/h75/h17/9465733185566.jpg","name":"Pasta lasaña calidad superior placas precocidas EL PAVO paquete18 uds x 200 g.","price":"1,24 €","offer_price":0,"offer_type":null,"stock":false,"super":"alcampo"},{"img":"https://www.alcampo.es/media/h58/h4b/10044022521886.jpg","name":"Pasta hélice con espinacas y tomate GALLO paquete 450 g.","price":"1,12 €","offer_price":0,"offer_type":null,"stock":false,"super":"alcampo"},{"img":"https://www.alcampo.es/media/h8d/h3e/9743697674270.jpg","name":"Pasta maravilla PRODUCTO ALCAMPO paquete de 500 g.","price":"0,45 €","offer_price":0,"offer_type":null,"stock":false,"super":"alcampo"},{"img":"https://www.alcampo.es/media/h3a/hd3/9762400469022.jpg","name":"Pasta Farfalle, con vegetales PRODUCTO ALCAMPO paquete 500 g.","price":"0,59 €","offer_price":0,"offer_type":null,"stock":false,"super":"alcampo"},{"img":"https://www.alcampo.es/media/h14/h1a/8928174309406.jpg","name":"Pasta ñoquis de patata GALLO 400 g.","price":"1,17 €","offer_price":0,"offer_type":null,"stock":false,"super":"alcampo"},{"img":"https://www.alcampo.es/media/h11/haf/10467957866526.jpg","name":"Pasta fideuá GALLO paquete de 450 g.","price":"0,89 €","offer_price":0,"offer_type":null,"stock":false,"super":"alcampo"},{"img":"https://www.alcampo.es/media/hd0/h51/10467994140702.jpg","name":"Pasta tiburón Nº 1 GALLO paquete de 450 g.","price":"0,79 €","offer_price":0,"offer_type":null,"stock":false,"super":"alcampo"},{"img":"https://www.alcampo.es/media/ha0/ha0/9687724785694.jpg","name":"Pasta Penne Rigate PRODUCTO ALCAMPO paquete de 500 g.","price":"0,58 €","offer_price":0,"offer_type":null,"stock":false,"super":"alcampo"},{"img":"https://www.alcampo.es/media/h0e/ha4/10504551661598.jpg","name":"Pasta fideo nº 0 GALLO paquete de 900 g.","price":"1,78 €","offer_price":0,"offer_type":null,"stock":false,"super":"alcampo"},{"img":"https://www.alcampo.es/media/hfe/h95/10467975397406.jpg","name":"Pasta fideos nº 2 GALLO paquete de 450 g.","price":"0,89 €","offer_price":0,"offer_type":null,"stock":false,"super":"alcampo"},{"img":"https://www.alcampo.es/media/h99/hf8/10911406096414.jpg","name":"Pasta Fusillis, pasta de sémola de trigo duro de calidad superior BARILLA 500 g.","price":"1,30 €","offer_price":0,"offer_type":null,"stock":false,"super":"alcampo"},{"img":"https://www.alcampo.es/media/hd7/hee/10629099782174.jpg","name":"Pasta espagueti integrales GALLO NATURE paquete de 450 g.","price":"1,19 €","offer_price":0,"offer_type":null,"stock":false,"super":"alcampo"},{"img":"https://www.alcampo.es/media/hf6/h88/10857297412126.jpg","name":"Pasta tallarín GALLO paquete de 900 g.","price":"1,78 €","offer_price":0,"offer_type":null,"stock":false,"super":"alcampo"},{"img":"https://www.alcampo.es/media/hf3/ha5/10834238111774.jpg","name":"Pasta macarrón rayado GALLO paquete de 450 g.","price":"1,10 €","offer_price":0,"offer_type":null,"stock":false,"super":"alcampo"},{"img":"https://www.alcampo.es/media/h68/h77/10467959242782.jpg","name":"Pasta maravilla GALLO paquete de 450 g.","price":"0,86 €","offer_price":0,"offer_type":null,"stock":false,"super":"alcampo"},{"img":"https://www.alcampo.es/media/h60/he1/10468041850910.jpg","name":"Pasta de letras GALLO paquete de 400 G.","price":"0,87 €","offer_price":0,"offer_type":null,"stock":false,"super":"alcampo"},{"img":"https://www.alcampo.es/media/h9e/h20/10857293479966.jpg","name":"Pasta macarrón rayado GALLO paquete de 900 g.","price":"1,78 €","offer_price":0,"offer_type":null,"stock":false,"super":"alcampo"},{"img":"https://www.alcampo.es/media/h27/h06/9775628288030.jpg","name":"Salsa boloñesa PRODUCTO ALCAMPO 350 g.","price":"1,09 €","offer_price":0,"offer_type":null,"stock":false,"super":"alcampo"},{"img":"https://www.alcampo.es/media/he9/h40/10793479208990.jpg","name":"Salsa boloñesa GALLO frasco de 350 g.","price":"1,66 €","offer_price":0,"offer_type":null,"stock":false,"super":"alcampo"},{"img":"https://www.alcampo.es/media/hea/h83/9374590009374.jpg","name":"Pasta canelones GALLO 160 gr 20 uds","price":"0,59 €","offer_price":0,"offer_type":null,"stock":false,"super":"alcampo"},{"img":"https://www.alcampo.es/media/hc5/h41/10632074330142.jpg","name":"Pasta espagueti extrafino GALLO PASTA FINA paquete de 400 grs","price":"0,91 €","offer_price":0,"offer_type":null,"stock":false,"super":"alcampo"},{"img":"https://www.alcampo.es/media/hb0/h7f/10069275574302.jpg","name":"Pasta de sémola de trigo duro Elicoidale nº 34 GAROFALO 500 ","price":"1,39 €","offer_price":0,"offer_type":null,"stock":false,"super":"alcampo"},{"img":"https://www.alcampo.es/media/h71/h30/10467973267486.jpg","name":"Pasta fideos nº 4 GALLO paquete de 450 g.","price":"0,89 €","offer_price":0,"offer_type":null,"stock":false,"super":"alcampo"},{"img":"https://www.alcampo.es/media/h2a/h91/9777722720286.jpg","name":"Pasta espirales PRODUCTO ALCAMPO paquete de 500 g.","price":"0,49 €","offer_price":0,"offer_type":null,"stock":false,"super":"alcampo"},{"img":"https://www.alcampo.es/media/hf1/h35/9687409459230.gif","name":"Pasta fideos gordo PRODUCTO ALCAMPO paquete de 500 g.","price":"0,58 €","offer_price":0,"offer_type":null,"stock":false,"super":"alcampo"},{"img":"https://www.alcampo.es/media/h2d/hc2/9795280764958.jpg","name":"Pasta Tortiglioni BARILLA 500 g.","price":"1,40 €","offer_price":0,"offer_type":null,"stock":false,"super":"alcampo"},{"img":"https://www.alcampo.es/media/hfc/h22/10834251776030.jpg","name":"Pasta hélice GALLO paquete de 450 g.","price":"0,84 €","offer_price":0,"offer_type":null,"stock":false,"super":"alcampo"},{"img":"https://www.alcampo.es/media/h8e/ha0/10467880534046.jpg","name":"Pasta fideos nº 1 GALLO paquete de 450 g.","price":"0,91 €","offer_price":0,"offer_type":null,"stock":false,"super":"alcampo"},{"img":"https://www.alcampo.es/media/h62/h9c/10467984998430.jpg","name":"Pasta piñones GALLO paquete de 450 g.","price":"0,85 €","offer_price":0,"offer_type":null,"stock":false,"super":"alcampo"},{"img":"https://www.alcampo.es/media/h9b/hf8/9721453117470.jpg","name":"Pasta espirales PRODUCTO ALCAMPO paquete de 500 g.","price":"0,80 €","offer_price":0,"offer_type":null,"stock":false,"super":"alcampo"},{"img":"https://www.alcampo.es/media/hd5/h24/8970870652958.jpg","name":"Pasta lasaña placas precocidas GALLO paquete 18 uds x 200 g.","price":"1,29 €","offer_price":0,"offer_type":null,"stock":false,"super":"alcampo"},{"img":"https://www.alcampo.es/media/h4c/h9e/9795293511710.jpg","name":"Pasta Espaguetis Nº5, pasta de sémola de trigo duro de calidad superior BARILLA 1 kg.","price":"2,49 €","offer_price":0,"offer_type":null,"stock":false,"super":"alcampo"},{"img":"https://www.alcampo.es/media/hfe/h5a/10069266497566.jpg","name":"Pasta de sémola de trigo duro Spagheti nº 9 GAROFALO 500 g.","price":"2,03 €","offer_price":0,"offer_type":null,"stock":false,"super":"alcampo"},{"img":"https://www.alcampo.es/media/h95/hb8/8928060112926.jpg","name":"Pasta hélices vegetales de sémola de trigo duro de calidad superior GALLO 1 kg.","price":"2,51 €","offer_price":0,"offer_type":null,"stock":false,"super":"alcampo"},{"img":"https://www.alcampo.es/media/h5d/h96/9795301736478.jpg","name":"Pasta Farfalle, pasta de sémola de trigo duro de calidad superior BARILLA de 500 g.","price":"1,40 €","offer_price":0,"offer_type":null,"stock":false,"super":"alcampo"},{"img":"https://www.alcampo.es/media/h4d/h81/9520431235102.jpg","name":"Pasta hélices integral Ensaladas GALLO 400 g.","price":"1,17 €","offer_price":0,"offer_type":null,"stock":false,"super":"alcampo"},{"img":"https://www.alcampo.es/media/hb7/h34/9513469313054.jpg","name":"Pasta Tortellini rellenos carne KNORR 250 g.","price":"1,60 €","offer_price":0,"offer_type":null,"stock":false,"super":"alcampo"},{"img":"https://www.alcampo.es/media/hed/h2c/9762364096542.jpg","name":"Pasta fIdeos entrefino PRODUCTO ALCAMPO, paquete 500 g.","price":"0,51 €","offer_price":0,"offer_type":null,"stock":false,"super":"alcampo"},{"img":"https://www.alcampo.es/media/he9/h03/10628992827422.jpg","name":"Pasta plumas rayadas, compuesta integral de calidad superior GALLO NATURE paquete de 450 g.","price":"1,21 €","offer_price":0,"offer_type":null,"stock":false,"super":"alcampo"},{"img":"https://www.alcampo.es/media/h58/h18/8928074104862.jpg","name":"Pasta Tortellini rellenos queso GALLO paquete 500 g.","price":"1,88 €","offer_price":0,"offer_type":null,"stock":false,"super":"alcampo"},{"img":"https://www.alcampo.es/media/h05/h13/9520450404382.jpg","name":"Salsa Boloñesa vegana GALLO 350 g.","price":"2,45 €","offer_price":0,"offer_type":null,"stock":false,"super":"alcampo"},{"img":"https://www.alcampo.es/media/h87/h0e/9465762906142.jpg","name":"Pasta canelones , pasta alimenticia laminada precocida y desecada EL PAVO paquete 12 uds de 80 g.","price":"0,85 €","offer_price":0,"offer_type":null,"stock":false,"super":"alcampo"},{"img":"https://www.alcampo.es/media/h3d/h16/9465786204190.jpg","name":"Pasta Tortellini rellenos carne GALLO 500 gr.<br>","price":"1,88 €","offer_price":0,"offer_type":null,"stock":false,"super":"alcampo"},{"img":"https://www.alcampo.es/media/hb1/hf5/10911569051678.jpg","name":"Pasta Espaguetis Nº 7, BARILLA 500 g.","price":"1,30 €","offer_price":0,"offer_type":null,"stock":false,"super":"alcampo"},{"img":"https://www.alcampo.es/media/hdd/hdf/8922939392030.jpg","name":"Pasta Espaguetis ecológicos, pasta compuesta integral de calidad superior ECOLECERA 500 g.","price":"1,62 €","offer_price":0,"offer_type":null,"stock":false,"super":"alcampo"},{"img":"https://www.alcampo.es/media/hba/hef/10043883978782.jpg","name":"Pasta pajarita con espinacas y tomate GALLO paquete 450 g.","price":"1,12 €","offer_price":0,"offer_type":null,"stock":false,"super":"alcampo"},{"img":"https://www.alcampo.es/media/hf9/h8b/9795291381790.jpg","name":"Pasta espagueti nº 5 integral BARILLA 500 g.","price":"1,53 €","offer_price":0,"offer_type":null,"stock":false,"super":"alcampo"},{"img":"https://www.alcampo.es/media/hd4/ha5/9795245211678.jpg","name":"Pasta Tagliatelle BARILLA 500 g","price":"1,98 €","offer_price":0,"offer_type":null,"stock":false,"super":"alcampo"},{"img":"https://www.alcampo.es/media/h23/hb6/10504541667358.jpg","name":"Pasta hélices sin gluten con tomate y espinacas GALLO, 450 g.","price":"1,64 €","offer_price":0,"offer_type":null,"stock":false,"super":"alcampo"},{"img":"https://www.alcampo.es/media/h94/hfb/9664856752158.jpg","name":"Pasta Fusilli PRODUCTO ALCAMPO paquete de 500 g.","price":"0,52 €","offer_price":0,"offer_type":null,"stock":false,"super":"alcampo"},{"img":"https://www.alcampo.es/media/h61/h57/9777591549982.jpg","name":"Pasta macarrón con espinacas y tomate PRODUCTO ALCAMPO paquete 500 g.","price":"0,79 €","offer_price":0,"offer_type":null,"stock":false,"super":"alcampo"},{"img":"https://www.alcampo.es/media/hd6/h3c/10504572338206.jpg","name":"Pasta plumas sin gluten GALLO, 450 g.","price":"1,64 €","offer_price":0,"offer_type":null,"stock":false,"super":"alcampo"},{"img":"https://www.alcampo.es/media/hf8/h2a/10468031004702.jpg","name":"Pasta marisco GALLO paquete de 450 g.","price":"0,87 €","offer_price":0,"offer_type":null,"stock":false,"super":"alcampo"},{"img":"https://www.alcampo.es/media/h04/h56/10629084741662.jpg","name":"Pasta pluma fina GALLO PASTA FINA paquete de 400 g.","price":"0,91 €","offer_price":0,"offer_type":null,"stock":false,"super":"alcampo"},{"img":"https://www.alcampo.es/media/h03/h2e/10493027844126.jpg","name":"Placas de lasaña PRODUCTO ALCAMPO 250 g.","price":"0,89 €","offer_price":0,"offer_type":null,"stock":false,"super":"alcampo"},{"img":"https://www.alcampo.es/media/h53/h96/8899097198622.jpg","name":"Pasta espirales con espinacas y tomate ROMERO paquete de 500 gr.","price":"0,82 €","offer_price":0,"offer_type":null,"stock":false,"super":"alcampo"},{"img":"https://www.alcampo.es/media/hd6/h3c/9795309010974.jpg","name":"Pasta Pannette Rigate intefgral BARILLA 500 g.","price":"1,49 €","offer_price":0,"offer_type":null,"stock":false,"super":"alcampo"},{"img":"https://www.alcampo.es/media/h95/h18/9795252289566.jpg","name":"Pasta Pennes Rigates, pasta de sémola de trigo duro de calidad superior BARILLA 1 g.","price":"2,49 €","offer_price":0,"offer_type":null,"stock":false,"super":"alcampo"},{"img":"https://www.alcampo.es/media/h91/h5d/10504573616158.jpg","name":"Pasta fideos sin gluten GALLO, 450 g.","price":"1,64 €","offer_price":0,"offer_type":null,"stock":false,"super":"alcampo"},{"img":"https://www.alcampo.es/media/h19/h37/8893389602846.jpg","name":"Pasta macarrón ROMERO paquete de 500 gr.","price":"0,74 €","offer_price":0,"offer_type":null,"stock":false,"super":"alcampo"},{"img":"https://www.alcampo.es/media/hc0/h04/10629083430942.jpg","name":"Pasta hélices extrafina con espinacas y tomate GALLO PASTA FINA paquete 400 g.","price":"1,12 €","offer_price":0,"offer_type":null,"stock":false,"super":"alcampo"},{"img":"https://www.alcampo.es/media/h34/h7d/10834185158686.jpg","name":"Pasta pluma mini GALLO 450 g.","price":"1,08 €","offer_price":0,"offer_type":null,"stock":false,"super":"alcampo"},{"img":"https://www.alcampo.es/media/h4b/h43/9775650209822.jpg","name":"Salsa carbonara PRODUCTO ALCAMPO 350 g.","price":"1,05 €","offer_price":0,"offer_type":null,"stock":false,"super":"alcampo"},{"img":"https://www.alcampo.es/media/h0b/h4a/10911586287646.jpg","name":"Pasta Bavette nº 13, pasta de sémola de trigo duro de calidad superior BARILLA 500 g.","price":"1,30 €","offer_price":0,"offer_type":null,"stock":false,"super":"alcampo"},{"img":"https://www.alcampo.es/media/hdc/hc2/9795290824734.jpg","name":"Pasta spaghetti nº 5 sin gluten BARILLA 400 g.","price":"2,04 €","offer_price":0,"offer_type":null,"stock":false,"super":"alcampo"},{"img":"https://www.alcampo.es/media/hc3/h11/9775615377438.jpg","name":"Salsa napolitana PRODUCTO ALCAMPO 350 g.","price":"1,04 €","offer_price":0,"offer_type":null,"stock":false,"super":"alcampo"},{"img":"https://www.alcampo.es/media/hec/h87/10468012556318.jpg","name":"Pasta tiburón nº 0 GALLO paquete de 450 g.","price":"0,86 €","offer_price":0,"offer_type":null,"stock":false,"super":"alcampo"},{"img":"https://www.alcampo.es/media/h61/h57/10546360746014.jpg","name":"Pasta espagueti Nº 3 AGNESI paquete de 500 g.","price":"1 €","offer_price":0,"offer_type":null,"stock":false,"super":"alcampo"},{"img":"https://www.alcampo.es/media/hbc/h54/10546494963742.jpg","name":"Pasta Pennette rigate Nº 87, AGNESI 500 g.","price":"1,20 €","offer_price":0,"offer_type":null,"stock":false,"super":"alcampo"},{"img":"https://www.alcampo.es/media/h74/h1a/10467955507230.jpg","name":"Pasta fideos nº 5 GALLO paquete de 450 g.","price":"0,83 €","offer_price":0,"offer_type":null,"stock":false,"super":"alcampo"},{"img":"https://www.alcampo.es/media/h60/h08/10504558247966.jpg","name":"Pasta espagueti sin gluten GALLO, 450 g.","price":"1,74 €","offer_price":0,"offer_type":null,"stock":false,"super":"alcampo"},{"img":"https://www.alcampo.es/media/h1c/ha5/10069278261278.jpg","name":"Pasta de sémola de trigo duro ZIiti Rigati nº 70 GAROFALO 500 g.","price":"1,39 €","offer_price":0,"offer_type":null,"stock":false,"super":"alcampo"},{"img":"https://www.alcampo.es/media/h09/h9c/10793543467038.jpg","name":"Salsa napolitana GALLO frasco de 350 g.","price":"1,49 €","offer_price":0,"offer_type":null,"stock":false,"super":"alcampo"},{"img":"https://www.alcampo.es/media/h59/hb5/8886748905502.jpg","name":"Pasta espagueti ROMERO paquete de 500 gr.","price":"0,74 €","offer_price":0,"offer_type":null,"stock":false,"super":"alcampo"},{"img":"https://www.alcampo.es/media/h97/h7e/10911569674270.jpg","name":"Pasta Capellini nº 1 pasta Italiana BARILLA 500 g.","price":"1,30 €","offer_price":0,"offer_type":null,"stock":false,"super":"alcampo"},{"img":"https://www.alcampo.es/media/h87/h7c/9762398666782.jpg","name":"Pasta Farfalle PRODUCTO ALCAMPO paquete de 500 g.","price":"0,59 €","offer_price":0,"offer_type":null,"stock":false,"super":"alcampo"},{"img":"https://www.alcampo.es/media/h37/h05/8891786461214.jpg","name":"Pasta fideos cabellín ROMERO paquete de 500 gramos.","price":"0,73 €","offer_price":0,"offer_type":null,"stock":false,"super":"alcampo"},{"img":"https://www.alcampo.es/media/hb1/hdd/10629001379870.jpg","name":"Pasta espagueti con tomate y espinacas de cocción rápida GALLO PASTA FINA 400 g.","price":"1,19 €","offer_price":0,"offer_type":null,"stock":false,"super":"alcampo"},{"img":"https://www.alcampo.es/media/h54/h47/10834254528542.jpg","name":"Pasta plumas rayadas GALLO 450 g.","price":"0,98 €","offer_price":0,"offer_type":null,"stock":false,"super":"alcampo"},{"img":"https://www.alcampo.es/media/hee/h67/8928074432542.jpg","name":"Pasta lasaña placas GALLO paquete 250 gr 20 unidades.","price":"1,38 €","offer_price":0,"offer_type":null,"stock":false,"super":"alcampo"},{"img":"https://www.alcampo.es/media/h6b/hf0/9513480945694.jpg","name":"Pasta Tortellini rellenos queso KNORR 250 g.","price":"1,60 €","offer_price":0,"offer_type":null,"stock":false,"super":"alcampo"},{"img":"https://www.alcampo.es/media/h2c/hbc/9762359672862.jpg","name":"Macarrones ALCAMPO ECOLÓGICO 500 g.","price":"0,78 €","offer_price":0,"offer_type":null,"stock":false,"super":"alcampo"},{"img":"https://www.alcampo.es/media/h75/h8e/9011057098782.jpg","name":"Pasta lazos tres sabores, pasta ROMERO 500 gr.","price":"0,86 €","offer_price":0,"offer_type":null,"stock":false,"super":"alcampo"},{"img":"https://www.alcampo.es/media/h89/h70/10069266071582.jpg","name":"Pasta de sémola de trigo duro Radiatori nº 87 GAROFALO 500 ","price":"2,03 €","offer_price":0,"offer_type":null,"stock":false,"super":"alcampo"},{"img":"https://www.alcampo.es/media/h85/hea/10546700156958.jpg","name":"Pasta Linguine Nº 10 AGNESI 500 g.","price":"1 €","offer_price":0,"offer_type":null,"stock":false,"super":"alcampo"},{"img":"https://www.alcampo.es/media/h2a/hc5/10504553594910.jpg","name":"Pasta tiburón nº 0 GALLO paquete de 900 g.","price":"1,99 €","offer_price":0,"offer_type":null,"stock":false,"super":"alcampo"},{"img":"https://www.alcampo.es/media/hb4/h7c/9130765549598.jpg","name":"Pasta fideos nº 000 GALLO 250 gramos.","price":"0,85 €","offer_price":0,"offer_type":null,"stock":false,"super":"alcampo"},{"img":"https://www.alcampo.es/media/h98/h06/10806446817310.jpg","name":"Pasta plumas Nº 6 GALLO 450 g.","price":"1,57 €","offer_price":0,"offer_type":null,"stock":false,"super":"alcampo"},{"img":"https://www.alcampo.es/media/h57/h23/10069267906590.jpg","name":"Pasta de sémola de trigo duro Mafalda corta nº 79 GAROFALO 500 g.","price":"2,03 €","offer_price":0,"offer_type":null,"stock":false,"super":"alcampo"},{"img":"https://www.alcampo.es/media/h33/h04/10629000953886.jpg","name":"Pasta macarrones sin gluten plumas GALLO NATURE 400 g.","price":"1,47 €","offer_price":0,"offer_type":null,"stock":false,"super":"alcampo"},{"img":"https://www.alcampo.es/media/hd9/h43/10806386720798.jpg","name":"Pasta espagueti N º 3 GALLO 450 g.","price":"1,57 €","offer_price":0,"offer_type":null,"stock":false,"super":"alcampo"},{"img":"https://www.alcampo.es/media/h5f/h74/9777683955742.jpg","name":"Pasta nido con espinacas PRODUCTO ALCAMPO paquete de 500 g.","price":"1,07 €","offer_price":0,"offer_type":null,"stock":false,"super":"alcampo"},{"img":"https://www.alcampo.es/media/h6e/h70/9217583841310.jpg","name":"Pasta Tortiglioni GALLO 400 g.","price":"0,98 €","offer_price":0,"offer_type":null,"stock":false,"super":"alcampo"},{"img":"https://www.alcampo.es/media/hf8/h04/9042809815070.jpg","name":"Salsa tomate y albahaca, estilo casero HIDA 350 g.","price":"1,55 €","offer_price":0,"offer_type":null,"stock":false,"super":"alcampo"},{"img":"https://www.alcampo.es/media/hdd/h80/10628999479326.jpg","name":"Pasta hélice integrales, rica en fibra GALLO NATURE paquete de 450 g.","price":"1,46 €","offer_price":0,"offer_type":null,"stock":false,"super":"alcampo"},{"img":"https://www.alcampo.es/media/h59/h5b/9775612919838.jpg","name":"Pasta nido al huevo PRODUCTO ALCAMPO paquete de 500 g.","price":"1,07 €","offer_price":0,"offer_type":null,"stock":false,"super":"alcampo"},{"img":"https://www.alcampo.es/media/h65/hff/10911347310622.jpg","name":"Salsa Napolitana BARILLA 400 g.","price":"2,59 €","offer_price":0,"offer_type":null,"stock":false,"super":"alcampo"},{"img":"https://www.alcampo.es/media/h61/h6e/8923031502878.jpg","name":"Pasta macarrones ecológicos, pasta compuesta integral de calidad superior ECOLECERA 500 g.","price":"1,69 €","offer_price":0,"offer_type":null,"stock":false,"super":"alcampo"},{"img":"https://www.alcampo.es/media/h13/hdd/9124336992286.jpg","name":"Pasta espagueti tradicional al nero di seppia ROMERO 500 g.","price":"2,35 €","offer_price":0,"offer_type":null,"stock":false,"super":"alcampo"},{"img":"https://www.alcampo.es/media/h66/h4f/9777677172766.jpg","name":"Espaguetis de sémola de trigo duro de calidad superior ALCAMPO ECOLÓGICO bolsa de 500 g.","price":"0,78 €","offer_price":0,"offer_type":null,"stock":false,"super":"alcampo"},{"img":"https://www.alcampo.es/media/hcc/h79/10911487164446.jpg","name":"Pasta Sugo Basilico BARILLA 400 g.","price":"2,59 €","offer_price":0,"offer_type":null,"stock":false,"super":"alcampo"},{"img":"https://www.alcampo.es/media/hf6/h76/10043925430302.jpg","name":"Pasta margarita con espinacas y tomate GALLO paquete 450 g.","price":"1,12 €","offer_price":0,"offer_type":null,"stock":false,"super":"alcampo"},{"img":"https://www.alcampo.es/media/h5a/h59/9654818734110.jpg","name":"Pasta espagueti , Spaghettoni GALLO 400 g.","price":"0,96 €","offer_price":0,"offer_type":null,"stock":false,"super":"alcampo"},{"img":"https://www.alcampo.es/media/h32/hd3/9795239444510.jpg","name":"Pasta Penne Rigate sin gluten BARILLA 400 g.","price":"2,14 €","offer_price":0,"offer_type":null,"stock":false,"super":"alcampo"},{"img":"https://www.alcampo.es/media/h6e/ha5/10087819542558.jpg","name":"Pasta Fusilli integral, pasta de sémola de trigo duro BARILLA 500 g.","price":"1,58 €","offer_price":0,"offer_type":null,"stock":false,"super":"alcampo"},{"img":"https://www.alcampo.es/media/hb2/h28/9769957228574.jpg","name":"Pasta espaguetis con 3 quesos y gorgonzola GALLINA BLANCA sobre de 175 g.","price":"1,83 €","offer_price":0,"offer_type":null,"stock":false,"super":"alcampo"},{"img":"https://www.alcampo.es/media/h80/h29/8870663815198.jpg","name":"Pasta canelones, placas precocidas EL PAVO paquete 125 gr.20 unidades","price":"0,68 €","offer_price":0,"offer_type":null,"stock":false,"super":"alcampo"},{"img":"https://www.alcampo.es/media/h63/hb4/10504536653854.jpg","name":"Pasta tiburones sin gluten GALLO, 450 g.","price":"1,64 €","offer_price":0,"offer_type":null,"stock":false,"super":"alcampo"},{"img":"https://www.alcampo.es/media/h43/hd9/10816891617310.jpg","name":"Salsa Basílico, ideal pasta y pizza GALLO frasco de 350 g.","price":"1,77 €","offer_price":0,"offer_type":null,"stock":false,"super":"alcampo"},{"img":"https://www.alcampo.es/media/hda/h8d/10546719457310.jpg","name":"Pasta Tortiglioni Nº 46 AGNESI 500 g.","price":"1 €","offer_price":0,"offer_type":null,"stock":false,"super":"alcampo"},{"img":"https://www.alcampo.es/media/h67/hef/9775624454174.jpg","name":"Salsa siciliana PRODUCTO ALCAMPO 350 g.","price":"1,04 €","offer_price":0,"offer_type":null,"stock":false,"super":"alcampo"},{"img":"https://www.alcampo.es/media/h36/hc7/10468012163102.jpg","name":"Pasta bicicletas GALLO paquete de 450 g.","price":"0,98 €","offer_price":0,"offer_type":null,"stock":false,"super":"alcampo"},{"img":"https://www.alcampo.es/media/h63/h94/9163460509726.jpg","name":"Pasta fideos de arroz sin gluten TIGER KHAN 250 g.","price":"2,26 €","offer_price":0,"offer_type":null,"stock":false,"super":"alcampo"},{"img":"https://www.alcampo.es/media/ha9/h3d/10911422644254.jpg","name":"Salsa Bolognese BARILLA 400 g.","price":"2,59 €","offer_price":0,"offer_type":null,"stock":false,"super":"alcampo"},{"img":"https://www.alcampo.es/media/hca/h07/9011063521310.jpg","name":"Pasta espirales,pasta ROMERO 500 gr.","price":"0,73 €","offer_price":0,"offer_type":null,"stock":false,"super":"alcampo"},{"img":"https://www.alcampo.es/media/h08/hb5/9246390583326.jpg","name":"Pasta hélices multivegetales (cúrcuma, espirulina, remolacha) Nature GALLO 400 gr ","price":"1,47 €","offer_price":0,"offer_type":null,"stock":false,"super":"alcampo"},{"img":"https://www.alcampo.es/media/hb6/hba/9777713217566.jpg","name":"Pasta fideos de cabello de ángel ALCAMPO ECOLÓGICO 500 g.","price":"0,78 €","offer_price":0,"offer_type":null,"stock":false,"super":"alcampo"},{"img":"https://www.alcampo.es/media/h32/h7f/9762387525662.jpg","name":"Pasta Galets PRODUCTO ALCAMPO paquete de 500 g.","price":"0,88 €","offer_price":0,"offer_type":null,"stock":false,"super":"alcampo"},{"img":"https://www.alcampo.es/media/h1f/hed/8873242263582.jpg","name":"Pasta espagueti al huevo ALCAMPO GOURMET 250 g.","price":"1,19 €","offer_price":0,"offer_type":null,"stock":false,"super":"alcampo"},{"img":"https://www.alcampo.es/media/h44/h9f/10468007411742.jpg","name":"Pasta Pistón mediano GALLO paquete de 450 g.","price":"1,10 €","offer_price":0,"offer_type":null,"stock":false,"super":"alcampo"},{"img":"https://www.alcampo.es/media/h47/hd1/8894916132894.jpg","name":"Pasta tallarín ROMERO paquete de 500 gr.","price":"0,66 €","offer_price":0,"offer_type":null,"stock":false,"super":"alcampo"},{"img":"https://www.alcampo.es/media/hc0/h0f/10546878316574.jpg","name":"Pasta Fusilli Nº 78 AGNESI 500 g.","price":"1,29 €","offer_price":0,"offer_type":null,"stock":false,"super":"alcampo"},{"img":"https://www.alcampo.es/media/h46/hed/9163409915934.jpg","name":"Pasta fideos de arroz integral sin gluten TIGER KHAN 180 g.","price":"1,93 €","offer_price":0,"offer_type":null,"stock":false,"super":"alcampo"},{"img":"https://www.alcampo.es/media/h2b/h57/8969661579294.jpg","name":"Pasta Gnocchi de patata sin gluten SCHAR 300 gr,","price":"2,54 €","offer_price":0,"offer_type":null,"stock":false,"super":"alcampo"},{"img":"https://www.alcampo.es/media/hc2/h78/9514768498718.jpg","name":"Pasta Ravioli 3 rellenos carne KNORR 250 g.","price":"1,60 €","offer_price":0,"offer_type":null,"stock":false,"super":"alcampo"},{"img":"https://www.alcampo.es/media/h7e/he3/9217647345694.jpg","name":"Ensalada, conchitas con tomate y espinacas GALLO 500 g","price":"1,26 €","offer_price":0,"offer_type":null,"stock":false,"super":"alcampo"},{"img":"https://www.alcampo.es/media/hdc/h9b/9676235964446.jpg","name":"Salsa pesto Genovesa GAROFALO 180 g.","price":"2,64 €","offer_price":0,"offer_type":null,"stock":false,"super":"alcampo"},{"img":"https://www.alcampo.es/media/h91/hff/8880695214110.jpg","name":"Pasta Penne rigate, pasta sin gluten SAM MILLS, 500 g.","price":"1,47 €","offer_price":0,"offer_type":null,"stock":false,"super":"alcampo"},{"img":"https://www.alcampo.es/media/h0d/hfa/10087871217694.jpg","name":"Fideoa con trigo integral GALLO 400 g.","price":"1,43 €","offer_price":0,"offer_type":null,"stock":false,"super":"alcampo"},{"img":"https://www.alcampo.es/media/hab/hce/9795307700254.jpg","name":"Pasta lasaña al huevo BARILLA 250 g.","price":"1,83 €","offer_price":0,"offer_type":null,"stock":false,"super":"alcampo"},{"img":"https://www.alcampo.es/media/h1f/hc0/10504537145374.jpg","name":"Pasta tallarines sin gluten GALLO, 450 g.","price":"1,64 €","offer_price":0,"offer_type":null,"stock":false,"super":"alcampo"},{"img":"https://www.alcampo.es/media/hf1/hfb/8952492130334.jpg","name":"Salsa pesto genovese AGNESI frasco de 185 g.","price":"2,47 €","offer_price":0,"offer_type":null,"stock":false,"super":"alcampo"},{"img":"https://www.alcampo.es/media/h5b/he3/10033578934302.jpg","name":"Salsa Carbonara GALLO 330 g.","price":"1,93 €","offer_price":0,"offer_type":null,"stock":false,"super":"alcampo"},{"img":"https://www.alcampo.es/media/h3b/h2f/10911315132446.jpg","name":"Pasta Sugo Arrabbiata BARILLA 400 gr.","price":"2,59 €","offer_price":0,"offer_type":null,"stock":false,"super":"alcampo"},{"img":"https://www.alcampo.es/media/hcc/had/9224037826590.jpg","name":"Pasta fusilli lunghi GARAFOLO 500 gr","price":"2,35 €","offer_price":0,"offer_type":null,"stock":false,"super":"alcampo"},{"img":"https://www.alcampo.es/media/hac/hcf/9775604793374.jpg","name":"Salsa con setas PRODUCTO ALCAMPO 350 g.","price":"1,05 €","offer_price":0,"offer_type":null,"stock":false,"super":"alcampo"},{"img":"https://www.alcampo.es/media/h5f/h15/10043975729182.jpg","name":"Pasta Fettuccine con espinacas GALLO paquete 450 g.","price":"1,33 €","offer_price":0,"offer_type":null,"stock":false,"super":"alcampo"},{"img":"https://www.alcampo.es/media/hba/h49/9217636761630.jpg","name":"Pasta Fusilli Bucati GALLO 425 g","price":"0,98 €","offer_price":0,"offer_type":null,"stock":false,"super":"alcampo"},{"img":"https://www.alcampo.es/media/h3f/hd8/9777708728350.jpg","name":"Pasta Fusilli ALCAMPO ECOLÓGICO 500 g.","price":"0,89 €","offer_price":0,"offer_type":null,"stock":false,"super":"alcampo"},{"img":"https://www.alcampo.es/media/he5/he5/9042715377694.jpg","name":"Salsa boloñesa, estilo casero HIDA 350 g.","price":"1,74 €","offer_price":0,"offer_type":null,"stock":false,"super":"alcampo"},{"img":"https://www.alcampo.es/media/h73/h66/8893723574302.jpg","name":"Pasta Espaguetis, pasta sin gluten SAM MILLS, 500 g.","price":"1,47 €","offer_price":0,"offer_type":null,"stock":false,"super":"alcampo"},{"img":"https://www.alcampo.es/media/hbe/h60/10546707071006.jpg","name":"Pasta macarrones ecológicos GALLO 500 g.","price":"1,40 €","offer_price":0,"offer_type":null,"stock":false,"super":"alcampo"},{"img":"https://www.alcampo.es/media/h60/h98/10546715230238.jpg","name":"Pasta Farfalle Nº 61 AGNESI 500 g.","price":"1 €","offer_price":0,"offer_type":null,"stock":false,"super":"alcampo"},{"img":"https://www.alcampo.es/media/hae/h4f/10546406260766.jpg","name":"Spaguettoni Nº 4 AGNESI 500 g.","price":"1 €","offer_price":0,"offer_type":null,"stock":false,"super":"alcampo"},{"img":"https://www.alcampo.es/media/h39/h99/8898256044062.jpg","name":"Pasta espirales ecológica, pasta compuesta integral de calidad superior ECOLECERA 500 g.","price":"1,62 €","offer_price":0,"offer_type":null,"stock":false,"super":"alcampo"},{"img":"https://www.alcampo.es/media/hdd/h0f/9074345574430.jpg","name":"Pasta placas para lasaña y canelones sin gluten GALLO 250 g.","price":"2,11 €","offer_price":0,"offer_type":null,"stock":false,"super":"alcampo"},{"img":"https://www.alcampo.es/media/ha3/h94/8897622638622.jpg","name":"Tagliatelle , pasta de sémola de trigo duro de calidad superior con tinta de calamar GALLO paquete de 250 gramos","price":"1,65 €","offer_price":0,"offer_type":null,"stock":false,"super":"alcampo"},{"img":"https://www.alcampo.es/media/h0d/hda/10548992901150.jpg","name":"Salsa fresca de gorgonzola y nueces, elaborada con ingredientes 100% naturales RANA 180 g.","price":"2,25 €","offer_price":0,"offer_type":null,"stock":false,"super":"alcampo"},{"img":"https://www.alcampo.es/media/hcf/h2b/10444965150750.jpg","name":"Pasta Sugo olive, salsa para pasta BARILLA 400 g.","price":"2,39 €","offer_price":0,"offer_type":null,"stock":false,"super":"alcampo"},{"img":"https://www.alcampo.es/media/h45/hff/10033537220638.jpg","name":"Salsa Pesto Rosso GALLO 190 g","price":"1,64 €","offer_price":0,"offer_type":null,"stock":false,"super":"alcampo"},{"img":"https://www.alcampo.es/media/h44/h2c/9757021437982.jpg","name":"Pasta tortellini de jamón, con queso grana padano KNORR 250 g.","price":"1,68 €","offer_price":0,"offer_type":null,"stock":false,"super":"alcampo"},{"img":"https://www.alcampo.es/media/h05/h8c/10467954294814.jpg","name":"Pasta fideos perla GALLO paquete de 450 g.","price":"0,98 €","offer_price":0,"offer_type":null,"stock":false,"super":"alcampo"},{"img":"https://www.alcampo.es/media/h51/h69/10546397610014.jpg","name":"Salsa pesto Siciliano BARILLA 190 g.","price":"2,18 €","offer_price":0,"offer_type":null,"stock":false,"super":"alcampo"},{"img":"https://www.alcampo.es/media/h50/hdb/10444918718494.jpg","name":"Salsa Ricotta, salsa para pasta BARILLA 400 g.","price":"2,39 €","offer_price":0,"offer_type":null,"stock":false,"super":"alcampo"},{"img":"https://www.alcampo.es/media/ha3/hce/10546867077150.jpg","name":"Pasta Mezze Penne Rigate Nº 95 AGNESI 500 g.","price":"1,29 €","offer_price":0,"offer_type":null,"stock":false,"super":"alcampo"},{"img":"https://www.alcampo.es/media/he1/h89/9380005904414.jpg","name":"Pasta macarrones ecológicos integrales con espelta ECOCESTA 500 g.","price":"4,04 €","offer_price":0,"offer_type":null,"stock":false,"super":"alcampo"},{"img":"https://www.alcampo.es/media/h52/ha9/10546736562206.jpg","name":"Pasta macarrones multicereales quinoa, centeno malteado y trigo duro GALLO Nature 400gr","price":"1,42 €","offer_price":0,"offer_type":null,"stock":false,"super":"alcampo"},{"img":"https://www.alcampo.es/media/h94/h05/9775627796510.jpg","name":"Pasta tiburón al huevo PRODUCTO ALCAMPO paquete de 500 g.","price":"0,98 €","offer_price":0,"offer_type":null,"stock":false,"super":"alcampo"},{"img":"https://www.alcampo.es/media/h24/hc4/9513479307294.jpg","name":"Pasta Tortellini relleno ricotta y espinacas KNORR 250 g.","price":"2,59 €","offer_price":0,"offer_type":null,"stock":false,"super":"alcampo"},{"img":"https://www.alcampo.es/media/h32/h92/9224052801566.jpg","name":"Pasta spaguetti nero de seppia GAROFALO 500 g.","price":"3,20 €","offer_price":0,"offer_type":null,"stock":false,"super":"alcampo"},{"img":"https://www.alcampo.es/media/h68/hfc/8952524767262.jpg","name":"Pasta lasaña con espinacas EL PAVO paquete de 18 uds x 200 g.","price":"1,24 €","offer_price":0,"offer_type":null,"stock":false,"super":"alcampo"},{"img":"https://www.alcampo.es/media/h8c/h52/9374589485086.jpg","name":"Pasta canelones precocidos GALLO 80 gr.","price":"1,17 €","offer_price":0,"offer_type":null,"stock":false,"super":"alcampo"},{"img":"https://www.alcampo.es/media/h3e/h0a/8879079882782.jpg","name":"Pasta Fusilli al huevo ALCAMPO GOURMET 250 g.","price":"1,19 €","offer_price":0,"offer_type":null,"stock":false,"super":"alcampo"},{"img":"https://www.alcampo.es/media/h72/hda/9465812549662.jpg","name":"Pasta con forma de Simpsons ROMERO paquete de 500 g.","price":"1,22 €","offer_price":0,"offer_type":null,"stock":false,"super":"alcampo"},{"img":"https://www.alcampo.es/media/h0f/h5d/8877787578398.jpg","name":"Pasta Fusilli, pasta sin Gluten SAM MILLS 500 g.","price":"1,47 €","offer_price":0,"offer_type":null,"stock":false,"super":"alcampo"},{"img":"https://www.alcampo.es/media/haf/h74/9781099069470.jpg","name":"Pasta espagueti, al huevo PRODUCTO ALCAMPO paquete de 500 g.","price":"0,98 €","offer_price":0,"offer_type":null,"stock":false,"super":"alcampo"},{"img":"https://www.alcampo.es/media/h51/h99/8889607847966.jpg","name":"Pasta fideuá al huevo ALCAMPO GOURMET 250 g.","price":"1,19 €","offer_price":0,"offer_type":null,"stock":false,"super":"alcampo"},{"img":"https://www.alcampo.es/media/hd0/h85/9795278569502.jpg","name":"Salsa Bolognese Riche BARILLLA 400 g.","price":"2,89 €","offer_price":0,"offer_type":null,"stock":false,"super":"alcampo"},{"img":"https://www.alcampo.es/media/hee/h2e/9795309666334.jpg","name":"Pasta de sémola de trigo duro, penne tricolor BARILLA 500 g.","price":"1,68 €","offer_price":0,"offer_type":null,"stock":false,"super":"alcampo"},{"img":"https://www.alcampo.es/media/hac/h50/8895970738206.jpg","name":"Pasta macarrones a la carbonara YATEKOMO 100 g.","price":"1,56 €","offer_price":0,"offer_type":null,"stock":false,"super":"alcampo"},{"img":"https://www.alcampo.es/media/h92/hdb/10043911176222.jpg","name":"Pasta pluma con espinacas y tomate GALLO paquete 450 g.","price":"1,18 €","offer_price":0,"offer_type":null,"stock":false,"super":"alcampo"},{"img":"https://www.alcampo.es/media/h6a/h90/8879241494558.jpg","name":"Pasta letras con vegetales ROMERO paquete de 500 g.","price":"0,96 €","offer_price":0,"offer_type":null,"stock":false,"super":"alcampo"},{"img":"https://www.alcampo.es/media/h2b/hee/9130808410142.jpg","name":"Pasta Tortelloni rellenos con carne GALLO 200 g.","price":"1,18 €","offer_price":0,"offer_type":null,"stock":false,"super":"alcampo"},{"img":"https://www.alcampo.es/media/hd4/h84/9775609053214.jpg","name":"Pasta macarrón al huevo PRODUCTO ALCAMPO paquete de 500 g.","price":"0,98 €","offer_price":0,"offer_type":null,"stock":false,"super":"alcampo"},{"img":"https://www.alcampo.es/media/h3e/hc4/8895062867998.jpg","name":"Pasta Pipette, pasta sin gluten SAM MILLS, 500 gramos.","price":"1,47 €","offer_price":0,"offer_type":null,"stock":false,"super":"alcampo"},{"img":"https://www.alcampo.es/media/hb4/hcc/9273914392606.jpg","name":"Pasta espirales sin gluten PRODUCTO ALCAMPO 500 g.","price":"1,48 €","offer_price":0,"offer_type":null,"stock":false,"super":"alcampo"},{"img":"https://www.alcampo.es/media/h12/hd9/10562172551198.jpg","name":"Spaghetti (pasta) a base de lentejas BARILLA 250 g.","price":"3,43 €","offer_price":0,"offer_type":null,"stock":false,"super":"alcampo"},{"img":"https://www.alcampo.es/media/hff/h35/9273910067230.jpg","name":"Pasta spaghetti sin gluten PRODUCTO ALCAMPO 500 g.","price":"1,48 €","offer_price":0,"offer_type":null,"stock":false,"super":"alcampo"},{"img":"https://www.alcampo.es/media/h0a/h31/9273915539486.jpg","name":"Pasta plumas sin gluten PRODUCTO ALCAMPO 500 g.","price":"1,48 €","offer_price":0,"offer_type":null,"stock":false,"super":"alcampo"},{"img":"https://www.alcampo.es/media/he5/h44/9311371952158.jpg","name":"Pasta Casarecce ROMERO 500 g.","price":"1,37 €","offer_price":0,"offer_type":null,"stock":false,"super":"alcampo"},{"img":"https://www.alcampo.es/media/h82/hd7/8897052737566.jpg","name":"Pasta letras para niños, sin gluten SAN MILLS, 300 g.","price":"1,47 €","offer_price":0,"offer_type":null,"stock":false,"super":"alcampo"},{"img":"https://www.alcampo.es/media/h85/hc0/9502716198942.jpg","name":"Pesto alla Genovese HIDA 120 g.","price":"1,83 €","offer_price":0,"offer_type":null,"stock":false,"super":"alcampo"},{"img":"https://www.alcampo.es/media/ha4/h5e/8900363354142.jpg","name":"Pasta fideos Cabellines ecológicos ECOLECERA 500 g.","price":"1,62 €","offer_price":0,"offer_type":null,"stock":false,"super":"alcampo"},{"img":"https://www.alcampo.es/media/hcf/h08/10546411667486.jpg","name":"Pasta espaguetis ecológicos GALLO 500 g.","price":"1,32 €","offer_price":0,"offer_type":null,"stock":false,"super":"alcampo"},{"img":"https://www.alcampo.es/media/h56/h74/10834264064030.jpg","name":"Pasta pajarita mini GALLO 450 g.","price":"1,10 €","offer_price":0,"offer_type":null,"stock":false,"super":"alcampo"},{"img":"https://www.alcampo.es/media/h0b/hfb/9246386356254.jpg","name":"Pasta plumas vegetales (kale, espirulina y zanahoria) Nature GALLO 400 gr","price":"1,48 €","offer_price":0,"offer_type":null,"stock":false,"super":"alcampo"},{"img":"https://www.alcampo.es/media/he6/ha1/9600132808734.jpg","name":"Pasta fideos nª 0 al huevo GALLO 400 g.","price":"1,69 €","offer_price":0,"offer_type":null,"stock":false,"super":"alcampo"},{"img":"https://www.alcampo.es/media/h53/h4c/8896605913118.jpg","name":"Pasta Farfalle al huevo ALCAMPO GOURMET 250 g.","price":"1,19 €","offer_price":0,"offer_type":null,"stock":false,"super":"alcampo"},{"img":"https://www.alcampo.es/media/hf9/ha7/8898097315870.jpg","name":"Pasta Tagliatelle ROMERO 500 g.","price":"1,29 €","offer_price":0,"offer_type":null,"stock":false,"super":"alcampo"},{"img":"https://www.alcampo.es/media/hb9/h64/9032021803038.jpg","name":"Pasta macarrones 3 sabores ROMERO 500 gr","price":"1,35 €","offer_price":0,"offer_type":null,"stock":false,"super":"alcampo"},{"img":"https://www.alcampo.es/media/hdd/h93/8889970720798.jpg","name":"Pasta nido al huevo ALCAMPO GOURMET 250 g.","price":"1,19 €","offer_price":0,"offer_type":null,"stock":false,"super":"alcampo"},{"img":"https://www.alcampo.es/media/h99/hbe/8890735263774.jpg","name":"Pasta espirales con espinacas y tomate AGNESI paquete 500 g.","price":"1,45 €","offer_price":0,"offer_type":null,"stock":false,"super":"alcampo"},{"img":"https://www.alcampo.es/media/h0b/h55/8899610279966.jpg","name":"Pasta Fetuccini, pasta sin gluten SAM MILLS, 500 g.","price":"1,47 €","offer_price":0,"offer_type":null,"stock":false,"super":"alcampo"},{"img":"https://www.alcampo.es/media/h95/hc1/10853409882142.jpg","name":"Fideos sin gluten SAM MILLS 500 g.","price":"1,40 €","offer_price":0,"offer_type":null,"stock":false,"super":"alcampo"},{"img":"https://www.alcampo.es/media/hef/h73/8946602868766.jpg","name":"Pasta Espaguetis Ecológicos, pasta de sémola de trigo duro de calidad superior ECOLECERA 500 g.","price":"1,21 €","offer_price":0,"offer_type":null,"stock":false,"super":"alcampo"},{"img":"https://www.alcampo.es/media/hef/h98/10562006777886.jpg","name":"Casarecce (pasta) a base de garbanzos BARILLA 250 g.","price":"3,43 €","offer_price":0,"offer_type":null,"stock":false,"super":"alcampo"},{"img":"https://www.alcampo.es/media/h1d/h19/10562173698078.jpg","name":"Pesto rústico con Pomodoro Secchi BARILLA 200 g.","price":"2,81 €","offer_price":0,"offer_type":null,"stock":false,"super":"alcampo"},{"img":"https://www.alcampo.es/media/h44/ha5/8897708032030.jpg","name":"Pasta lasaña al huevo en placas precocidas AGNESI paquete 500 gr.","price":"2,55 €","offer_price":0,"offer_type":null,"stock":false,"super":"alcampo"},{"img":"https://www.alcampo.es/media/h1f/h9e/9465721290782.jpg","name":"Pasta espagueti Nº 3 AGNESI paquete de 1 kilogramo","price":"2,45 €","offer_price":0,"offer_type":null,"stock":false,"super":"alcampo"},{"img":"https://www.alcampo.es/media/ha2/hd5/9770117890078.jpg","name":"Pasta fideuá GALLINA BLANCA sobre de 129 g.","price":"2,20 €","offer_price":0,"offer_type":null,"stock":false,"super":"alcampo"},{"img":"https://www.alcampo.es/media/he1/hf1/8946619482142.jpg","name":"Pasta macarrones Ecológicos, pasta de sémola de trigo duro de calidad superior ECOLECERA 500 g.","price":"1,21 €","offer_price":0,"offer_type":null,"stock":false,"super":"alcampo"},{"img":"https://www.alcampo.es/media/ha9/h13/9023530598430.jpg","name":"Pasta nido al huevo ROMERO 500 gr","price":"1,39 €","offer_price":0,"offer_type":null,"stock":false,"super":"alcampo"},{"img":"https://www.alcampo.es/media/he1/h46/9042737397790.jpg","name":"Salsa boloñesa de atún estilo casero HIDA 350 g.","price":"1,70 €","offer_price":0,"offer_type":null,"stock":false,"super":"alcampo"},{"img":"https://www.alcampo.es/media/h91/he0/8893396615198.jpg","name":"Pasta espagueti AGNESI paquete de 500 gr.","price":"1,55 €","offer_price":0,"offer_type":null,"stock":false,"super":"alcampo"},{"img":"https://www.alcampo.es/media/hc9/he2/9005829718046.jpg","name":"Pasta fussiloni ROMERO 500 g.","price":"1,34 €","offer_price":0,"offer_type":null,"stock":false,"super":"alcampo"},{"img":"https://www.alcampo.es/media/h71/h07/8891857174558.jpg","name":"Pasta mijo pelado de agricultura ecológica SANTIVERI BIO 250 g.","price":"1,83 €","offer_price":0,"offer_type":null,"stock":false,"super":"alcampo"},{"img":"https://www.alcampo.es/media/hee/h7a/9130719412254.jpg","name":"Salsa nata carbonara PARMALAT 200 ml.","price":"1,59 €","offer_price":0,"offer_type":null,"stock":false,"super":"alcampo"},{"img":"https://www.alcampo.es/media/h4a/hda/10431655772190.jpg","name":"Salsa de albahacas y olivas ALVIANDA 250 g.","price":"1,10 €","offer_price":0,"offer_type":null,"stock":false,"super":"alcampo"},{"img":"https://www.alcampo.es/media/h58/h78/9676347015198.jpg","name":"Salsa Bolognesa GAROFALO 400 g.","price":"2,70 €","offer_price":0,"offer_type":null,"stock":false,"super":"alcampo"},{"img":"https://www.alcampo.es/media/hc6/h05/9042784026654.jpg","name":"Salsa napolitana. estilo casero HIDA 350 g.","price":"1,59 €","offer_price":0,"offer_type":null,"stock":false,"super":"alcampo"},{"img":"https://www.alcampo.es/media/hd9/h56/8952520507422.jpg","name":"Pasta Penne rigate AGNESI paquete de 500 gr.","price":"1,55 €","offer_price":0,"offer_type":null,"stock":false,"super":"alcampo"},{"img":"https://www.alcampo.es/media/h64/h46/8870166659102.jpg","name":"Pasta Conchigliette sin gluten (no contiene glutén, trigo, leche, levadura, sal y soya) SAM MILLS, 500 gr.","price":"1,47 €","offer_price":0,"offer_type":null,"stock":false,"super":"alcampo"},{"img":"https://www.alcampo.es/media/h5e/hcb/9224082161694.jpg","name":"Pasta lumaconi GAROFALO 500 gr","price":"2,74 €","offer_price":0,"offer_type":null,"stock":false,"super":"alcampo"},{"img":"https://www.alcampo.es/media/ha0/hb1/10431648038942.jpg","name":"Salsa Napolitana ALVIANDA 250 g.","price":"0,94 €","offer_price":0,"offer_type":null,"stock":false,"super":"alcampo"},{"img":"https://www.alcampo.es/media/h3b/hb3/9775638741022.jpg","name":"Pasta tricolor Lumaconi con espinacas y tomate PRODUCTO ALCAMPO 500 g.","price":"2,29 €","offer_price":0,"offer_type":null,"stock":false,"super":"alcampo"},{"img":"https://www.alcampo.es/media/hb5/hf8/10431662030878.jpg","name":"Salsa Provenzal ALVIANDA 250 g.","price":"1,10 €","offer_price":0,"offer_type":null,"stock":false,"super":"alcampo"},{"img":"https://www.alcampo.es/media/h85/h54/9775645622302.jpg","name":"Pasta tricolor Casereccis con espinacas y tomate PRODUCTO ALCAMPO 500 g.","price":"1,99 €","offer_price":0,"offer_type":null,"stock":false,"super":"alcampo"},{"img":"https://www.alcampo.es/media/h2d/hba/10431710232606.jpg","name":"Salsa para Boloñesa ALVIANDA 250 g.","price":"1,10 €","offer_price":0,"offer_type":null,"stock":false,"super":"alcampo"},{"img":"https://www.alcampo.es/media/hf7/h7b/9775607414814.jpg","name":"Pasta tricolor Orecchiete PRODUCTO ALCAMPO 500 g.","price":"2,19 €","offer_price":0,"offer_type":null,"stock":false,"super":"alcampo"},{"img":"https://www.alcampo.es/media/h1e/h9d/9679086878750.jpg","name":"Raviolis carne GALLO 500 g.","price":"1,98 €","offer_price":0,"offer_type":null,"stock":false,"super":"alcampo"},{"img":"https://www.alcampo.es/media/hc5/h37/10011659436062.jpg","name":"Pesto amarillo, salsa de pimiento amarillo, ricotta y nuez MAISON POTIER 180 g.","price":"3,99 €","offer_price":0,"offer_type":null,"stock":false,"super":"alcampo"},{"img":"https://www.alcampo.es/media/hff/hb2/9042786156574.jpg","name":"Salsa de chorizo, estilo casero HIDA 350 g.","price":"1,76 €","offer_price":0,"offer_type":null,"stock":false,"super":"alcampo"},{"img":"https://www.alcampo.es/media/h99/h0e/9775663284254.jpg","name":"Pasta Girandole PRODUCTO ALCAMPO paquete de 500 g.","price":"2,29 €","offer_price":0,"offer_type":null,"stock":false,"super":"alcampo"},{"img":"https://www.alcampo.es/media/h92/h39/10087835369502.jpg","name":"Pasta Fusilli Bucati Corti, pasta de sémola de trigo duro BARILLA 500 g.","price":"1,71 €","offer_price":0,"offer_type":null,"stock":false,"super":"alcampo"},{"img":"https://www.alcampo.es/media/hb9/hd4/9475612770334.jpg","name":"Fetuccine sabor ajo y picante ROMERO 200 g.","price":"1,82 €","offer_price":0,"offer_type":null,"stock":false,"super":"alcampo"},{"img":"https://www.alcampo.es/media/hd2/h56/9775648079902.jpg","name":"Pasta Calamarata al nero di seppia PRODUCTO ALCAMPO 500 g.","price":"2,99 €","offer_price":0,"offer_type":null,"stock":false,"super":"alcampo"},{"img":"https://www.alcampo.es/media/hc6/hbe/9379977330718.jpg","name":"Pasta de espagueti de trigo sarraceno ecológica ECOCESTA 500 g.","price":"3,81 €","offer_price":0,"offer_type":null,"stock":false,"super":"alcampo"},{"img":"https://www.alcampo.es/media/h78/h63/10027585437726.jpg","name":"Salsa de tomate con ternera guisada HELIOS DON GASPAR 420 g.","price":"3,68 €","offer_price":0,"offer_type":null,"stock":false,"super":"alcampo"},{"img":"https://www.alcampo.es/media/h23/h95/9861304811550.jpg","name":"Salsa pesto genovés con albahaca ecológica ALCE NERO 130 g.","price":"6,43 €","offer_price":0,"offer_type":null,"stock":false,"super":"alcampo"},{"img":"https://www.alcampo.es/media/h5f/h70/9475608576030.jpg","name":"Tagliatelle sabor limón y pimienta negra ROMERO 200 g.","price":"1,66 €","offer_price":0,"offer_type":null,"stock":false,"super":"alcampo"},{"img":"https://www.alcampo.es/media/hc8/h0e/10073575817246.jpg","name":"Pasta de sémola de grano duro Fusilli BORGES 500 g.","price":"1,45 €","offer_price":0,"offer_type":null,"stock":false,"super":"alcampo"},{"img":"https://www.alcampo.es/media/h42/ha3/8879434367006.jpg","name":"Pasta para niños, sin gluten SAN MILLS, 300 g.","price":"1,47 €","offer_price":0,"offer_type":null,"stock":false,"super":"alcampo"},{"img":"https://www.alcampo.es/media/hbf/hda/10073654067230.jpg","name":"Pasta de sémola de grano duro Penne Rigate BORGES 500 g.","price":"1,45 €","offer_price":0,"offer_type":null,"stock":false,"super":"alcampo"},{"img":"https://www.alcampo.es/media/he9/h0b/10073576964126.jpg","name":"Pasta de sémola de grano duro Spaghetti BORGES 500 g.","price":"1,45 €","offer_price":0,"offer_type":null,"stock":false,"super":"alcampo"}]