[{"img":"https://www.alcampo.es/media/h4d/h0e/9762355904542.jpg","name":"Sal fina PRODUCTO ALCAMPO 1 kg.","price":"0,22 €","offer_price":0,"offer_type":null,"stock":false,"super":"alcampo"},{"img":"https://www.alcampo.es/media/he0/ha4/9775644475422.jpg","name":"Sal gruesa marina PRODUCTO ALCAMPO 1 kg.","price":"0,21 €","offer_price":0,"offer_type":null,"stock":false,"super":"alcampo"},{"img":"https://www.alcampo.es/media/h79/h2b/9721446727710.jpg","name":"Sal yodada marina PRODUCTO ALCAMPO 1 kg.","price":"0,23 €","offer_price":0,"offer_type":null,"stock":false,"super":"alcampo"},{"img":"https://www.alcampo.es/media/h4f/h0a/9687721312286.jpg","name":"Bicarbonato sódico PRODUCTO ALCAMPO 200 g.","price":"0,45 €","offer_price":0,"offer_type":null,"stock":false,"super":"alcampo"},{"img":"https://www.alcampo.es/media/hfc/h51/8886104162334.jpg","name":"Sal yodada con flúor SAL COSTA 1 kg.","price":"0,61 €","offer_price":0,"offer_type":null,"stock":false,"super":"alcampo"},{"img":"https://www.alcampo.es/media/h6a/h33/8977412128798.jpg","name":"Sal natural COSTA 1 kg.","price":"0,68 €","offer_price":0,"offer_type":null,"stock":false,"super":"alcampo"},{"img":"https://www.alcampo.es/media/h11/h7d/8952425316382.jpg","name":"Sal yodada marina con flúor, magnesio, calcio y fósforo SAL COSTA 1 kg.","price":"0,90 €","offer_price":0,"offer_type":null,"stock":false,"super":"alcampo"},{"img":"https://www.alcampo.es/media/h10/h29/9600049053726.jpg","name":"Bicarbonato sódico CARMENCITA 1 kg.","price":"2,35 €","offer_price":0,"offer_type":null,"stock":false,"super":"alcampo"},{"img":"https://www.alcampo.es/media/h56/hfe/8889936773150.jpg","name":"Sal rosa fina del Himalaya especial para cocinar y sazonar SAL ROCA 500 g.","price":"2,33 €","offer_price":0,"offer_type":null,"stock":false,"super":"alcampo"},{"img":"https://www.alcampo.es/media/hec/h41/9379990896670.jpg","name":"Sal Marina fina ecológica ECOCESTA 1 kg.","price":"1,27 €","offer_price":0,"offer_type":null,"stock":false,"super":"alcampo"},{"img":"https://www.alcampo.es/media/hb1/h7c/8952680644638.jpg","name":"Sal yodada marina con ácido fólico SAL COSTA 1 kg.","price":"0,69 €","offer_price":0,"offer_type":null,"stock":false,"super":"alcampo"},{"img":"https://www.alcampo.es/media/h47/h34/8896877821982.jpg","name":"Sal marina en esamas MALDON 125 gramos.","price":"2,24 €","offer_price":0,"offer_type":null,"stock":false,"super":"alcampo"},{"img":"https://www.alcampo.es/media/h22/h69/9639172636702.jpg","name":"Sal fina con salero PRODUCTO ALCAMPO 250 g.","price":"0,35 €","offer_price":0,"offer_type":null,"stock":false,"super":"alcampo"},{"img":"https://www.alcampo.es/media/h9f/hed/9106574344222.jpg","name":"Sal especial yodada SAL ROCA 1 kg.","price":"0,52 €","offer_price":0,"offer_type":null,"stock":false,"super":"alcampo"},{"img":"https://www.alcampo.es/media/h55/h9c/8882562596894.jpg","name":"Bicarbonato sódico CARMENCITA 200 g.","price":"0,89 €","offer_price":0,"offer_type":null,"stock":false,"super":"alcampo"},{"img":"https://www.alcampo.es/media/he6/hdb/9106552193054.jpg","name":"Sal refinada marina SAL ROCA 1 kg.","price":"0,45 €","offer_price":0,"offer_type":null,"stock":false,"super":"alcampo"},{"img":"https://www.alcampo.es/media/hdd/h60/10554104217630.jpg","name":"Sal para hornear PRODUCTO ALCAMPO 2,5 kg.","price":"0,84 €","offer_price":0,"offer_type":null,"stock":false,"super":"alcampo"},{"img":"https://www.alcampo.es/media/h06/hcf/8896279609374.jpg","name":"Sal de alta cocina para hornear SAL COSTA 2 kg.","price":"1,71 €","offer_price":0,"offer_type":null,"stock":false,"super":"alcampo"},{"img":"https://www.alcampo.es/media/hf2/h99/9492132134942.jpg","name":"Sal fina de mesa CARMENCITA 200 g.","price":"0,88 €","offer_price":0,"offer_type":null,"stock":false,"super":"alcampo"},{"img":"https://www.alcampo.es/media/h74/h20/9512708472862.jpg","name":"Sal marina en escamas ALCAMPO GOURMET 125 g.","price":"1,84 €","offer_price":0,"offer_type":null,"stock":false,"super":"alcampo"},{"img":"https://www.alcampo.es/media/h9c/hb6/8868410949662.jpg","name":"Sal rosa del Himalaya MOLÍ DE POMERÍ 250 g.","price":"3,75 €","offer_price":0,"offer_type":null,"stock":false,"super":"alcampo"},{"img":"https://www.alcampo.es/media/ha1/h02/9811212795934.jpg","name":"Sal de frutas de limón PRODUCTO ALCAMPO 200 g.","price":"1,56 €","offer_price":0,"offer_type":null,"stock":false,"super":"alcampo"},{"img":"https://www.alcampo.es/media/h4b/h4d/9117614899230.jpg","name":"Bicarbonato para uso doméstico SAL COSTA 200 g.","price":"0,74 €","offer_price":0,"offer_type":null,"stock":false,"super":"alcampo"},{"img":"https://www.alcampo.es/media/h17/hd6/8900342841374.jpg","name":"Bicarbonato sódico para uso alimenticio EL TIGRE 150 g.","price":"0,95 €","offer_price":0,"offer_type":null,"stock":false,"super":"alcampo"},{"img":"https://www.alcampo.es/media/h94/h7a/8901720277022.jpg","name":"Sal gruesa refinada marina SAL ROCA 5 kg.","price":"1,91 €","offer_price":0,"offer_type":null,"stock":false,"super":"alcampo"},{"img":"https://www.alcampo.es/media/h0d/h8f/9106540593182.jpg","name":"Molinillo sal rosa del Himalaya CARMENCITA 110 g.","price":"2,75 €","offer_price":0,"offer_type":null,"stock":false,"super":"alcampo"},{"img":"https://www.alcampo.es/media/hfb/h63/9379990274078.jpg","name":"Sal ecológica marina gruesa ECOCESTA 1 kg.","price":"1,34 €","offer_price":0,"offer_type":null,"stock":false,"super":"alcampo"},{"img":"https://www.alcampo.es/media/hb6/h08/8874436395038.jpg","name":"Sal negra del Himalaya FOSSIL RIVER 150 g.","price":"3,19 €","offer_price":0,"offer_type":null,"stock":false,"super":"alcampo"},{"img":"https://www.alcampo.es/media/hd9/h65/9465787219998.jpg","name":"Sal sin sodio CARMENCITA 110 g.","price":"1,41 €","offer_price":0,"offer_type":null,"stock":false,"super":"alcampo"},{"img":"https://www.alcampo.es/media/hd4/hbb/9011526238238.jpg","name":"Flor de sal LE SSUNIER DE CAMARGUE 125 g.","price":"3,90 €","offer_price":0,"offer_type":null,"stock":false,"super":"alcampo"},{"img":"https://www.alcampo.es/media/h99/hf4/9193413640222.jpg","name":"Sal rosa Himalaya CARMENCITA 370 g","price":"6,06 €","offer_price":0,"offer_type":null,"stock":false,"super":"alcampo"},{"img":"https://www.alcampo.es/media/hdb/h45/9687723474974.jpg","name":"Sal con reducido contenido de sodio PRODUCTO ALCAMPO 250 g.","price":"1,25 €","offer_price":0,"offer_type":null,"stock":false,"super":"alcampo"},{"img":"https://www.alcampo.es/media/h6f/hcf/9294765195294.jpg","name":"Sal en pétalos FOSSIL RIVER 300 g.","price":"3,99 €","offer_price":0,"offer_type":null,"stock":false,"super":"alcampo"},{"img":"https://www.alcampo.es/media/hb9/h8a/8868715298846.jpg","name":"Sal marina especial para hornear SAL ROCA 2 kg.","price":"1,26 €","offer_price":0,"offer_type":null,"stock":false,"super":"alcampo"},{"img":"https://www.alcampo.es/media/h22/hac/8960077529118.jpg","name":"Sal marina en escamas FALKSALT 125 g.","price":"2,75 €","offer_price":0,"offer_type":null,"stock":false,"super":"alcampo"},{"img":"https://www.alcampo.es/media/h84/hc1/9305111658526.jpg","name":"Sal marina mediterránea en molinillo CARMENCITA 360 g.","price":"5,16 €","offer_price":0,"offer_type":null,"stock":false,"super":"alcampo"},{"img":"https://www.alcampo.es/media/hb3/hdf/9106559795230.jpg","name":"Salero de mesa SAL ROCA 200 g.","price":"0,81 €","offer_price":0,"offer_type":null,"stock":false,"super":"alcampo"},{"img":"https://www.alcampo.es/media/hf4/h82/10566527254558.jpg","name":"Sal del Himalaya CONCA 250 g.","price":"3,44 €","offer_price":0,"offer_type":null,"stock":false,"super":"alcampo"},{"img":"https://www.alcampo.es/media/hcf/hdc/8867733110814.jpg","name":"Sal especial para preparar salmón ahumado SAL ROCA 1 kg.","price":"3,71 €","offer_price":0,"offer_type":null,"stock":false,"super":"alcampo"},{"img":"https://www.alcampo.es/media/h91/h8e/8952465260574.jpg","name":"Sal de fruta SAL COSTA 150 g.","price":"2,99 €","offer_price":0,"offer_type":null,"stock":false,"super":"alcampo"},{"img":"https://www.alcampo.es/media/h26/h5d/8881615863838.jpg","name":"Sal marina en escamas SAL ROCA 250 g.","price":"4,07 €","offer_price":0,"offer_type":null,"stock":false,"super":"alcampo"},{"img":"https://www.alcampo.es/media/h6f/hef/9512719384606.jpg","name":"Sal marina aroma de trufa y aceituna negra ALCAMPO GOURMET 200 g","price":"2,15 €","offer_price":0,"offer_type":null,"stock":false,"super":"alcampo"},{"img":"https://www.alcampo.es/media/hd1/h7c/8880692854814.jpg","name":"Sal rosa del Himalaya FOSSIL RIVER 150 g.","price":"2,65 €","offer_price":0,"offer_type":null,"stock":false,"super":"alcampo"},{"img":"https://www.alcampo.es/media/hcd/h5f/8896347308062.jpg","name":"Sal marina en escamas SAL COSTA Essentiel 175 g.","price":"3,44 €","offer_price":0,"offer_type":null,"stock":false,"super":"alcampo"},{"img":"https://www.alcampo.es/media/hff/h03/9294750875678.jpg","name":"Sal marina con hierbas en molinillo CARMENCITA 60 g.","price":"2,75 €","offer_price":0,"offer_type":null,"stock":false,"super":"alcampo"},{"img":"https://www.alcampo.es/media/h8a/h92/8952514904094.jpg","name":"Sal yodada dietética hiposódica SOFAR 500 g.","price":"7,47 €","offer_price":0,"offer_type":null,"stock":false,"super":"alcampo"},{"img":"https://www.alcampo.es/media/h31/hda/10564402216990.jpg","name":"Sal rosa del Himalaya DUCROS 90 g.","price":"2,18 €","offer_price":0,"offer_type":null,"stock":false,"super":"alcampo"},{"img":"https://www.alcampo.es/media/hee/h85/9005865205790.jpg","name":"Cristales de sal CARMENCITA 85 g.","price":"2,99 €","offer_price":0,"offer_type":null,"stock":false,"super":"alcampo"},{"img":"https://www.alcampo.es/media/h0f/hc3/8960268730398.jpg","name":"Sal negra del Himalaya en pétalos FOSSIL RIVER 120 g.","price":"2,25 €","offer_price":0,"offer_type":null,"stock":false,"super":"alcampo"},{"img":"https://www.alcampo.es/media/h21/h22/10564350836766.jpg","name":"Sal negra de Chipre DUCROS 50 g.","price":"3,03 €","offer_price":0,"offer_type":null,"stock":false,"super":"alcampo"},{"img":"https://www.alcampo.es/media/h17/ha7/9217368358942.jpg","name":"Sal negra en escamas FALKSALT 125 g","price":"3,20 €","offer_price":0,"offer_type":null,"stock":false,"super":"alcampo"},{"img":"https://www.alcampo.es/media/h78/h4d/10608096411678.jpg","name":"Escamas de sal natural MARISA MARYSALT 200 g.","price":"2,99 €","offer_price":0,"offer_type":null,"stock":false,"super":"alcampo"},{"img":"https://www.alcampo.es/media/h76/hc1/10435491430430.jpg","name":"Sal con - 30 % sodio SAL COSTA 900 g.","price":"2,74 €","offer_price":0,"offer_type":null,"stock":false,"super":"alcampo"},{"img":"https://www.alcampo.es/media/hc3/h48/10608075145246.jpg","name":"Sal del Himalaya MARISA MARYSALT 100 g.","price":"3,71 €","offer_price":0,"offer_type":null,"stock":false,"super":"alcampo"},{"img":"https://www.alcampo.es/media/h21/h12/10608081862686.jpg","name":"Escamas de sal al limón MARISA MARYSAL 100 g.","price":"2,99 €","offer_price":0,"offer_type":null,"stock":false,"super":"alcampo"},{"img":"https://www.alcampo.es/media/h5c/hf0/10608089694238.jpg","name":"Escamas de sal pimentón MARISA MARYSALT 100 g.","price":"2,99 €","offer_price":0,"offer_type":null,"stock":false,"super":"alcampo"}]