[{"img":"https://www.alcampo.es/media/h38/h6e/10777637683230.jpg","name":"Tomate frito ORLANDO 3 uds. 210 g.","price":"1,22 €","offer_price":0,"offer_type":null,"stock":false,"super":"alcampo"},{"img":"https://www.alcampo.es/media/h96/h4c/9758506352670.jpg","name":"Tomate frito PRODUCTO ALCAMPO brik de 390 g.","price":"0,39 €","offer_price":0,"offer_type":null,"stock":false,"super":"alcampo"},{"img":"https://www.alcampo.es/media/h67/hce/9612731613214.jpg","name":"Tomate frito PRODUCTO ECONÓMICO ALCAMPO brik de 390 g.","price":"0,29 €","offer_price":0,"offer_type":null,"stock":false,"super":"alcampo"},{"img":"https://www.alcampo.es/media/heb/h52/9627321565214.jpg","name":"Tomate frito PRODUCTO ALCAMPO frasco de 560 g.","price":"0,65 €","offer_price":0,"offer_type":null,"stock":false,"super":"alcampo"},{"img":"https://www.alcampo.es/media/h13/haf/9645029752862.jpg","name":"Tomate frito PRODUCTO ALCAMPO brik de 3 uds x 210 g.","price":"0,72 €","offer_price":0,"offer_type":null,"stock":false,"super":"alcampo"},{"img":"https://www.alcampo.es/media/h6c/hd1/10826922623006.jpg","name":"Tomate frito ORLANDO brik de 3 uds x 350 g.","price":"2,53 €","offer_price":0,"offer_type":null,"stock":false,"super":"alcampo"},{"img":"https://www.alcampo.es/media/h7b/h6e/10777745850398.gif","name":"Tomate frito ORLANDO brik de 350 g.","price":"0,67 €","offer_price":0,"offer_type":null,"stock":false,"super":"alcampo"},{"img":"https://www.alcampo.es/media/h8e/h85/9285231902750.jpg","name":"Tomate frito casero con aceite de oliva virgen extra HIDA lata de 400 g.","price":"1,11 €","offer_price":0,"offer_type":null,"stock":false,"super":"alcampo"},{"img":"https://www.alcampo.es/media/h9a/h46/10777771638814.jpg","name":"Tomate frito ORLANDO 780 g.","price":"1,07 €","offer_price":0,"offer_type":null,"stock":false,"super":"alcampo"},{"img":"https://www.alcampo.es/media/hfe/h92/10226711068702.jpg","name":"Tomate frito SOLÍS brik de 350 g.","price":"0,58 €","offer_price":0,"offer_type":null,"stock":false,"super":"alcampo"},{"img":"https://www.alcampo.es/media/ha1/hd8/9263305097246.jpg","name":"Tomate frito SOLÍS frasco de 360 g.","price":"0,80 €","offer_price":0,"offer_type":null,"stock":false,"super":"alcampo"},{"img":"https://www.alcampo.es/media/h28/ha2/10033673011230.jpg","name":"Tomate frito SOLÍS frasco de 725 g.","price":"1,87 €","offer_price":0,"offer_type":null,"stock":false,"super":"alcampo"},{"img":"https://www.alcampo.es/media/h6f/h67/10292659093534.jpg","name":"Tomate frito con aceite de oliva PRODUCTO ALCAMPO 390 g.","price":"0,57 €","offer_price":0,"offer_type":null,"stock":false,"super":"alcampo"},{"img":"https://www.alcampo.es/media/h0e/h81/9285217845278.jpg","name":"Tomate frito HIDA frasco de 350 g.","price":"1,18 €","offer_price":0,"offer_type":null,"stock":false,"super":"alcampo"},{"img":"https://www.alcampo.es/media/h56/h5c/9336521293854.jpg","name":"Tomate frito estilo casero SOLÍS brik de 350 g.","price":"0,93 €","offer_price":0,"offer_type":null,"stock":false,"super":"alcampo"},{"img":"https://www.alcampo.es/media/hcd/h91/9285237276702.jpg","name":"Tomate frito ecológico HIDA 350 g.","price":"1,82 €","offer_price":0,"offer_type":null,"stock":false,"super":"alcampo"},{"img":"https://www.alcampo.es/media/h17/hd3/8952673271838.jpg","name":"Tomate frito HELIOS 570 g.","price":"1,19 €","offer_price":0,"offer_type":null,"stock":false,"super":"alcampo"},{"img":"https://www.alcampo.es/media/hdc/h4c/10777792577566.jpg","name":"Tomate frito 0,0, sin sal y sin azúcar añadidos ORLANDO brik de 350 g.","price":"0,93 €","offer_price":0,"offer_type":null,"stock":false,"super":"alcampo"},{"img":"https://www.alcampo.es/media/h17/hf2/9336528896030.jpg","name":"Tomate frito SOLIS 3 x 200 g.","price":"1,38 €","offer_price":0,"offer_type":null,"stock":false,"super":"alcampo"},{"img":"https://www.alcampo.es/media/h30/hca/10569083322398.jpg","name":"Tomate frito ALCAMPO ECOLÓGICO tarro de 340 ml.","price":"1,27 €","offer_price":0,"offer_type":null,"stock":false,"super":"alcampo"},{"img":"https://www.alcampo.es/media/h78/h6f/10777770360862.jpg","name":"Tomate frito con aceite de oliva virgen extra ORLANDO brik de 3 uds x 210 g.","price":"1,85 €","offer_price":0,"offer_type":null,"stock":false,"super":"alcampo"},{"img":"https://www.alcampo.es/media/hd1/h6f/9391605153822.jpg","name":"Tomate frito CELORRIO 560 g.","price":"0,87 €","offer_price":0,"offer_type":null,"stock":false,"super":"alcampo"},{"img":"https://www.alcampo.es/media/hdb/h0e/9627346599966.jpg","name":"Tomate frito PRODUCTO ALCAMPO frasco de 350 g.","price":"0,55 €","offer_price":0,"offer_type":null,"stock":false,"super":"alcampo"},{"img":"https://www.alcampo.es/media/hcc/h60/10911503941662.jpg","name":"Tomate frito en aceite de oliva ORLANDO 3 uds.x 350 g.","price":"2,35 €","offer_price":0,"offer_type":null,"stock":false,"super":"alcampo"},{"img":"https://www.alcampo.es/media/h81/hda/8935540195358.jpg","name":"Tomate frito casero SOLÍS frasco de 350 g.","price":"1,49 €","offer_price":0,"offer_type":null,"stock":false,"super":"alcampo"},{"img":"https://www.alcampo.es/media/hb4/h24/9627373174814.jpg","name":"Tomate frito al estilo casero PRODUCTO ALCAMPO frasco de 350 g.","price":"1,40 €","offer_price":0,"offer_type":null,"stock":false,"super":"alcampo"},{"img":"https://www.alcampo.es/media/hfd/hc0/10628303159326.jpg","name":"Tomate frito HERO frasco de 370 g.","price":"1,49 €","offer_price":0,"offer_type":null,"stock":false,"super":"alcampo"},{"img":"https://www.alcampo.es/media/he3/ha6/8929811595294.jpg","name":"Tomate frito CARRETILLA brik de 390 g.","price":"0,55 €","offer_price":0,"offer_type":null,"stock":false,"super":"alcampo"},{"img":"https://www.alcampo.es/media/h74/h78/9285241700382.jpg","name":"Tomate frito HIDA 3 uds x 155 g.","price":"1,86 €","offer_price":0,"offer_type":null,"stock":false,"super":"alcampo"},{"img":"https://www.alcampo.es/media/h88/hc5/8971143249950.jpg","name":"Tomate Salsa casera HELIOS frasco de 570 g.","price":"1,60 €","offer_price":0,"offer_type":null,"stock":false,"super":"alcampo"},{"img":"https://www.alcampo.es/media/h37/h1d/10786583379998.jpg","name":"Tomate frito ORLANDO frasco 500 g.","price":"0,98 €","offer_price":0,"offer_type":null,"stock":false,"super":"alcampo"},{"img":"https://www.alcampo.es/media/h00/h06/8896985432094.jpg","name":"Tomate casero (sofrito) FERRER frasco de 350 g.","price":"1,48 €","offer_price":0,"offer_type":null,"stock":false,"super":"alcampo"},{"img":"https://www.alcampo.es/media/he9/h3b/10777771245598.jpg","name":"Tomate frito ecológico y sin gluten ORLANDO 500 g.","price":"1,97 €","offer_price":0,"offer_type":null,"stock":false,"super":"alcampo"},{"img":"https://www.alcampo.es/media/hd3/hb4/9263337242654.jpg","name":"Tomate frito casero SOLÍS. pack de 3 uds x 100 g..","price":"1,31 €","offer_price":0,"offer_type":null,"stock":false,"super":"alcampo"},{"img":"https://www.alcampo.es/media/h8d/hb6/10777805062174.jpg","name":"Tomate frito ORLANDO lata de 400 g.","price":"0,72 €","offer_price":0,"offer_type":null,"stock":false,"super":"alcampo"},{"img":"https://www.alcampo.es/media/h57/h75/9586269061150.jpg","name":"Tomate frito casero ORLANDO 500 g.","price":"1,55 €","offer_price":0,"offer_type":null,"stock":false,"super":"alcampo"},{"img":"https://www.alcampo.es/media/hd5/h2d/9285232558110.jpg","name":"Tomate frito light HIDA 340 g.","price":"1,06 €","offer_price":0,"offer_type":null,"stock":false,"super":"alcampo"},{"img":"https://www.alcampo.es/media/h28/h78/10416167878686.jpg","name":"Tomate frito con aceite de oliva SOLIS 360 g.","price":"1,47 €","offer_price":0,"offer_type":null,"stock":false,"super":"alcampo"},{"img":"https://www.alcampo.es/media/h46/h47/8935546585118.jpg","name":"Tomate frito con aceite de oliva virgen extra HELIOS frasco de 560 g.","price":"1,83 €","offer_price":0,"offer_type":null,"stock":false,"super":"alcampo"},{"img":"https://www.alcampo.es/media/h31/hba/9105283579934.jpg","name":"Tomate frito PEDRO LUIS 340 g.","price":"1,47 €","offer_price":0,"offer_type":null,"stock":false,"super":"alcampo"},{"img":"https://www.alcampo.es/media/hd2/hbc/9586276696094.jpg","name":"Tomate frito ORLANDO lata de 800 g.","price":"1,33 €","offer_price":0,"offer_type":null,"stock":false,"super":"alcampo"},{"img":"https://www.alcampo.es/media/hd3/h67/8959674155038.jpg","name":"Tomate frito ligero y suave HIDA frasco de 290 g.","price":"1,33 €","offer_price":0,"offer_type":null,"stock":false,"super":"alcampo"},{"img":"https://www.alcampo.es/media/h8a/h52/9313600929822.jpg","name":"Tomate frito SOLÍS 2 x 350 g.","price":"0,94 €","offer_price":0,"offer_type":null,"stock":false,"super":"alcampo"},{"img":"https://www.alcampo.es/media/h9f/hff/9477024251934.jpg","name":"Tomate frito de temporada HERO frasco de 370 g.","price":"1,78 €","offer_price":0,"offer_type":null,"stock":false,"super":"alcampo"},{"img":"https://www.alcampo.es/media/h96/h08/10804224491550.jpg","name":"Tomate frito, receta artesana ORLANDO 500 g","price":"2,02 €","offer_price":0,"offer_type":null,"stock":false,"super":"alcampo"},{"img":"https://www.alcampo.es/media/h75/h23/10651967488030.jpg","name":"Tomate frito con aceite de oliva virgen extra ORLANDO brik de 780 g.","price":"1,78 €","offer_price":0,"offer_type":null,"stock":false,"super":"alcampo"},{"img":"https://www.alcampo.es/media/h72/h46/8965289476126.jpg","name":"Tomate frito, receta clásica STARLUX 390 g.","price":"0,77 €","offer_price":0,"offer_type":null,"stock":false,"super":"alcampo"},{"img":"https://www.alcampo.es/media/ha1/h0d/9627334803486.jpg","name":"Tomate frito con aceite de oliva ALCAMPO GOURMET 350 g.","price":"1,79 €","offer_price":0,"offer_type":null,"stock":false,"super":"alcampo"},{"img":"https://www.alcampo.es/media/hf4/h50/9606603997214.jpg","name":"Tomate triturado ecológico ALCAMPO PRODUCCIÓN CONTROLADA ECOLÓGICO 680 g.","price":"2,99 €","offer_price":0,"offer_type":null,"stock":false,"super":"alcampo"},{"img":"https://www.alcampo.es/media/h40/hf3/10786578923550.jpg","name":"Tomate frito con aceite de oliva virgen extra ORLANDO brik de 350 g.","price":"0,89 €","offer_price":0,"offer_type":null,"stock":false,"super":"alcampo"},{"img":"https://www.alcampo.es/media/h96/ha1/10777785040926.jpg","name":"Tomate frito con aceite de oliva virgen extra, ORLANDO, tarro de 500 g.","price":"1,62 €","offer_price":0,"offer_type":null,"stock":false,"super":"alcampo"},{"img":"https://www.alcampo.es/media/h96/he5/8952538562590.jpg","name":"Tomate frito SOLÍS lata de 140 g.","price":"0,46 €","offer_price":0,"offer_type":null,"stock":false,"super":"alcampo"},{"img":"https://www.alcampo.es/media/h83/hd5/9490624905246.jpg","name":"Tomate frito estilo casero HIDA 560 g.","price":"2,15 €","offer_price":0,"offer_type":null,"stock":false,"super":"alcampo"},{"img":"https://www.alcampo.es/media/h50/hba/9263331737630.jpg","name":"Tomate frito con aceite de oliva SOLÍS brik de 400 g.","price":"1,04 €","offer_price":0,"offer_type":null,"stock":false,"super":"alcampo"},{"img":"https://www.alcampo.es/media/h68/h51/8965289803806.jpg","name":"Tomate frito STARLUX 400 g.","price":"0,92 €","offer_price":0,"offer_type":null,"stock":false,"super":"alcampo"},{"img":"https://www.alcampo.es/media/h4c/h5b/9005798359070.jpg","name":"Tomate frito receta artesana HELIOS 570 g.","price":"2,23 €","offer_price":0,"offer_type":null,"stock":false,"super":"alcampo"},{"img":"https://www.alcampo.es/media/h60/hb8/9596483305502.jpg","name":"Tomate frito en aceite de oliva ESCAMEZ 560 g","price":"1,68 €","offer_price":0,"offer_type":null,"stock":false,"super":"alcampo"},{"img":"https://www.alcampo.es/media/hae/h0c/9627308654622.jpg","name":"Tomate frito con cebolla y aceite de oliva ALCAMPO GOURMET 350 g.","price":"1,79 €","offer_price":0,"offer_type":null,"stock":false,"super":"alcampo"},{"img":"https://www.alcampo.es/media/h5b/hd2/8952444452894.jpg","name":"Tomate cocinado GVTARRA frasco de 660 g.","price":"2,39 €","offer_price":0,"offer_type":null,"stock":false,"super":"alcampo"},{"img":"https://www.alcampo.es/media/h33/he8/9606613925918.jpg","name":"Tomate frito de temporada ecológico ALCAMPO PRODUCCIÓN CONTROLADA ECOLÓGICO 340 g.","price":"2,99 €","offer_price":0,"offer_type":null,"stock":false,"super":"alcampo"},{"img":"https://www.alcampo.es/media/h6c/h0f/8965278662686.jpg","name":"Tomate frito casero MENSAJERO 400 g.","price":"1,49 €","offer_price":0,"offer_type":null,"stock":false,"super":"alcampo"},{"img":"https://www.alcampo.es/media/h2f/h28/9770007232542.jpg","name":"Salsa casera de tomate ecológico HUERA BERCIANA 240 g.","price":"2,15 €","offer_price":0,"offer_type":null,"stock":false,"super":"alcampo"},{"img":"https://www.alcampo.es/media/h91/hdf/9252864655390.jpg","name":"Tomate frito sin azucares añadidos IBSA 350 g.","price":"1,42 €","offer_price":0,"offer_type":null,"stock":false,"super":"alcampo"},{"img":"https://www.alcampo.es/media/h0d/hd9/10431674941470.jpg","name":"Tomate frito ALVIANDA 700 g.","price":"1,29 €","offer_price":0,"offer_type":null,"stock":false,"super":"alcampo"},{"img":"https://www.alcampo.es/media/h8f/hd2/8980781498398.jpg","name":"Tomate frito ecológico con pimiento asado HIDA 350 g.","price":"1,83 €","offer_price":0,"offer_type":null,"stock":false,"super":"alcampo"},{"img":"https://www.alcampo.es/media/h46/h44/10027629674526.jpg","name":"Tomate frito HELIOS DON GASPAR 420 g.","price":"1,78 €","offer_price":0,"offer_type":null,"stock":false,"super":"alcampo"},{"img":"https://www.alcampo.es/media/h0c/h7f/10431643516958.jpg","name":"Tomate frito ALVIANDA 360 g.","price":"0,79 €","offer_price":0,"offer_type":null,"stock":false,"super":"alcampo"},{"img":"https://www.alcampo.es/media/h35/hba/10212386897950.jpg","name":"Salsa de tomate de temporada ecológica, con un toque de cúrcuma y jengibre ALCAMPO PRODUCCION CONTROLADA ECOLÓGICO 340 g.","price":"3,15 €","offer_price":0,"offer_type":null,"stock":false,"super":"alcampo"},{"img":"https://www.alcampo.es/media/h9c/h01/9032019345438.jpg","name":"Tomate entero ecológico TERRA VERTE 205 g.","price":"1,92 €","offer_price":0,"offer_type":null,"stock":false,"super":"alcampo"},{"img":"https://www.alcampo.es/media/hcc/h9a/9606630932510.jpg","name":"Confitura extra de tomate ecológica ALCAMPO PRODUCCIÓN CONTROLADA ECOLÓGICO 270 g.","price":"3,49 €","offer_price":0,"offer_type":null,"stock":false,"super":"alcampo"},{"img":"https://www.alcampo.es/media/h6e/h1d/9229206421534.jpg","name":"Salsa mayonesa bocabajo HELLMANN'S bote de 430 ml.","price":"1,98 €","offer_price":0,"offer_type":null,"stock":false,"super":"alcampo"},{"img":"https://www.alcampo.es/media/h81/hfc/10712361467934.jpg","name":"Salsa mayonesa HELLMANN'S 225 ml.","price":"0,99 €","offer_price":0,"offer_type":null,"stock":false,"super":"alcampo"},{"img":"https://www.alcampo.es/media/h79/h93/10546337054750.jpg","name":"Mayonesa HELLMANN'S 440 +10 ml.","price":"1,95 €","offer_price":0,"offer_type":null,"stock":false,"super":"alcampo"},{"img":"https://www.alcampo.es/media/he4/h20/10911355764766.jpg","name":"Salsa ligera LIGERESA 450 ml.","price":"1,95 €","offer_price":0,"offer_type":null,"stock":false,"super":"alcampo"},{"img":"https://www.alcampo.es/media/h86/h6f/9762346991646.jpg","name":"Salsa mayonesa bocabajo PRODUCTO ALCAMPO bote de 300 ml.","price":"0,71 €","offer_price":0,"offer_type":null,"stock":false,"super":"alcampo"},{"img":"https://www.alcampo.es/media/h43/h79/9807856467998.jpg","name":"Salsa mayonesa PRODUCTO ALCAMPO frasco de 450 ml.","price":"0,86 €","offer_price":0,"offer_type":null,"stock":false,"super":"alcampo"},{"img":"https://www.alcampo.es/media/hd3/hee/9229187219486.jpg","name":"Salsa mayonesa HELLMANN'S frasco de 825 ml.","price":"2,54 €","offer_price":0,"offer_type":null,"stock":false,"super":"alcampo"},{"img":"https://www.alcampo.es/media/h65/haa/9630069981214.jpg","name":"Salsa mayonesa YBARRA frasco de 450 ml.","price":"1,46 €","offer_price":0,"offer_type":null,"stock":false,"super":"alcampo"},{"img":"https://www.alcampo.es/media/hbc/hd0/9358411169822.jpg","name":"Mayonesa bocabajo YBARRA 400 ml.","price":"1,27 €","offer_price":0,"offer_type":null,"stock":false,"super":"alcampo"},{"img":"https://www.alcampo.es/media/h07/h68/10652085878814.jpg","name":"Salsa mayonesa elaborada con huevos de gallinas camperas HEINZ bote de 400 ml.","price":"1,96 €","offer_price":0,"offer_type":null,"stock":false,"super":"alcampo"},{"img":"https://www.alcampo.es/media/h32/h61/9583740518430.jpg","name":"Mayonesa, salsa bocabajo LIGERESA 430 ml.","price":"2,23 €","offer_price":0,"offer_type":null,"stock":false,"super":"alcampo"},{"img":"https://www.alcampo.es/media/h1c/hd8/10802612863006.jpg","name":"Mayonesa casera CALVÉ 430 ml.","price":"1,93 €","offer_price":0,"offer_type":null,"stock":false,"super":"alcampo"},{"img":"https://www.alcampo.es/media/hae/hae/8929094008862.jpg","name":"Salsa mayonesa MUSA frasco de 450 milils","price":"1,55 €","offer_price":0,"offer_type":null,"stock":false,"super":"alcampo"},{"img":"https://www.alcampo.es/media/h4d/h45/9229304594462.jpg","name":"Salsa mayonesa bocabajo HELLMANN'S bote de 250 ml.","price":"1,31 €","offer_price":0,"offer_type":null,"stock":false,"super":"alcampo"},{"img":"https://www.alcampo.es/media/he0/h97/9229233815582.jpg","name":"Salsa fina bocabajo LIGERESA 225 ml.","price":"0,94 €","offer_price":0,"offer_type":null,"stock":false,"super":"alcampo"},{"img":"https://www.alcampo.es/media/h43/hf3/10652102328350.jpg","name":"Mayonesa. salsa fina KRAFT 500 ml.","price":"1,64 €","offer_price":0,"offer_type":null,"stock":false,"super":"alcampo"},{"img":"https://www.alcampo.es/media/hc2/h39/8929745862686.jpg","name":"Salsa fina CALVÉ 225 ml.","price":"1 €","offer_price":0,"offer_type":null,"stock":false,"super":"alcampo"},{"img":"https://www.alcampo.es/media/hab/he6/9358403960862.jpg","name":"Mayonesa 100% aceite de oliva YBARRA 225 ml.","price":"1,56 €","offer_price":0,"offer_type":null,"stock":false,"super":"alcampo"},{"img":"https://www.alcampo.es/media/hac/h87/9358284652574.jpg","name":"Mayonesa YBARRA 750 ml.","price":"2,24 €","offer_price":0,"offer_type":null,"stock":false,"super":"alcampo"},{"img":"https://www.alcampo.es/media/h84/hae/9041954275358.jpg","name":"Salsa mayonesa PRIMA bote de 400 milils","price":"1,53 €","offer_price":0,"offer_type":null,"stock":false,"super":"alcampo"},{"img":"https://www.alcampo.es/media/hd7/hef/10005723643934.jpg","name":"Salsa mayonesa LIGERESA NATURE 430 ml.","price":"1,77 €","offer_price":0,"offer_type":null,"stock":false,"super":"alcampo"},{"img":"https://www.alcampo.es/media/hf1/h46/9044997111838.jpg","name":"Salsa mayonesa en monodosis suave PRIMA bolsa de 10 milils pack de 15 uds.","price":"1,25 €","offer_price":0,"offer_type":null,"stock":false,"super":"alcampo"},{"img":"https://www.alcampo.es/media/h62/hdd/9358396588062.jpg","name":"Mayonesa YBARRA 225 ml.","price":"0,98 €","offer_price":0,"offer_type":null,"stock":false,"super":"alcampo"},{"img":"https://www.alcampo.es/media/h74/hfe/9629470294046.jpg","name":"Salsa mayonesa ligera bocabajo YBARRA 400 ml.","price":"1,23 €","offer_price":0,"offer_type":null,"stock":false,"super":"alcampo"},{"img":"https://www.alcampo.es/media/hcd/h7a/10802625118238.jpg","name":"Salsa ligera casera CALVE BOCABAJO 400 ml.","price":"1,66 €","offer_price":0,"offer_type":null,"stock":false,"super":"alcampo"},{"img":"https://www.alcampo.es/media/h2d/h65/8952529518622.jpg","name":"Salsa fina CALVÉ para ensaladilla rusa 450 ml.","price":"1,49 €","offer_price":0,"offer_type":null,"stock":false,"super":"alcampo"},{"img":"https://www.alcampo.es/media/h66/h78/9807873507358.jpg","name":"Salsa mayonesa con aceite de oliva PRODUCTO ALCAMPO frasco de 225 ml.","price":"1,04 €","offer_price":0,"offer_type":null,"stock":false,"super":"alcampo"},{"img":"https://www.alcampo.es/media/hb0/h7f/10651971715102.jpg","name":"Salsa fina, mayonesa KRAFT 275 ml.","price":"0,93 €","offer_price":0,"offer_type":null,"stock":false,"super":"alcampo"},{"img":"https://www.alcampo.es/media/h36/he4/9583684157470.jpg","name":"Salsa alioli CHOVI ALLIOLI 400 ml","price":"2,15 €","offer_price":0,"offer_type":null,"stock":false,"super":"alcampo"},{"img":"https://www.alcampo.es/media/hda/h61/10245557977118.jpg","name":"Salsa mayonesa en monodosis PRODUCTO ALCAMPO bolsa de 12 uds x 12 g.","price":"0,69 €","offer_price":0,"offer_type":null,"stock":false,"super":"alcampo"},{"img":"https://www.alcampo.es/media/h73/h21/9358410022942.jpg","name":"Salsa mayonesa ligera YBARRA 450 ml.","price":"1,40 €","offer_price":0,"offer_type":null,"stock":false,"super":"alcampo"},{"img":"https://www.alcampo.es/media/h52/hac/9807878848542.jpg","name":"Salsa mayonesa PRODUCTO ALCAMPO frasco de 225 ml.","price":"0,59 €","offer_price":0,"offer_type":null,"stock":false,"super":"alcampo"},{"img":"https://www.alcampo.es/media/h34/haf/9045003993118.jpg","name":"Salsa mayonesa Light PRIMA 400 ml.","price":"1,53 €","offer_price":0,"offer_type":null,"stock":false,"super":"alcampo"},{"img":"https://www.alcampo.es/media/h74/h6d/9362368888862.jpg","name":"Mayonesa biológica YBARRA 300 ml.","price":"2,34 €","offer_price":0,"offer_type":null,"stock":false,"super":"alcampo"},{"img":"https://www.alcampo.es/media/hee/h15/10652040232990.jpg","name":"Salsa fina mayonesa tradicional sin gluten KRAFT 855 ml.","price":"2,28 €","offer_price":0,"offer_type":null,"stock":false,"super":"alcampo"},{"img":"https://www.alcampo.es/media/h07/hf3/8900589584414.jpg","name":"Salsa mayonesa CHOVI 400 ml.","price":"1,32 €","offer_price":0,"offer_type":null,"stock":false,"super":"alcampo"},{"img":"https://www.alcampo.es/media/h95/h40/9888540196894.jpg","name":"Salsa mayonesa con aceite de oliva virgen extra (55%) SANTA TERESA 125 ml.","price":"1,68 €","offer_price":0,"offer_type":null,"stock":false,"super":"alcampo"},{"img":"https://www.alcampo.es/media/hde/hf9/9358397833246.jpg","name":"Salsa especial para ensaladas YBARRA 450 ml.","price":"1,14 €","offer_price":0,"offer_type":null,"stock":false,"super":"alcampo"},{"img":"https://www.alcampo.es/media/h3e/hce/8930151202846.jpg","name":"Salsa mayonesa MUSA 225 Milils","price":"0,93 €","offer_price":0,"offer_type":null,"stock":false,"super":"alcampo"},{"img":"https://www.alcampo.es/media/h12/h7e/9358401175582.jpg","name":"Mayonesa ligera sin azúcares añadidos, sin gluten y sin derivados lácteos 225 g.","price":"1,17 €","offer_price":0,"offer_type":null,"stock":false,"super":"alcampo"},{"img":"https://www.alcampo.es/media/h23/h75/10651969126430.jpg","name":"Mayonesa trufa rica y cremosa HEINZ 220 ml","price":"2,03 €","offer_price":0,"offer_type":null,"stock":false,"super":"alcampo"},{"img":"https://www.alcampo.es/media/h27/hf0/8932657397790.jpg","name":"Salsa fina sin huevo y sin lactosa COOSUR frasco de 450 ml.","price":"1,64 €","offer_price":0,"offer_type":null,"stock":false,"super":"alcampo"},{"img":"https://www.alcampo.es/media/h25/h34/10425179439134.jpg","name":"Mayonesa boca abajo ALVIANDA 490 g.","price":"1,89 €","offer_price":0,"offer_type":null,"stock":false,"super":"alcampo"},{"img":"https://www.alcampo.es/media/h30/h7a/9807883993118.jpg","name":"Salsa fina PRODUCTO ALCAMPO frasco de 450 ml..","price":"0,77 €","offer_price":0,"offer_type":null,"stock":false,"super":"alcampo"},{"img":"https://www.alcampo.es/media/h2b/h89/9513474687006.jpg","name":"Mayonesa, salsa fina KRAFT 350 ml.","price":"1,64 €","offer_price":0,"offer_type":null,"stock":false,"super":"alcampo"},{"img":"https://www.alcampo.es/media/ha6/h29/10425259622430.jpg","name":"Mayonesa ligera boca abajo ALVIANDA 490 g.","price":"1,43 €","offer_price":0,"offer_type":null,"stock":false,"super":"alcampo"},{"img":"https://www.alcampo.es/media/hb6/hb6/9807846408222.jpg","name":"Salsa fina PRODUCTO ALCAMPO frasco de 225 ml.","price":"0,55 €","offer_price":0,"offer_type":null,"stock":false,"super":"alcampo"},{"img":"https://www.alcampo.es/media/h85/hd2/10562071429150.jpg","name":"Mayonesa al toque de mostaza Dijon MAILLE 320 g.","price":"3 €","offer_price":0,"offer_type":null,"stock":false,"super":"alcampo"},{"img":"https://www.alcampo.es/media/h09/h8e/10562022703134.jpg","name":"Mayonesa al toque de mostaza antigua MAILLE 320 g.","price":"3,07 €","offer_price":0,"offer_type":null,"stock":false,"super":"alcampo"},{"img":"https://www.alcampo.es/media/h1d/he8/10043975204894.jpg","name":"Mayonesa sin azúcares, sin conservantes CALVÉ ZERO 225 ml.","price":"1,14 €","offer_price":0,"offer_type":null,"stock":false,"super":"alcampo"},{"img":"https://www.alcampo.es/media/h14/he5/9629585506334.jpg","name":"Mayonesa con aceite de oliva YBARRA FUSSION 250 ml.","price":"1,84 €","offer_price":0,"offer_type":null,"stock":false,"super":"alcampo"},{"img":"https://www.alcampo.es/media/h84/h65/9629495492638.jpg","name":"Mayonesa son sriracha suave picante YBARRA FUSSION 250 ml.","price":"1,78 €","offer_price":0,"offer_type":null,"stock":false,"super":"alcampo"},{"img":"https://www.alcampo.es/media/h61/hac/10043892957214.jpg","name":"Salsa snaking ajo suave CALVÉ 250 ml.","price":"1,79 €","offer_price":0,"offer_type":null,"stock":false,"super":"alcampo"},{"img":"https://www.alcampo.es/media/h80/h86/10652052160542.jpg","name":"Mayonesa limón y pimienta negra HEINZ 220 ml.","price":"2,11 €","offer_price":0,"offer_type":null,"stock":false,"super":"alcampo"},{"img":"https://www.alcampo.es/media/h31/h0f/10005369978910.jpg","name":"Mayonesa PRIMA CEROCOL 300 ml","price":"2,33 €","offer_price":0,"offer_type":null,"stock":false,"super":"alcampo"},{"img":"https://www.alcampo.es/media/h99/h74/9226306846750.jpg","name":"Mayonesa, cubo EL PILAR 3600 ml","price":"6,24 €","offer_price":0,"offer_type":null,"stock":false,"super":"alcampo"},{"img":"https://www.alcampo.es/media/haf/h97/9107564363806.jpg","name":"Salsa mayonesa original huevo y limón PRIMA 1800 ml.","price":"6,99 €","offer_price":0,"offer_type":null,"stock":false,"super":"alcampo"},{"img":"https://www.alcampo.es/media/h1a/h2f/9126104891422.jpg","name":"Salsa fina sin huevo ecológica HY-TOP 240 ml.","price":"3,09 €","offer_price":0,"offer_type":null,"stock":false,"super":"alcampo"},{"img":"https://www.alcampo.es/media/h86/h16/9807852240926.jpg","name":"Ketchup PRODUCTO ALCAMPO bote de 300 g.","price":"0,50 €","offer_price":0,"offer_type":null,"stock":false,"super":"alcampo"},{"img":"https://www.alcampo.es/media/hc7/h82/10652121563166.jpg","name":"Ketchup HEINZ 700 g.","price":"2,88 €","offer_price":0,"offer_type":null,"stock":false,"super":"alcampo"},{"img":"https://www.alcampo.es/media/hd1/h01/10652041117726.jpg","name":"Ketchup bocabajo con 50% menos de azúcares HEINZ bote de 550 g.","price":"2,64 €","offer_price":0,"offer_type":null,"stock":false,"super":"alcampo"},{"img":"https://www.alcampo.es/media/hd5/hc6/10033650171934.jpg","name":"Salsa de pesto especial para pasta GALLO frasco de 190 gramos.","price":"1,57 €","offer_price":0,"offer_type":null,"stock":false,"super":"alcampo"},{"img":"https://www.alcampo.es/media/hdb/hc8/10546424971294.jpg","name":"Salsa Pesto Genovese BARILLA Tarro de 190 g.","price":"2,07 €","offer_price":0,"offer_type":null,"stock":false,"super":"alcampo"},{"img":"https://www.alcampo.es/media/h06/h48/8929945452574.jpg","name":"Ketchup HEINZ 910 g.","price":"3,64 €","offer_price":0,"offer_type":null,"stock":false,"super":"alcampo"},{"img":"https://www.alcampo.es/media/hac/h9a/10652082044958.jpg","name":"Ketchup HEINZ 460 g,","price":"2,25 €","offer_price":0,"offer_type":null,"stock":false,"super":"alcampo"},{"img":"https://www.alcampo.es/media/hab/h57/10721008189470.jpg","name":"Salsa Allioli tradicional (aceite, ajo fresco, huevos, sal y limón) CHOVI 180 ml.","price":"0,97 €","offer_price":0,"offer_type":null,"stock":false,"super":"alcampo"},{"img":"https://www.alcampo.es/media/h11/h02/9229274087454.jpg","name":"Salsa barbacoa HELLMANN'S 250 ml.","price":"1,27 €","offer_price":0,"offer_type":null,"stock":false,"super":"alcampo"},{"img":"https://www.alcampo.es/media/hb0/hc5/10652067364894.jpg","name":"Ketchup HEINZ 250 g.","price":"1,08 €","offer_price":0,"offer_type":null,"stock":false,"super":"alcampo"},{"img":"https://www.alcampo.es/media/hf3/h87/9386895507486.jpg","name":"Ketchup PRIMA bote de 450 g.","price":"1,39 €","offer_price":0,"offer_type":null,"stock":false,"super":"alcampo"},{"img":"https://www.alcampo.es/media/h27/h06/9775628288030.jpg","name":"Salsa boloñesa PRODUCTO ALCAMPO 350 g.","price":"1,09 €","offer_price":0,"offer_type":null,"stock":false,"super":"alcampo"},{"img":"https://www.alcampo.es/media/hab/h32/8901338791966.jpg","name":"Salsa bechamel RENY PICOT 500 ml.","price":"1,46 €","offer_price":0,"offer_type":null,"stock":false,"super":"alcampo"},{"img":"https://www.alcampo.es/media/he9/h40/10793479208990.jpg","name":"Salsa boloñesa GALLO frasco de 350 g.","price":"1,66 €","offer_price":0,"offer_type":null,"stock":false,"super":"alcampo"},{"img":"https://www.alcampo.es/media/hbc/h74/9229181714462.jpg","name":"Ketchup bocabajo HELLMANN'S 486 g.","price":"1,44 €","offer_price":0,"offer_type":null,"stock":false,"super":"alcampo"},{"img":"https://www.alcampo.es/media/h62/h34/8959634800670.jpg","name":"Salsa de soja bajo en sal KIKKOMAN frasco de 250 milils","price":"3,09 €","offer_price":0,"offer_type":null,"stock":false,"super":"alcampo"},{"img":"https://www.alcampo.es/media/h93/h7a/8934868746270.gif","name":"Salsa de Soja PRODUCTO ALCAMPO 125 ml.","price":"0,90 €","offer_price":0,"offer_type":null,"stock":false,"super":"alcampo"},{"img":"https://www.alcampo.es/media/h64/ha0/8952347328542.jpg","name":"Salsa de soja KIKKOMAN frasco de 250 milils","price":"3,09 €","offer_price":0,"offer_type":null,"stock":false,"super":"alcampo"},{"img":"https://www.alcampo.es/media/h57/h1c/8870848626718.jpg","name":"Salsa de soja KING WE WONG 150 ml.","price":"1,80 €","offer_price":0,"offer_type":null,"stock":false,"super":"alcampo"},{"img":"https://www.alcampo.es/media/h29/h26/10652130410526.jpg","name":"Salsa barbacoa classic HEINZ 480 g.","price":"2,68 €","offer_price":0,"offer_type":null,"stock":false,"super":"alcampo"},{"img":"https://www.alcampo.es/media/h0f/hf9/10546494111774.jpg","name":"Mostaza HEINZ 250 g.","price":"1,50 €","offer_price":0,"offer_type":null,"stock":false,"super":"alcampo"},{"img":"https://www.alcampo.es/media/hc9/hf3/9762344370206.jpg","name":"Salsa barbacoa con tapón antigoteo PRODUCTO ALCAMPO bote de 300 g.","price":"0,75 €","offer_price":0,"offer_type":null,"stock":false,"super":"alcampo"},{"img":"https://www.alcampo.es/media/h69/h3b/10652063596574.jpg","name":"Ketchup HEINZ 342 g.","price":"1,74 €","offer_price":0,"offer_type":null,"stock":false,"super":"alcampo"},{"img":"https://www.alcampo.es/media/h6f/hc7/8973644234782.jpg","name":"Ketchup Cero, sin azúcar añadido PRIMA 570 g.","price":"2,14 €","offer_price":0,"offer_type":null,"stock":false,"super":"alcampo"},{"img":"https://www.alcampo.es/media/hda/h9f/10777743523870.jpg","name":"Ketchup ORLANDO bote de 300 g.","price":"0,79 €","offer_price":0,"offer_type":null,"stock":false,"super":"alcampo"},{"img":"https://www.alcampo.es/media/h50/ha2/10817041563678.jpg","name":"Salsa super Boloñesa, ideal pasta y lasaña GALLO 350 g.","price":"1,86 €","offer_price":0,"offer_type":null,"stock":false,"super":"alcampo"},{"img":"https://www.alcampo.es/media/h69/h8a/9045003763742.jpg","name":"Mostaza PRIMA 330 g.","price":"1,13 €","offer_price":0,"offer_type":null,"stock":false,"super":"alcampo"},{"img":"https://www.alcampo.es/media/he6/h80/10548914028574.jpg","name":"Salsa fresca de quesos italianos, elaborada con ingredientes 100% naturales RANA 180 g.","price":"1,64 €","offer_price":0,"offer_type":null,"stock":false,"super":"alcampo"},{"img":"https://www.alcampo.es/media/h77/h56/10652135063582.jpg","name":"Kétchup ecológico HEINZ 580 g.","price":"3,06 €","offer_price":0,"offer_type":null,"stock":false,"super":"alcampo"},{"img":"https://www.alcampo.es/media/he1/h6d/9355434065950.jpg","name":"Ketchup PRIMA bote de 800 g.","price":"2,02 €","offer_price":0,"offer_type":null,"stock":false,"super":"alcampo"},{"img":"https://www.alcampo.es/media/h4e/h7b/9454878261278.jpg","name":"Salsa de queso PRODUCTO ALCAMPO 300 g.","price":"1,28 €","offer_price":0,"offer_type":null,"stock":false,"super":"alcampo"},{"img":"https://www.alcampo.es/media/h03/h0e/8882730860574.jpg","name":"Salsa mejicana a base de tomates y verduras especial fajitas PRODUCTO ALCAMPO 410 g.","price":"1,49 €","offer_price":0,"offer_type":null,"stock":false,"super":"alcampo"},{"img":"https://www.alcampo.es/media/h7d/h36/9475648323614.jpg","name":"Salsa vegana HELLMANN`S 280 ML.","price":"2,14 €","offer_price":0,"offer_type":null,"stock":false,"super":"alcampo"},{"img":"https://www.alcampo.es/media/h8a/hcd/9117629743134.jpg","name":"Salsa bechamel, lista para sevir RENY PICOT 200 ml.","price":"0,80 €","offer_price":0,"offer_type":null,"stock":false,"super":"alcampo"},{"img":"https://www.alcampo.es/media/h0b/h6b/10548808876062.jpg","name":"Salsa fresca de pesto de albahaca, elaborada con ingredientes 100% naturales RANA 140 g.","price":"1,64 €","offer_price":0,"offer_type":null,"stock":false,"super":"alcampo"},{"img":"https://www.alcampo.es/media/h4b/h43/9775650209822.jpg","name":"Salsa carbonara PRODUCTO ALCAMPO 350 g.","price":"1,05 €","offer_price":0,"offer_type":null,"stock":false,"super":"alcampo"},{"img":"https://www.alcampo.es/media/h76/h9d/9454879735838.jpg","name":"Salsa mejicana muy picante PRODUCTO ALCAMPO 315 g.","price":"1,12 €","offer_price":0,"offer_type":null,"stock":false,"super":"alcampo"},{"img":"https://www.alcampo.es/media/h91/hca/9762360164382.jpg","name":"Mostaza PRODUCTO ALCAMPO bote de 300 g.","price":"0,54 €","offer_price":0,"offer_type":null,"stock":false,"super":"alcampo"},{"img":"https://www.alcampo.es/media/h5d/h68/10777790316574.jpg","name":"Ketchup ORLANDO 455 g.","price":"1,25 €","offer_price":0,"offer_type":null,"stock":false,"super":"alcampo"},{"img":"https://www.alcampo.es/media/hf1/hfe/9130784456734.jpg","name":"Ketchup cero sin azúcares añadidos PRIMA 325 g.","price":"1,27 €","offer_price":0,"offer_type":null,"stock":false,"super":"alcampo"},{"img":"https://www.alcampo.es/media/hc3/h11/9775615377438.jpg","name":"Salsa napolitana PRODUCTO ALCAMPO 350 g.","price":"1,04 €","offer_price":0,"offer_type":null,"stock":false,"super":"alcampo"},{"img":"https://www.alcampo.es/media/hc0/h59/10720927055902.jpg","name":"Salsa alioli tradicional, presentada en mini-mortero CHOVI 70 g.","price":"0,65 €","offer_price":0,"offer_type":null,"stock":false,"super":"alcampo"},{"img":"https://www.alcampo.es/media/ha4/h18/9371332247582.jpg","name":"Salsa de pimienta verde PRODUCTO ALCAMPO 60 g.","price":"0,68 €","offer_price":0,"offer_type":null,"stock":false,"super":"alcampo"},{"img":"https://www.alcampo.es/media/h09/h9c/10793543467038.jpg","name":"Salsa napolitana GALLO frasco de 350 g.","price":"1,49 €","offer_price":0,"offer_type":null,"stock":false,"super":"alcampo"},{"img":"https://www.alcampo.es/media/hc1/h86/10425183633438.jpg","name":"Tomate ketchup boca abajo ALVIANDA 560 g.","price":"1,57 €","offer_price":0,"offer_type":null,"stock":false,"super":"alcampo"},{"img":"https://www.alcampo.es/media/h0a/h3e/10651971158046.jpg","name":"Salsa de miel y mostaza HEINZ 400 ml.","price":"1,68 €","offer_price":0,"offer_type":null,"stock":false,"super":"alcampo"},{"img":"https://www.alcampo.es/media/h5e/h8c/10777759678494.jpg","name":"Salsa Cheddar bacon con un toque ahumado ORLANDO 245 g.","price":"1,40 €","offer_price":0,"offer_type":null,"stock":false,"super":"alcampo"},{"img":"https://www.alcampo.es/media/h8b/h11/9596424224798.jpg","name":"Salsa fresca pesto PRODUCTO ALCAMPO 140 g.","price":"1,07 €","offer_price":0,"offer_type":null,"stock":false,"super":"alcampo"},{"img":"https://www.alcampo.es/media/h0c/h93/9397843230750.jpg","name":"Salsa fresca de quesos PRODUCTO ALCAMPO 140 g.","price":"0,89 €","offer_price":0,"offer_type":null,"stock":false,"super":"alcampo"},{"img":"https://www.alcampo.es/media/hf3/h56/10652081881118.jpg","name":"Salsa César HEINZ 400 ml.","price":"1,87 €","offer_price":0,"offer_type":null,"stock":false,"super":"alcampo"},{"img":"https://www.alcampo.es/media/h2c/h9f/10548799733790.jpg","name":"Salsa fresca de setas y boletus elaborada con ingredientes 100% naturales RANA 180 g.","price":"1,64 €","offer_price":0,"offer_type":null,"stock":false,"super":"alcampo"},{"img":"https://www.alcampo.es/media/h16/hfd/9382575505438.jpg","name":"Salsa fresca de setas, ideal para acompañar a nuestra pasta favorita PRODUCTO ALCAMPO 140 g.","price":"0,89 €","offer_price":0,"offer_type":null,"stock":false,"super":"alcampo"},{"img":"https://www.alcampo.es/media/hbc/he5/8959930204190.jpg","name":"Salsa ajonesa CHOVI 400 ml.","price":"1,69 €","offer_price":0,"offer_type":null,"stock":false,"super":"alcampo"},{"img":"https://www.alcampo.es/media/hc7/h99/9518832222238.jpg","name":"Salsa barbacoa cero azúcares añadidos PRIMA 325 g.","price":"1,47 €","offer_price":0,"offer_type":null,"stock":false,"super":"alcampo"},{"img":"https://www.alcampo.es/media/he0/h97/8952544788510.jpg","name":"Mostaza de Dijon MAILLE frasco de 345 g.","price":"3,47 €","offer_price":0,"offer_type":null,"stock":false,"super":"alcampo"},{"img":"https://www.alcampo.es/media/hd5/h56/10777771474974.jpg","name":"Mostaza ORLANDO 290 g.","price":"0,85 €","offer_price":0,"offer_type":null,"stock":false,"super":"alcampo"},{"img":"https://www.alcampo.es/media/h65/hff/10911347310622.jpg","name":"Salsa Napolitana BARILLA 400 g.","price":"2,59 €","offer_price":0,"offer_type":null,"stock":false,"super":"alcampo"},{"img":"https://www.alcampo.es/media/h97/he8/8952439210014.jpg","name":"Salsa romesco FERRER frasco de 150 g.","price":"1,60 €","offer_price":0,"offer_type":null,"stock":false,"super":"alcampo"},{"img":"https://www.alcampo.es/media/h60/h19/8952260788254.jpg","name":"Salsa tártara CALVÉ 227 ml.","price":"0,99 €","offer_price":0,"offer_type":null,"stock":false,"super":"alcampo"},{"img":"https://www.alcampo.es/media/h9e/h7b/8873255436318.jpg","name":"Mostaza de Dijon anciene PRODUCTO ALCAMPO frasco de 210 g.","price":"1,09 €","offer_price":0,"offer_type":null,"stock":false,"super":"alcampo"},{"img":"https://www.alcampo.es/media/h50/he4/8952423841822.jpg","name":"Salsa de tabasco con jalapeños Mc.ILHENNY frasco de 60 ml.","price":"2,88 €","offer_price":0,"offer_type":null,"stock":false,"super":"alcampo"},{"img":"https://www.alcampo.es/media/h16/hc2/8952502616094.jpg","name":"Salsa de pimienta verde GALLINA BLANCA sobre de 50 g.","price":"1,47 €","offer_price":0,"offer_type":null,"stock":false,"super":"alcampo"},{"img":"https://www.alcampo.es/media/h12/h39/8892231122974.jpg","name":"Preparado de salsa bechamel PRESIDENT 2 x 200 ml.","price":"2,64 €","offer_price":0,"offer_type":null,"stock":false,"super":"alcampo"},{"img":"https://www.alcampo.es/media/h55/ha0/10793626304542.jpg","name":"Salsa de tomate a la Parmesana GALLO frasco de 350 g.","price":"1,86 €","offer_price":0,"offer_type":null,"stock":false,"super":"alcampo"},{"img":"https://www.alcampo.es/media/h5c/he7/8901382897694.jpg","name":"Ketchup PRIMA 290 g.","price":"1,14 €","offer_price":0,"offer_type":null,"stock":false,"super":"alcampo"},{"img":"https://www.alcampo.es/media/h99/h06/9474780758046.jpg","name":"Salsa béchamel PARMALAT 500 ml.","price":"1,98 €","offer_price":0,"offer_type":null,"stock":false,"super":"alcampo"},{"img":"https://www.alcampo.es/media/h3b/h6d/9518838579230.jpg","name":"Mostaza cero azúcares añadidos PRIMA 330 g.","price":"1,61 €","offer_price":0,"offer_type":null,"stock":false,"super":"alcampo"},{"img":"https://www.alcampo.es/media/hdf/h1e/9358392655902.jpg","name":"Salsa para cocktail YBARRA 225 ml.","price":"1,08 €","offer_price":0,"offer_type":null,"stock":false,"super":"alcampo"},{"img":"https://www.alcampo.es/media/hdf/hbc/8867214131230.jpg","name":"Salsa de tabasco Mc.ILHENNY frasco de 150 milils","price":"5,59 €","offer_price":0,"offer_type":null,"stock":false,"super":"alcampo"},{"img":"https://www.alcampo.es/media/h2a/heb/9358404616222.jpg","name":"Salsa alioli YBARRA 225 ml.","price":"0,98 €","offer_price":0,"offer_type":null,"stock":false,"super":"alcampo"},{"img":"https://www.alcampo.es/media/hcc/ha1/10425252118558.jpg","name":"Salsa barbacoa boca abajo ALVIANDA 560 g.","price":"1,61 €","offer_price":0,"offer_type":null,"stock":false,"super":"alcampo"},{"img":"https://www.alcampo.es/media/h43/hd9/10816891617310.jpg","name":"Salsa Basílico, ideal pasta y pizza GALLO frasco de 350 g.","price":"1,77 €","offer_price":0,"offer_type":null,"stock":false,"super":"alcampo"},{"img":"https://www.alcampo.es/media/hf4/h35/8891804024862.jpg","name":"Salsa de chili picante sriracha GO-TAN 215 ml.","price":"2,81 €","offer_price":0,"offer_type":null,"stock":false,"super":"alcampo"},{"img":"https://www.alcampo.es/media/hf2/h2e/9762413576222.jpg","name":"Salsa César PRODUCTO ALCAMPO bote de 300 milils","price":"1,08 €","offer_price":0,"offer_type":null,"stock":false,"super":"alcampo"},{"img":"https://www.alcampo.es/media/h55/h97/9229231587358.jpg","name":"Salsa brava HELLMANN'S 250 ml.","price":"1,34 €","offer_price":0,"offer_type":null,"stock":false,"super":"alcampo"},{"img":"https://www.alcampo.es/media/h67/hef/9775624454174.jpg","name":"Salsa siciliana PRODUCTO ALCAMPO 350 g.","price":"1,04 €","offer_price":0,"offer_type":null,"stock":false,"super":"alcampo"},{"img":"https://www.alcampo.es/media/hca/h73/8871316881438.jpg","name":"Mostaza de Dijon PRODUCTO ALCAMPO frasco de 210 g.","price":"0,85 €","offer_price":0,"offer_type":null,"stock":false,"super":"alcampo"},{"img":"https://www.alcampo.es/media/hee/he0/9111188504606.jpg","name":"Salsa teriyaki TIGER KHAN 300 ml.","price":"1,96 €","offer_price":0,"offer_type":null,"stock":false,"super":"alcampo"},{"img":"https://www.alcampo.es/media/he0/h8e/9762396209182.jpg","name":"Salsa alioli PRODUCTO ALCAMPO bote de 300 ml.","price":"1,12 €","offer_price":0,"offer_type":null,"stock":false,"super":"alcampo"},{"img":"https://www.alcampo.es/media/h83/h60/9791464439838.jpg","name":"Condimento líquido a base de proteínas vegetales hidrolizadas MAGGI 100 ml.","price":"1,81 €","offer_price":0,"offer_type":null,"stock":false,"super":"alcampo"},{"img":"https://www.alcampo.es/media/hb6/hfd/8960135299102.jpg","name":"Mostaza blanca de Dijon MAILLE frasco de 380 g.","price":"3,93 €","offer_price":0,"offer_type":null,"stock":false,"super":"alcampo"},{"img":"https://www.alcampo.es/media/hde/hf9/9358397833246.jpg","name":"Salsa especial para ensaladas YBARRA 450 ml.","price":"1,14 €","offer_price":0,"offer_type":null,"stock":false,"super":"alcampo"},{"img":"https://www.alcampo.es/media/had/h34/9699120119838.jpg","name":"Salsa barbacoa BULL´S EYE 300 ml.","price":"2,17 €","offer_price":0,"offer_type":null,"stock":false,"super":"alcampo"},{"img":"https://www.alcampo.es/media/h4a/he2/8879248900126.jpg","name":"Salsa de tabasco con chiles ahumados CHIPOTLE bote de 60 milils","price":"2,64 €","offer_price":0,"offer_type":null,"stock":false,"super":"alcampo"},{"img":"https://www.alcampo.es/media/hbc/ha8/8891140931614.jpg","name":"Mostaza a la miel MAILLE frasco de 230 g.","price":"2,28 €","offer_price":0,"offer_type":null,"stock":false,"super":"alcampo"},{"img":"https://www.alcampo.es/media/h2f/hab/10749175005214.jpg","name":"Salsa de tomate artesana GALLO frasco de 350 g.","price":"1,78 €","offer_price":0,"offer_type":null,"stock":false,"super":"alcampo"},{"img":"https://www.alcampo.es/media/h9a/hb0/8869198954526.jpg","name":"Salsa agridulce YANG-TSE 200 g.","price":"1,45 €","offer_price":0,"offer_type":null,"stock":false,"super":"alcampo"},{"img":"https://www.alcampo.es/media/h76/hb2/8952520998942.jpg","name":"Salsa de soja KIKKOMAN, botella de 1 l.","price":"7,39 €","offer_price":0,"offer_type":null,"stock":false,"super":"alcampo"},{"img":"https://www.alcampo.es/media/hf1/h3c/9218495873054.jpg","name":"Tsatsiki a base de auténtico yogur griego Y GRIEGA 180 g.","price":"1,74 €","offer_price":0,"offer_type":null,"stock":false,"super":"alcampo"},{"img":"https://www.alcampo.es/media/hf4/hf7/9386900160542.jpg","name":"Salsa alioli suave PRIMA bote de 300 ml.","price":"1,38 €","offer_price":0,"offer_type":null,"stock":false,"super":"alcampo"},{"img":"https://www.alcampo.es/media/hda/hf4/8952512282654.jpg","name":"Mojo rojo GUACHINERFE 200 g.","price":"3,56 €","offer_price":0,"offer_type":null,"stock":false,"super":"alcampo"},{"img":"https://www.alcampo.es/media/h45/hfb/9044982235166.jpg","name":"Ketchup en monodosis PRIMA bolsa de 15 uds x 10 g.","price":"1,44 €","offer_price":0,"offer_type":null,"stock":false,"super":"alcampo"},{"img":"https://www.alcampo.es/media/h5c/hb3/9229230374942.jpg","name":"Salsa deluxe especial para patatas HELLMANN'S 250 ml.","price":"1,59 €","offer_price":0,"offer_type":null,"stock":false,"super":"alcampo"},{"img":"https://www.alcampo.es/media/hb1/h53/10292628717598.jpg","name":"Salsa fresca a los 4 quesos (Grana Padano, Itálico, Fontal y Gorgonzola) BUITONI 160 g.","price":"1,96 €","offer_price":0,"offer_type":null,"stock":false,"super":"alcampo"},{"img":"https://www.alcampo.es/media/h25/h81/10559513591838.jpg","name":"Allioli artesano cin colorantes ni conservantes y con aceite de oliva CHOVI 150 g.","price":"1,33 €","offer_price":0,"offer_type":null,"stock":false,"super":"alcampo"},{"img":"https://www.alcampo.es/media/h6d/h8c/10721024311326.jpg","name":"Salsa brava, ideal para patatas y asados CHOVI 150 g.","price":"1,02 €","offer_price":0,"offer_type":null,"stock":false,"super":"alcampo"},{"img":"https://www.alcampo.es/media/hc7/h8e/9358399766558.jpg","name":"Salsa Gaucha YBARRA 300 ml.","price":"1,50 €","offer_price":0,"offer_type":null,"stock":false,"super":"alcampo"},{"img":"https://www.alcampo.es/media/hdd/h37/8952420892702.jpg","name":"Salsa calçots FERRER frasco de 300 ml.","price":"2,34 €","offer_price":0,"offer_type":null,"stock":false,"super":"alcampo"},{"img":"https://www.alcampo.es/media/hf1/hfb/8952492130334.jpg","name":"Salsa pesto genovese AGNESI frasco de 185 g.","price":"2,47 €","offer_price":0,"offer_type":null,"stock":false,"super":"alcampo"},{"img":"https://www.alcampo.es/media/h51/hd3/9290546249758.jpg","name":"Salsa César ideal para ensaladas FLORETTE 250 gramos","price":"1,42 €","offer_price":0,"offer_type":null,"stock":false,"super":"alcampo"},{"img":"https://www.alcampo.es/media/h14/h2e/9630072635422.jpg","name":"Salsa Kebab Turca YBARRA 250 ml.","price":"1,84 €","offer_price":0,"offer_type":null,"stock":false,"super":"alcampo"},{"img":"https://www.alcampo.es/media/h59/h57/10652074672158.jpg","name":"Salsa 3 pimientas 220 HEINZ ml.","price":"1,67 €","offer_price":0,"offer_type":null,"stock":false,"super":"alcampo"},{"img":"https://www.alcampo.es/media/h48/h6c/10033618976798.jpg","name":"Salsa andalouse con tomate y pimienta cayena HEINZ, bote de 220 g.","price":"1,66 €","offer_price":0,"offer_type":null,"stock":false,"super":"alcampo"},{"img":"https://www.alcampo.es/media/h76/hb9/9547814371358.jpg","name":"Salsa alioli CHOVI 200 ml.","price":"1,09 €","offer_price":0,"offer_type":null,"stock":false,"super":"alcampo"},{"img":"https://www.alcampo.es/media/h23/hf1/10720944062494.jpg","name":"Salsa de trufa, ideal para pasta, carne o arroz GALLO 140 g.","price":"2,21 €","offer_price":0,"offer_type":null,"stock":false,"super":"alcampo"},{"img":"https://www.alcampo.es/media/hac/hcf/9775604793374.jpg","name":"Salsa con setas PRODUCTO ALCAMPO 350 g.","price":"1,05 €","offer_price":0,"offer_type":null,"stock":false,"super":"alcampo"},{"img":"https://www.alcampo.es/media/h25/hd8/9151109365790.jpg","name":"Mostaza diáfana al estragón LOUIT frasco de 115 g.","price":"1,49 €","offer_price":0,"offer_type":null,"stock":false,"super":"alcampo"},{"img":"https://www.alcampo.es/media/hf1/hb3/10245561352222.jpg","name":"Ketchup en monodosis PRODUCTO ALCAMPO pack 12 uds x 12 g.","price":"0,53 €","offer_price":0,"offer_type":null,"stock":false,"super":"alcampo"},{"img":"https://www.alcampo.es/media/hc0/h6c/9380861378590.jpg","name":"Salsa bechamel PRODUCTO ALCAMPO 60 g.","price":"0,76 €","offer_price":0,"offer_type":null,"stock":false,"super":"alcampo"},{"img":"https://www.alcampo.es/media/hdb/h28/10466111553566.jpg","name":"Salsa Ranchera YBARRA 250 ml.","price":"1,54 €","offer_price":0,"offer_type":null,"stock":false,"super":"alcampo"},{"img":"https://www.alcampo.es/media/h0d/h58/9582861484062.jpg","name":"Salsa barbacoa PRIMA CERO 570 g.","price":"2,49 €","offer_price":0,"offer_type":null,"stock":false,"super":"alcampo"},{"img":"https://www.alcampo.es/media/hf3/hf0/9358593097758.jpg","name":"Salsa alioli YBARRA 300 ml.","price":"1,61 €","offer_price":0,"offer_type":null,"stock":false,"super":"alcampo"},{"img":"https://www.alcampo.es/media/h8b/hf4/8866845294622.jpg","name":"Salsa barbacoa con miel HP bote de 460 milils","price":"2,54 €","offer_price":0,"offer_type":null,"stock":false,"super":"alcampo"},{"img":"https://www.alcampo.es/media/hec/h42/10444694847518.jpg","name":"Salsa agridulce tradicional MANFONG 235 ml.","price":"1,58 €","offer_price":0,"offer_type":null,"stock":false,"super":"alcampo"},{"img":"https://www.alcampo.es/media/hd2/hd6/9124343513118.jpg","name":"Salsa mejicana de queso ideal para chips SANTA MARÍA 250 g.","price":"2,44 €","offer_price":0,"offer_type":null,"stock":false,"super":"alcampo"},{"img":"https://www.alcampo.es/media/hae/hc4/8959967395870.jpg","name":"Salsa teriyaki KIKKOMAN 250 ml.","price":"3,89 €","offer_price":0,"offer_type":null,"stock":false,"super":"alcampo"},{"img":"https://www.alcampo.es/media/h1b/haf/8935538556958.jpg","name":"Ketchup chilli HEINZ 255 g.","price":"1,48 €","offer_price":0,"offer_type":null,"stock":false,"super":"alcampo"},{"img":"https://www.alcampo.es/media/h76/h68/8897941209118.jpg","name":"Salsa tikka masala SHARWOOD'S frasco de 420 g.","price":"3,09 €","offer_price":0,"offer_type":null,"stock":false,"super":"alcampo"},{"img":"https://www.alcampo.es/media/he0/h98/9290524000286.jpg","name":"Salsa de módena y miel ideal para ensaladas FLORETTE 250 mililitros","price":"1,42 €","offer_price":0,"offer_type":null,"stock":false,"super":"alcampo"},{"img":"https://www.alcampo.es/media/h8e/hf6/9775646113822.jpg","name":"Salsa de mostaza y miel PRODUCTO ALCAMPO 300 ml.","price":"1,04 €","offer_price":0,"offer_type":null,"stock":false,"super":"alcampo"},{"img":"https://www.alcampo.es/media/h94/h97/9111178084382.jpg","name":"Salsa de ostras TIGER KHAN 300 ml.","price":"1,93 €","offer_price":0,"offer_type":null,"stock":false,"super":"alcampo"},{"img":"https://www.alcampo.es/media/hc5/hca/9514756407326.jpg","name":"Salsa fresca boloñesa PRODUCTO ALCAMPO 140 g.","price":"0,76 €","offer_price":0,"offer_type":null,"stock":false,"super":"alcampo"},{"img":"https://www.alcampo.es/media/h5d/h9a/9771316281374.jpg","name":"Salsa barbacoa SWEET BABY RAY´S 510 g.","price":"3,54 €","offer_price":0,"offer_type":null,"stock":false,"super":"alcampo"},{"img":"https://www.alcampo.es/media/h76/h58/8959645515806.jpg","name":"Salsa de soja sin gluten KIKKOMAN frasco de 250 milils","price":"3,99 €","offer_price":0,"offer_type":null,"stock":false,"super":"alcampo"},{"img":"https://www.alcampo.es/media/h1a/h62/9041947230238.jpg","name":"Mostaza dulce PRIMA 330 g.","price":"1,13 €","offer_price":0,"offer_type":null,"stock":false,"super":"alcampo"},{"img":"https://www.alcampo.es/media/h5e/h87/10425254150174.jpg","name":"Salsa ranchera boca abajo ALVIANDA 280 g.","price":"1,51 €","offer_price":0,"offer_type":null,"stock":false,"super":"alcampo"},{"img":"https://www.alcampo.es/media/hc3/hcf/8969644343326.jpg","name":"Extracto original de buey BOVRIL 250 g.","price":"5,19 €","offer_price":0,"offer_type":null,"stock":false,"super":"alcampo"},{"img":"https://www.alcampo.es/media/h65/h41/9541128028190.jpg","name":"Mostaza de Dijon original MAILLE 245 g.","price":"2,79 €","offer_price":0,"offer_type":null,"stock":false,"super":"alcampo"},{"img":"https://www.alcampo.es/media/he7/h6e/8891795832862.jpg","name":"Salsa brava intensa PRIMA bote de 320 g.","price":"1,74 €","offer_price":0,"offer_type":null,"stock":false,"super":"alcampo"},{"img":"https://www.alcampo.es/media/h8e/he4/10610814386206.jpg","name":"Vinagre de arroz BLUE DRAGON 150 ml.","price":"1,87 €","offer_price":0,"offer_type":null,"stock":false,"super":"alcampo"},{"img":"https://www.alcampo.es/media/h1f/h40/8890720452638.jpg","name":"Mostaza antigua MAILLE frasco de 380 g.","price":"5,12 €","offer_price":0,"offer_type":null,"stock":false,"super":"alcampo"},{"img":"https://www.alcampo.es/media/he7/h74/9775603482654.jpg","name":"Salsa César PRODUCTO ALCAMPO 300 ml.","price":"1,04 €","offer_price":0,"offer_type":null,"stock":false,"super":"alcampo"},{"img":"https://www.alcampo.es/media/h52/h56/10548985659422.jpg","name":"Salsa fresca de tomate y mascarpone elaborada con ingredientes 100% naturales RANA 180 g.","price":"2,25 €","offer_price":0,"offer_type":null,"stock":false,"super":"alcampo"},{"img":"https://www.alcampo.es/media/h65/h46/8885640134686.jpg","name":"Salsa rosa CALVÉ 225 ml.","price":"0,97 €","offer_price":0,"offer_type":null,"stock":false,"super":"alcampo"},{"img":"https://www.alcampo.es/media/hc9/he8/8966680117278.jpg","name":"Salsa de soja MANFONG 150 ml.","price":"1,17 €","offer_price":0,"offer_type":null,"stock":false,"super":"alcampo"},{"img":"https://www.alcampo.es/media/hd6/h45/10107114029086.jpg","name":"Salsa de soja ecológica ORIGENS BIO 150 ml.","price":"1,57 €","offer_price":0,"offer_type":null,"stock":false,"super":"alcampo"},{"img":"https://www.alcampo.es/media/h4b/h9e/8929736687646.jpg","name":"Salsa de chili picante HEINZ bote de 220 milils","price":"1,73 €","offer_price":0,"offer_type":null,"stock":false,"super":"alcampo"},{"img":"https://www.alcampo.es/media/h54/he6/9807875244062.jpg","name":"Salsa para cocktail PRODUCTO ALCAMPO frasco de 225 ml.","price":"0,68 €","offer_price":0,"offer_type":null,"stock":false,"super":"alcampo"},{"img":"https://www.alcampo.es/media/ha7/h24/9771333419038.jpg","name":"Salsa barbacoa original SWEET BABY RAY´S 510 g.","price":"3,54 €","offer_price":0,"offer_type":null,"stock":false,"super":"alcampo"},{"img":"https://www.alcampo.es/media/h64/hbf/9113067782174.jpg","name":"Salsa de soja oscura TIGER KHAN 300 ml.","price":"2,25 €","offer_price":0,"offer_type":null,"stock":false,"super":"alcampo"},{"img":"https://www.alcampo.es/media/hdc/h23/9122254487582.jpg","name":"Salsa picante habanero TABASCO 60 ml. ","price":"3,69 €","offer_price":0,"offer_type":null,"stock":false,"super":"alcampo"},{"img":"https://www.alcampo.es/media/h74/h32/9290562404382.jpg","name":"Salsa de yogurt ideal para ensaladas FLORETTE 250 gramos","price":"1,42 €","offer_price":0,"offer_type":null,"stock":false,"super":"alcampo"},{"img":"https://www.alcampo.es/media/h0f/hf9/9193422782494.jpg","name":"Salsa korma SHARWOOD'S 420 g.","price":"3,43 €","offer_price":0,"offer_type":null,"stock":false,"super":"alcampo"},{"img":"https://www.alcampo.es/media/hd1/hea/10720924041246.jpg","name":"Salsa de queso parmesano y pera, ideal para pasta, carne y arroz GALLO 140 g.","price":"2,11 €","offer_price":0,"offer_type":null,"stock":false,"super":"alcampo"},{"img":"https://www.alcampo.es/media/hf0/he4/10777802833950.jpg","name":"Salsa Deluxe, finas hierbas ORLANDO 245 g.","price":"1,35 €","offer_price":0,"offer_type":null,"stock":false,"super":"alcampo"},{"img":"https://www.alcampo.es/media/h42/h36/9086782373918.jpg","name":"Salsa de ají picante NATIVO frasco de 220 gr","price":"1,74 €","offer_price":0,"offer_type":null,"stock":false,"super":"alcampo"},{"img":"https://www.alcampo.es/media/h50/hde/8973400408094.jpg","name":"Mostaza americana GULDEN'S bote de 340 g.","price":"3,39 €","offer_price":0,"offer_type":null,"stock":false,"super":"alcampo"},{"img":"https://www.alcampo.es/media/hcb/h4c/8960054919198.jpg","name":"Salsa ranchera KEN'S bote de 454 g.","price":"5,09 €","offer_price":0,"offer_type":null,"stock":false,"super":"alcampo"},{"img":"https://www.alcampo.es/media/h53/h10/8962565963806.jpg","name":"Salsa brava especial patatas FERRER frasco de 250 g.","price":"2,21 €","offer_price":0,"offer_type":null,"stock":false,"super":"alcampo"},{"img":"https://www.alcampo.es/media/h2b/h10/9380847026206.jpg","name":"Salsa de roquefort PRODUCTO ALCAMPO 30 g.","price":"0,68 €","offer_price":0,"offer_type":null,"stock":false,"super":"alcampo"},{"img":"https://www.alcampo.es/media/hf4/h43/9519793340446.jpg","name":"Salsa de soja tradicional TIGER KHAN 1 l.","price":"4,29 €","offer_price":0,"offer_type":null,"stock":false,"super":"alcampo"},{"img":"https://www.alcampo.es/media/h72/h95/8952447729694.jpg","name":"Mojo rojo picante GUACHINERFE 200 g.","price":"3,56 €","offer_price":0,"offer_type":null,"stock":false,"super":"alcampo"},{"img":"https://www.alcampo.es/media/h13/h7b/9807877963806.jpg","name":"Salsa burguer PRODUCTO ALCAMPO 300 g.","price":"1,08 €","offer_price":0,"offer_type":null,"stock":false,"super":"alcampo"},{"img":"https://www.alcampo.es/media/h3c/h70/10728309522462.jpg","name":"Salsa china agridulce TA-TUNG 200 ml.","price":"1,99 €","offer_price":0,"offer_type":null,"stock":false,"super":"alcampo"},{"img":"https://www.alcampo.es/media/h86/hae/10786563522590.jpg","name":"Ketchup ORLANDO bote de 1,8 kilos","price":"4,41 €","offer_price":0,"offer_type":null,"stock":false,"super":"alcampo"},{"img":"https://www.alcampo.es/media/ha7/h8e/9398138994718.jpg","name":"Salsa Tikka Masala TIGER KHAN 340 ml.","price":"3,24 €","offer_price":0,"offer_type":null,"stock":false,"super":"alcampo"},{"img":"https://www.alcampo.es/media/h0d/h95/8965283741726.jpg","name":"Ajonesa CHOVI 250 ml.","price":"1,08 €","offer_price":0,"offer_type":null,"stock":false,"super":"alcampo"},{"img":"https://www.alcampo.es/media/h9b/hc9/8892784705566.jpg","name":"Salsa brava picante SALSAS ASTURIANAS frasco de 310 g.","price":"1,46 €","offer_price":0,"offer_type":null,"stock":false,"super":"alcampo"},{"img":"https://www.alcampo.es/media/h65/h8f/10720985186334.jpg","name":"Salsa tzatziki original griega MEVGAL 200 g.","price":"1,69 €","offer_price":0,"offer_type":null,"stock":false,"super":"alcampo"},{"img":"https://www.alcampo.es/media/h7c/h45/8963569385502.jpg","name":"Salsa alioli FERRER frasco de 160 g.","price":"1,74 €","offer_price":0,"offer_type":null,"stock":false,"super":"alcampo"},{"img":"https://www.alcampo.es/media/hf3/h9a/10034544967710.jpg","name":"Salsa fresca boloñesa, elaborada con ingredientes 100% naturales RANA 180 g.","price":"1,74 €","offer_price":0,"offer_type":null,"stock":false,"super":"alcampo"},{"img":"https://www.alcampo.es/media/h73/h2f/10292655620126.jpg","name":"Salsa de pesto estilo Genovese, elaborada con ingredientes 100% naturales BUITONI 140 g.","price":"2,90 €","offer_price":0,"offer_type":null,"stock":false,"super":"alcampo"},{"img":"https://www.alcampo.es/media/hd5/hcc/10721021984798.jpg","name":"Salsa allioli en prácticos sobres monodosis CHOVI 8 uds.","price":"1,34 €","offer_price":0,"offer_type":null,"stock":false,"super":"alcampo"},{"img":"https://www.alcampo.es/media/h27/hdc/10610920063006.jpg","name":"Salsa de curry PATAK'S 350 g.","price":"2,61 €","offer_price":0,"offer_type":null,"stock":false,"super":"alcampo"},{"img":"https://www.alcampo.es/media/h5b/h1c/10728303624222.jpg","name":"Allioli tradicional, elaborado sin conservantes ni gluten L'AUTÈNTIC 135 g.","price":"1,19 €","offer_price":0,"offer_type":null,"stock":false,"super":"alcampo"},{"img":"https://www.alcampo.es/media/ha7/hd0/9762363113502.jpg","name":"Salsa de yogur PRODUCTO ALCAMPO bote de 300 g.","price":"1,08 €","offer_price":0,"offer_type":null,"stock":false,"super":"alcampo"},{"img":"https://www.alcampo.es/media/hc8/h87/8952444125214.jpg","name":"Salsa de mostaza y miel gourmet SALSAS ASTURIANAS frasco de 330 g.","price":"2,59 €","offer_price":0,"offer_type":null,"stock":false,"super":"alcampo"},{"img":"https://www.alcampo.es/media/hac/hb5/8897396867102.jpg","name":"Preparado especias curry rojo ASIAN HOME GOURMET 50 g.","price":"1,51 €","offer_price":0,"offer_type":null,"stock":false,"super":"alcampo"},{"img":"https://www.alcampo.es/media/h6b/h7b/8876397494302.jpg","name":"Salsa de champiñones GALLINA BLANCA sobre de 24 g.","price":"1,66 €","offer_price":0,"offer_type":null,"stock":false,"super":"alcampo"},{"img":"https://www.alcampo.es/media/hc1/h04/8935539539998.jpg","name":"Bechamel con un 50% menos de grasa PARMALAT brik de 500 millils","price":"2,06 €","offer_price":0,"offer_type":null,"stock":false,"super":"alcampo"},{"img":"https://www.alcampo.es/media/h37/ha9/8929783087134.jpg","name":"Salsa bechamel GALLINA BLANCA sobre de 52 g.","price":"1,17 €","offer_price":0,"offer_type":null,"stock":false,"super":"alcampo"},{"img":"https://www.alcampo.es/media/hb2/h72/10652058255390.jpg","name":"Salsa alioli HEINZ bote de 220 ml.","price":"1,88 €","offer_price":0,"offer_type":null,"stock":false,"super":"alcampo"},{"img":"https://www.alcampo.es/media/h16/hc0/9380001906718.jpg","name":"Mostaza de cultivo ecológico ECOCESTA 200 g.","price":"2,26 €","offer_price":0,"offer_type":null,"stock":false,"super":"alcampo"},{"img":"https://www.alcampo.es/media/h9d/h78/8966655311902.jpg","name":"Mostaza en monodosis PRIMA 18 uds de 5 gramos.","price":"1,14 €","offer_price":0,"offer_type":null,"stock":false,"super":"alcampo"},{"img":"https://www.alcampo.es/media/h02/h68/9471108481054.jpg","name":"Salsa bechamel, elaborada sin gluten y lista para cocinar PRESIDENT 500 ml.","price":"2,19 €","offer_price":0,"offer_type":null,"stock":false,"super":"alcampo"},{"img":"https://www.alcampo.es/media/h05/h1d/9519003271198.jpg","name":"Salsa soja sin gluten YANG-TSE 150 ml.","price":"1,40 €","offer_price":0,"offer_type":null,"stock":false,"super":"alcampo"},{"img":"https://www.alcampo.es/media/h20/ha4/9567803244574.jpg","name":"Salsa César YBARRA 250 ml.","price":"1,84 €","offer_price":0,"offer_type":null,"stock":false,"super":"alcampo"},{"img":"https://www.alcampo.es/media/hd7/h4d/9124327587870.jpg","name":"Mostaza americana FRENCH'S 397 g.","price":"2,62 €","offer_price":0,"offer_type":null,"stock":false,"super":"alcampo"},{"img":"https://www.alcampo.es/media/h89/hb6/9069615546398.jpg","name":"Salsa mexicana casera a base de tomates y verduras especial fajitas LA COSTEÑA 250 g.","price":"2,16 €","offer_price":0,"offer_type":null,"stock":false,"super":"alcampo"},{"img":"https://www.alcampo.es/media/he7/hf6/9358284062750.jpg","name":"Salsa burger New York especial para hamburguesas YBARRA 250 ml.","price":"1,24 €","offer_price":0,"offer_type":null,"stock":false,"super":"alcampo"},{"img":"https://www.alcampo.es/media/h35/h49/10245509709854.jpg","name":"Mostaza en monodosis PRODUCTO ALCAMPO bolsa de 6 g. pack de 15 uds.","price":"0,59 €","offer_price":0,"offer_type":null,"stock":false,"super":"alcampo"},{"img":"https://www.alcampo.es/media/hf4/h4c/9781089009694.jpg","name":"Salsa sour cream PRODUCTO ALCAMPO, 240 g.","price":"1,79 €","offer_price":0,"offer_type":null,"stock":false,"super":"alcampo"},{"img":"https://www.alcampo.es/media/h04/h83/8891260272670.jpg","name":"Salsa picante HARISSA frasco de 120 g.","price":"1,87 €","offer_price":0,"offer_type":null,"stock":false,"super":"alcampo"},{"img":"https://www.alcampo.es/media/hfd/h91/10610859147294.jpg","name":"Salsa mejicana para tacos SANTA MARÍA 230 g.","price":"2,12 €","offer_price":0,"offer_type":null,"stock":false,"super":"alcampo"},{"img":"https://www.alcampo.es/media/hfe/h3d/8889981534238.jpg","name":"Mostaza en polvo COLMAN´S 57 g.","price":"1,99 €","offer_price":0,"offer_type":null,"stock":false,"super":"alcampo"},{"img":"https://www.alcampo.es/media/h5d/h38/9386895835166.jpg","name":"Ketchup sabor barbacoa con un toque ahumado PRIMA bote de 325 g.","price":"1,48 €","offer_price":0,"offer_type":null,"stock":false,"super":"alcampo"},{"img":"https://www.alcampo.es/media/h8c/h52/8970493624350.jpg","name":"Mostaza de Dijon al vino blanc GREY POUPON frasco de 215 gramos.","price":"3,05 €","offer_price":0,"offer_type":null,"stock":false,"super":"alcampo"},{"img":"https://www.alcampo.es/media/h30/hca/9541120688158.jpg","name":"Mostaza a la antigua MAILLE 240 g.","price":"2,90 €","offer_price":0,"offer_type":null,"stock":false,"super":"alcampo"},{"img":"https://www.alcampo.es/media/h74/h22/10720993411102.jpg","name":"Salsa de setas del bosque GALLO 140 g.","price":"2,24 €","offer_price":0,"offer_type":null,"stock":false,"super":"alcampo"},{"img":"https://www.alcampo.es/media/h36/h55/9069603127326.jpg","name":"Salsa de soja NATIVO frasco de 220gr","price":"1,79 €","offer_price":0,"offer_type":null,"stock":false,"super":"alcampo"},{"img":"https://www.alcampo.es/media/hf8/he4/10826968924190.jpg","name":"Mostaza dulce original de Baviera DEVELEY frasco de 296 ml.","price":"2,81 €","offer_price":0,"offer_type":null,"stock":false,"super":"alcampo"},{"img":"https://www.alcampo.es/media/h13/h65/9124317397022.jpg","name":"Salsa mejicana picante perfecta para los chips SANTA MARÍA 250 g.","price":"3,65 €","offer_price":0,"offer_type":null,"stock":false,"super":"alcampo"},{"img":"https://www.alcampo.es/media/h85/h7c/9173993947166.jpg","name":"Salsa mexicana verde a base de tomate y chile jalapeño GOYA botella 500 g. ","price":"2,49 €","offer_price":0,"offer_type":null,"stock":false,"super":"alcampo"},{"img":"https://www.alcampo.es/media/hf2/h32/9888516210718.jpg","name":"Bechamel tradicional con aceite de oliva virgen extra SANTA TERESA 500 ml.","price":"2,81 €","offer_price":0,"offer_type":null,"stock":false,"super":"alcampo"},{"img":"https://www.alcampo.es/media/h6c/h50/10425262276638.jpg","name":"Salsa American Burguer ALVIANDA 280 g.","price":"1,52 €","offer_price":0,"offer_type":null,"stock":false,"super":"alcampo"},{"img":"https://www.alcampo.es/media/hd1/h1e/10494934581278.jpg","name":"Bese vegetal de avena para cocinar NESTLÉ IDEAL 200 ml.","price":"1,31 €","offer_price":0,"offer_type":null,"stock":false,"super":"alcampo"},{"img":"https://www.alcampo.es/media/h34/h37/8882166824990.jpg","name":"Preparado especias Tikka Masala indio ASIAN HOME GOURMET 50 g.","price":"1,84 €","offer_price":0,"offer_type":null,"stock":false,"super":"alcampo"},{"img":"https://www.alcampo.es/media/h23/h62/9567792726046.jpg","name":"Salsa con miel y mostaza YBARRA 250 ml.","price":"1,80 €","offer_price":0,"offer_type":null,"stock":false,"super":"alcampo"},{"img":"https://www.alcampo.es/media/h96/h98/8887982620702.jpg","name":"Salsa tahini AL'FÉZ 200 g.","price":"3,51 €","offer_price":0,"offer_type":null,"stock":false,"super":"alcampo"},{"img":"https://www.alcampo.es/media/h6e/haa/8898385543198.jpg","name":"Salsa de queso cabrales SALSAS ASTURIANAS frasco de 278 g.","price":"2,59 €","offer_price":0,"offer_type":null,"stock":false,"super":"alcampo"},{"img":"https://www.alcampo.es/media/h8e/h7e/10011577974814.jpg","name":"Salsa Holandesa, de mantequilla y zumo de limón concentrado MAISON POTIER 180 g.","price":"4,65 €","offer_price":0,"offer_type":null,"stock":false,"super":"alcampo"},{"img":"https://www.alcampo.es/media/h79/h46/8875707465758.jpg","name":"Mostaza de Dijon mi forte PRODUCTO ALCAMPO frasco de 200 g.","price":"1,09 €","offer_price":0,"offer_type":null,"stock":false,"super":"alcampo"},{"img":"https://www.alcampo.es/media/h52/h82/9111252959262.jpg","name":"Salsa de chili dulce TIGER KHAN 300 ml.","price":"2,26 €","offer_price":0,"offer_type":null,"stock":false,"super":"alcampo"},{"img":"https://www.alcampo.es/media/h65/heb/8895596003358.jpg","name":"Salsa chimichurri FERRER frasco de 300 g.","price":"2,42 €","offer_price":0,"offer_type":null,"stock":false,"super":"alcampo"},{"img":"https://www.alcampo.es/media/ha4/h02/10411388633118.jpg","name":"Ketchup en bolsitas HEINZ 12 uds. 132 g.","price":"1,42 €","offer_price":0,"offer_type":null,"stock":false,"super":"alcampo"},{"img":"https://www.alcampo.es/media/h84/hd3/8891131166750.jpg","name":"Salsa al Pedro Ximénez con pasas SALSAS ASTURIANAS frasco de 330 g.","price":"2,59 €","offer_price":0,"offer_type":null,"stock":false,"super":"alcampo"},{"img":"https://www.alcampo.es/media/hde/he0/8895463424030.jpg","name":"Mostaza extra fuerte REINE DE DIJON frasco de 100 g.","price":"1,05 €","offer_price":0,"offer_type":null,"stock":false,"super":"alcampo"},{"img":"https://www.alcampo.es/media/h62/hfe/10610867634206.jpg","name":"Salsa chili dulce GO-TAN 270 ml.","price":"3,10 €","offer_price":0,"offer_type":null,"stock":false,"super":"alcampo"},{"img":"https://www.alcampo.es/media/he1/hac/8965356552222.jpg","name":"Salsa barbacoa mediterranea, especial parrillas SALSAS ASTURIANAS 295 g.","price":"2,30 €","offer_price":0,"offer_type":null,"stock":false,"super":"alcampo"},{"img":"https://www.alcampo.es/media/h3e/h65/8940727992350.jpg","name":"Almogrote GUACHINERFE 200 g.","price":"5,30 €","offer_price":0,"offer_type":null,"stock":false,"super":"alcampo"},{"img":"https://www.alcampo.es/media/h39/hdb/9152932479006.jpg","name":"Salsa mojo picón MONTEALBOR 180 g.","price":"2,06 €","offer_price":0,"offer_type":null,"stock":false,"super":"alcampo"},{"img":"https://www.alcampo.es/media/h66/hca/8899127869470.jpg","name":"Mostaza antigua LOUIT frasco de 115 g.","price":"1,49 €","offer_price":0,"offer_type":null,"stock":false,"super":"alcampo"},{"img":"https://www.alcampo.es/media/hf7/h23/9358400684062.jpg","name":"Salsa Roquefort YBARRA 300 ml.","price":"1,61 €","offer_price":0,"offer_type":null,"stock":false,"super":"alcampo"},{"img":"https://www.alcampo.es/media/hf5/h1d/10721121992734.jpg","name":"Salsa Pesto tradicional, ideal para pasta, carpaccio y ensaladas GALLO 140 g.","price":"2,24 €","offer_price":0,"offer_type":null,"stock":false,"super":"alcampo"},{"img":"https://www.alcampo.es/media/h14/h7b/10384435707934.jpg","name":"Salsa fresca de setas, elaborada sin gluten ni conservantes BUITONI 160 g.","price":"2,90 €","offer_price":0,"offer_type":null,"stock":false,"super":"alcampo"},{"img":"https://www.alcampo.es/media/h13/h03/9065144680478.jpg","name":"Mostaza y miel LIGERESA bote de 450ml","price":"2,02 €","offer_price":0,"offer_type":null,"stock":false,"super":"alcampo"},{"img":"https://www.alcampo.es/media/h9e/h35/10425172000798.jpg","name":"Salsa brava boca abajo ALVIANDA 300 g.","price":"1,43 €","offer_price":0,"offer_type":null,"stock":false,"super":"alcampo"},{"img":"https://www.alcampo.es/media/h54/h05/10467950624798.jpg","name":"Ketchup YBARRA 560 g.","price":"1,98 €","offer_price":0,"offer_type":null,"stock":false,"super":"alcampo"},{"img":"https://www.alcampo.es/media/hd1/ha2/9229224706078.jpg","name":"Mostaza antigua HELLMANN'S 250 ml.","price":"1,34 €","offer_price":0,"offer_type":null,"stock":false,"super":"alcampo"},{"img":"https://www.alcampo.es/media/h56/h8f/9290613555230.jpg","name":"Salsa Vinagreta FLORETTE Tarro de 250 Gramos","price":"1,68 €","offer_price":0,"offer_type":null,"stock":false,"super":"alcampo"},{"img":"https://www.alcampo.es/media/hea/hdb/9193425141790.jpg","name":"Salsa Pad Thai especial para fideos Tailandia ASIAN HOME GOURMET 50 gramos","price":"1,39 €","offer_price":0,"offer_type":null,"stock":false,"super":"alcampo"},{"img":"https://www.alcampo.es/media/h97/hfa/8959953010718.jpg","name":"Salsa miel y mostaza KEN'S bote de 454 g.","price":"5,50 €","offer_price":0,"offer_type":null,"stock":false,"super":"alcampo"},{"img":"https://www.alcampo.es/media/h72/h64/9575691354142.jpg","name":"Salsa de chili dulce CONIMEX 500 g.","price":"3,85 €","offer_price":0,"offer_type":null,"stock":false,"super":"alcampo"},{"img":"https://www.alcampo.es/media/h96/hf6/9305067225118.jpg","name":"Salsa sour cream MEXIFOODS, 240 g.","price":"1,96 €","offer_price":0,"offer_type":null,"stock":false,"super":"alcampo"},{"img":"https://www.alcampo.es/media/hd8/hb2/10736673521694.jpg","name":"Allioli con perejil, elaborado sin gluten y sin azucar CHOVI 150 g.","price":"1,19 €","offer_price":0,"offer_type":null,"stock":false,"super":"alcampo"},{"img":"https://www.alcampo.es/media/h70/hf4/9305076367390.jpg","name":"Mostaza fuerte de Dijon REINE de DIJON 200 g.","price":"1,64 €","offer_price":0,"offer_type":null,"stock":false,"super":"alcampo"},{"img":"https://www.alcampo.es/media/hb2/h78/9130805362718.jpg","name":"Salsa barabacoa con chili HEINZ 490 gr. ","price":"2,48 €","offer_price":0,"offer_type":null,"stock":false,"super":"alcampo"},{"img":"https://www.alcampo.es/media/h77/hd3/9290031988766.jpg","name":"Salsa aperitivo DANI 125 ml.","price":"1,38 €","offer_price":0,"offer_type":null,"stock":false,"super":"alcampo"},{"img":"https://www.alcampo.es/media/hac/h74/10721003995166.jpg","name":"Salsa Allioli con ajo negro, elaborada sin colorantes ni gluten CHOVI 70 ml.","price":"1,09 €","offer_price":0,"offer_type":null,"stock":false,"super":"alcampo"},{"img":"https://www.alcampo.es/media/hff/hc1/9454875705374.jpg","name":"Salsa sabor aguacate PRODUCTO ALCAMPO 300 g.","price":"2,06 €","offer_price":0,"offer_type":null,"stock":false,"super":"alcampo"},{"img":"https://www.alcampo.es/media/hd9/hb7/8892390440990.jpg","name":"Salsa jalfrezi muy picante SHARWOOD'S 420 g.","price":"3,19 €","offer_price":0,"offer_type":null,"stock":false,"super":"alcampo"},{"img":"https://www.alcampo.es/media/hfa/h18/10425185599518.jpg","name":"Salsa Andalusí ALVIANDA 280 g.","price":"1,51 €","offer_price":0,"offer_type":null,"stock":false,"super":"alcampo"},{"img":"https://www.alcampo.es/media/h95/hb2/10749207281694.jpg","name":"Salsa César sin azúcares PRIMA CERO 310 ml.","price":"2,28 €","offer_price":0,"offer_type":null,"stock":false,"super":"alcampo"},{"img":"https://www.alcampo.es/media/h8f/hbc/8889044369438.jpg","name":"Salsa de curry korma ASIAN HOME GOURMET 50 g.","price":"1,84 €","offer_price":0,"offer_type":null,"stock":false,"super":"alcampo"},{"img":"https://www.alcampo.es/media/hc4/h97/8935578435614.jpg","name":"Mostaza de Dijon AMORA SAVORA frasco de 385 g.","price":"4,51 €","offer_price":0,"offer_type":null,"stock":false,"super":"alcampo"},{"img":"https://www.alcampo.es/media/hcc/h71/8952532140062.jpg","name":"Salsa de roquefort GALLINA BLANCA sobre de 23 g.","price":"1,55 €","offer_price":0,"offer_type":null,"stock":false,"super":"alcampo"},{"img":"https://www.alcampo.es/media/h95/h69/10466168242206.jpg","name":"Salsa Cheddar original, especial para dipear YBARRA 300 ml.","price":"1,76 €","offer_price":0,"offer_type":null,"stock":false,"super":"alcampo"},{"img":"https://www.alcampo.es/media/hec/h38/9106561859614.jpg","name":"Ketchup original PRIMA 1,8 kg. ","price":"5,03 €","offer_price":0,"offer_type":null,"stock":false,"super":"alcampo"},{"img":"https://www.alcampo.es/media/h4a/hf9/9107554041886.jpg","name":"Mojo cilántro canarios GUACHINERFE 200 gramos.","price":"3,54 €","offer_price":0,"offer_type":null,"stock":false,"super":"alcampo"},{"img":"https://www.alcampo.es/media/h91/he7/8960059998238.jpg","name":"Salsa chimichurri con omega 3, especial para carnes y churrascos JR frasco de 285 milils","price":"3,52 €","offer_price":0,"offer_type":null,"stock":false,"super":"alcampo"},{"img":"https://www.alcampo.es/media/hc7/hef/8960071467038.jpg","name":"Salsa sukiyaki KIKKOMAN 250 ml.","price":"3,89 €","offer_price":0,"offer_type":null,"stock":false,"super":"alcampo"},{"img":"https://www.alcampo.es/media/h92/h4d/9629502210078.jpg","name":"Salsa allioli ecológica YBARRA 300 ml.","price":"4,39 €","offer_price":0,"offer_type":null,"stock":false,"super":"alcampo"},{"img":"https://www.alcampo.es/media/h7b/h38/8935549239326.jpg","name":"Salsa a la pimienta KNORR brik de 300 g.","price":"2,56 €","offer_price":0,"offer_type":null,"stock":false,"super":"alcampo"},{"img":"https://www.alcampo.es/media/h43/h97/8959724421150.jpg","name":"Salsa chimichurri picante especial para carnes y pesacados EL ARGENTINO frasco de 295 g.","price":"2,30 €","offer_price":0,"offer_type":null,"stock":false,"super":"alcampo"},{"img":"https://www.alcampo.es/media/hb0/h18/8900171923486.jpg","name":"Preparado especias para pollo a la mantequilla indio ASIAN HOME GOURMET 50 g.","price":"1,51 €","offer_price":0,"offer_type":null,"stock":false,"super":"alcampo"},{"img":"https://www.alcampo.es/media/h89/hcc/10431645810718.jpg","name":"Mostaza BANGOR 290 g.","price":"0,90 €","offer_price":0,"offer_type":null,"stock":false,"super":"alcampo"},{"img":"https://www.alcampo.es/media/h0b/h3d/10425239011358.jpg","name":"Salsa cocktail boca abajo ALIVIANDA 270 g.","price":"1,66 €","offer_price":0,"offer_type":null,"stock":false,"super":"alcampo"},{"img":"https://www.alcampo.es/media/h5a/hb3/9173922840606.jpg","name":"Salsa mexicana pico de gallo GOYA botella de 500 g. ","price":"2,49 €","offer_price":0,"offer_type":null,"stock":false,"super":"alcampo"},{"img":"https://www.alcampo.es/media/hc9/hc2/8952400412702.jpg","name":"Mojo verde GUACHINERFE 200 g.","price":"3,71 €","offer_price":0,"offer_type":null,"stock":false,"super":"alcampo"},{"img":"https://www.alcampo.es/media/h84/h07/8896315916318.jpg","name":"Salsa rogan josh SHARWOOD'S 420 g.","price":"3,90 €","offer_price":0,"offer_type":null,"stock":false,"super":"alcampo"},{"img":"https://www.alcampo.es/media/hc5/h89/10749206036510.jpg","name":"Salsa de yogur sin azúcares PRIMA CERO 310 ","price":"2,28 €","offer_price":0,"offer_type":null,"stock":false,"super":"alcampo"},{"img":"https://www.alcampo.es/media/h3e/h11/10652081324062.jpg","name":"Salsa de curry con mango HEINZ bote de 270 g.","price":"1,38 €","offer_price":0,"offer_type":null,"stock":false,"super":"alcampo"},{"img":"https://www.alcampo.es/media/h5d/h62/9217403551774.jpg","name":"Salsa de rábano picante aromático HENGSTENBERG frasco de 145 g.","price":"2,11 €","offer_price":0,"offer_type":null,"stock":false,"super":"alcampo"},{"img":"https://www.alcampo.es/media/hd7/hca/9398143320094.jpg","name":"Salsa Butter chicken TIGER KHAN 240 ml.","price":"3,15 €","offer_price":0,"offer_type":null,"stock":false,"super":"alcampo"},{"img":"https://www.alcampo.es/media/hdf/hfd/8874110156830.jpg","name":"Salsa de 5 pimientas gourmet SALSAS ASTURIANAS 280 g.","price":"2,44 €","offer_price":0,"offer_type":null,"stock":false,"super":"alcampo"},{"img":"https://www.alcampo.es/media/had/hc6/9111171891230.jpg","name":"Salsa satay TIGER KHAN 300 ml.","price":"2,68 €","offer_price":0,"offer_type":null,"stock":false,"super":"alcampo"},{"img":"https://www.alcampo.es/media/hb5/h8a/8934868910110.jpg","name":"Salsa Nuoc Mam PRODUCTO ALCAMPO 125 ml.","price":"1,49 €","offer_price":0,"offer_type":null,"stock":false,"super":"alcampo"},{"img":"https://www.alcampo.es/media/h6b/h06/9519069823006.jpg","name":"Salsa Allioli en cápsulas CHOVI 4 x 40 g.","price":"1,89 €","offer_price":0,"offer_type":null,"stock":false,"super":"alcampo"},{"img":"https://www.alcampo.es/media/h20/h50/9124326244382.jpg","name":"Salsa de guacamole tex mex ideal para los chips SANTA MARÍA 250 g.","price":"3,24 €","offer_price":0,"offer_type":null,"stock":false,"super":"alcampo"},{"img":"https://www.alcampo.es/media/hda/h7f/8891212365854.jpg","name":"Salsa de chile picante YANG-TSE 220 g.","price":"2,74 €","offer_price":0,"offer_type":null,"stock":false,"super":"alcampo"},{"img":"https://www.alcampo.es/media/h40/h58/9888561627166.jpg","name":"Alioli elaborado con un 22% de aceite de oliva y sin gluten SANTA TERESA 125 ml.","price":"2,58 €","offer_price":0,"offer_type":null,"stock":false,"super":"alcampo"},{"img":"https://www.alcampo.es/media/h31/h6a/8965277351966.jpg","name":"Chili con carne COLMAN'S 50 g.","price":"1,99 €","offer_price":0,"offer_type":null,"stock":false,"super":"alcampo"},{"img":"https://www.alcampo.es/media/hbb/he6/10652065300510.jpg","name":"Ketchup Gourmet con ajo horneado y tomate seco HEINZ 270 g.","price":"2,49 €","offer_price":0,"offer_type":null,"stock":false,"super":"alcampo"},{"img":"https://www.alcampo.es/media/h2a/hd5/9520566435870.jpg","name":"Salsa Rich Hoisin (agridulce) BLUE DRAGON 190 ml.","price":"3 €","offer_price":0,"offer_type":null,"stock":false,"super":"alcampo"},{"img":"https://www.alcampo.es/media/h67/hbb/10652085616670.jpg","name":"Ketchup Gourmet con hierbas aromáticas HEINZ 270 g.","price":"2,49 €","offer_price":0,"offer_type":null,"stock":false,"super":"alcampo"},{"img":"https://www.alcampo.es/media/hc8/hc4/9861334990878.jpg","name":"Salsa de tomate ecológica con seitán de espelta ALCE NERO 200 g.","price":"3,29 €","offer_price":0,"offer_type":null,"stock":false,"super":"alcampo"},{"img":"https://www.alcampo.es/media/h25/ha3/8900698570782.jpg","name":"Salsa al Pedro Ximénez EL MAJUELO bote de 160 milils","price":"2,49 €","offer_price":0,"offer_type":null,"stock":false,"super":"alcampo"},{"img":"https://www.alcampo.es/media/h1d/h35/9164510855198.jpg","name":"Salsa menta clásica COLMAN'S 165 g.","price":"1,89 €","offer_price":0,"offer_type":null,"stock":false,"super":"alcampo"},{"img":"https://www.alcampo.es/media/h3a/hf1/10652047671326.jpg","name":"Ketchup Gourmet con vinagre balsámico HEINZ 270 g.","price":"2,49 €","offer_price":0,"offer_type":null,"stock":false,"super":"alcampo"},{"img":"https://www.alcampo.es/media/hc9/ha7/9351845904414.jpg","name":"Salsa BBQ sweet heat STUBB 510 g.","price":"4,65 €","offer_price":0,"offer_type":null,"stock":false,"super":"alcampo"}]