[{"img":"https://www.alcampo.es/media/h1d/h6c/9781073084446.jpg","name":"Manzanilla con anís PRODUCTO ALCAMPO 20 uds. 27 g.","price":"0,47 €","offer_price":0,"offer_type":null,"stock":false,"super":"alcampo"},{"img":"https://www.alcampo.es/media/h93/h65/9781096874014.jpg","name":"Té verde PRODUCTO ALCAMPO 20 uds.36 g.","price":"0,49 €","offer_price":0,"offer_type":null,"stock":false,"super":"alcampo"},{"img":"https://www.alcampo.es/media/h92/h34/9466051952670.jpg","name":"Manzanilla HORNIMANS 25 uds.","price":"1,64 €","offer_price":0,"offer_type":null,"stock":false,"super":"alcampo"},{"img":"https://www.alcampo.es/media/h23/hf0/8952434786334.jpg","name":"Té Earl Grey (té negro y aroma de bergamota) TWININGS 25 uds. 50 g.","price":"2,66 €","offer_price":0,"offer_type":null,"stock":false,"super":"alcampo"},{"img":"https://www.alcampo.es/media/hd4/hcf/9790111580190.jpg","name":"Té rojo PRODUCTO ALCAMPO 20 uds.36 g.","price":"0,76 €","offer_price":0,"offer_type":null,"stock":false,"super":"alcampo"},{"img":"https://www.alcampo.es/media/hbb/h3a/9465079070750.jpg","name":"Manzanilla con anís HORNIMANS 25 uds. x 35 g.","price":"1,64 €","offer_price":0,"offer_type":null,"stock":false,"super":"alcampo"},{"img":"https://www.alcampo.es/media/hb0/hbe/9465795477534.jpg","name":"Poleo menta POMPADOUR 25 uds. x 1,5 g.","price":"1,54 €","offer_price":0,"offer_type":null,"stock":false,"super":"alcampo"},{"img":"https://www.alcampo.es/media/h4b/h75/10804176781342.jpg","name":"Infusión relax PRODUCTO ALCAMPO 20 uds.40 g.","price":"0,98 €","offer_price":0,"offer_type":null,"stock":false,"super":"alcampo"},{"img":"https://www.alcampo.es/media/h4e/hc3/8952361091102.jpg","name":"Té chai con especias 20 uds. 40 g.","price":"1,93 €","offer_price":0,"offer_type":null,"stock":false,"super":"alcampo"},{"img":"https://www.alcampo.es/media/h05/hff/8952348311582.jpg","name":"Multinfusión duerme bien (mezcla de plantas naturales) POMPADOUR 20 uds.","price":"2,08 €","offer_price":0,"offer_type":null,"stock":false,"super":"alcampo"},{"img":"https://www.alcampo.es/media/h11/heb/8894977474590.jpg","name":"Infusión relajante de azahar, melisa, tila y hierba Luisa Infurelax HORNIMANS 20 uds. 30 g.","price":"2,07 €","offer_price":0,"offer_type":null,"stock":false,"super":"alcampo"},{"img":"https://www.alcampo.es/media/h07/hba/8934556336158.jpg","name":"Infusión de jengibre con limón POMPADOUR 20 bolsitas","price":"1,99 €","offer_price":0,"offer_type":null,"stock":false,"super":"alcampo"},{"img":"https://www.alcampo.es/media/h77/h23/8952284708894.jpg","name":"Tila HORNIMANS 25 uds.","price":"1,67 €","offer_price":0,"offer_type":null,"stock":false,"super":"alcampo"},{"img":"https://www.alcampo.es/media/he2/h2e/8952467554334.jpg","name":"Infusión digestive POMPADOUR 20 bolsitas 44 gr,","price":"2,08 €","offer_price":0,"offer_type":null,"stock":false,"super":"alcampo"},{"img":"https://www.alcampo.es/media/hc4/hef/8871165558814.jpg","name":"Infusión de plantas aromatizadas (ayuda natural para un buen descanso) HORNIMANS 20 uds. 30 g.","price":"1,93 €","offer_price":0,"offer_type":null,"stock":false,"super":"alcampo"},{"img":"https://www.alcampo.es/media/h2a/h30/9465026609182.jpg","name":"Poleo menta HORNIMANS 25 uds.","price":"1,67 €","offer_price":0,"offer_type":null,"stock":false,"super":"alcampo"},{"img":"https://www.alcampo.es/media/h6e/hda/8952414175262.jpg","name":"Té english breakfast (té negro) TWININGS 25 uds. 50 g.","price":"2,66 €","offer_price":0,"offer_type":null,"stock":false,"super":"alcampo"},{"img":"https://www.alcampo.es/media/h00/hed/9219950280734.jpg","name":"Té verde POMPADOUR 25 uds. 37,5 gr,","price":"1,85 €","offer_price":0,"offer_type":null,"stock":false,"super":"alcampo"},{"img":"https://www.alcampo.es/media/h72/he4/8952273895454.jpg","name":"Té de rooibos con vainilla POMPADOUR 20 uds. 40 g.","price":"2,09 €","offer_price":0,"offer_type":null,"stock":false,"super":"alcampo"},{"img":"https://www.alcampo.es/media/he2/h57/8952204296222.jpg","name":"Manzanilla con anís POMPADOUR 25 uds 35 g..","price":"1,54 €","offer_price":0,"offer_type":null,"stock":false,"super":"alcampo"},{"img":"https://www.alcampo.es/media/hbe/h00/9790095294494.jpg","name":"Infusión de manzanilla, menta y anís verde PRODUCTO ALCAMPO 20 uds. 30 g.","price":"0,98 €","offer_price":0,"offer_type":null,"stock":false,"super":"alcampo"},{"img":"https://www.alcampo.es/media/h92/hfa/8952240963614.jpg","name":"Manzanilla POMPADOUR 25 uds.x 1,1 g.","price":"1,54 €","offer_price":0,"offer_type":null,"stock":false,"super":"alcampo"},{"img":"https://www.alcampo.es/media/hd4/h7a/8952321048606.jpg","name":"Té verde a la menta HORNIMANS 20 uds. 30 g.","price":"1,93 €","offer_price":0,"offer_type":null,"stock":false,"super":"alcampo"},{"img":"https://www.alcampo.es/media/he9/hbb/10480004071454.jpg","name":"Té negro original TETLEY 80 uds. 128 g.","price":"3,14 €","offer_price":0,"offer_type":null,"stock":false,"super":"alcampo"},{"img":"https://www.alcampo.es/media/ha2/h38/8892524658718.jpg","name":"Té classic HORNIMANS 25 uds.","price":"1,67 €","offer_price":0,"offer_type":null,"stock":false,"super":"alcampo"},{"img":"https://www.alcampo.es/media/h90/ha2/8877398229022.jpg","name":"Infusión de frambuesa rooibos sin teína HORNIMANS 20 uds. 30 gr,","price":"1,93 €","offer_price":0,"offer_type":null,"stock":false,"super":"alcampo"},{"img":"https://www.alcampo.es/media/ha8/h50/9198299480094.jpg","name":"Infusion de jengibre con curcuma POMPADOUR 20 bolsitas. 36 g.","price":"1,99 €","offer_price":0,"offer_type":null,"stock":false,"super":"alcampo"},{"img":"https://www.alcampo.es/media/h61/h56/10033593483294.jpg","name":"Cola de caballo plus 3 POMPADOUR 40 gr,","price":"2,08 €","offer_price":0,"offer_type":null,"stock":false,"super":"alcampo"},{"img":"https://www.alcampo.es/media/hca/h9d/8934541099038.jpg","name":"Infusión maja-lax en forma LA MAJA 25 uds.","price":"1,05 €","offer_price":0,"offer_type":null,"stock":false,"super":"alcampo"},{"img":"https://www.alcampo.es/media/h6d/h0b/9219946807326.jpg","name":"Té verde con jengibre y naranja POMPADOUR 20 uds. 35 gr,","price":"1,96 €","offer_price":0,"offer_type":null,"stock":false,"super":"alcampo"},{"img":"https://www.alcampo.es/media/h6a/hb8/9465820282910.jpg","name":"Yerba mate CANARIAS 1 kilogramo","price":"7,80 €","offer_price":0,"offer_type":null,"stock":false,"super":"alcampo"},{"img":"https://www.alcampo.es/media/h9f/h29/8952310071326.jpg","name":"Tila POMPADOUR 25 uds.x 1,2 g.","price":"1,54 €","offer_price":0,"offer_type":null,"stock":false,"super":"alcampo"},{"img":"https://www.alcampo.es/media/h5f/h08/8959711641630.jpg","name":"Té negro PG TIPS 40 uds.","price":"1,62 €","offer_price":0,"offer_type":null,"stock":false,"super":"alcampo"},{"img":"https://www.alcampo.es/media/h2c/hdf/10033893441566.jpg","name":"Infusión ecológica dulces sueños (honeybush, raíz de valeriana y rooibos) YOGI 12 bolsitas. 21,6 g.","price":"3,09 €","offer_price":0,"offer_type":null,"stock":false,"super":"alcampo"},{"img":"https://www.alcampo.es/media/h70/he7/9781076033566.jpg","name":"Té English Breakfast (Té Negro) PRODUCTO ALCAMPO 25 uds. 43,75 g.","price":"0,59 €","offer_price":0,"offer_type":null,"stock":false,"super":"alcampo"},{"img":"https://www.alcampo.es/media/h1b/h06/8971797757982.jpg","name":"Infusión de hinojo POMPADOUR 20 uds. de 40 gr,","price":"1,99 €","offer_price":0,"offer_type":null,"stock":false,"super":"alcampo"},{"img":"https://www.alcampo.es/media/h3a/h80/8890109788190.jpg","name":"Té verde TWININGS 25 uds. 50 g.","price":"3,04 €","offer_price":0,"offer_type":null,"stock":false,"super":"alcampo"},{"img":"https://www.alcampo.es/media/hf9/h70/8952252104734.jpg","name":"Té silueta (té verde con frutas aromatizadas) HORNIMANS 20 uds.30 g.","price":"1,93 €","offer_price":0,"offer_type":null,"stock":false,"super":"alcampo"},{"img":"https://www.alcampo.es/media/h61/h54/8952660754462.jpg","name":"Infusion de manzana, canela e hibisco 20 sobres HORNIMANS 40 gr,","price":"1,93 €","offer_price":0,"offer_type":null,"stock":false,"super":"alcampo"},{"img":"https://www.alcampo.es/media/h0c/hd1/8952330551326.jpg","name":"Infusión de rooibos con especias HORNIMANS 20 uds.","price":"1,93 €","offer_price":0,"offer_type":null,"stock":false,"super":"alcampo"},{"img":"https://www.alcampo.es/media/h9c/h49/8952315805726.jpg","name":"Infusión de plantas aromatizadas (ayuda natural para eliminar líquidos) HORNIMANS 20 uds.","price":"1,93 €","offer_price":0,"offer_type":null,"stock":false,"super":"alcampo"},{"img":"https://www.alcampo.es/media/hc8/haa/8952379768862.jpg","name":"Té rojo con anís y un toque de ciruela HORNIMANS 20 uds.","price":"1,93 €","offer_price":0,"offer_type":null,"stock":false,"super":"alcampo"},{"img":"https://www.alcampo.es/media/h36/hc2/8952386650142.jpg","name":"Té Earl Grey descafeinado TWININGS 25 uds. 50 g.","price":"3,68 €","offer_price":0,"offer_type":null,"stock":false,"super":"alcampo"},{"img":"https://www.alcampo.es/media/he5/h0b/9465089196062.jpg","name":"Infusión digestiva de manzanilla, menta poleo y anís verde HORNIMANS 20 uds.30 g.","price":"2,07 €","offer_price":0,"offer_type":null,"stock":false,"super":"alcampo"},{"img":"https://www.alcampo.es/media/h03/h63/9465683083294.jpg","name":"Infusión cola de caballo. Complemento alimenticio HORNIMANS 20 uds. 30 g.","price":"1,93 €","offer_price":0,"offer_type":null,"stock":false,"super":"alcampo"},{"img":"https://www.alcampo.es/media/h2d/h09/8952494424094.jpg","name":"Te verde extra puro HORNIMANS 20 uds. 30 g.","price":"1,93 €","offer_price":0,"offer_type":null,"stock":false,"super":"alcampo"},{"img":"https://www.alcampo.es/media/h75/hb1/9792538935326.jpg","name":"Infusión quema grasa, rica mezcla de plantas naturales que ayudan con la grasa localizada POMPADOUR 25 uds. 55 g.","price":"2,08 €","offer_price":0,"offer_type":null,"stock":false,"super":"alcampo"},{"img":"https://www.alcampo.es/media/h10/hc7/9790124687390.jpg","name":"Infusiones de rooibos, escaramujo e hibisco con sabor a frambuesa PRODUCTO ALCAMPO caja de 25 uds.37,5 g.","price":"1,02 €","offer_price":0,"offer_type":null,"stock":false,"super":"alcampo"},{"img":"https://www.alcampo.es/media/hfb/h95/10033943150622.jpg","name":"Infusión ecológica energía detox (hierba limón, diente de león y regaliz) YOGI 12 bolsitas. 21,6 g.","price":"3,09 €","offer_price":0,"offer_type":null,"stock":false,"super":"alcampo"},{"img":"https://www.alcampo.es/media/hf3/hac/8895264129054.jpg","name":"Tila HORNIMANS 100 uds.s 110 gr,","price":"4,41 €","offer_price":0,"offer_type":null,"stock":false,"super":"alcampo"},{"img":"https://www.alcampo.es/media/hb8/h6c/10033714888734.jpg","name":"Multinfusión valeriana plus 5 POMPADOUR 20 sobres 40 gr,","price":"2,08 €","offer_price":0,"offer_type":null,"stock":false,"super":"alcampo"},{"img":"https://www.alcampo.es/media/h20/hf0/8893445046302.jpg","name":"Té de vainilla y caramelo LIPTON 20 uds. de 1,7 gr,","price":"1,93 €","offer_price":0,"offer_type":null,"stock":false,"super":"alcampo"},{"img":"https://www.alcampo.es/media/heb/hea/9036384632862.jpg","name":"Manzanilla con miel LA MAJA 25 s","price":"1,08 €","offer_price":0,"offer_type":null,"stock":false,"super":"alcampo"},{"img":"https://www.alcampo.es/media/h6f/h75/9035590729758.jpg","name":"Té rojo extra puro HORNIMANS 20 uds. 40 g.","price":"1,93 €","offer_price":0,"offer_type":null,"stock":false,"super":"alcampo"},{"img":"https://www.alcampo.es/media/h81/h21/9790120427550.jpg","name":"Infusión de manzana, menta, hinojo, malva, flor de saúco y raíz de achicoria PRODUCTO ALCAMPO 20 uds. 40 g.","price":"0,98 €","offer_price":0,"offer_type":null,"stock":false,"super":"alcampo"},{"img":"https://www.alcampo.es/media/hf1/h1a/8925719560222.jpg","name":"Infusión de regaliz y menta POMPADOUR 20 sobres","price":"2,29 €","offer_price":0,"offer_type":null,"stock":false,"super":"alcampo"},{"img":"https://www.alcampo.es/media/h7e/h93/8952365023262.jpg","name":"Té Lady Grey (Té negro, cáscara de naranja y limón y aroma de cítricos) TWININGS 25 uds. 50 g.","price":"3,60 €","offer_price":0,"offer_type":null,"stock":false,"super":"alcampo"},{"img":"https://www.alcampo.es/media/h87/h4c/9465051480094.jpg","name":"Manzanilla HORNIMANS 100 sobres 120 gr,","price":"4,44 €","offer_price":0,"offer_type":null,"stock":false,"super":"alcampo"},{"img":"https://www.alcampo.es/media/hcd/h9e/9465798361118.jpg","name":"Yerba mate con palo TARAGUI 1 kg.","price":"5,92 €","offer_price":0,"offer_type":null,"stock":false,"super":"alcampo"},{"img":"https://www.alcampo.es/media/he3/hb2/9790116659230.jpg","name":"Té verde con limón PRODUCTO ALCAMPO 20 uds.30 g.","price":"1,19 €","offer_price":0,"offer_type":null,"stock":false,"super":"alcampo"},{"img":"https://www.alcampo.es/media/hd5/h56/8952490000414.jpg","name":"Bebida de té al limón MILFORD 400 gr,","price":"2,20 €","offer_price":0,"offer_type":null,"stock":false,"super":"alcampo"},{"img":"https://www.alcampo.es/media/h3d/hb4/10033725800478.jpg","name":"Infusión ecológica jengibre naranja (con canela y vainilla) YOGI 12 bolsitas. 21,6 g.","price":"2,68 €","offer_price":0,"offer_type":null,"stock":false,"super":"alcampo"},{"img":"https://www.alcampo.es/media/h2c/h7f/10801905860638.jpg","name":"Infusión en cápsulas de té chai con leche NESCAFÉ DOLCE GUSTO 8 uds. 160 g. ","price":"4,40 €","offer_price":0,"offer_type":null,"stock":false,"super":"alcampo"},{"img":"https://www.alcampo.es/media/hfd/h2d/9790104928286.jpg","name":"Té Earl Grey (té negro y aroma de bergamota) PRODUCTO ALCAMPO 25 uds. 43,75 g.","price":"0,90 €","offer_price":0,"offer_type":null,"stock":false,"super":"alcampo"},{"img":"https://www.alcampo.es/media/h1c/h76/9465684394014.jpg","name":"Infusión Morocco (escaramujo aromatizado con canela, hierbabuena y especias) LIPTON 20 uds.","price":"1,93 €","offer_price":0,"offer_type":null,"stock":false,"super":"alcampo"},{"img":"https://www.alcampo.es/media/h97/hb7/8893369942046.jpg","name":"Té negro con frutas de frutas del bosque LIPTON 20 uds. de 1,7 g.","price":"2,35 €","offer_price":0,"offer_type":null,"stock":false,"super":"alcampo"},{"img":"https://www.alcampo.es/media/h4e/hdc/8952512938014.jpg","name":"Infusión de tomillo POMPADUR 20 sobres 30 gr,","price":"2,62 €","offer_price":0,"offer_type":null,"stock":false,"super":"alcampo"},{"img":"https://www.alcampo.es/media/h62/h12/9465771556894.jpg","name":"Yerba mate ROSAMONTE 1 kg.","price":"6,16 €","offer_price":0,"offer_type":null,"stock":false,"super":"alcampo"},{"img":"https://www.alcampo.es/media/h73/hf2/8866847260702.jpg","name":"Multi Infusiones Delgaxan POMPADOUR 20 Sobres de 1,5 gr,","price":"2,11 €","offer_price":0,"offer_type":null,"stock":false,"super":"alcampo"},{"img":"https://www.alcampo.es/media/h6d/h9a/8961295548446.jpg","name":"Manzanilla infusión procedente de agricultura ecológica ARTEMIS BIO 20 bolsitas 24 gr,","price":"2,03 €","offer_price":0,"offer_type":null,"stock":false,"super":"alcampo"},{"img":"https://www.alcampo.es/media/h51/hf2/8891034501150.jpg","name":"Té yellow label LIPTON 20 uds. de 1,5 g.","price":"1,43 €","offer_price":0,"offer_type":null,"stock":false,"super":"alcampo"},{"img":"https://www.alcampo.es/media/h4a/h42/9792459997214.jpg","name":"Infusión de jengibre en bolsitas individuales POMPADOUR 20 uds. 40 g.","price":"2,14 €","offer_price":0,"offer_type":null,"stock":false,"super":"alcampo"},{"img":"https://www.alcampo.es/media/h89/hab/8959271141406.jpg","name":"Té verde con Matcha, POMPADOUR, 20 uds..35 g.","price":"2,34 €","offer_price":0,"offer_type":null,"stock":false,"super":"alcampo"},{"img":"https://www.alcampo.es/media/hb3/h47/9465792266270.jpg","name":"Té verde con mandarina LIPTON 20 uds. de 1,8 g.","price":"2,09 €","offer_price":0,"offer_type":null,"stock":false,"super":"alcampo"},{"img":"https://www.alcampo.es/media/h77/h4f/8900106453022.jpg","name":"Té English Breakfast TWININGS 100 g.","price":"5,14 €","offer_price":0,"offer_type":null,"stock":false,"super":"alcampo"},{"img":"https://www.alcampo.es/media/h0e/h14/9633087914014.jpg","name":"Té rooibos con jengibre HORNIMANS 20 uds. 30 g.","price":"1,82 €","offer_price":0,"offer_type":null,"stock":false,"super":"alcampo"},{"img":"https://www.alcampo.es/media/h9f/h45/8952348639262.jpg","name":"Té verde con hierbabuena POMPADOUR 20 uds. 35 g.","price":"2,08 €","offer_price":0,"offer_type":null,"stock":false,"super":"alcampo"},{"img":"https://www.alcampo.es/media/hff/h2e/10033954684958.jpg","name":"Multinfusión non stress POMPADOUR 20 uds. 34 gr,","price":"2,08 €","offer_price":0,"offer_type":null,"stock":false,"super":"alcampo"},{"img":"https://www.alcampo.es/media/hac/h04/8952234573854.jpg","name":"Té blanco con un toque de vainilla HORNIMANS 20 uds. 35 g.","price":"1,93 €","offer_price":0,"offer_type":null,"stock":false,"super":"alcampo"},{"img":"https://www.alcampo.es/media/h90/hb8/8952328912926.jpg","name":"Té verde con limón aromatizado HORNIMANS 20 uds.30 g.","price":"1,93 €","offer_price":0,"offer_type":null,"stock":false,"super":"alcampo"},{"img":"https://www.alcampo.es/media/h72/h74/10801885544478.jpg","name":"Infusión en cápsulas de té Marrakesh NESCAFÉ DOLCE GUSTO 16 uds. 116,8 g.","price":"4,37 €","offer_price":0,"offer_type":null,"stock":false,"super":"alcampo"},{"img":"https://www.alcampo.es/media/h0e/ha1/8934531661854.jpg","name":"Té negro breakfast classic POMPADOUR 25 uds.","price":"1,64 €","offer_price":0,"offer_type":null,"stock":false,"super":"alcampo"},{"img":"https://www.alcampo.es/media/hff/h49/9219998842910.jpg","name":"Infusión de rooibos POMPADOUR 25 uds.","price":"1,85 €","offer_price":0,"offer_type":null,"stock":false,"super":"alcampo"},{"img":"https://www.alcampo.es/media/h39/h16/9567740657694.jpg","name":"Infusión cúrcuma con té Matcha HORNIMANS 20 uds. 30 g.","price":"1,82 €","offer_price":0,"offer_type":null,"stock":false,"super":"alcampo"},{"img":"https://www.alcampo.es/media/hf5/hd3/9465756221470.jpg","name":"Infusión infu linea de manzana, malva y saúco HORNIMANS 20 uds. 30 g.","price":"2,07 €","offer_price":0,"offer_type":null,"stock":false,"super":"alcampo"},{"img":"https://www.alcampo.es/media/hea/h42/8952432656414.jpg","name":"Hojas de boldo POMPADOUR 20 sobres 30 gr,","price":"1,99 €","offer_price":0,"offer_type":null,"stock":false,"super":"alcampo"},{"img":"https://www.alcampo.es/media/h33/ha7/10841117425694.jpg","name":"Infusión cola de caballo y sen SUSARON ADELGASANA10 uds.13 g.","price":"1,15 €","offer_price":0,"offer_type":null,"stock":false,"super":"alcampo"},{"img":"https://www.alcampo.es/media/h72/h94/9633062060062.jpg","name":"Té verde de arándanos con hibisco HORNIMANS 20 uds. 30 g.","price":"1,93 €","offer_price":0,"offer_type":null,"stock":false,"super":"alcampo"},{"img":"https://www.alcampo.es/media/h01/h6a/9093685149726.jpg","name":"Manzanilla POMPADOUR 10 uds. 11 gr.","price":"0,85 €","offer_price":0,"offer_type":null,"stock":false,"super":"alcampo"},{"img":"https://www.alcampo.es/media/hf3/h4b/9583702605854.jpg","name":"Infusión SUSARON LAXANA 10 uds. 13 g.","price":"1,26 €","offer_price":0,"offer_type":null,"stock":false,"super":"alcampo"},{"img":"https://www.alcampo.es/media/h61/hd5/9350754631710.jpg","name":"Rooibos con vegetales aromatizados (zanahoria, naranja y melocotón ), cúrcuma HORNIMANS 30 g.","price":"2,26 €","offer_price":0,"offer_type":null,"stock":false,"super":"alcampo"},{"img":"https://www.alcampo.es/media/h72/ha6/8899201073182.jpg","name":"Infusión de plantas y fruta aromatizada HORNIMANS 20 uds.","price":"2,07 €","offer_price":0,"offer_type":null,"stock":false,"super":"alcampo"},{"img":"https://www.alcampo.es/media/h5d/h73/8898446688286.jpg","name":"Infusión de valeriana HORMINANS 20 uds. 30 g.","price":"1,93 €","offer_price":0,"offer_type":null,"stock":false,"super":"alcampo"},{"img":"https://www.alcampo.es/media/h52/hba/8922642022430.jpg","name":"Te verde ecológico comercio justo ARTEMIS 28 g.","price":"2,35 €","offer_price":0,"offer_type":null,"stock":false,"super":"alcampo"},{"img":"https://www.alcampo.es/media/he0/hf2/8952418598942.jpg","name":"Té classic HORNIMANS 100 sobres 150 gr,","price":"4,44 €","offer_price":0,"offer_type":null,"stock":false,"super":"alcampo"},{"img":"https://www.alcampo.es/media/he6/h39/8893358407710.jpg","name":"Manzanilla con miel HORNIMANS 25 uds. 35 gr,","price":"1,67 €","offer_price":0,"offer_type":null,"stock":false,"super":"alcampo"},{"img":"https://www.alcampo.es/media/hb2/h6a/8959673008158.jpg","name":"Té de tipo chai con leche en sobres HORMINANS 14 uds.","price":"2,34 €","offer_price":0,"offer_type":null,"stock":false,"super":"alcampo"},{"img":"https://www.alcampo.es/media/hd3/h97/8961127579678.jpg","name":"Poleo menta procedente de agricultura ecológica ARTEMIS BIO 20 bolsitas","price":"2,03 €","offer_price":0,"offer_type":null,"stock":false,"super":"alcampo"},{"img":"https://www.alcampo.es/media/h37/h44/8952351096862.jpg","name":"Té descafeinado POMPADOUR 25 uds. 35 g.","price":"1,54 €","offer_price":0,"offer_type":null,"stock":false,"super":"alcampo"},{"img":"https://www.alcampo.es/media/ha5/hee/8899106373662.jpg","name":"Té rojo pu-erh al limón TWININGS 25 uds. 50 gr,","price":"3,62 €","offer_price":0,"offer_type":null,"stock":false,"super":"alcampo"},{"img":"https://www.alcampo.es/media/heb/ha4/8922780696606.gif","name":"Té verde al limón TWININGS 25 uds 50 g..","price":"3,51 €","offer_price":0,"offer_type":null,"stock":false,"super":"alcampo"},{"img":"https://www.alcampo.es/media/hc9/h24/9633090273310.jpg","name":"Té rooibos acaí con canela HORNIMANS 20 uds, 30 g.","price":"1,82 €","offer_price":0,"offer_type":null,"stock":false,"super":"alcampo"},{"img":"https://www.alcampo.es/media/h1c/h90/9465080709150.jpg","name":"Infusión Infulax.HORNIMANS 20 uds, 30 g.","price":"1,93 €","offer_price":0,"offer_type":null,"stock":false,"super":"alcampo"},{"img":"https://www.alcampo.es/media/ha3/hbc/9089134854174.jpg","name":"Infusión de manzanilla NECTARÁN 30 g.","price":"0,99 €","offer_price":0,"offer_type":null,"stock":false,"super":"alcampo"},{"img":"https://www.alcampo.es/media/h72/h46/8971766857758.jpg","name":"Té verde jengibre manzana HORNIMANS 20ud. 30 g.","price":"1,93 €","offer_price":0,"offer_type":null,"stock":false,"super":"alcampo"},{"img":"https://www.alcampo.es/media/hae/h3b/8899586949150.jpg","name":"Tila con hojas de naranja POMPADOUR 20 uds. 35 g.","price":"1,64 €","offer_price":0,"offer_type":null,"stock":false,"super":"alcampo"},{"img":"https://www.alcampo.es/media/ha5/hea/8894148640798.jpg","name":"Té rojo chino MARCO POLO 25 uds.","price":"1,99 €","offer_price":0,"offer_type":null,"stock":false,"super":"alcampo"},{"img":"https://www.alcampo.es/media/hef/h18/8952396972062.jpg","name":"Hierba luisa POMPADOUR 20 sobres 34 gr,","price":"1,99 €","offer_price":0,"offer_type":null,"stock":false,"super":"alcampo"},{"img":"https://www.alcampo.es/media/hc8/h9d/8959694962718.jpg","name":"Manzanilla y menta POMPADOUR 25 uds. 37,5 gr,","price":"1,54 €","offer_price":0,"offer_type":null,"stock":false,"super":"alcampo"},{"img":"https://www.alcampo.es/media/hd7/h0c/9465075564574.jpg","name":"Poleo menta POMPADOUR 100 uds.","price":"3,69 €","offer_price":0,"offer_type":null,"stock":false,"super":"alcampo"},{"img":"https://www.alcampo.es/media/h0d/h2a/8901972131870.jpg","name":"Té negro con canela y naranja TWININGS 25 uds. 50 g","price":"3,12 €","offer_price":0,"offer_type":null,"stock":false,"super":"alcampo"},{"img":"https://www.alcampo.es/media/h81/h89/9465800622110.jpg","name":"Infusión de frambuesas y fresas LIPTON 20 uds.","price":"2,58 €","offer_price":0,"offer_type":null,"stock":false,"super":"alcampo"},{"img":"https://www.alcampo.es/media/h02/h52/9644942524446.jpg","name":"Té verde, sabor menta, en cápsulas PRODUCTO ALCAMPO 10 uds.","price":"1,87 €","offer_price":0,"offer_type":null,"stock":false,"super":"alcampo"},{"img":"https://www.alcampo.es/media/h32/h52/9465034342430.jpg","name":"Té verde aromatizado con menta LIPTON 20 uds.","price":"2,63 €","offer_price":0,"offer_type":null,"stock":false,"super":"alcampo"},{"img":"https://www.alcampo.es/media/hbd/h58/9465065275422.jpg","name":"Yerba mate suave UNIÓN 500 gr. ","price":"3,56 €","offer_price":0,"offer_type":null,"stock":false,"super":"alcampo"},{"img":"https://www.alcampo.es/media/h7c/haf/9570952773662.jpg","name":"Infusión de jengibre con té Matcha HORNIMANS 20 uds. 30 g.","price":"1,82 €","offer_price":0,"offer_type":null,"stock":false,"super":"alcampo"},{"img":"https://www.alcampo.es/media/hdb/he9/8888427282462.jpg","name":"Manzanilla con anis infusión procedente de agricultura ecológica ARTEMIS BIO 20 bolsitas 28 gr,","price":"2,18 €","offer_price":0,"offer_type":null,"stock":false,"super":"alcampo"},{"img":"https://www.alcampo.es/media/h6f/h06/8959718522910.jpg","name":"Té blanco POMPADOUR caja de 20 uds. 25 g.","price":"2,09 €","offer_price":0,"offer_type":null,"stock":false,"super":"alcampo"},{"img":"https://www.alcampo.es/media/he2/h47/8952268488734.jpg","name":"Té Earl Grey (té negro aromatizado con bergamota) TWININGS 100 g.","price":"5,14 €","offer_price":0,"offer_type":null,"stock":false,"super":"alcampo"},{"img":"https://www.alcampo.es/media/hca/hd9/8952265048094.jpg","name":"Tila y menta POMPADOUR 25 uds. x 1,75 g.","price":"1,54 €","offer_price":0,"offer_type":null,"stock":false,"super":"alcampo"},{"img":"https://www.alcampo.es/media/h2c/h7a/8937157230622.jpg","name":"Infusión de rooibos procedente de agricultura ecológica ARTEMIS BIO 20 bolsitas","price":"2,16 €","offer_price":0,"offer_type":null,"stock":false,"super":"alcampo"},{"img":"https://www.alcampo.es/media/hf0/h21/10033665605662.jpg","name":"Infusión saciante, ayuda natural al control de peso POMPADOUR 20 sobres","price":"2,08 €","offer_price":0,"offer_type":null,"stock":false,"super":"alcampo"},{"img":"https://www.alcampo.es/media/hdc/h87/9220067721246.jpg","name":"Té Rojo POMPADOUR Caja 25 Sobres 16 gr.","price":"2,37 €","offer_price":0,"offer_type":null,"stock":false,"super":"alcampo"},{"img":"https://www.alcampo.es/media/h09/h60/9220036689950.jpg","name":"Té rojo con ananas (piña) y lima limón POMPADOUR 25 bolsitas de 1,75 gr,","price":"1,96 €","offer_price":0,"offer_type":null,"stock":false,"super":"alcampo"},{"img":"https://www.alcampo.es/media/hfe/h2d/9484675514398.jpg","name":"Té Chai con especias ecológico INTERMÓN OXFAM TIERRA MADRE 40 g.","price":"2,15 €","offer_price":0,"offer_type":null,"stock":false,"super":"alcampo"},{"img":"https://www.alcampo.es/media/h11/h44/8892096249886.jpg","name":"Té verde NECTARÁN 100 gr,","price":"1,99 €","offer_price":0,"offer_type":null,"stock":false,"super":"alcampo"},{"img":"https://www.alcampo.es/media/ha7/h2a/10477550731294.jpg","name":"Té negro Earl Grey TETTLEY 25 uds.50 g.","price":"2,48 €","offer_price":0,"offer_type":null,"stock":false,"super":"alcampo"},{"img":"https://www.alcampo.es/media/ha4/h75/8961172996126.jpg","name":"Tila de cultivo ecológico ARTEMIS BIO Caja 20 Bolsitas 24 gr,","price":"2,97 €","offer_price":0,"offer_type":null,"stock":false,"super":"alcampo"},{"img":"https://www.alcampo.es/media/h6a/hf9/9220007919646.jpg","name":"Té rojo con sabor a fresas POMPADOUR 20 sobres de 35 gr,","price":"2,08 €","offer_price":0,"offer_type":null,"stock":false,"super":"alcampo"},{"img":"https://www.alcampo.es/media/h95/hbd/9465792430110.jpg","name":"Poleo menta POMPADOUR Caja 10 uds. ","price":"0,88 €","offer_price":0,"offer_type":null,"stock":false,"super":"alcampo"},{"img":"https://www.alcampo.es/media/h9a/h47/8879429648414.jpg","name":"Infusión de salvia POMPADOUR 20 sobres de 35 g.","price":"2,04 €","offer_price":0,"offer_type":null,"stock":false,"super":"alcampo"},{"img":"https://www.alcampo.es/media/he5/h34/9044214710302.jpg","name":"Té verde jazmín NECTARÁN 100 g","price":"2,71 €","offer_price":0,"offer_type":null,"stock":false,"super":"alcampo"},{"img":"https://www.alcampo.es/media/h87/ha8/9465096536094.jpg","name":"Manzanilla POMPADOUR 100 unidades 90 gramos","price":"3,69 €","offer_price":0,"offer_type":null,"stock":false,"super":"alcampo"},{"img":"https://www.alcampo.es/media/hd5/hf9/10841117098014.jpg","name":"Infusión té verde, alcachofa y ortiga SUSARON COLESTEROL 10 uds. 13 g.","price":"1,49 €","offer_price":0,"offer_type":null,"stock":false,"super":"alcampo"},{"img":"https://www.alcampo.es/media/h2f/h01/8960229081118.jpg","name":"Té aromatizado con frutos rojos TWININGS 25 uds. 50 g.","price":"3,12 €","offer_price":0,"offer_type":null,"stock":false,"super":"alcampo"},{"img":"https://www.alcampo.es/media/ha1/h61/9771305566238.jpg","name":"Té rooibos aroma vainilla ecológicos ARTEMIS 20 sobres 28 g.","price":"2,29 €","offer_price":0,"offer_type":null,"stock":false,"super":"alcampo"},{"img":"https://www.alcampo.es/media/hea/h97/10033658396702.jpg","name":"Infusión Detox POMPADOUR 20 unidades de 40 gr.","price":"2,08 €","offer_price":0,"offer_type":null,"stock":false,"super":"alcampo"},{"img":"https://www.alcampo.es/media/h2e/hcf/10477569966110.jpg","name":"Té English breakfast (té negro) TETLEY 25 uds. 50 g.","price":"2,35 €","offer_price":0,"offer_type":null,"stock":false,"super":"alcampo"},{"img":"https://www.alcampo.es/media/hd3/hfa/10087868137502.jpg","name":"Té con sabor a especias Indias en cápsulas TASSIMO CHAI LATTE 8 uds.188 g.","price":"4,89 €","offer_price":0,"offer_type":null,"stock":false,"super":"alcampo"},{"img":"https://www.alcampo.es/media/hc1/h3d/8934537003038.jpg","name":"Té verde con menta TWININGS 25 uds. 50 g.","price":"2,49 €","offer_price":0,"offer_type":null,"stock":false,"super":"alcampo"},{"img":"https://www.alcampo.es/media/h56/hf9/9484564135966.jpg","name":"Té verde con menta de agricultura ecológica INTERMÓN OXFAM TIERRA MADRE 36 g.","price":"2,15 €","offer_price":0,"offer_type":null,"stock":false,"super":"alcampo"},{"img":"https://www.alcampo.es/media/h34/h4d/8898098626590.jpg","name":"Infusión de frutas del bossque, principalmente bayas MILFORD 20 sobres","price":"2,55 €","offer_price":0,"offer_type":null,"stock":false,"super":"alcampo"},{"img":"https://www.alcampo.es/media/hfb/h27/9465080381470.jpg","name":"Infusión de anís verde NECTARÁN 120 g.","price":"1,99 €","offer_price":0,"offer_type":null,"stock":false,"super":"alcampo"},{"img":"https://www.alcampo.es/media/h7a/he8/9220041867294.jpg","name":"Té verde con lemongrass y verbena POMPADOUR 20 bolsitas","price":"1,96 €","offer_price":0,"offer_type":null,"stock":false,"super":"alcampo"},{"img":"https://www.alcampo.es/media/ha9/h80/8901320572958.jpg","name":"Té verde TWININGS 100 g.","price":"5,72 €","offer_price":0,"offer_type":null,"stock":false,"super":"alcampo"},{"img":"https://www.alcampo.es/media/hdc/h2e/8895087771678.jpg","name":"Tisana digestiva de cultivo ecológico ARTEMIS 30 gr,","price":"2,35 €","offer_price":0,"offer_type":null,"stock":false,"super":"alcampo"},{"img":"https://www.alcampo.es/media/h19/hdc/8952342315038.jpg","name":"Té verde con hierbabuena POMPADOUR agua fría 18 uds.36 gr,","price":"2,14 €","offer_price":0,"offer_type":null,"stock":false,"super":"alcampo"},{"img":"https://www.alcampo.es/media/h25/h2d/8893500424222.jpg","name":"Tisana duerme de cultivo ecológico ARTEMIS 30 gr.","price":"2,28 €","offer_price":0,"offer_type":null,"stock":false,"super":"alcampo"},{"img":"https://www.alcampo.es/media/h81/h5c/8895643058206.jpg","name":"Té rojo NECTARÁN 100 gramos","price":"1,99 €","offer_price":0,"offer_type":null,"stock":false,"super":"alcampo"},{"img":"https://www.alcampo.es/media/hbe/h76/8892872458270.jpg","name":"Té soluble al melocotón MILFORD 400 gr,","price":"2,37 €","offer_price":0,"offer_type":null,"stock":false,"super":"alcampo"},{"img":"https://www.alcampo.es/media/h7b/h57/9350698926110.jpg","name":"Té verde con vegetales (espinacas, tomate, té verde ), jengibre y matcha HORNIMANS 30 g.","price":"2,26 €","offer_price":0,"offer_type":null,"stock":false,"super":"alcampo"},{"img":"https://www.alcampo.es/media/hbe/h38/10786488549406.jpg","name":"Infusión de rooibos con aroma de fresa y vainilla TWININGS 20 x 2 g.","price":"3,58 €","offer_price":0,"offer_type":null,"stock":false,"super":"alcampo"},{"img":"https://www.alcampo.es/media/ha3/hb3/9465714966558.jpg","name":"Yerba mata aromatizada TAREGUI 500 gr.","price":"4,74 €","offer_price":0,"offer_type":null,"stock":false,"super":"alcampo"},{"img":"https://www.alcampo.es/media/h3f/hf8/8952403689502.jpg","name":"Infusión de escaramujo con hibisco POMPADOUR 20 sobres","price":"1,99 €","offer_price":0,"offer_type":null,"stock":false,"super":"alcampo"},{"img":"https://www.alcampo.es/media/h0d/h99/10786516729886.jpg","name":"Infusión de limón y jengibre TWININGS 20 x 1,5 g.","price":"2,96 €","offer_price":0,"offer_type":null,"stock":false,"super":"alcampo"},{"img":"https://www.alcampo.es/media/h2e/h0e/8894413275166.jpg","name":"Infusión rooibos, caramelo, coco, almendras DUE TAZZA Lata de 100 g.","price":"2,56 €","offer_price":0,"offer_type":null,"stock":false,"super":"alcampo"},{"img":"https://www.alcampo.es/media/h14/h23/10435601268766.jpg","name":"Infusión para tu botella de piña, mango y jengibre HORNIMANS 10 uds. 20 g.","price":"2,26 €","offer_price":0,"offer_type":null,"stock":false,"super":"alcampo"},{"img":"https://www.alcampo.es/media/h2d/h72/9343021613086.jpg","name":"Té Pure Ceylon Tea TWININGS\\ 25 uds.","price":"4,78 €","offer_price":0,"offer_type":null,"stock":false,"super":"alcampo"},{"img":"https://www.alcampo.es/media/ha3/hc4/10033620910110.jpg","name":"Multinfusión respira bien POMPADOUR 20 uds. de 2 gr,","price":"2,08 €","offer_price":0,"offer_type":null,"stock":false,"super":"alcampo"},{"img":"https://www.alcampo.es/media/h18/ha7/8869527093278.jpg","name":"Té soluble con sabor a frutos rojos MILFORD 400 g.","price":"2,49 €","offer_price":0,"offer_type":null,"stock":false,"super":"alcampo"},{"img":"https://www.alcampo.es/media/h07/haf/8960143818782.jpg","name":"Infusión de té verde con maracuyá para tomar frío POMPADOUR 18 uds.","price":"2,14 €","offer_price":0,"offer_type":null,"stock":false,"super":"alcampo"},{"img":"https://www.alcampo.es/media/h99/h2a/9465824509982.jpg","name":"Te Indian Chai POMPADOUR 20 uds. 40 g.","price":"2,04 €","offer_price":0,"offer_type":null,"stock":false,"super":"alcampo"},{"img":"https://www.alcampo.es/media/ha8/h5d/9005799997470.jpg","name":"Multinfusión lipoacción POMPADOUR","price":"2,09 €","offer_price":0,"offer_type":null,"stock":false,"super":"alcampo"},{"img":"https://www.alcampo.es/media/he8/h47/9032029306910.jpg","name":"Té negro pasión turca NECTARÁN 100 gramos.","price":"2,50 €","offer_price":0,"offer_type":null,"stock":false,"super":"alcampo"},{"img":"https://www.alcampo.es/media/h81/h4e/9710766850078.jpg","name":"Infusión jengibre y limón NECTARÁN 100 g.","price":"2,66 €","offer_price":0,"offer_type":null,"stock":false,"super":"alcampo"},{"img":"https://www.alcampo.es/media/hcc/he7/10786570076190.jpg","name":"Infusión de jengibre y especias TWININGS 20 x 2 g.","price":"2,96 €","offer_price":0,"offer_type":null,"stock":false,"super":"alcampo"},{"img":"https://www.alcampo.es/media/hf6/h79/9032048705566.jpg","name":"Té negro pakistaní NECTARÁN 100 g.","price":"2,51 €","offer_price":0,"offer_type":null,"stock":false,"super":"alcampo"},{"img":"https://www.alcampo.es/media/hfa/h3a/8900218519582.jpg","name":"Infusión de tomillo NECTARÁN 70 g.","price":"0,99 €","offer_price":0,"offer_type":null,"stock":false,"super":"alcampo"},{"img":"https://www.alcampo.es/media/hdc/h71/9771320115230.jpg","name":"Té verde jengibre limón ecológico ARTEMIS 20 sobres 30 uds.","price":"3,68 €","offer_price":0,"offer_type":null,"stock":false,"super":"alcampo"},{"img":"https://www.alcampo.es/media/h3d/h0b/9575651737630.jpg","name":"Yerba mate ROSAMONTE 500 g.","price":"4,55 €","offer_price":0,"offer_type":null,"stock":false,"super":"alcampo"},{"img":"https://www.alcampo.es/media/h8d/h40/8937264283678.jpg","name":"Infusión de cola de caballo procedente de agricultura ecológica ARTEMIS BIO 20 bolsitas","price":"1,95 €","offer_price":0,"offer_type":null,"stock":false,"super":"alcampo"},{"img":"https://www.alcampo.es/media/h04/h75/10190726692894.jpg","name":"Infusión Chai Massala ecológica ARTEMIS BIO 20 uds. 30 g.","price":"3,76 €","offer_price":0,"offer_type":null,"stock":false,"super":"alcampo"},{"img":"https://www.alcampo.es/media/hef/hb4/9465753731102.jpg","name":"Infusión de té Grand Maroc (mezcla de té verdeí) en cápsulas POMPADOUR 10 uds. 32 g.","price":"3,48 €","offer_price":0,"offer_type":null,"stock":false,"super":"alcampo"},{"img":"https://www.alcampo.es/media/h13/hc4/8952257183774.jpg","name":"Infusión de té negro con limón para tomar frío POMPADOUR 18 uds.","price":"2,24 €","offer_price":0,"offer_type":null,"stock":false,"super":"alcampo"},{"img":"https://www.alcampo.es/media/h6b/h8d/8871005847582.jpg","name":"Infusión con frutas del bosque NECTARÁN 100 gramos.","price":"2,79 €","offer_price":0,"offer_type":null,"stock":false,"super":"alcampo"},{"img":"https://www.alcampo.es/media/h6b/h5e/9706986373150.jpg","name":"Infusión cuidatens POMPADOUR 20 bolsitas 44 g.","price":"3,27 €","offer_price":0,"offer_type":null,"stock":false,"super":"alcampo"},{"img":"https://www.alcampo.es/media/hb5/h19/8961180139550.jpg","name":"Te negro de cultivo ecológico ARTEMIS BIO 20 bolsitas","price":"2,13 €","offer_price":0,"offer_type":null,"stock":false,"super":"alcampo"},{"img":"https://www.alcampo.es/media/hfa/h66/8927384010782.jpg","name":"Té TWININGS PRINCE OF WALES 25 uds. 50 g.","price":"2,95 €","offer_price":0,"offer_type":null,"stock":false,"super":"alcampo"},{"img":"https://www.alcampo.es/media/hc1/h10/8934518554654.jpg","name":"Té verde con hierbabuena HORNIMANS MARRAKECH 85 g.","price":"2,59 €","offer_price":0,"offer_type":null,"stock":false,"super":"alcampo"},{"img":"https://www.alcampo.es/media/hdd/h43/9050047086622.jpg","name":"Té verde mango NECTARÁN 100 gramos.","price":"2,71 €","offer_price":0,"offer_type":null,"stock":false,"super":"alcampo"},{"img":"https://www.alcampo.es/media/h6f/h6f/10435487170590.jpg","name":"Infusión para tu botella de frutos rojos/menta HORNIMANS 10 uds. 20 g.","price":"2,40 €","offer_price":0,"offer_type":null,"stock":false,"super":"alcampo"},{"img":"https://www.alcampo.es/media/hf0/h32/9044213923870.jpg","name":"Té verde con curcuma NECTARÁN 100 gramos.","price":"2,75 €","offer_price":0,"offer_type":null,"stock":false,"super":"alcampo"},{"img":"https://www.alcampo.es/media/h62/hf1/8883448447006.jpg","name":"Tisana de cultivo ecológico que ayuda a regular tu organismo ARTEMIS 30 gr,","price":"2,47 €","offer_price":0,"offer_type":null,"stock":false,"super":"alcampo"},{"img":"https://www.alcampo.es/media/h04/hd3/10786452307998.jpg","name":"Infusión de rooibos y canela con aroma de naranja TWININGS 20 x 2 g.","price":"3,31 €","offer_price":0,"offer_type":null,"stock":false,"super":"alcampo"},{"img":"https://www.alcampo.es/media/h61/h18/10435585409054.jpg","name":"Infusión para tu botella de lima, limón y menta HORNIMANS 10 uds. 20 g.","price":"2,18 €","offer_price":0,"offer_type":null,"stock":false,"super":"alcampo"},{"img":"https://www.alcampo.es/media/hdb/h70/10190731247646.jpg","name":"Infusión rooibos naranja ecológica Chai ARTEMIS BIO 20 uds. 30 g.","price":"3,68 €","offer_price":0,"offer_type":null,"stock":false,"super":"alcampo"},{"img":"https://www.alcampo.es/media/h86/hcd/10033774460958.jpg","name":"Infusión multilax POMPADOUR 20 x 30 g.","price":"2,08 €","offer_price":0,"offer_type":null,"stock":false,"super":"alcampo"},{"img":"https://www.alcampo.es/media/h70/h45/10786583019550.jpg","name":"Infusión con aromas de granada y frambuesa TWININGS 20 x 2 g. ","price":"3,31 €","offer_price":0,"offer_type":null,"stock":false,"super":"alcampo"},{"img":"https://www.alcampo.es/media/h01/h50/10786587410462.jpg","name":"Infusión de manzanilla con aroma de miel y vainilla TWININGS 20 x 1,5 g.","price":"2,79 €","offer_price":0,"offer_type":null,"stock":false,"super":"alcampo"},{"img":"https://www.alcampo.es/media/h5d/h9c/9701148753950.jpg","name":"Té rojo, kiwi y frambuesa OQUENDO 15 uds. x 2 g.","price":"4,36 €","offer_price":0,"offer_type":null,"stock":false,"super":"alcampo"},{"img":"https://www.alcampo.es/media/h26/h44/9706993451038.jpg","name":"Infusión woman 40+ POMPADOUR 20 bolsitas 44g.","price":"1,85 €","offer_price":0,"offer_type":null,"stock":false,"super":"alcampo"},{"img":"https://www.alcampo.es/media/h37/h5f/9701160484894.jpg","name":"Infusión frutas del Bosque OQUENDO 15 uds. x 2 g.","price":"4,36 €","offer_price":0,"offer_type":null,"stock":false,"super":"alcampo"},{"img":"https://www.alcampo.es/media/hdc/h3b/9701151408158.jpg","name":"Té verde, jengibre y limón OQUENDO 15 uds. x 2 g.","price":"4,36 €","offer_price":0,"offer_type":null,"stock":false,"super":"alcampo"}]