[{"img":"https://www.alcampo.es/media/h78/ha3/9552620027934.jpg","name":"Pasas sultanas PRODUCTO ALCAMPO 200 g.","price":"0,99 €","offer_price":0,"offer_type":null,"stock":false,"super":"alcampo"},{"img":"https://www.alcampo.es/media/h2b/h0d/9549513949214.jpg","name":"Arándanos rojos PRODUCTO ALCAMPO 150 g.","price":"1,25 €","offer_price":0,"offer_type":null,"stock":false,"super":"alcampo"},{"img":"https://www.alcampo.es/media/h96/h88/8929753071646.jpg","name":"Dátiles naturales deshuesados EL MONAGUILLO 400 gramos.","price":"2,39 €","offer_price":0,"offer_type":null,"stock":false,"super":"alcampo"},{"img":"https://www.alcampo.es/media/h55/hf4/8929814544414.jpg","name":"Pasas sin hueso de California BORGES 150gr","price":"1,55 €","offer_price":0,"offer_type":null,"stock":false,"super":"alcampo"},{"img":"https://www.alcampo.es/media/h77/h90/9549507461150.jpg","name":"Arándanos rojos ALCAMPO ECOLÓGICO 175 g.","price":"2,19 €","offer_price":0,"offer_type":null,"stock":false,"super":"alcampo"},{"img":"https://www.alcampo.es/media/h5c/h0b/9501112991774.jpg","name":"Mango deshidratado en trozos ALCAMPO ECOLÓGICO 100 g.","price":"1,85 €","offer_price":0,"offer_type":null,"stock":false,"super":"alcampo"},{"img":"https://www.alcampo.es/media/hcf/hb4/9549508182046.jpg","name":"Pasas Moscatel PRODUCTO ALCAMPO 250 G,","price":"1,46 €","offer_price":0,"offer_type":null,"stock":false,"super":"alcampo"},{"img":"https://www.alcampo.es/media/h89/hbc/9596478750750.jpg","name":"Ciruelas pasas de Agen sin hueso PRODUCTO ALCAMPO 250 g.","price":"1,50 €","offer_price":0,"offer_type":null,"stock":false,"super":"alcampo"},{"img":"https://www.alcampo.es/media/h6a/h2b/9549517062174.jpg","name":"Pasa sultanas PRODUCTO ECONÓMICO ALCAMPO 500 g","price":"1,49 €","offer_price":0,"offer_type":null,"stock":false,"super":"alcampo"},{"img":"https://www.alcampo.es/media/he2/h92/9742753660958.jpg","name":"Dátiles Deglet Nour sin hueso PRODUCTO ALCAMPO 250 g.","price":"1,59 €","offer_price":0,"offer_type":null,"stock":false,"super":"alcampo"},{"img":"https://www.alcampo.es/media/hc6/h40/9391407726622.jpg","name":"Dátiles Medjoul large EL MONAGUILLO 500 g.","price":"7,94 €","offer_price":0,"offer_type":null,"stock":false,"super":"alcampo"},{"img":"https://www.alcampo.es/media/h2f/hff/9742735638558.jpg","name":"Chips de banana PRODUCTO ALCAMPO 200 g.","price":"1,29 €","offer_price":0,"offer_type":null,"stock":false,"super":"alcampo"},{"img":"https://www.alcampo.es/media/h2c/h51/9549507854366.jpg","name":"Chips de manzana PRODUCTO ALCAMPO 30 g.","price":"1,25 €","offer_price":0,"offer_type":null,"stock":false,"super":"alcampo"},{"img":"https://www.alcampo.es/media/h22/h19/9742681702430.jpg","name":"Higos secos PRODUCTO ALCAMPO 500 g.","price":"2,55 €","offer_price":0,"offer_type":null,"stock":false,"super":"alcampo"},{"img":"https://www.alcampo.es/media/h19/hb1/9144378785822.jpg","name":"Ciruelas sin hueso FRUMESA, tarrina de 250 gramos.","price":"2,65 €","offer_price":0,"offer_type":null,"stock":false,"super":"alcampo"},{"img":"https://www.alcampo.es/media/hee/h2f/9591112859678.jpg","name":"Orejones de albaricoque sin hueso PRODUCTO ALCAMPO 250 g.","price":"2,19 €","offer_price":0,"offer_type":null,"stock":false,"super":"alcampo"},{"img":"https://www.alcampo.es/media/h79/h21/8952468701214.jpg","name":"Ciruelas sin hueso de California BORGES 150gr","price":"1,98 €","offer_price":0,"offer_type":null,"stock":false,"super":"alcampo"},{"img":"https://www.alcampo.es/media/h51/h39/8952273731614.jpg","name":"Ciruelas sin hueso, tiernas, jugosas y sin gluten BORGES 250 g.","price":"2,21 €","offer_price":0,"offer_type":null,"stock":false,"super":"alcampo"},{"img":"https://www.alcampo.es/media/h5c/hf9/8949924003870.jpg","name":"Dátiles EL MONAGUILLO 250gr","price":"1,35 €","offer_price":0,"offer_type":null,"stock":false,"super":"alcampo"},{"img":"https://www.alcampo.es/media/ha4/h05/9742648377374.jpg","name":"Ciruelas pasa con hueso tiernas PRODUCTO ALCAMPO 500 g.","price":"2,78 €","offer_price":0,"offer_type":null,"stock":false,"super":"alcampo"},{"img":"https://www.alcampo.es/media/ha9/h60/8964532305950.jpg","name":"Arándanos deshidratados, FRUMESA, 150 g.","price":"1,89 €","offer_price":0,"offer_type":null,"stock":false,"super":"alcampo"},{"img":"https://www.alcampo.es/media/hba/h02/9295995043870.jpg","name":"Pasas Sultanas ecológicas CAMPOMAR 250 g.","price":"2,45 €","offer_price":0,"offer_type":null,"stock":false,"super":"alcampo"},{"img":"https://www.alcampo.es/media/h26/hcf/9551904309278.jpg","name":"Fresa natural FRUBIS 20 g.","price":"0,99 €","offer_price":0,"offer_type":null,"stock":false,"super":"alcampo"},{"img":"https://www.alcampo.es/media/hf6/h96/9549516406814.jpg","name":"Bayas de Giji PRODUCTO ALCAMPO 150 g.","price":"2,39 €","offer_price":0,"offer_type":null,"stock":false,"super":"alcampo"},{"img":"https://www.alcampo.es/media/hc2/hee/9742724792350.jpg","name":"Ciruelas pasas de Agen, con hueso (Indicación Geográfica Protegida) PRDUCTO ALCAMPO 250 g.","price":"1,59 €","offer_price":0,"offer_type":null,"stock":false,"super":"alcampo"},{"img":"https://www.alcampo.es/media/h6a/hfe/9234752274462.jpg","name":"Dàtiles Tàmaras , Deglet Nour PRODUCTO ALCAMPO 250 g","price":"1,09 €","offer_price":0,"offer_type":null,"stock":false,"super":"alcampo"},{"img":"https://www.alcampo.es/media/hdd/h85/9351516323870.jpg","name":"Ciruelas sin hueso EL MONAGUILLO 150 g.","price":"1,25 €","offer_price":0,"offer_type":null,"stock":false,"super":"alcampo"},{"img":"https://www.alcampo.es/media/h74/hdc/10614109372446.jpg","name":"Orejones de albaricoque tierno ALCAMPO ECOLÓGICO 200 g.","price":"2,19 €","offer_price":0,"offer_type":null,"stock":false,"super":"alcampo"},{"img":"https://www.alcampo.es/media/h94/hfc/8897596227614.jpg","name":"Pasas moscatel BORGES 250 g.","price":"2,16 €","offer_price":0,"offer_type":null,"stock":false,"super":"alcampo"},{"img":"https://www.alcampo.es/media/hf8/hc1/8895386091550.jpg","name":"Orejones de albaricoque BORGES 200 g.","price":"2,49 €","offer_price":0,"offer_type":null,"stock":false,"super":"alcampo"},{"img":"https://www.alcampo.es/media/h1f/hb5/8952586305566.jpg","name":"Dátil en rama EL MONAGUILLO 500 g.","price":"2,89 €","offer_price":0,"offer_type":null,"stock":false,"super":"alcampo"},{"img":"https://www.alcampo.es/media/ha7/hee/9591122264094.jpg","name":"Orejones de albaricoque PRODUCTO ALCAMPO 250 g.","price":"2,28 €","offer_price":0,"offer_type":null,"stock":false,"super":"alcampo"},{"img":"https://www.alcampo.es/media/hc6/h34/9141486059550.jpg","name":"Uva pasa sultana FRUMESA 250 gramos.","price":"1,99 €","offer_price":0,"offer_type":null,"stock":false,"super":"alcampo"},{"img":"https://www.alcampo.es/media/hfb/hfc/9234845106206.jpg","name":"Coco natural FRUBÍS 20 g.","price":"0,70 €","offer_price":0,"offer_type":null,"stock":false,"super":"alcampo"},{"img":"https://www.alcampo.es/media/hf8/h4e/9591139663902.jpg","name":"Orejones de albaricoque sin hueso PRODUCTO ALCAMPO 500g.","price":"4,29 €","offer_price":0,"offer_type":null,"stock":false,"super":"alcampo"},{"img":"https://www.alcampo.es/media/hd2/h9e/10789424889886.jpg","name":"Banana experta deshidratada FRUTAS FRIT RAVICH tarrina 100 g.","price":"0,95 €","offer_price":0,"offer_type":null,"stock":false,"super":"alcampo"},{"img":"https://www.alcampo.es/media/hba/h4e/8949848604702.jpg","name":"Higos secos Pajareros FRIT RAVICH 400 g.","price":"2,49 €","offer_price":0,"offer_type":null,"stock":false,"super":"alcampo"},{"img":"https://www.alcampo.es/media/h34/hd0/8878895661086.jpg","name":"Dátiles sin hueso ecológicos CAMPOMAR NATURE 200 g.","price":"2,65 €","offer_price":0,"offer_type":null,"stock":false,"super":"alcampo"},{"img":"https://www.alcampo.es/media/h52/hfc/8952065294366.jpg","name":"Orejones de albaricoque FRUMESA 250 gramos.","price":"2,49 €","offer_price":0,"offer_type":null,"stock":false,"super":"alcampo"},{"img":"https://www.alcampo.es/media/h01/h57/9584871637022.jpg","name":"Pasas rubias PRODUCTO ALCAMPO 200 g.","price":"1,39 €","offer_price":0,"offer_type":null,"stock":false,"super":"alcampo"},{"img":"https://www.alcampo.es/media/hd4/h10/9234822725662.jpg","name":"Dátiles Támaras, Deglet Nour PRODUCTO ALCAMPO 200 gramos.","price":"1,15 €","offer_price":0,"offer_type":null,"stock":false,"super":"alcampo"},{"img":"https://www.alcampo.es/media/h7b/hdc/9234788712478.jpg","name":"Dàtiles Tàmaras, Deglet Nour con hueso PRODUCTO ALCAMPO 400 g","price":"1,85 €","offer_price":0,"offer_type":null,"stock":false,"super":"alcampo"},{"img":"https://www.alcampo.es/media/hcb/hbf/9037236699166.jpg","name":"Tarrina con frutas del bosque deshidratadas FRUMESA 250 g.","price":"3,65 €","offer_price":0,"offer_type":null,"stock":false,"super":"alcampo"},{"img":"https://www.alcampo.es/media/h9d/he0/8959861981214.jpg","name":"Pasas sin hueso BORGES 1kg","price":"7,21 €","offer_price":0,"offer_type":null,"stock":false,"super":"alcampo"},{"img":"https://www.alcampo.es/media/h03/hf6/10740017659934.jpg","name":"Ciruelas de Agen con hueso tiernas ALCAMPO ECOLÓGICO 200 g.","price":"2,29 €","offer_price":0,"offer_type":null,"stock":false,"super":"alcampo"},{"img":"https://www.alcampo.es/media/h3f/h7b/9351609286686.jpg","name":"Uvas pasas EL MONAGUILLO 150 g.","price":"0,89 €","offer_price":0,"offer_type":null,"stock":false,"super":"alcampo"},{"img":"https://www.alcampo.es/media/h2a/hd6/8949863350302.jpg","name":"Pasas moscatel D.O. Pasas de Málaga EL PASERO 400 g","price":"3,35 €","offer_price":0,"offer_type":null,"stock":false,"super":"alcampo"},{"img":"https://www.alcampo.es/media/ha2/h2b/8952017453086.jpg","name":"Dátil sin hueso FRUMESA 200 gramos.","price":"1,75 €","offer_price":0,"offer_type":null,"stock":false,"super":"alcampo"},{"img":"https://www.alcampo.es/media/h53/h33/9742625898526.jpg","name":"Higos secos tiernos PRODUCTO ALCAMPO 250 g.","price":"2,99 €","offer_price":0,"offer_type":null,"stock":false,"super":"alcampo"},{"img":"https://www.alcampo.es/media/h94/h90/9351528120350.jpg","name":"Arándonos EL MONAGUILLO 110 g.","price":"1,75 €","offer_price":0,"offer_type":null,"stock":false,"super":"alcampo"},{"img":"https://www.alcampo.es/media/h06/h7d/9743791292446.jpg","name":"Ciruelas sin hueso MEDINA 150 g.","price":"1,96 €","offer_price":0,"offer_type":null,"stock":false,"super":"alcampo"},{"img":"https://www.alcampo.es/media/haf/h3b/9743696527390.jpg","name":"Uvas pasas sin pepitas MEDINA 150 g.","price":"1,88 €","offer_price":0,"offer_type":null,"stock":false,"super":"alcampo"},{"img":"https://www.alcampo.es/media/h09/h5a/9234772099102.jpg","name":"Dàtiles Tàmaras, Deglet Nour PRODUCTO ALCAMPO 1 kg","price":"4,65 €","offer_price":0,"offer_type":null,"stock":false,"super":"alcampo"},{"img":"https://www.alcampo.es/media/h90/h9f/9861338529822.jpg","name":"Crutones de plátano con sal marina GOURMET LATINO 70 g.","price":"1,46 €","offer_price":0,"offer_type":null,"stock":false,"super":"alcampo"},{"img":"https://www.alcampo.es/media/h57/h70/9743837659166.jpg","name":"Dátiles sin hueso MEDINA 150 g.","price":"2,06 €","offer_price":0,"offer_type":null,"stock":false,"super":"alcampo"},{"img":"https://www.alcampo.es/media/h57/ha0/10789404114974.jpg","name":"Dátiles sin hueso FRIT RAVICH 180 g.","price":"1,99 €","offer_price":0,"offer_type":null,"stock":false,"super":"alcampo"},{"img":"https://www.alcampo.es/media/h73/h68/9861319032862.jpg","name":"Crutones de plátano con ajo GOURMET LATINO 70 g.","price":"1,46 €","offer_price":0,"offer_type":null,"stock":false,"super":"alcampo"},{"img":"https://www.alcampo.es/media/haf/h4c/10736726409246.jpg","name":"Pasas sin pepitas FRIT RAVICH 200 g.","price":"1,79 €","offer_price":0,"offer_type":null,"stock":false,"super":"alcampo"},{"img":"https://www.alcampo.es/media/h9d/hdb/9296010280990.jpg","name":"Orejones Albaricoque Ecológicos CAMPOMAR 250 g.","price":"4,15 €","offer_price":0,"offer_type":null,"stock":false,"super":"alcampo"},{"img":"https://www.alcampo.es/media/h3f/hf5/9743827959838.jpg","name":"orejones de albaricoque MEDINA 150 g.","price":"2,49 €","offer_price":0,"offer_type":null,"stock":false,"super":"alcampo"},{"img":"https://www.alcampo.es/media/h06/h48/9743787294750.jpg","name":"Ciruelas con hueso MEDINA 150 g.","price":"1,86 €","offer_price":0,"offer_type":null,"stock":false,"super":"alcampo"},{"img":"https://www.alcampo.es/media/h01/h4e/9965378502686.jpg","name":"Bandeja 4 frutas variadas MEDINA 600 Vg.","price":"7,05 €","offer_price":0,"offer_type":null,"stock":false,"super":"alcampo"},{"img":"https://www.alcampo.es/media/h6e/h0e/9743859220510.jpg","name":"Surtido 4 frutas desecadas MEDINA 500 g.","price":"7,99 €","offer_price":0,"offer_type":null,"stock":false,"super":"alcampo"},{"img":"https://www.alcampo.es/media/h5e/h76/9690720895006.jpg","name":"dátiles glaseados MEDINA 150 g.","price":"1,86 €","offer_price":0,"offer_type":null,"stock":false,"super":"alcampo"}]