[{"img":"https://www.alcampo.es/media/h9b/hd6/9551912828958.jpg","name":"Nueces mondadas PRODUCTO ALCAMPO 200 g.","price":"2,51 €","offer_price":0,"offer_type":null,"stock":false,"super":"alcampo"},{"img":"https://www.alcampo.es/media/h52/h83/9477032345630.jpg","name":"Pipas de girasol Suprema FACUNDO 120 g.","price":"1,88 €","offer_price":0,"offer_type":null,"stock":false,"super":"alcampo"},{"img":"https://www.alcampo.es/media/h17/hb4/9591144480798.jpg","name":"Nueces mondadas PRODUCTO ECONÓMICO ALCAMPO 150 g.","price":"1,59 €","offer_price":0,"offer_type":null,"stock":false,"super":"alcampo"},{"img":"https://www.alcampo.es/media/h5c/hff/9552631005214.jpg","name":"Avellanas tostadas PRODUCTO ALCAMPO 175 g.","price":"2,44 €","offer_price":0,"offer_type":null,"stock":false,"super":"alcampo"},{"img":"https://www.alcampo.es/media/h15/h4e/9591145693214.jpg","name":"Pistachos tostados sin sal añadida PRODUCTO ALCAMPO 250 g.","price":"2,99 €","offer_price":0,"offer_type":null,"stock":false,"super":"alcampo"},{"img":"https://www.alcampo.es/media/h2e/ha6/9551904899102.jpg","name":"Anacardos PRODUCTO ALCAMPO 200 g.","price":"2,39 €","offer_price":0,"offer_type":null,"stock":false,"super":"alcampo"},{"img":"https://www.alcampo.es/media/ha1/h98/9552619044894.jpg","name":"Nueces mondadas PRODUCTO ALCAMPO 500 g.","price":"6,13 €","offer_price":0,"offer_type":null,"stock":false,"super":"alcampo"},{"img":"https://www.alcampo.es/media/h6e/he0/9552654532638.jpg","name":"Pistachos tostados y salados PRODUCTO ECONÓMICO ALCAMPO 150 g.","price":"1,39 €","offer_price":0,"offer_type":null,"stock":false,"super":"alcampo"},{"img":"https://www.alcampo.es/media/ha7/h81/9743839821854.jpg","name":"Anacardos crudos ALCAMPO ECOLÓGICO 125 g.","price":"1,85 €","offer_price":0,"offer_type":null,"stock":false,"super":"alcampo"},{"img":"https://www.alcampo.es/media/h13/hb0/9226327162910.jpg","name":"Piponazo GREFUSA 110 g.","price":"1,17 €","offer_price":0,"offer_type":null,"stock":false,"super":"alcampo"},{"img":"https://www.alcampo.es/media/h96/h91/9552659644446.jpg","name":"Pistachos tostados y salados PRODUCTO ALCAMPO 250 g.","price":"2,99 €","offer_price":0,"offer_type":null,"stock":false,"super":"alcampo"},{"img":"https://www.alcampo.es/media/hf4/hc6/9551902801950.jpg","name":"Cacahuetes tostados y salados PRODUCTO ALCAMPO 250 g.","price":"0,79 €","offer_price":0,"offer_type":null,"stock":false,"super":"alcampo"},{"img":"https://www.alcampo.es/media/h82/h99/9596447424542.jpg","name":"Almendras con piel tostadas sin sal añadida PRODUCTO ALCAMPO 200 g.","price":"2,68 €","offer_price":0,"offer_type":null,"stock":false,"super":"alcampo"},{"img":"https://www.alcampo.es/media/h4a/hdd/10546387157022.jpg","name":"Pipas de girasol EL PIPONAZO Original 200 g.","price":"3,26 €","offer_price":0,"offer_type":null,"stock":false,"super":"alcampo"},{"img":"https://www.alcampo.es/media/h02/h79/8893898981406.jpg","name":"Pipas de girasol tijuana GREFUSA 220 g.","price":"1,49 €","offer_price":0,"offer_type":null,"stock":false,"super":"alcampo"},{"img":"https://www.alcampo.es/media/hb8/hd3/9584878288926.jpg","name":"Pistachos tostados y salados PRODUCTO ALCAMPO 400 g.","price":"4,76 €","offer_price":0,"offer_type":null,"stock":false,"super":"alcampo"},{"img":"https://www.alcampo.es/media/h71/hf0/8894905253918.jpg","name":"Maíz crudo en granos para hacer palomitasFRUMESA 250 g.","price":"0,85 €","offer_price":0,"offer_type":null,"stock":false,"super":"alcampo"},{"img":"https://www.alcampo.es/media/h64/ha5/9590067593246.jpg","name":"Piñones PRODUCTO ALCAMPO 50 g.","price":"1,99 €","offer_price":0,"offer_type":null,"stock":false,"super":"alcampo"},{"img":"https://www.alcampo.es/media/h9f/h36/9551903784990.jpg","name":"Anacardos tostados y salados PRODUCTO ALCAMPO 250 g.","price":"2,48 €","offer_price":0,"offer_type":null,"stock":false,"super":"alcampo"},{"img":"https://www.alcampo.es/media/h97/h73/8952330879006.jpg","name":"Pipas de girasol con sal GREFUSA 220 g.","price":"1,89 €","offer_price":0,"offer_type":null,"stock":false,"super":"alcampo"},{"img":"https://www.alcampo.es/media/hd8/hc3/10292623835166.jpg","name":"Almendras crudas con piel PRODUCTO ALCAMPO 150 g.","price":"1,72 €","offer_price":0,"offer_type":null,"stock":false,"super":"alcampo"},{"img":"https://www.alcampo.es/media/h87/h0a/9659351695390.jpg","name":"Cocktail de frutos secos sin cáscara FRIT RAVICH 180 g.","price":"0,98 €","offer_price":0,"offer_type":null,"stock":false,"super":"alcampo"},{"img":"https://www.alcampo.es/media/hb0/h64/9584886054942.jpg","name":"Almendras sin piel fritas, sin sal añadida PRODUCTO ALCAMPO 200 g.","price":"2,94 €","offer_price":0,"offer_type":null,"stock":false,"super":"alcampo"},{"img":"https://www.alcampo.es/media/he5/hf1/9743872557086.jpg","name":"Nueces peladas ALCAMPO ECOLÓGICO 100 g.","price":"1,49 €","offer_price":0,"offer_type":null,"stock":false,"super":"alcampo"},{"img":"https://www.alcampo.es/media/h9b/he8/8887824285726.jpg","name":"Anacardos crudos FRUMESA 200 g.","price":"3,33 €","offer_price":0,"offer_type":null,"stock":false,"super":"alcampo"},{"img":"https://www.alcampo.es/media/h78/hd1/9602109800478.jpg","name":"Pipas de girasol gigantes al aguasal PRODUCTO ALCAMPO 250 g.","price":"1,15 €","offer_price":0,"offer_type":null,"stock":false,"super":"alcampo"},{"img":"https://www.alcampo.es/media/hc8/hf5/9584864231454.jpg","name":"Cacahuetes tostados y salados PRODUCTO ALCAMPO 400 g.","price":"1,65 €","offer_price":0,"offer_type":null,"stock":false,"super":"alcampo"},{"img":"https://www.alcampo.es/media/hb0/h87/9583691333662.jpg","name":"Pipas gigantes saladas PRODUCTO ALCAMPO 250 g.","price":"1,12 €","offer_price":0,"offer_type":null,"stock":false,"super":"alcampo"},{"img":"https://www.alcampo.es/media/hf7/hde/9518957887518.jpg","name":"Cacahuetes con cáscara y tostados BORGES 350 g.","price":"1,82 €","offer_price":0,"offer_type":null,"stock":false,"super":"alcampo"},{"img":"https://www.alcampo.es/media/h26/hbf/9602043609118.jpg","name":"Pipas de girasol peladas PRODUCTO ALCAMPO 150 g.","price":"0,63 €","offer_price":0,"offer_type":null,"stock":false,"super":"alcampo"},{"img":"https://www.alcampo.es/media/hf5/h9e/9584873734174.jpg","name":"Almendras con piel tostadas y saladas PRODUCTO ALCAMPO 200 g.","price":"2,68 €","offer_price":0,"offer_type":null,"stock":false,"super":"alcampo"},{"img":"https://www.alcampo.es/media/h56/h81/9584296722462.jpg","name":"Almendras sin piel, fritas y saladas PRODUCTO ALCAMPO 200 g.","price":"2,89 €","offer_price":0,"offer_type":null,"stock":false,"super":"alcampo"},{"img":"https://www.alcampo.es/media/h05/hdb/9552604266526.jpg","name":"Nueces de Macadamia tostadas y saladas PRODUCTO ALCAMPO 100 g.","price":"2,69 €","offer_price":0,"offer_type":null,"stock":false,"super":"alcampo"},{"img":"https://www.alcampo.es/media/hb1/hd3/9551763341342.jpg","name":"Anacardos tostados y salados PRODUCTO ECONÓMICO ALCAMPO 125 g.","price":"1,39 €","offer_price":0,"offer_type":null,"stock":false,"super":"alcampo"},{"img":"https://www.alcampo.es/media/h64/haf/9743851978782.jpg","name":"Almendras crudas con piel ALCAMPO ECOLÓGICO 125 g.","price":"1,92 €","offer_price":0,"offer_type":null,"stock":false,"super":"alcampo"},{"img":"https://www.alcampo.es/media/h8d/hf4/9518743519262.jpg","name":"Cocktail de frutos secos BORGES 350 g.","price":"1,87 €","offer_price":0,"offer_type":null,"stock":false,"super":"alcampo"},{"img":"https://www.alcampo.es/media/h10/h05/9596421570590.jpg","name":"Almendras repeladas PRODUCTO ALCAMPO 150 g.","price":"2,29 €","offer_price":0,"offer_type":null,"stock":false,"super":"alcampo"},{"img":"https://www.alcampo.es/media/heb/h53/9549506183198.jpg","name":"Cacahuetes tostados y salados PRODUCTO ECONÓMICO ALCAMPO 200 g.","price":"0,63 €","offer_price":0,"offer_type":null,"stock":false,"super":"alcampo"},{"img":"https://www.alcampo.es/media/h1c/h7b/9552665509918.jpg","name":"Cacahuetes con cáscara salados PRODUCTO ALCAMPO 500 g.","price":"1,49 €","offer_price":0,"offer_type":null,"stock":false,"super":"alcampo"},{"img":"https://www.alcampo.es/media/hdf/ha2/9584297803806.jpg","name":"Cocktail aperitivos PRODUCTO ALCAMPO 200 G.","price":"1,85 €","offer_price":0,"offer_type":null,"stock":false,"super":"alcampo"},{"img":"https://www.alcampo.es/media/hca/h9a/9552665182238.jpg","name":"Nueces de Brasil PRODUCTO ALCAMPO 150 g.","price":"1,99 €","offer_price":0,"offer_type":null,"stock":false,"super":"alcampo"},{"img":"https://www.alcampo.es/media/h7f/hda/9605350129694.jpg","name":"Nueces peladas de California BORGES 130 g.","price":"2,87 €","offer_price":0,"offer_type":null,"stock":false,"super":"alcampo"},{"img":"https://www.alcampo.es/media/hb6/ha4/9576334196766.jpg","name":"Maíz frito GEFRUSA MISTER CORN 285 g","price":"1,91 €","offer_price":0,"offer_type":null,"stock":false,"super":"alcampo"},{"img":"https://www.alcampo.es/media/h43/ha0/9552617275422.jpg","name":"Avellanas naturales PRODUCTO ALCAMPO 175 g.","price":"2,13 €","offer_price":0,"offer_type":null,"stock":false,"super":"alcampo"},{"img":"https://www.alcampo.es/media/h4c/h47/9591129440286.jpg","name":"Pipas de calabaza tostadas y saladas PRODUCTO ALCAMPO 150 g.","price":"0,82 €","offer_price":0,"offer_type":null,"stock":false,"super":"alcampo"},{"img":"https://www.alcampo.es/media/ha4/h26/9501124919326.jpg","name":"Pipas de calabaza peladas crudas ALCAMPO ECOLÓGICO 150 g.","price":"1,15 €","offer_price":0,"offer_type":null,"stock":false,"super":"alcampo"},{"img":"https://www.alcampo.es/media/he3/hb7/8893048291358.jpg","name":"Nueces peladas FRUMESA 170gr","price":"1,89 €","offer_price":0,"offer_type":null,"stock":false,"super":"alcampo"},{"img":"https://www.alcampo.es/media/h04/he1/9659385806878.jpg","name":"Cocteleo miel y mostaza FRIT RAVICH 180 g.","price":"0,98 €","offer_price":0,"offer_type":null,"stock":false,"super":"alcampo"},{"img":"https://www.alcampo.es/media/h95/hb5/9549509001246.jpg","name":"Almendras con piel tostadas y saladas PRODUCTO ECONÓMICO ALCAMPO 150 g.","price":"1,79 €","offer_price":0,"offer_type":null,"stock":false,"super":"alcampo"},{"img":"https://www.alcampo.es/media/h51/h72/9477033000990.gif","name":"Pipas de girasol blanquilla FACUNDO 150 g.","price":"1,89 €","offer_price":0,"offer_type":null,"stock":false,"super":"alcampo"},{"img":"https://www.alcampo.es/media/hcb/ha0/9549510639646.jpg","name":"Almendras crudas repeladas ALCAMPO ECOLÓGICO 125 g.","price":"2,65 €","offer_price":0,"offer_type":null,"stock":false,"super":"alcampo"},{"img":"https://www.alcampo.es/media/h38/h58/9591103946782.jpg","name":"Nueces con cáscara PRODUCTO ALCAMPO 600 g.","price":"3,29 €","offer_price":0,"offer_type":null,"stock":false,"super":"alcampo"},{"img":"https://www.alcampo.es/media/ha9/h15/9629275422750.jpg","name":"Pipas de girasol peladas fritas y saladas PRODUCTO ALCAMPO 150 g.","price":"0,61 €","offer_price":0,"offer_type":null,"stock":false,"super":"alcampo"},{"img":"https://www.alcampo.es/media/h2b/h2c/9501111943198.jpg","name":"Cocktail frutos secos crudos ALCAMPO ECOLÓGICO 150 g.","price":"2,69 €","offer_price":0,"offer_type":null,"stock":false,"super":"alcampo"},{"img":"https://www.alcampo.es/media/hbe/hbc/9742597619742.jpg","name":"Anacardos tostados y salados AUCHAN 125 g.","price":"1,43 €","offer_price":0,"offer_type":null,"stock":false,"super":"alcampo"},{"img":"https://www.alcampo.es/media/hd4/ha0/9602124939294.jpg","name":"Pipas de girasol gigantes saladas PRODUCTO ALCAMPO 130 g.","price":"0,62 €","offer_price":0,"offer_type":null,"stock":false,"super":"alcampo"},{"img":"https://www.alcampo.es/media/h24/h9c/9232758407198.jpg","name":"Almendras tostadas sin sal añadida FRIT RAVICH 110 gr","price":"2,55 €","offer_price":0,"offer_type":null,"stock":false,"super":"alcampo"},{"img":"https://www.alcampo.es/media/hff/h83/10459914666014.jpg","name":"Cacahuetes fritos sin sal añadida PRODUCTO ALCAMPO 200 g.","price":"0,95 €","offer_price":0,"offer_type":null,"stock":false,"super":"alcampo"},{"img":"https://www.alcampo.es/media/h63/had/9601278967838.jpg","name":"Cacahuetes tostados con miel y sal EAGLE Dorados 250 g.","price":"3,34 €","offer_price":0,"offer_type":null,"stock":false,"super":"alcampo"},{"img":"https://www.alcampo.es/media/h07/h35/10911509119006.jpg","name":"Cocktail de frutos secos sin cáscara FRIT RAVICH 380 g.","price":"2,24 €","offer_price":0,"offer_type":null,"stock":false,"super":"alcampo"},{"img":"https://www.alcampo.es/media/h86/hdc/8952416141342.jpg","name":"Cocktail de frutos secos y snack MISTER CORN 150 g.","price":"1,56 €","offer_price":0,"offer_type":null,"stock":false,"super":"alcampo"},{"img":"https://www.alcampo.es/media/h18/hc0/8929740619806.jpg","name":"Nueces con cáscara de California, ácidos grasos y omega 3 BORGES 500 g.","price":"3,28 €","offer_price":0,"offer_type":null,"stock":false,"super":"alcampo"},{"img":"https://www.alcampo.es/media/hd4/h5d/8959992463390.jpg","name":"Pipas de girasol con sal MATUTANO 160 g.","price":"1,24 €","offer_price":0,"offer_type":null,"stock":false,"super":"alcampo"},{"img":"https://www.alcampo.es/media/h86/hc8/9549513621534.jpg","name":"Pipas de girasol saladas PRODUCTO ECONÓMICO ALCAMPO 150 g.","price":"0,45 €","offer_price":0,"offer_type":null,"stock":false,"super":"alcampo"},{"img":"https://www.alcampo.es/media/h55/hc2/8875539628062.jpg","name":"Cocktail de frutos secos FRUMESA 250 g.","price":"1,19 €","offer_price":0,"offer_type":null,"stock":false,"super":"alcampo"},{"img":"https://www.alcampo.es/media/hcc/h8d/9584301965342.jpg","name":"Cocktail frutos secos Pasión PRODUCTO ALCAMPO 200 g.","price":"2,79 €","offer_price":0,"offer_type":null,"stock":false,"super":"alcampo"},{"img":"https://www.alcampo.es/media/h7b/haf/9552608657438.jpg","name":"Pipas de girasol al aguasol PRODUCTO ALCAMPO 500 g.","price":"1,61 €","offer_price":0,"offer_type":null,"stock":false,"super":"alcampo"},{"img":"https://www.alcampo.es/media/ha1/h2d/10459828748318.jpg","name":"Anacardos fritos sin sal añadida PRODUCTO ALCAMPO 125 g.","price":"1,52 €","offer_price":0,"offer_type":null,"stock":false,"super":"alcampo"},{"img":"https://www.alcampo.es/media/h7d/he8/9501120987166.jpg","name":"Pipas peladas crudas ALCAMPO ECOLÓGICO 150 g.","price":"0,69 €","offer_price":0,"offer_type":null,"stock":false,"super":"alcampo"},{"img":"https://www.alcampo.es/media/h93/h66/8894377033758.jpg","name":"Pipas de girasol tostadas y con sal FACUNDO 200 g.","price":"2,35 €","offer_price":0,"offer_type":null,"stock":false,"super":"alcampo"},{"img":"https://www.alcampo.es/media/h72/h7d/10546355240990.jpg","name":"Almendras naturales con piel WONDERFUL200 g.","price":"3,40 €","offer_price":0,"offer_type":null,"stock":false,"super":"alcampo"},{"img":"https://www.alcampo.es/media/h98/h98/8967239303198.jpg","name":"Mzíz original GREFUSA 148 gr-.","price":"1,55 €","offer_price":0,"offer_type":null,"stock":false,"super":"alcampo"},{"img":"https://www.alcampo.es/media/h95/ha8/9659246280734.jpg","name":"Cocktail de frutos secos sin cáscara FRIT RAVICH 180 g.","price":"0,98 €","offer_price":0,"offer_type":null,"stock":false,"super":"alcampo"},{"img":"https://www.alcampo.es/media/h99/h67/9551905226782.jpg","name":"Cacahuetes fritos con miel PRODUCTO ALCAMPO 150 g.","price":"1,09 €","offer_price":0,"offer_type":null,"stock":false,"super":"alcampo"},{"img":"https://www.alcampo.es/media/hce/h57/9117584752670.jpg","name":"Almendra tostada con piel salada FRUMESA 200 gr. ","price":"2,25 €","offer_price":0,"offer_type":null,"stock":false,"super":"alcampo"},{"img":"https://www.alcampo.es/media/h39/hf7/9551907323934.jpg","name":"Avellanas crudas ALCAMPO ECOLÓGICO 125 g","price":"1,79 €","offer_price":0,"offer_type":null,"stock":false,"super":"alcampo"},{"img":"https://www.alcampo.es/media/h6e/hc8/8890607206430.jpg","name":"Nueces con cáscara BORGES Pata negra 500 g.","price":"3,85 €","offer_price":0,"offer_type":null,"stock":false,"super":"alcampo"},{"img":"https://www.alcampo.es/media/h1e/hfe/9605378768926.jpg","name":"Pistachos tostados BORGES 150 g.","price":"3,19 €","offer_price":0,"offer_type":null,"stock":false,"super":"alcampo"},{"img":"https://www.alcampo.es/media/h06/h5c/8967294156830.jpg","name":"Pipas agua sal GEFRUSA 165 gr.","price":"1,25 €","offer_price":0,"offer_type":null,"stock":false,"super":"alcampo"},{"img":"https://www.alcampo.es/media/h78/h27/9232768630814.jpg","name":"Anacardos tostados sin sal añadida FRIT RAVICH 110Vgr","price":"2,44 €","offer_price":0,"offer_type":null,"stock":false,"super":"alcampo"},{"img":"https://www.alcampo.es/media/h12/h63/9551912173598.jpg","name":"Maíz gigante frito y salado PRODUCTO ALCAMPO 250 g.","price":"1,43 €","offer_price":0,"offer_type":null,"stock":false,"super":"alcampo"},{"img":"https://www.alcampo.es/media/hb8/haa/9629258219550.jpg","name":"Pipas de girasol tostadas sin sal añadida PRODUCTO ALCAMPO 200 g.","price":"0,99 €","offer_price":0,"offer_type":null,"stock":false,"super":"alcampo"},{"img":"https://www.alcampo.es/media/h8b/hb9/9742746288158.jpg","name":"Cocktail Japonés PRODUCTO ALCAMPO 150 g.","price":"1,07 €","offer_price":0,"offer_type":null,"stock":false,"super":"alcampo"},{"img":"https://www.alcampo.es/media/hd9/h75/9193472065566.jpg","name":"Nueces en grano BORGES 200 g.","price":"3,69 €","offer_price":0,"offer_type":null,"stock":false,"super":"alcampo"},{"img":"https://www.alcampo.es/media/h73/h93/10212384210974.jpg","name":"Almendras crudas sin piel BORGES NATURA 110 g.","price":"2,77 €","offer_price":0,"offer_type":null,"stock":false,"super":"alcampo"},{"img":"https://www.alcampo.es/media/h47/hcb/9477073928222.jpg","name":"Pipas extra grandes a la sal FACUNDO 90 g.","price":"1 €","offer_price":0,"offer_type":null,"stock":false,"super":"alcampo"},{"img":"https://www.alcampo.es/media/h8c/ha3/9160503459870.jpg","name":"Cocktail de frutos secos al horno MATUTANO 143 g.","price":"2,24 €","offer_price":0,"offer_type":null,"stock":false,"super":"alcampo"},{"img":"https://www.alcampo.es/media/he7/h98/9158519947294.jpg","name":"Cocktail frutos secos, sabroso LA ALBUFERA 450 g.","price":"2,87 €","offer_price":0,"offer_type":null,"stock":false,"super":"alcampo"},{"img":"https://www.alcampo.es/media/h71/h6b/9590034497566.jpg","name":"Avellanas tostadas ALCAMPO ECOLÓGICO 125 g.","price":"2,89 €","offer_price":0,"offer_type":null,"stock":false,"super":"alcampo"},{"img":"https://www.alcampo.es/media/h9a/he9/9769992618014.jpg","name":"Cocktail de frutos secos crudos BORGES 130 g.","price":"2,66 €","offer_price":0,"offer_type":null,"stock":false,"super":"alcampo"},{"img":"https://www.alcampo.es/media/h6f/h6d/9310990827550.jpg","name":"Almendras fritas y saladas BORGES 200 g.","price":"3,29 €","offer_price":0,"offer_type":null,"stock":false,"super":"alcampo"},{"img":"https://www.alcampo.es/media/hd4/h06/9465749831710.jpg","name":"Pipas tostadas sin sal FACUNDO 100 g.","price":"1,32 €","offer_price":0,"offer_type":null,"stock":false,"super":"alcampo"},{"img":"https://www.alcampo.es/media/h6d/h31/10454306488350.jpg","name":"Piñones ecológicos ALCAMPO ECOLÓGICO 50 g.","price":"2,99 €","offer_price":0,"offer_type":null,"stock":false,"super":"alcampo"},{"img":"https://www.alcampo.es/media/hd3/hb5/9248372260894.jpg","name":"Frutos secos y frutas SNATT'S 120 g.","price":"2,34 €","offer_price":0,"offer_type":null,"stock":false,"super":"alcampo"},{"img":"https://www.alcampo.es/media/h0e/h47/9591139991582.jpg","name":"Maíz frito salado tierno PRODUCTO ALCAMPO 200 g.","price":"0,78 €","offer_price":0,"offer_type":null,"stock":false,"super":"alcampo"},{"img":"https://www.alcampo.es/media/h0b/h90/9188501684254.jpg","name":"Avellanas tostadas BORGES 140 g","price":"4,14 €","offer_price":0,"offer_type":null,"stock":false,"super":"alcampo"},{"img":"https://www.alcampo.es/media/h56/h40/9518731821086.jpg","name":"Maíz frito BORGES 350 g.","price":"1,87 €","offer_price":0,"offer_type":null,"stock":false,"super":"alcampo"},{"img":"https://www.alcampo.es/media/h67/h25/9045922119710.jpg","name":"Avellanas repeladas tostadas FRIT RAVICH 180 g.","price":"3,52 €","offer_price":0,"offer_type":null,"stock":false,"super":"alcampo"},{"img":"https://www.alcampo.es/media/hfb/h94/8902573293598.jpg","name":"Cacahuetes pelados salados y fritos BORGES 250 g.","price":"1,47 €","offer_price":0,"offer_type":null,"stock":false,"super":"alcampo"},{"img":"https://www.alcampo.es/media/he2/h9c/9770001760286.jpg","name":"Cocktail de frutos secos crudos y desecados BORGES 130 g.","price":"2,58 €","offer_price":0,"offer_type":null,"stock":false,"super":"alcampo"},{"img":"https://www.alcampo.es/media/hea/hc9/9552652337182.jpg","name":"Almendras tostadas con cáscara partida PRODUCTO ALCAMPO 150 g.","price":"1,95 €","offer_price":0,"offer_type":null,"stock":false,"super":"alcampo"},{"img":"https://www.alcampo.es/media/h01/h8c/9549516079134.jpg","name":"Maíz frito salado PRODUCTO ECONÓMICO ALCAMPO 150 g.","price":"0,55 €","offer_price":0,"offer_type":null,"stock":false,"super":"alcampo"},{"img":"https://www.alcampo.es/media/h8c/h63/9291578933278.jpg","name":"Cocktail frutos secos Pasarratos CHURRUCA 80 g.","price":"1,29 €","offer_price":0,"offer_type":null,"stock":false,"super":"alcampo"},{"img":"https://www.alcampo.es/media/hae/hd8/9501040738334.jpg","name":"Anacardos tostados y salados ALCAMPO ECOLÓGICO 125 g.","price":"2,19 €","offer_price":0,"offer_type":null,"stock":false,"super":"alcampo"},{"img":"https://www.alcampo.es/media/hd7/hb7/10911491325982.jpg","name":"Cocktail de frutos secos con sabor a barbacoa y chili FRIT RAVICH 400 g.","price":"2,24 €","offer_price":0,"offer_type":null,"stock":false,"super":"alcampo"},{"img":"https://www.alcampo.es/media/hf4/hf6/9547814043678.jpg","name":"Maíz frito con sabor a barbacoa, Mix 5 Classic MISTER CORN 300 g.","price":"1,92 €","offer_price":0,"offer_type":null,"stock":false,"super":"alcampo"},{"img":"https://www.alcampo.es/media/h2c/hda/8930274770974.jpg","name":"Cocktail de frutos secos sin cáscara FRIT RAVICH 180 g.","price":"1,78 €","offer_price":0,"offer_type":null,"stock":false,"super":"alcampo"},{"img":"https://www.alcampo.es/media/h27/hef/9248173785118.jpg","name":"Pistachos tostados y pelados al punto de sal WONDERFUL 100 g.","price":"3,74 €","offer_price":0,"offer_type":null,"stock":false,"super":"alcampo"},{"img":"https://www.alcampo.es/media/haf/he0/8952305713182.jpg","name":"Cocktail de frutos secos BORGES 180 g.","price":"1,27 €","offer_price":0,"offer_type":null,"stock":false,"super":"alcampo"},{"img":"https://www.alcampo.es/media/h95/hec/9160542355486.jpg","name":"Cacahuetes tostados y sazonados MATUTANO 200 g.","price":"1,64 €","offer_price":0,"offer_type":null,"stock":false,"super":"alcampo"},{"img":"https://www.alcampo.es/media/h44/h7c/9554374590494.jpg","name":"Pipas a la sal rosa del Himalaya FACUNDO 85 g.","price":"1,08 €","offer_price":0,"offer_type":null,"stock":false,"super":"alcampo"},{"img":"https://www.alcampo.es/media/h3c/h2a/8952288313374.jpg","name":"Cocktail frito sabores de África MISTER CORN 195 g..","price":"1,47 €","offer_price":0,"offer_type":null,"stock":false,"super":"alcampo"},{"img":"https://www.alcampo.es/media/h2b/h95/8959722455070.jpg","name":"Almendras tostadas al horno MATUTANO 128 g.","price":"3,27 €","offer_price":0,"offer_type":null,"stock":false,"super":"alcampo"},{"img":"https://www.alcampo.es/media/h0d/h1d/10789422497822.jpg","name":"Nueces peladas FRIT RAVICH 160 g.","price":"3,20 €","offer_price":0,"offer_type":null,"stock":false,"super":"alcampo"},{"img":"https://www.alcampo.es/media/he0/he0/9591136223262.jpg","name":"Pipas de girasol al aguasal PRODUCTO ALCAMPO 250 g.","price":"0,85 €","offer_price":0,"offer_type":null,"stock":false,"super":"alcampo"},{"img":"https://www.alcampo.es/media/hca/h65/8952253743134.jpg","name":"Cocktail frito sabores de América MISTER CORN 180 g.","price":"1,47 €","offer_price":0,"offer_type":null,"stock":false,"super":"alcampo"},{"img":"https://www.alcampo.es/media/h34/h15/9738301571102.jpg","name":"Cocktail de frutos secos y productos de aperitivos con sabor a barbacoa MISTER CORN BARBACOA MIX 195 g.","price":"1,50 €","offer_price":0,"offer_type":null,"stock":false,"super":"alcampo"},{"img":"https://www.alcampo.es/media/h0c/h38/8888101928990.jpg","name":"Nueces mondadas FRUMESA 300 gramos.","price":"4,49 €","offer_price":0,"offer_type":null,"stock":false,"super":"alcampo"},{"img":"https://www.alcampo.es/media/h6e/h57/8894406918174.jpg","name":"Pipas de girasol peladas y fritas FRUMESA 250 g.","price":"1,25 €","offer_price":0,"offer_type":null,"stock":false,"super":"alcampo"},{"img":"https://www.alcampo.es/media/h09/h7f/9551911845918.jpg","name":"Pipas de girasol saladas PRODUCTO ALCAMPO 250 g.","price":"0,99 €","offer_price":0,"offer_type":null,"stock":false,"super":"alcampo"},{"img":"https://www.alcampo.es/media/h8d/h01/9477034737694.jpg","name":"Cocktail de frutos secos sin sal añadida FACUNDO bolsa de 150 g.","price":"1,28 €","offer_price":0,"offer_type":null,"stock":false,"super":"alcampo"},{"img":"https://www.alcampo.es/media/h45/hec/9188509515806.jpg","name":"Cacahuete frito con piel LA ALBUFERA 250 g","price":"1,39 €","offer_price":0,"offer_type":null,"stock":false,"super":"alcampo"},{"img":"https://www.alcampo.es/media/hca/h75/8959636275230.jpg","name":"Pipas de girasol tostadas BORGES 500 g.","price":"2,59 €","offer_price":0,"offer_type":null,"stock":false,"super":"alcampo"},{"img":"https://www.alcampo.es/media/ha0/hcb/9742756282398.jpg","name":"Cacahuetes caramelizados PRODUCTO ALCAMPO 150 g.","price":"0,85 €","offer_price":0,"offer_type":null,"stock":false,"super":"alcampo"},{"img":"https://www.alcampo.es/media/h49/h80/10420593852446.jpg","name":"Edamame tostada (mezcla de granos de soja tostada y salada) MEDINA 100 g.","price":"1,32 €","offer_price":0,"offer_type":null,"stock":false,"super":"alcampo"},{"img":"https://www.alcampo.es/media/h12/h0f/8952371740702.jpg","name":"Garbanzos tostados FRIT RAVICH 150 g.","price":"1 €","offer_price":0,"offer_type":null,"stock":false,"super":"alcampo"},{"img":"https://www.alcampo.es/media/he6/hc9/10626246213662.jpg","name":"Pistachos tostados FRIT RAVICH 300 g.","price":"5,65 €","offer_price":0,"offer_type":null,"stock":false,"super":"alcampo"},{"img":"https://www.alcampo.es/media/h06/hb0/8932658708510.jpg","name":"Avellanas tostadas FRUMESA tarrina de 200 g.","price":"4,45 €","offer_price":0,"offer_type":null,"stock":false,"super":"alcampo"},{"img":"https://www.alcampo.es/media/hf6/h30/9748950188062.jpg","name":"Maíz frito sabor barbacoa PRODUCTO ALCAMPO 150 g.","price":"0,79 €","offer_price":0,"offer_type":null,"stock":false,"super":"alcampo"},{"img":"https://www.alcampo.es/media/h96/ha8/8896392593438.jpg","name":"Cacahuetes pelados crudos FRUMESA 250 g.","price":"1,23 €","offer_price":0,"offer_type":null,"stock":false,"super":"alcampo"},{"img":"https://www.alcampo.es/media/h6d/h75/9735920910366.jpg","name":"Almendras larguetas tostadas ALCAMPO GOURMET 150 g.","price":"2,59 €","offer_price":0,"offer_type":null,"stock":false,"super":"alcampo"},{"img":"https://www.alcampo.es/media/h07/h30/9629269786654.jpg","name":"Mezcla de frutas y frutos secos (Mix Harmonie) PRODUCTO ALCAMPO 200 g.","price":"2,99 €","offer_price":0,"offer_type":null,"stock":false,"super":"alcampo"},{"img":"https://www.alcampo.es/media/hc8/h69/9590041346078.jpg","name":"Cacahuetes repelados fritos y salados ALCAMPO ECOLÓGICO 150 g.","price":"0,99 €","offer_price":0,"offer_type":null,"stock":false,"super":"alcampo"},{"img":"https://www.alcampo.es/media/hca/hf9/9367361716254.jpg","name":"Cacahuetes tostados con miel y sal EAGLE 75 g.","price":"1,24 €","offer_price":0,"offer_type":null,"stock":false,"super":"alcampo"},{"img":"https://www.alcampo.es/media/h24/h5f/9005791805470.jpg","name":"Pipas de calabaza peladas FRIT RAVICH 125 gr.","price":"1,93 €","offer_price":0,"offer_type":null,"stock":false,"super":"alcampo"},{"img":"https://www.alcampo.es/media/hfa/h90/9258421321758.jpg","name":"Aperitivos, lote JUMPERS","price":"1,39 €","offer_price":0,"offer_type":null,"stock":false,"super":"alcampo"},{"img":"https://www.alcampo.es/media/h5b/h91/9045892235294.jpg","name":"Almendra repelada cruda FRIT RAVICH 200 gr","price":"3,95 €","offer_price":0,"offer_type":null,"stock":false,"super":"alcampo"},{"img":"https://www.alcampo.es/media/hdb/he4/9551650029598.jpg","name":"Cocktail frutos secos PRODUCTO ECONÓMICO ALCAMPO 200 g.","price":"2,35 €","offer_price":0,"offer_type":null,"stock":false,"super":"alcampo"},{"img":"https://www.alcampo.es/media/ha7/hee/10033942495262.jpg","name":"Cocktail frutos secos MEDINA GOURMET 110 g.","price":"1,99 €","offer_price":0,"offer_type":null,"stock":false,"super":"alcampo"},{"img":"https://www.alcampo.es/media/h6d/h56/9742728626206.jpg","name":"Mix Zen (frutas secas y almendra) PRODUCTO ALCAMPO 200 g.","price":"2,19 €","offer_price":0,"offer_type":null,"stock":false,"super":"alcampo"},{"img":"https://www.alcampo.es/media/heb/h57/8898895052830.jpg","name":"Pipas de girasol tostadas con sal FRUMESA 250 g.","price":"1 €","offer_price":0,"offer_type":null,"stock":false,"super":"alcampo"},{"img":"https://www.alcampo.es/media/h4a/h8d/9193524199454.jpg","name":"Pistachos salados BORGES 160 g.","price":"3,54 €","offer_price":0,"offer_type":null,"stock":false,"super":"alcampo"},{"img":"https://www.alcampo.es/media/h40/h56/9401134153758.jpg","name":"Nueces en grano FRIT RAVICH 300 g.","price":"4,88 €","offer_price":0,"offer_type":null,"stock":false,"super":"alcampo"},{"img":"https://www.alcampo.es/media/hcb/h9c/10167120756766.jpg","name":"Pistachos tostados sin sal FRUMESA 200 g.","price":"3,76 €","offer_price":0,"offer_type":null,"stock":false,"super":"alcampo"},{"img":"https://www.alcampo.es/media/h7b/h52/9535159664670.jpg","name":"Pistachos tostados y salados ALCAMPO ECOLÓGICO 125 g.","price":"3,29 €","offer_price":0,"offer_type":null,"stock":false,"super":"alcampo"},{"img":"https://www.alcampo.es/media/h5f/h98/8894019797022.jpg","name":"Pipas de girasol FRUMESA 250 g.","price":"0,69 €","offer_price":0,"offer_type":null,"stock":false,"super":"alcampo"},{"img":"https://www.alcampo.es/media/h77/h66/9769293447198.jpg","name":"Pistachos tostados sin sal WONDERFUL 250 g.","price":"4,90 €","offer_price":0,"offer_type":null,"stock":false,"super":"alcampo"},{"img":"https://www.alcampo.es/media/ha0/hca/9119068291102.jpg","name":"Anacardos fritos y salados FRIT RAVICH 160 gramos. ","price":"2,99 €","offer_price":0,"offer_type":null,"stock":false,"super":"alcampo"},{"img":"https://www.alcampo.es/media/hdb/h2a/9510419267614.jpg","name":"Pipas de calabaza peladas crudas MEDINA Frutos secos crudos 125 g,","price":"1,17 €","offer_price":0,"offer_type":null,"stock":false,"super":"alcampo"},{"img":"https://www.alcampo.es/media/h79/h14/9743800631326.jpg","name":"Nueces con cáscara FRUMESA 500 g.","price":"2,89 €","offer_price":0,"offer_type":null,"stock":false,"super":"alcampo"},{"img":"https://www.alcampo.es/media/hbd/h1b/9769272410142.jpg","name":"Pistachos tostados y salados WONDERFUL 250 g.","price":"4,90 €","offer_price":0,"offer_type":null,"stock":false,"super":"alcampo"},{"img":"https://www.alcampo.es/media/h4f/h53/10911572164638.jpg","name":"Cocktail frutos secos FRIT RAVICH 380 g.","price":"2,24 €","offer_price":0,"offer_type":null,"stock":false,"super":"alcampo"},{"img":"https://www.alcampo.es/media/h83/ha5/9477116428318.jpg","name":"Cocktail de frutos secos fritos FACUNDO 170 g.","price":"1,69 €","offer_price":0,"offer_type":null,"stock":false,"super":"alcampo"},{"img":"https://www.alcampo.es/media/h9d/h72/8895807160350.jpg","name":"Cocktail de frutos secos especial FRUMESA 350 g.","price":"3,99 €","offer_price":0,"offer_type":null,"stock":false,"super":"alcampo"},{"img":"https://www.alcampo.es/media/h8e/hd6/8949200486430.jpg","name":"Almendra frita, FRUMESA, caja de 250 g.","price":"5,19 €","offer_price":0,"offer_type":null,"stock":false,"super":"alcampo"},{"img":"https://www.alcampo.es/media/hec/hc3/9140363329566.jpg","name":"Cacahuetes repelados LA ALBUFERA 500 gr","price":"2,87 €","offer_price":0,"offer_type":null,"stock":false,"super":"alcampo"},{"img":"https://www.alcampo.es/media/h22/h49/9584315465758.jpg","name":"Cocktail frutos secos Trío ALCAMPO GOURMET 250 g.","price":"1,79 €","offer_price":0,"offer_type":null,"stock":false,"super":"alcampo"},{"img":"https://www.alcampo.es/media/h14/h20/10535725269022.jpg","name":"Nueces pecanas peladas MEDINA 90 g.","price":"2,35 €","offer_price":0,"offer_type":null,"stock":false,"super":"alcampo"},{"img":"https://www.alcampo.es/media/h34/hd8/9965486080030.jpg","name":"Surtido de frutos secos y arándanos ecológicos MEDINA 100 g.","price":"2,54 €","offer_price":0,"offer_type":null,"stock":false,"super":"alcampo"},{"img":"https://www.alcampo.es/media/hac/h94/9584295116830.jpg","name":"Almendras Marconas fritas, sin piel ALCAMPO GOURMET 150 g.","price":"2,84 €","offer_price":0,"offer_type":null,"stock":false,"super":"alcampo"},{"img":"https://www.alcampo.es/media/h17/h73/9477032181790.jpg","name":"Pipas peladas horneadas FACUNDO bolsa de 85 g.","price":"1,12 €","offer_price":0,"offer_type":null,"stock":false,"super":"alcampo"},{"img":"https://www.alcampo.es/media/hb4/h4b/9140376961054.jpg","name":"Kikotes LA ALBUFERA bote 350 gr.","price":"2,83 €","offer_price":0,"offer_type":null,"stock":false,"super":"alcampo"},{"img":"https://www.alcampo.es/media/h97/hc4/8932665262110.jpg","name":"Cocktail premium de frutos secos FRUMESA tarrina de 200 g.","price":"2,84 €","offer_price":0,"offer_type":null,"stock":false,"super":"alcampo"},{"img":"https://www.alcampo.es/media/h78/h77/9583719743518.jpg","name":"Cocktail de frutos secos Tex Mex PRODUCTO ALCAMPO 120 g.","price":"1,35 €","offer_price":0,"offer_type":null,"stock":false,"super":"alcampo"},{"img":"https://www.alcampo.es/media/h09/hd2/8896963936286.jpg","name":"Pipas de girasol con sabor a barbacoa picante FRUMESA 200 g.","price":"1,25 €","offer_price":0,"offer_type":null,"stock":false,"super":"alcampo"},{"img":"https://www.alcampo.es/media/he7/h54/9738391945246.jpg","name":"Cocktail de frutos secos y productos de aperitivos con sabor achili picante MIDTER CORN PICANTE MIX 195 g. ","price":"1,55 €","offer_price":0,"offer_type":null,"stock":false,"super":"alcampo"},{"img":"https://www.alcampo.es/media/hc6/h38/9510418939934.jpg","name":"Mix de frutos secos crudos con pasas MEDINA Frutos secos crudos 100 g.","price":"1,79 €","offer_price":0,"offer_type":null,"stock":false,"super":"alcampo"},{"img":"https://www.alcampo.es/media/h96/h0c/9629240197150.jpg","name":"Mezcla de frutas secas (Mix Fitness) PRODUCTO ALCAMPO 180 g.","price":"1,99 €","offer_price":0,"offer_type":null,"stock":false,"super":"alcampo"},{"img":"https://www.alcampo.es/media/h71/h13/9770155048990.jpg","name":"Cocktail de nueces y frutos rojos BORGES, 120 g.","price":"2,58 €","offer_price":0,"offer_type":null,"stock":false,"super":"alcampo"},{"img":"https://www.alcampo.es/media/h49/hb7/9574741934110.jpg","name":"Almendra USA repelada frita FRUMESA 200 g.","price":"3,18 €","offer_price":0,"offer_type":null,"stock":false,"super":"alcampo"},{"img":"https://www.alcampo.es/media/hd6/hc7/9296007266334.jpg","name":"Almendras al Natural Ecológicas CAMPOMAR 125 g.","price":"3,54 €","offer_price":0,"offer_type":null,"stock":false,"super":"alcampo"},{"img":"https://www.alcampo.es/media/h39/h23/9538356641822.jpg","name":"Cacahuetes repelados horneados FACUNDO 130 g.","price":"1,36 €","offer_price":0,"offer_type":null,"stock":false,"super":"alcampo"},{"img":"https://www.alcampo.es/media/h48/h84/9742753005598.jpg","name":"Pistachos tostados y salados ALCAMPO GOURMET 200 g.","price":"3,99 €","offer_price":0,"offer_type":null,"stock":false,"super":"alcampo"},{"img":"https://www.alcampo.es/media/h1d/h29/10212392534046.jpg","name":"Almendras crudas con piel BORGES NATURA 120 g.","price":"2,77 €","offer_price":0,"offer_type":null,"stock":false,"super":"alcampo"},{"img":"https://www.alcampo.es/media/he2/hd1/8952541184030.jpg","name":"Cocktail de frutos secos oriental FRIT RAVICH 200 g.","price":"1,87 €","offer_price":0,"offer_type":null,"stock":false,"super":"alcampo"},{"img":"https://www.alcampo.es/media/hcc/h0c/8952415649822.jpg","name":"Cacahuetes tostados FRIT RAVICH 400 g.","price":"2,69 €","offer_price":0,"offer_type":null,"stock":false,"super":"alcampo"},{"img":"https://www.alcampo.es/media/hb1/h1f/9148199763998.jpg","name":"Anacardo frito sin sal FRUMESA 200 g.","price":"3,28 €","offer_price":0,"offer_type":null,"stock":false,"super":"alcampo"},{"img":"https://www.alcampo.es/media/hac/h69/10431708495902.jpg","name":"Nueces mondadas MEDINA 600 g.","price":"4,98 €","offer_price":0,"offer_type":null,"stock":false,"super":"alcampo"},{"img":"https://www.alcampo.es/media/h20/h9f/9583743467550.jpg","name":"Mix Allegro de frutos secos PRODUCTO ALCAMPO 180 g.","price":"2,19 €","offer_price":0,"offer_type":null,"stock":false,"super":"alcampo"},{"img":"https://www.alcampo.es/media/h93/h53/8952429379614.jpg","name":"Cocktail de frutos secos FRIT RAVICH 400 g.","price":"2,29 €","offer_price":0,"offer_type":null,"stock":false,"super":"alcampo"},{"img":"https://www.alcampo.es/media/hc4/h6e/10562024505374.jpg","name":"Almendras tostadas sin sal WONDERFUL 200 g.","price":"3,40 €","offer_price":0,"offer_type":null,"stock":false,"super":"alcampo"},{"img":"https://www.alcampo.es/media/hc6/h4f/9168370499614.jpg","name":"Cacahuete frito sin piel y sin sal FRUMESA 200 g.","price":"0,74 €","offer_price":0,"offer_type":null,"stock":false,"super":"alcampo"},{"img":"https://www.alcampo.es/media/h59/h49/10006758260766.jpg","name":"Piñones pelados crudos ecológicos MEDINA 85 g.","price":"4,45 €","offer_price":0,"offer_type":null,"stock":false,"super":"alcampo"},{"img":"https://www.alcampo.es/media/h17/ha6/10789378752542.jpg","name":"Pipas de girasol saladas FRIT RAVICH 180 g.","price":"1,22 €","offer_price":0,"offer_type":null,"stock":false,"super":"alcampo"},{"img":"https://www.alcampo.es/media/h96/hb2/8896322928670.jpg","name":"Cacahuetes pelados fritos con sal BORGES 1 kilogramo","price":"5,45 €","offer_price":0,"offer_type":null,"stock":false,"super":"alcampo"},{"img":"https://www.alcampo.es/media/he1/h91/9769286107166.jpg","name":"Pistachos 50% reducción sal WONDERFUL 250 g.","price":"4,90 €","offer_price":0,"offer_type":null,"stock":false,"super":"alcampo"},{"img":"https://www.alcampo.es/media/ha3/hf2/10769048174622.jpg","name":"Anacardos crudos FRIT RAVICH 125 g.","price":"2,99 €","offer_price":0,"offer_type":null,"stock":false,"super":"alcampo"},{"img":"https://www.alcampo.es/media/hdd/h12/10069263908894.jpg","name":"Pipas de girasol sabor Mejicano FRIT RAVICH 180 g.","price":"1 €","offer_price":0,"offer_type":null,"stock":false,"super":"alcampo"},{"img":"https://www.alcampo.es/media/hac/h72/9518770192414.jpg","name":"Pipas de girasol tostadas BORGES 350 g.","price":"1,87 €","offer_price":0,"offer_type":null,"stock":false,"super":"alcampo"},{"img":"https://www.alcampo.es/media/hf8/h07/9584862461982.jpg","name":"Almendras sabor ahumado PRODUCTO ALCAMPO 100 g.","price":"1,99 €","offer_price":0,"offer_type":null,"stock":false,"super":"alcampo"},{"img":"https://www.alcampo.es/media/h26/hf8/9629276569630.jpg","name":"Maíz frito sabor chili PRODUCTO ALCAMPO200 g.","price":"0,84 €","offer_price":0,"offer_type":null,"stock":false,"super":"alcampo"},{"img":"https://www.alcampo.es/media/hb4/h98/8952030068766.jpg","name":"Anacardo, FRUMESA, 200 g.","price":"3,99 €","offer_price":0,"offer_type":null,"stock":false,"super":"alcampo"},{"img":"https://www.alcampo.es/media/h22/hdf/8952435441694.jpg","name":"Cacahuetes pelados con sal FRIT RAVICH 200 g.","price":"1,40 €","offer_price":0,"offer_type":null,"stock":false,"super":"alcampo"},{"img":"https://www.alcampo.es/media/h3b/hf2/10546868518942.jpg","name":"Almendras peladas WONDERFUL 200 g.","price":"3,40 €","offer_price":0,"offer_type":null,"stock":false,"super":"alcampo"},{"img":"https://www.alcampo.es/media/h4f/h55/9295993438238.jpg","name":"Pipas de Girasol Ecológicas CAMPOMAR 125 g.","price":"1,79 €","offer_price":0,"offer_type":null,"stock":false,"super":"alcampo"},{"img":"https://www.alcampo.es/media/ha6/h2b/9351512883230.jpg","name":"Mix tropical EL MONAGUILLO 110 g.","price":"1,19 €","offer_price":0,"offer_type":null,"stock":false,"super":"alcampo"},{"img":"https://www.alcampo.es/media/h6a/hdf/9188570005534.jpg","name":"Almendra Marcona BORGES 200 g.","price":"4,06 €","offer_price":0,"offer_type":null,"stock":false,"super":"alcampo"},{"img":"https://www.alcampo.es/media/h59/hf5/8952207736862.jpg","name":"Habas fritas con sal FRIT RAVICH 150 g.","price":"1,49 €","offer_price":0,"offer_type":null,"stock":false,"super":"alcampo"},{"img":"https://www.alcampo.es/media/h80/ha3/9486201782302.jpg","name":"Frutos secos mezcla BORGES Select 1 kg.","price":"8,99 €","offer_price":0,"offer_type":null,"stock":false,"super":"alcampo"},{"img":"https://www.alcampo.es/media/he3/h08/9167229943838.jpg","name":"Pipas de calabaza Ecológicas CAMPOMAR 250 g.","price":"4,07 €","offer_price":0,"offer_type":null,"stock":false,"super":"alcampo"},{"img":"https://www.alcampo.es/media/hdb/h03/9141460926494.jpg","name":"Pipa calabaza mondada cruda FRUMESA 150 gr","price":"2,09 €","offer_price":0,"offer_type":null,"stock":false,"super":"alcampo"},{"img":"https://www.alcampo.es/media/h16/hbc/9510435389470.jpg","name":"Mix de pipas y frutos secos crudos MEDINA Frutos secos crudos 100 g.","price":"1,45 €","offer_price":0,"offer_type":null,"stock":false,"super":"alcampo"},{"img":"https://www.alcampo.es/media/hd5/hbc/8922676068382.jpg","name":"Pistachos Tostados Con Sal Ecológicos CAMPOMAR 125 g.","price":"4,34 €","offer_price":0,"offer_type":null,"stock":false,"super":"alcampo"},{"img":"https://www.alcampo.es/media/h85/h88/10789375868958.gif","name":"Pistachos tostados FRIT RAVICH 160 g.","price":"3,39 €","offer_price":0,"offer_type":null,"stock":false,"super":"alcampo"},{"img":"https://www.alcampo.es/media/h3a/hb1/8922867793950.jpg","name":"Cocktail de Frutos Secos Ecológicos CAMPOMAR 125 g.","price":"2,70 €","offer_price":0,"offer_type":null,"stock":false,"super":"alcampo"},{"img":"https://www.alcampo.es/media/h4d/hdd/9601271267358.jpg","name":"Pistachos tostados salados EAGLE 75 g.","price":"1,91 €","offer_price":0,"offer_type":null,"stock":false,"super":"alcampo"},{"img":"https://www.alcampo.es/media/ha3/h44/10006751608862.jpg","name":"Topping para cereales, yogur y leche MEDINA NUTS &amp; COOK 140 g.","price":"2,34 €","offer_price":0,"offer_type":null,"stock":false,"super":"alcampo"},{"img":"https://www.alcampo.es/media/h4a/he9/8923015675934.jpg","name":"Anacardos Ecológicos CAMPOMAR 125 g.","price":"2,75 €","offer_price":0,"offer_type":null,"stock":false,"super":"alcampo"},{"img":"https://www.alcampo.es/media/h44/h1a/9770055532574.jpg","name":"Cocktail de nueces variadas BORGES bolsa de 100 g.","price":"2,54 €","offer_price":0,"offer_type":null,"stock":false,"super":"alcampo"},{"img":"https://www.alcampo.es/media/h42/h5b/8922642579486.jpg","name":"Almendras Tostadas Con Sal Ecológicas CAMPOMAR 125 g.","price":"2,75 €","offer_price":0,"offer_type":null,"stock":false,"super":"alcampo"},{"img":"https://www.alcampo.es/media/he2/hdb/10033678712862.jpg","name":"Pistachos tostados y salados MEDINA GOURMET 100 g.","price":"1,99 €","offer_price":0,"offer_type":null,"stock":false,"super":"alcampo"},{"img":"https://www.alcampo.es/media/h4c/h5c/9501057515550.jpg","name":"Cacahuetes tostados con cáscara ecológicos AUCHAN BIOALCAMPO ECOLÓGICO 250 g.","price":"1,35 €","offer_price":0,"offer_type":null,"stock":false,"super":"alcampo"},{"img":"https://www.alcampo.es/media/h48/h62/8895393955870.jpg","name":"Avellanas Peladas Ecológicas CAMPOMAR 125 g.","price":"2,65 €","offer_price":0,"offer_type":null,"stock":false,"super":"alcampo"},{"img":"https://www.alcampo.es/media/h00/hb5/9492821508126.jpg","name":"Pistachos USA tostados FRUMESA 280 g.","price":"6,29 €","offer_price":0,"offer_type":null,"stock":false,"super":"alcampo"},{"img":"https://www.alcampo.es/media/h32/ha2/9683664044062.jpg","name":"Nuez en grano SELECT BORGES 1 kg.","price":"7,99 €","offer_price":0,"offer_type":null,"stock":false,"super":"alcampo"},{"img":"https://www.alcampo.es/media/hf4/hf4/10006732111902.jpg","name":"Topping para cereales, yogur y leche MEDINA NUTS &amp; COOK 140 g.","price":"2,34 €","offer_price":0,"offer_type":null,"stock":false,"super":"alcampo"},{"img":"https://www.alcampo.es/media/h26/h85/8952340840478.jpg","name":"Nueces con cáscara FRIT RAVICH 500gr","price":"3,22 €","offer_price":0,"offer_type":null,"stock":false,"super":"alcampo"},{"img":"https://www.alcampo.es/media/hdf/h81/9627356692510.jpg","name":"Frutos secos mezcla MEDINA MIX GOLAZO 350 g.","price":"1,65 €","offer_price":0,"offer_type":null,"stock":false,"super":"alcampo"},{"img":"https://www.alcampo.es/media/ha6/hdd/10769042505758.jpg","name":"Almendras tostadas FRIT RAVICH 125 g.","price":"3,59 €","offer_price":0,"offer_type":null,"stock":false,"super":"alcampo"},{"img":"https://www.alcampo.es/media/h31/hf8/10033677828126.jpg","name":"Nueces peladas MEDINA GOURMET 90 g.","price":"1,99 €","offer_price":0,"offer_type":null,"stock":false,"super":"alcampo"},{"img":"https://www.alcampo.es/media/h5e/hfb/10535742701598.jpg","name":"Avellanas crudas con piel MEDINA 100 g.","price":"1,89 €","offer_price":0,"offer_type":null,"stock":false,"super":"alcampo"},{"img":"https://www.alcampo.es/media/hf7/h97/9210830880798.jpg","name":"Kikos gigantes (maíz frito) OROZCO 120 gramos.","price":"1,79 €","offer_price":0,"offer_type":null,"stock":false,"super":"alcampo"},{"img":"https://www.alcampo.es/media/ha4/h03/10562161377310.jpg","name":"Almendras bañadas con miel y jengibre BORGES 90 g.","price":"2,30 €","offer_price":0,"offer_type":null,"stock":false,"super":"alcampo"},{"img":"https://www.alcampo.es/media/hf2/h2b/9584895262750.jpg","name":"Cocktail Mix Inspiración PRODUCTO ALCAMPO 200 g.","price":"2,55 €","offer_price":0,"offer_type":null,"stock":false,"super":"alcampo"},{"img":"https://www.alcampo.es/media/h96/h54/9538345238558.jpg","name":"Snacks mezla barbacoa FACUNDO R3MIX 100 g.","price":"1,31 €","offer_price":0,"offer_type":null,"stock":false,"super":"alcampo"},{"img":"https://www.alcampo.es/media/he3/h49/9630128930846.jpg","name":"Cocktaol frutos secos especial con arándanos FRIT RAVICH 100 g.","price":"2,99 €","offer_price":0,"offer_type":null,"stock":false,"super":"alcampo"},{"img":"https://www.alcampo.es/media/h96/h95/9743819669534.jpg","name":"Arándanos rojos deshidratados MEDINA GOURMET 150 g.","price":"2,65 €","offer_price":0,"offer_type":null,"stock":false,"super":"alcampo"},{"img":"https://www.alcampo.es/media/h48/h34/10033903468574.jpg","name":"Almendras con aroma a bacon MEDINA GOURMET 125 g.","price":"2,93 €","offer_price":0,"offer_type":null,"stock":false,"super":"alcampo"},{"img":"https://www.alcampo.es/media/h2c/h91/10626290778142.jpg","name":"Anacardos salados FRIT RAVICH 300 g.","price":"5,65 €","offer_price":0,"offer_type":null,"stock":false,"super":"alcampo"},{"img":"https://www.alcampo.es/media/h58/hc5/10769050796062.jpg","name":"Avellanas tostadas FRIT RAVICH 125 g.","price":"2,99 €","offer_price":0,"offer_type":null,"stock":false,"super":"alcampo"},{"img":"https://www.alcampo.es/media/he3/h10/9743825338398.jpg","name":"Surtido 4 frutos secos crudos MEDINA 400 g.","price":"9,39 €","offer_price":0,"offer_type":null,"stock":false,"super":"alcampo"},{"img":"https://www.alcampo.es/media/h40/hed/10006643015710.jpg","name":"Topping para cremas, ensalada y pastas MEDINA NUTS &amp; COOK 140 g.","price":"2,34 €","offer_price":0,"offer_type":null,"stock":false,"super":"alcampo"},{"img":"https://www.alcampo.es/media/h65/h40/10006613229598.jpg","name":"Topping para cremas, ensaladas y pastas MEDINA NUTS &amp; COOK 140 g.","price":"2,34 €","offer_price":0,"offer_type":null,"stock":false,"super":"alcampo"},{"img":"https://www.alcampo.es/media/h4e/h28/10789397790750.jpg","name":"Pipas de girasol tostadas FRIT RAVICH 180 g.","price":"1,23 €","offer_price":0,"offer_type":null,"stock":false,"super":"alcampo"},{"img":"https://www.alcampo.es/media/h8a/ha9/9769281814558.jpg","name":"Pistachos con sal y pimienta WONDWERFUL 250 g.","price":"4,90 €","offer_price":0,"offer_type":null,"stock":false,"super":"alcampo"},{"img":"https://www.alcampo.es/media/h00/h3b/9492825079838.jpg","name":"Piñones China FRUMESA bolsa de 80 g.","price":"4,69 €","offer_price":0,"offer_type":null,"stock":false,"super":"alcampo"},{"img":"https://www.alcampo.es/media/h2d/he6/9095399178270.jpg","name":"Mix de fruto secos y arándanos SUNBITYES 125 g","price":"2,54 €","offer_price":0,"offer_type":null,"stock":false,"super":"alcampo"},{"img":"https://www.alcampo.es/media/hde/h58/10569090924574.jpg","name":"Anacardos fritos y saldos BORGES 1 kg.","price":"7,99 €","offer_price":0,"offer_type":null,"stock":false,"super":"alcampo"},{"img":"https://www.alcampo.es/media/ha6/h79/10033662132254.jpg","name":"Anacardos fritos y salados MEDINA GOURMET 100 g. ","price":"1,99 €","offer_price":0,"offer_type":null,"stock":false,"super":"alcampo"},{"img":"https://www.alcampo.es/media/h6c/h60/9769287221278.jpg","name":"Pistachos con guindilla dulce WONDERFUL 250 g.","price":"4,90 €","offer_price":0,"offer_type":null,"stock":false,"super":"alcampo"},{"img":"https://www.alcampo.es/media/hd4/h4a/9965490602014.jpg","name":"Bandeja de 4 frutos secos MEDINA 400 g.","price":"8,17 €","offer_price":0,"offer_type":null,"stock":false,"super":"alcampo"},{"img":"https://www.alcampo.es/media/hdc/hf1/10566543736862.jpg","name":"Cocktail cacahuetes, almendras, arándanos y pasa EAGLE SELECCIÓN 160 g.","price":"3,99 €","offer_price":0,"offer_type":null,"stock":false,"super":"alcampo"},{"img":"https://www.alcampo.es/media/ha2/h64/9743710715934.jpg","name":"Surtido 4 frutos secos MEDINA GOURMET 400 g.","price":"8,93 €","offer_price":0,"offer_type":null,"stock":false,"super":"alcampo"}]