[{"img":"https://www.alcampo.es/media/h39/h64/10784181813278.jpg","name":"Galletas saladas redondas PRODUCTO ALCAMPO 350 g.","price":"0,90 €","offer_price":0,"offer_type":null,"stock":false,"super":"alcampo"},{"img":"https://www.alcampo.es/media/h20/had/10843557363742.jpg","name":"Galletas saladas,, crackers PRODUCTO ALCAMPO paquete de 100 g.","price":"0,33 €","offer_price":0,"offer_type":null,"stock":false,"super":"alcampo"},{"img":"https://www.alcampo.es/media/h23/heb/10695837974558.jpg","name":"Galletas saladas LU TUC CRACKER 100 g.","price":"0,77 €","offer_price":0,"offer_type":null,"stock":false,"super":"alcampo"},{"img":"https://www.alcampo.es/media/hb5/haa/10569089155102.jpg","name":"Galletas saladas GULLÓN MINI CRACKER 350 g.","price":"1,92 €","offer_price":0,"offer_type":null,"stock":false,"super":"alcampo"},{"img":"https://www.alcampo.es/media/h72/h8b/10784286212126.jpg","name":"Galletas saladas de peces PRODUCTO ALCAMPO 350 g.","price":"0,90 €","offer_price":0,"offer_type":null,"stock":false,"super":"alcampo"},{"img":"https://www.alcampo.es/media/h41/he9/8896038404126.jpg","name":"Brezel (galleta salada en forma de lazo) SALTLETTS de LORENZ 150 g.","price":"1,36 €","offer_price":0,"offer_type":null,"stock":false,"super":"alcampo"},{"img":"https://www.alcampo.es/media/h46/h5a/10695774273566.jpg","name":"Galletas saladas pack de 3 uds. LU TUC 300 g.","price":"2,29 €","offer_price":0,"offer_type":null,"stock":false,"super":"alcampo"},{"img":"https://www.alcampo.es/media/h82/h2a/8898198568990.jpg","name":"Galletas saladas RITZ caja de 200 g.","price":"2,08 €","offer_price":0,"offer_type":null,"stock":false,"super":"alcampo"},{"img":"https://www.alcampo.es/media/h7e/he5/9218671378462.jpg","name":"Palitos salados LORENZ 150 g","price":"1,26 €","offer_price":0,"offer_type":null,"stock":false,"super":"alcampo"},{"img":"https://www.alcampo.es/media/h7a/h43/10569160818718.jpg","name":"Galletas saladas surtidas GULLÓN 350 g.","price":"1,92 €","offer_price":0,"offer_type":null,"stock":false,"super":"alcampo"},{"img":"https://www.alcampo.es/media/h59/h9f/10569152790558.jpg","name":"Galletas saladas de peces GULLÓN 350 g.","price":"1,92 €","offer_price":0,"offer_type":null,"stock":false,"super":"alcampo"},{"img":"https://www.alcampo.es/media/h80/h4a/10695737147422.jpg","name":"Galletas saladas con sabor a bacon de LU TUC 100 g.","price":"1,09 €","offer_price":0,"offer_type":null,"stock":false,"super":"alcampo"},{"img":"https://www.alcampo.es/media/h0b/he9/10695749926942.jpg","name":"Galletas saladas al punto de sal TUC 80 g.","price":"1,14 €","offer_price":0,"offer_type":null,"stock":false,"super":"alcampo"},{"img":"https://www.alcampo.es/media/h7b/h9e/8952242602014.jpg","name":"Galletas saladas con sabor a queso de LU TUC paquete de 100 gramos.","price":"1,09 €","offer_price":0,"offer_type":null,"stock":false,"super":"alcampo"},{"img":"https://www.alcampo.es/media/hd8/hd2/10470169444382.jpg","name":"Palitos y pretzels salados SOLETTI 160 g.","price":"1,49 €","offer_price":0,"offer_type":null,"stock":false,"super":"alcampo"},{"img":"https://www.alcampo.es/media/h94/h7d/9538898886686.jpg","name":"Pretzels salados SOLETTI 200 g.","price":"1,59 €","offer_price":0,"offer_type":null,"stock":false,"super":"alcampo"},{"img":"https://www.alcampo.es/media/h72/h84/10569087418398.jpg","name":"Galletas saladas sin gluten GULLÓN 200 g.","price":"1,98 €","offer_price":0,"offer_type":null,"stock":false,"super":"alcampo"},{"img":"https://www.alcampo.es/media/h81/he3/8927366643742.jpg","name":"Galletas saladas sin gluten SCHÄR 175 g.","price":"2,73 €","offer_price":0,"offer_type":null,"stock":false,"super":"alcampo"},{"img":"https://www.alcampo.es/media/h18/hd5/10632070529054.jpg","name":"Crackers saladas sabor quinoa y chia, GULLÓN 250 g.","price":"1,49 €","offer_price":0,"offer_type":null,"stock":false,"super":"alcampo"},{"img":"https://www.alcampo.es/media/hd9/h45/10632155201566.jpg","name":"Crackers saladas sabor queso Cheddar GULLÓN 250 g.","price":"1 €","offer_price":0,"offer_type":null,"stock":false,"super":"alcampo"}]