[{"img":"https://www.alcampo.es/media/hd8/h18/10857397944350.jpg","name":"Palomitas maíz sabor natural con sal para microondas de Borges POPITAS 3 uds. x 100 g.","price":"2,30 €","offer_price":0,"offer_type":null,"stock":false,"super":"alcampo"},{"img":"https://www.alcampo.es/media/hb6/h43/9513465741342.jpg","name":"Palomitas con sal para microondas PRODUCTO ALCAMPO 6 uds. x 100 g.","price":"1,65 €","offer_price":0,"offer_type":null,"stock":false,"super":"alcampo"},{"img":"https://www.alcampo.es/media/h21/h57/9659298152478.jpg","name":"Palomitas RISI 75 g.","price":"1,09 €","offer_price":0,"offer_type":null,"stock":false,"super":"alcampo"},{"img":"https://www.alcampo.es/media/h0e/h24/9513453912094.jpg","name":"Palomitas con sal con sabor a mantequilla PRODUCTO ALCAMPO 100 g.","price":"0,39 €","offer_price":0,"offer_type":null,"stock":false,"super":"alcampo"},{"img":"https://www.alcampo.es/media/he9/hfc/10801766301726.jpg","name":"Palomitas con mantequilla para microondas POPITAS 3 uds. x 100 g.","price":"2,30 €","offer_price":0,"offer_type":null,"stock":false,"super":"alcampo"},{"img":"https://www.alcampo.es/media/h12/h11/9520475308062.jpg","name":"Palomitas con sal para microondas PRODUCTO ALCAMPO 3 uds. x 100 g.","price":"0,89 €","offer_price":0,"offer_type":null,"stock":false,"super":"alcampo"},{"img":"https://www.alcampo.es/media/h49/hc6/10649410306078.jpg","name":"Palomitas de maíz dulces y de colores para microondas de Borges POPITAS paquete de 100 g.","price":"0,86 €","offer_price":0,"offer_type":null,"stock":false,"super":"alcampo"},{"img":"https://www.alcampo.es/media/h81/hf1/9529040732190.jpg","name":"Palomitas de maíz dulces y de colores FRIT RAVICH TOP CORN bolsa de 120 g.","price":"0,86 €","offer_price":0,"offer_type":null,"stock":false,"super":"alcampo"},{"img":"https://www.alcampo.es/media/hb6/ha5/9219967877150.jpg","name":"Palomitas katchup y mostaza RISI 75 gr. ","price":"1,19 €","offer_price":0,"offer_type":null,"stock":false,"super":"alcampo"},{"img":"https://www.alcampo.es/media/h5f/h1f/10804173209630.jpg","name":"Palomitas maíz al punto de sal de Borges POPITAS ZERO paquete de 70 g. pack 3 unidades","price":"2,30 €","offer_price":0,"offer_type":null,"stock":false,"super":"alcampo"},{"img":"https://www.alcampo.es/media/h60/hd0/10789375705118.jpg","name":"Palomitas con sal para el microondas FRIT RAVICH POP CORN 3 uds x 90 g.","price":"1,74 €","offer_price":0,"offer_type":null,"stock":false,"super":"alcampo"},{"img":"https://www.alcampo.es/media/h51/h61/10793599500318.jpg","name":"Maíz para palomitas FRIT RAVICH 200 g.","price":"1,11 €","offer_price":0,"offer_type":null,"stock":false,"super":"alcampo"},{"img":"https://www.alcampo.es/media/h3e/h7f/9645043875870.jpg","name":"Palomitas de maíz sabor mantequilla PRODUCTO ALCAMPO 80 g.","price":"0,65 €","offer_price":0,"offer_type":null,"stock":false,"super":"alcampo"},{"img":"https://www.alcampo.es/media/hdc/hcc/9119051022366.jpg","name":"Palomitas de maíz saladas FRIT RAVICH 80 gramos. ","price":"0,86 €","offer_price":0,"offer_type":null,"stock":false,"super":"alcampo"},{"img":"https://www.alcampo.es/media/hf1/hb3/10444756058142.jpg","name":"Palomitas de maíz de sabor natural con sal para microondas de Borges POPITAS paquete de 100 g.","price":"0,79 €","offer_price":0,"offer_type":null,"stock":false,"super":"alcampo"},{"img":"https://www.alcampo.es/media/h75/hfd/9173337407518.jpg","name":"Palomitas de maíz con mantequilla para microondas POP UP paquete de 2 uds x 100 g.","price":"1,45 €","offer_price":0,"offer_type":null,"stock":false,"super":"alcampo"},{"img":"https://www.alcampo.es/media/h7f/h62/8952308957214.jpg","name":"Palomitas de maíz al toque de sal para microondas POP UP paquete de 2 uds x 100 g.","price":"1,32 €","offer_price":0,"offer_type":null,"stock":false,"super":"alcampo"},{"img":"https://www.alcampo.es/media/ha5/hec/10817036812318.jpg","name":"Palomitas maíz caramelo POPITAS 100 g.","price":"1,12 €","offer_price":0,"offer_type":null,"stock":false,"super":"alcampo"},{"img":"https://www.alcampo.es/media/hcc/h96/9130797924382.jpg","name":"Palomitas sabor a mantequilla top corn FRIT RAVICH 80 gramos. ","price":"0,99 €","offer_price":0,"offer_type":null,"stock":false,"super":"alcampo"},{"img":"https://www.alcampo.es/media/hd0/hae/9748068597790.jpg","name":"palomitas de maíz ecológicas POPITAS 3 uds. x 80 g.","price":"2,63 €","offer_price":0,"offer_type":null,"stock":false,"super":"alcampo"},{"img":"https://www.alcampo.es/media/hee/h4f/8898053799966.jpg","name":"Palomitas ecológicas AÑAVIEJA 60 g.","price":"1,19 €","offer_price":0,"offer_type":null,"stock":false,"super":"alcampo"},{"img":"https://www.alcampo.es/media/hce/hd6/10816889323550.jpg","name":"Palomitas dulces POPITAS 100 g.","price":"1,12 €","offer_price":0,"offer_type":null,"stock":false,"super":"alcampo"},{"img":"https://www.alcampo.es/media/h48/hf8/10801843208222.jpg","name":"Palomitas para microondas POPITAS FREE 3 uds. x 90 g.","price":"2,30 €","offer_price":0,"offer_type":null,"stock":false,"super":"alcampo"},{"img":"https://www.alcampo.es/media/h7b/h34/9139256786974.jpg","name":"Palomitas de maíz al punto de sal MISTER CORN bolsa de 90 g.","price":"1,08 €","offer_price":0,"offer_type":null,"stock":false,"super":"alcampo"},{"img":"https://www.alcampo.es/media/he9/hae/9130799530014.jpg","name":"Palomitas extrusionadas ketchup y mostaza FRIT RAVICH 80 gr. ","price":"0,99 €","offer_price":0,"offer_type":null,"stock":false,"super":"alcampo"}]