[{"img":"https://www.alcampo.es/media/h7f/hbf/10801757093918.jpg","name":"Patatas fritas lisas crujientes LAY'S Gourmet bolsa de 180 g.","price":"2,28 €","offer_price":0,"offer_type":null,"stock":false,"super":"alcampo"},{"img":"https://www.alcampo.es/media/hfe/h8e/9793905623070.jpg","name":"Patatas fritas lisas con sal LAY'S Al punto de sal bolsa de 300 g.","price":"1,88 €","offer_price":0,"offer_type":null,"stock":false,"super":"alcampo"},{"img":"https://www.alcampo.es/media/hd1/h03/9386884988958.jpg","name":"Patatas fritas lisas en aceite de girasol extra crujientes ALCAMPO GOURMET180 g.","price":"1,34 €","offer_price":0,"offer_type":null,"stock":false,"super":"alcampo"},{"img":"https://www.alcampo.es/media/hf6/h71/9794004877342.jpg","name":"Patatas fritas onduladas con sabor Jamón RUFFLES bolsa de 160 g.","price":"1,36 €","offer_price":0,"offer_type":null,"stock":false,"super":"alcampo"},{"img":"https://www.alcampo.es/media/hd7/h8a/9794006679582.jpg","name":"Patatas fritas lisas con sal LAY'S Al punto de sal 170 g.","price":"1,19 €","offer_price":0,"offer_type":null,"stock":false,"super":"alcampo"},{"img":"https://www.alcampo.es/media/hf4/hee/10547294568478.jpg","name":"Patatas fritas onduladas con sabor a jamón RUFFLES bolsa de 295 g.","price":"2,32 €","offer_price":0,"offer_type":null,"stock":false,"super":"alcampo"},{"img":"https://www.alcampo.es/media/hc8/h52/9794012839966.jpg","name":"Patatas fritas lisas con sabor a salsa Vinagreta LAY'S bolsa de 160 g.","price":"1,54 €","offer_price":0,"offer_type":null,"stock":false,"super":"alcampo"},{"img":"https://www.alcampo.es/media/he6/h2c/8928754401310.jpg","name":"Patatas fritas onduladas de MATUTANO RUFFLES ORIGINAL bolsa de 300 g.","price":"2,08 €","offer_price":0,"offer_type":null,"stock":false,"super":"alcampo"},{"img":"https://www.alcampo.es/media/hb5/hcf/9794018148382.jpg","name":"Patatas fritas onduladas con sabor a jamón York y queso RUFFLES York'eso bolsa de 160 g.","price":"1,49 €","offer_price":0,"offer_type":null,"stock":false,"super":"alcampo"},{"img":"https://www.alcampo.es/media/h9c/h93/9823040667678.jpg","name":"Patatas fritas onduladas PRODUCTO ALCAMPO bolsa de 350 g.","price":"1,02 €","offer_price":0,"offer_type":null,"stock":false,"super":"alcampo"},{"img":"https://www.alcampo.es/media/h6f/hc3/9110032187422.jpg","name":"Patatas fritas artesanas en aceite de oliva LAY'S ARTESANAS bolsa de 170 g.","price":"1,59 €","offer_price":0,"offer_type":null,"stock":false,"super":"alcampo"},{"img":"https://www.alcampo.es/media/hb3/h07/8986733936670.jpg","name":"Patatas fritas con sal, lisas SANTA ANA 320 g.","price":"1,94 €","offer_price":0,"offer_type":null,"stock":false,"super":"alcampo"},{"img":"https://www.alcampo.es/media/hba/h81/8952332681246.jpg","name":"Snack de patata con sabor a jamón de GREFUSA PAPA DELTA bolsa de 65 g.","price":"1,22 €","offer_price":0,"offer_type":null,"stock":false,"super":"alcampo"},{"img":"https://www.alcampo.es/media/hed/hbb/9639220314142.jpg","name":"Patatas chips onduladas PRODUCTO ALCAMPO 170 g.","price":"0,49 €","offer_price":0,"offer_type":null,"stock":false,"super":"alcampo"},{"img":"https://www.alcampo.es/media/he3/h23/10789399789598.jpg","name":"Patatas fritas ligeras con un 40% menos de aceite FRIT RAVICH bolsa de 115 g.","price":"1,31 €","offer_price":0,"offer_type":null,"stock":false,"super":"alcampo"},{"img":"https://www.alcampo.es/media/he8/hba/8928735658014.jpg","name":"Patatas fritas onduladas de MATUTANO RUFFLES Original bolsa de 170 g.","price":"1,22 €","offer_price":0,"offer_type":null,"stock":false,"super":"alcampo"},{"img":"https://www.alcampo.es/media/h5d/h80/9793999896606.jpg","name":"Patatas fritas lisas LAY'S Sabor Campesina bolsa de 250 g.","price":"1,98 €","offer_price":0,"offer_type":null,"stock":false,"super":"alcampo"},{"img":"https://www.alcampo.es/media/ha6/h38/10911342100510.jpg","name":"Patatas con forma de teja PRINGLES ORIGINAL bote de 165 g.","price":"1,80 €","offer_price":0,"offer_type":null,"stock":false,"super":"alcampo"},{"img":"https://www.alcampo.es/media/hce/hd4/8896007438366.jpg","name":"Patatas fritas artesanas en aceite girasol ANIZVI 300 g.","price":"1,29 €","offer_price":0,"offer_type":null,"stock":false,"super":"alcampo"},{"img":"https://www.alcampo.es/media/h44/hf7/10547294076958.jpg","name":"Patatas fritas lisas de corte fino LAY'S Gourmet bolsa de 180 g.","price":"2,14 €","offer_price":0,"offer_type":null,"stock":false,"super":"alcampo"},{"img":"https://www.alcampo.es/media/heb/h65/10547294404638.jpg","name":"Patatas horneadas onduladas al punto de sal LAY'S IL FORNO bolsa de 150 g.","price":"1,84 €","offer_price":0,"offer_type":null,"stock":false,"super":"alcampo"},{"img":"https://www.alcampo.es/media/h4b/h17/9355457232926.jpg","name":"Patatas fritas artesanas extracrujientes, con sal marina de Formentera y aceite de oliva VICENTE VIDAL MARINA 150 g.","price":"1,60 €","offer_price":0,"offer_type":null,"stock":false,"super":"alcampo"},{"img":"https://www.alcampo.es/media/h68/h19/10911501090846.jpg","name":"Patatas con forma de teja PRINGLES CREAM &amp; ONION bote de 165 g.","price":"1,80 €","offer_price":0,"offer_type":null,"stock":false,"super":"alcampo"},{"img":"https://www.alcampo.es/media/h01/hde/9407919718430.jpg","name":"Patatas fritas en aceite de oliva ALCAMPO GOURMET 200 g.","price":"1,75 €","offer_price":0,"offer_type":null,"stock":false,"super":"alcampo"},{"img":"https://www.alcampo.es/media/hea/hfd/9032010137630.jpg","name":"Patatas fritas LA TENTACIÓN 150 g.","price":"1 €","offer_price":0,"offer_type":null,"stock":false,"super":"alcampo"},{"img":"https://www.alcampo.es/media/h06/h63/9584863936542.jpg","name":"Patatas fritas lisas PRODUCTO ALCAMPO bolsa de 350 g.","price":"1,02 €","offer_price":0,"offer_type":null,"stock":false,"super":"alcampo"},{"img":"https://www.alcampo.es/media/h1a/h6b/9770105929758.jpg","name":"Patatas fritas artesanas FRIT RAVICH bolsa de 170 g.","price":"1,48 €","offer_price":0,"offer_type":null,"stock":false,"super":"alcampo"},{"img":"https://www.alcampo.es/media/h1e/hf8/9793910046750.jpg","name":"Patatas fritas lisas con sabor Campesinas LAY'S bolsa de 160 g.","price":"1,49 €","offer_price":0,"offer_type":null,"stock":false,"super":"alcampo"},{"img":"https://www.alcampo.es/media/h0f/h5f/9758509662238.jpg","name":"Patatas fritas onduladas con sabor jamón PRODUCTO ALCAMPO 160 g.","price":"0,79 €","offer_price":0,"offer_type":null,"stock":false,"super":"alcampo"},{"img":"https://www.alcampo.es/media/hb5/hbe/8928700596254.jpg","name":"Patatas fritas artesanas SANTA ANA bolsa de 2 uds x 135 g.","price":"1,76 €","offer_price":0,"offer_type":null,"stock":false,"super":"alcampo"},{"img":"https://www.alcampo.es/media/h0e/h5b/9558667821086.jpg","name":"Patatas chips lisas PRODUCTO ALCAMPO 170 g.","price":"0,54 €","offer_price":0,"offer_type":null,"stock":false,"super":"alcampo"},{"img":"https://www.alcampo.es/media/h12/had/9573362860062.jpg","name":"Patatas fritas tipo paja PRODUCTO ALCAMPO 100 g.","price":"0,62 €","offer_price":0,"offer_type":null,"stock":false,"super":"alcampo"},{"img":"https://www.alcampo.es/media/h4a/h97/9110028025886.jpg","name":"Patatas fritas artesanas 100% aceite de oliva LAY'S ARTESANAS bolsa de 220 g.","price":"2,14 €","offer_price":0,"offer_type":null,"stock":false,"super":"alcampo"},{"img":"https://www.alcampo.es/media/h7e/h10/8885634793502.jpg","name":"Patatas con forma de teja y sabor cebolla PRODUCTO ALCAMPO 170 g.","price":"1,08 €","offer_price":0,"offer_type":null,"stock":false,"super":"alcampo"},{"img":"https://www.alcampo.es/media/h8b/hfb/9794005827614.jpg","name":"Patatas fritas artesanas SANTA ANA 150 g.","price":"1,07 €","offer_price":0,"offer_type":null,"stock":false,"super":"alcampo"},{"img":"https://www.alcampo.es/media/h4e/h1d/8965518884894.jpg","name":"Patatas fritas onduladas ANIZVI 300 g.","price":"1 €","offer_price":0,"offer_type":null,"stock":false,"super":"alcampo"},{"img":"https://www.alcampo.es/media/hae/h2c/8952502779934.jpg","name":"Patatas fritas ligeras con un 40% menos de grasa LAY'S LIGHT bolsa de 140 g.","price":"1,70 €","offer_price":0,"offer_type":null,"stock":false,"super":"alcampo"},{"img":"https://www.alcampo.es/media/h0e/h01/10819348103198.jpg","name":"Patatas fritas lisas con sabor campesina PRODUCTO ALCAMPO bolsa de 160 g.","price":"0,81 €","offer_price":0,"offer_type":null,"stock":false,"super":"alcampo"},{"img":"https://www.alcampo.es/media/hb4/h69/10245564792862.jpg","name":"Patatas fritas lisas con sabor a jamón PRODUCTO ALCAMPO bolsa de 160 g.","price":"0,79 €","offer_price":0,"offer_type":null,"stock":false,"super":"alcampo"},{"img":"https://www.alcampo.es/media/h13/h1f/8900621107230.jpg","name":"Patatas con forma de teja PRODUCTO ALCAMPO 170 g.","price":"1,08 €","offer_price":0,"offer_type":null,"stock":false,"super":"alcampo"},{"img":"https://www.alcampo.es/media/h21/hbb/10911519375390.jpg","name":"Patatas con forma de teja sabor barbacoa PRINGLES 165 g.","price":"1,80 €","offer_price":0,"offer_type":null,"stock":false,"super":"alcampo"},{"img":"https://www.alcampo.es/media/hb4/h37/9387204182046.jpg","name":"Patatas fritas ligeras Horno Campesinas LAY`S 130 g.","price":"1,77 €","offer_price":0,"offer_type":null,"stock":false,"super":"alcampo"},{"img":"https://www.alcampo.es/media/hb8/he6/10802539921438.jpg","name":"Patatas fritas Gourmet trufa negra y sal marina LAY`S 150 g.","price":"2,28 €","offer_price":0,"offer_type":null,"stock":false,"super":"alcampo"},{"img":"https://www.alcampo.es/media/h1e/h83/10789403033630.jpg","name":"Patatas paja caseras con aceite de oliva virgen FRIT RAVICH 60 g.","price":"1,83 €","offer_price":0,"offer_type":null,"stock":false,"super":"alcampo"},{"img":"https://www.alcampo.es/media/hcc/h85/8952478367774.jpg","name":"Patatas fritas ligeras con un 40% menos de aceite VIDAL SLIGHT 125 g.","price":"1,28 €","offer_price":0,"offer_type":null,"stock":false,"super":"alcampo"},{"img":"https://www.alcampo.es/media/hf5/h4f/8952527716382.jpg","name":"Patatas fritas artesanas con aceite de oliva virgen FRIT RAVICH PREMIUM bolsa de 170 g.","price":"1,26 €","offer_price":0,"offer_type":null,"stock":false,"super":"alcampo"},{"img":"https://www.alcampo.es/media/hb3/he7/9645003145246.jpg","name":"Patatas fritas lisas con sabor a queso curado PRODUCTO ALCAMPO bolsa de 160 g.","price":"0,81 €","offer_price":0,"offer_type":null,"stock":false,"super":"alcampo"},{"img":"https://www.alcampo.es/media/he5/h60/10911400525854.jpg","name":"Patatas con forma de teja PRINGLES PAPRIKA bote de 165 g.","price":"1,80 €","offer_price":0,"offer_type":null,"stock":false,"super":"alcampo"},{"img":"https://www.alcampo.es/media/h9b/h9f/9146695745566.jpg","name":"Patatas fritas onduladas LA TENTACIÓN 150 g.","price":"1 €","offer_price":0,"offer_type":null,"stock":false,"super":"alcampo"},{"img":"https://www.alcampo.es/media/h5c/h55/10802739314718.jpg","name":"Patatas fritas Gourmet crema de queso y cebolla caramelizada LAY`S 150 g.","price":"2,28 €","offer_price":0,"offer_type":null,"stock":false,"super":"alcampo"},{"img":"https://www.alcampo.es/media/h12/h7f/9627372683294.jpg","name":"Patatas fritas lisas con aceite de oliva PRODUCTO ALCAMPO bolsa de 150 g.","price":"0,88 €","offer_price":0,"offer_type":null,"stock":false,"super":"alcampo"},{"img":"https://www.alcampo.es/media/h5b/h34/9355484889118.jpg","name":"Patatas fritas extracrujientes, con sal marina de Formentera, pimienta y aceite basámico VICENTE VIDAL MARINAS 150 g.","price":"1,60 €","offer_price":0,"offer_type":null,"stock":false,"super":"alcampo"},{"img":"https://www.alcampo.es/media/h93/hd5/10789402214430.jpg","name":"Patatas fritas con tomate y orégano FRIT RAVICH bolsa de 115 g.","price":"1,31 €","offer_price":0,"offer_type":null,"stock":false,"super":"alcampo"},{"img":"https://www.alcampo.es/media/h77/hb3/9529085427742.jpg","name":"Patatas fritas artesanas con aceite de oliva virgen FRIT RAVICH PREMIUM 160 g.","price":"1,28 €","offer_price":0,"offer_type":null,"stock":false,"super":"alcampo"},{"img":"https://www.alcampo.es/media/hd0/h9a/10854963707934.jpg","name":"Aperitivo de patata PRODUCTO ALCAMPO 125 g.","price":"0,67 €","offer_price":0,"offer_type":null,"stock":false,"super":"alcampo"},{"img":"https://www.alcampo.es/media/h40/h0a/9573378392094.jpg","name":"Patatas fritas artesanas PRODUCTO ALCAMPO bolsa de 170 g.","price":"0,89 €","offer_price":0,"offer_type":null,"stock":false,"super":"alcampo"},{"img":"https://www.alcampo.es/media/h3b/hef/8952497045534.jpg","name":"Patatas fritas artesanas al estilo churrería FRIT RAVICH bolsa de 160 g.","price":"1 €","offer_price":0,"offer_type":null,"stock":false,"super":"alcampo"},{"img":"https://www.alcampo.es/media/h48/h5e/9645037420574.jpg","name":"Patatas fritas al ajillo PROUCTO ALCAMPO 160 g.","price":"0,79 €","offer_price":0,"offer_type":null,"stock":false,"super":"alcampo"},{"img":"https://www.alcampo.es/media/had/ha6/9758544298014.jpg","name":"Patatas fritas bajas en sal PRODUCTO ALCAMPO 130 g.","price":"0,75 €","offer_price":0,"offer_type":null,"stock":false,"super":"alcampo"},{"img":"https://www.alcampo.es/media/h19/h6f/8959733596190.jpg","name":"Patatas fritas artesanas gran selección, extra crujientes VICENTE VIDAL GRAN SELECCIÓN 165 g.","price":"1,64 €","offer_price":0,"offer_type":null,"stock":false,"super":"alcampo"},{"img":"https://www.alcampo.es/media/h52/h65/9573470175262.jpg","name":"Patatas fritas artesanas cartucho PRODUCTO ALCAMPO 2 uds. x 150 g.","price":"1,27 €","offer_price":0,"offer_type":null,"stock":false,"super":"alcampo"},{"img":"https://www.alcampo.es/media/he2/ha7/10789302468638.jpg","name":"Patatas fritas sin sal añadida FRIT RAVICH bolsa de 125 g.","price":"1,27 €","offer_price":0,"offer_type":null,"stock":false,"super":"alcampo"},{"img":"https://www.alcampo.es/media/hf1/hc7/10435595894814.jpg","name":"Patatas fritas sabor jamón Ibérico LAY´S GOURMET 150 g.","price":"2,20 €","offer_price":0,"offer_type":null,"stock":false,"super":"alcampo"},{"img":"https://www.alcampo.es/media/h1a/hda/8952487706654.jpg","name":"Patatas gran gourmet aceite oliva ecológicas AÑAVIEJA 125 g.","price":"2,27 €","offer_price":0,"offer_type":null,"stock":false,"super":"alcampo"},{"img":"https://www.alcampo.es/media/h44/hd5/10435516497950.jpg","name":"Patatas fritas sabor pollo asado LAY´S 160 g.","price":"1,49 €","offer_price":0,"offer_type":null,"stock":false,"super":"alcampo"},{"img":"https://www.alcampo.es/media/hd6/h25/10911474384926.jpg","name":"Patatas con forma de teja sabor a queso y cebolla PRINGLES 165 g. ","price":"1,80 €","offer_price":0,"offer_type":null,"stock":false,"super":"alcampo"},{"img":"https://www.alcampo.es/media/h40/h86/9168621338654.jpg","name":"Patatas fritas sabor huevo frito Gurma FRITOPER 130 g.","price":"1 €","offer_price":0,"offer_type":null,"stock":false,"super":"alcampo"},{"img":"https://www.alcampo.es/media/h8b/hfc/9387206574110.jpg","name":"Patatas fritas ligeras Horno, Hierbas Provenzales LAY`S 130 g.","price":"1,77 €","offer_price":0,"offer_type":null,"stock":false,"super":"alcampo"},{"img":"https://www.alcampo.es/media/hdc/h73/8893421846558.jpg","name":"Patatas con forma de teja y sabor a barbacoa PRODUCTO ALCAMPO 170 g.","price":"1,08 €","offer_price":0,"offer_type":null,"stock":false,"super":"alcampo"},{"img":"https://www.alcampo.es/media/heb/hbb/10789414633502.jpg","name":"Patatas fritas onduladas caseras FRIT RAVICH bolsa de 170 g.","price":"1,69 €","offer_price":0,"offer_type":null,"stock":false,"super":"alcampo"},{"img":"https://www.alcampo.es/media/h9d/h9e/10911343018014.jpg","name":"Patatas con forma de teja sabor sal y vinagre PRINGLES 165 g.","price":"1,80 €","offer_price":0,"offer_type":null,"stock":false,"super":"alcampo"},{"img":"https://www.alcampo.es/media/h03/h87/9529066356766.jpg","name":"Patatas fritas onduladas con sabor a jamón FRIT RAVICH bolsa de 160 g.","price":"1,27 €","offer_price":0,"offer_type":null,"stock":false,"super":"alcampo"},{"img":"https://www.alcampo.es/media/hc9/hd1/10911565053982.jpg","name":"Patatas con forma de teja y sabor a jamón PRINGLES bote de 165 g.","price":"1,80 €","offer_price":0,"offer_type":null,"stock":false,"super":"alcampo"},{"img":"https://www.alcampo.es/media/h0f/h73/10911487623198.jpg","name":"Patatas con forma de teja y sabor picante PRINGLES Hot &amp; Spicy bote de 165 g.","price":"1,80 €","offer_price":0,"offer_type":null,"stock":false,"super":"alcampo"},{"img":"https://www.alcampo.es/media/h84/h0f/9330777358366.jpg","name":"Patatas fritas sabor queso de cabra y cebolla caramelizada FRIT RAVICH 160 g.","price":"1,48 €","offer_price":0,"offer_type":null,"stock":false,"super":"alcampo"},{"img":"https://www.alcampo.es/media/h91/hfd/9645000065054.jpg","name":"Patatas fritas lisas, sabor huevo frito PRODUCTO ALCAMPO 150 ","price":"0,98 €","offer_price":0,"offer_type":null,"stock":false,"super":"alcampo"},{"img":"https://www.alcampo.es/media/h66/h1c/8895261900830.jpg","name":"Patatas fritas lisas de vegetales exóticos TERRA CHIPS 110 g.","price":"3,63 €","offer_price":0,"offer_type":null,"stock":false,"super":"alcampo"},{"img":"https://www.alcampo.es/media/h9e/hc6/8897220706334.jpg","name":"Patatas fritas lisas con sabor a vinagre de sidra y sal marina TYRRELL'S 150 g.","price":"2,34 €","offer_price":0,"offer_type":null,"stock":false,"super":"alcampo"},{"img":"https://www.alcampo.es/media/h8c/h48/8922966818846.gif","name":"Patatas con forma de teja y sabor paprika PRODUCTO ALCAMPO 170 g.","price":"1,08 €","offer_price":0,"offer_type":null,"stock":false,"super":"alcampo"},{"img":"https://www.alcampo.es/media/ha4/h2e/10789399265310.jpg","name":"Patatas fritas sabor jamón Ibérico FRIT RAVICH PREMIUM 155 g.","price":"1,55 €","offer_price":0,"offer_type":null,"stock":false,"super":"alcampo"},{"img":"https://www.alcampo.es/media/hb4/he8/9296042426398.jpg","name":"Snack de patata horneado con sabor a barbacoa de GREFUSA SNATT'S NATU CHIPS bolsa de 85 g.","price":"1,09 €","offer_price":0,"offer_type":null,"stock":false,"super":"alcampo"},{"img":"https://www.alcampo.es/media/h14/h57/10608092610590.jpg","name":"Patatas fritas en aceite de oliva MARISA 190 g.","price":"1,78 €","offer_price":0,"offer_type":null,"stock":false,"super":"alcampo"},{"img":"https://www.alcampo.es/media/h62/h04/8894070325278.jpg","name":"Patatas fritas lisas verduras (remolacha, chirivía y zanahoria) TYRRELL'S 150 g.","price":"2,87 €","offer_price":0,"offer_type":null,"stock":false,"super":"alcampo"},{"img":"https://www.alcampo.es/media/ha2/hf2/8895068241950.jpg","name":"Patatas con forma de teja y sabor picante PRODUCTO ALCAMPO 170 g.","price":"1,08 €","offer_price":0,"offer_type":null,"stock":false,"super":"alcampo"},{"img":"https://www.alcampo.es/media/h8b/h28/9762369208350.jpg","name":"Patatas fritas en aceite de oliva ESPADA 170 g.","price":"1,99 €","offer_price":0,"offer_type":null,"stock":false,"super":"alcampo"},{"img":"https://www.alcampo.es/media/hb6/h35/9853898948638.jpg","name":"Patatas fritas barbacoa sin gluten SCHÄR CURVIES 170 g.","price":"2,21 €","offer_price":0,"offer_type":null,"stock":false,"super":"alcampo"},{"img":"https://www.alcampo.es/media/h85/h3f/10911503417374.jpg","name":"Patatas con forma de teja arroz Indian Chicken Tikka Masala PRINGLES RICE 160 g.","price":"1,80 €","offer_price":0,"offer_type":null,"stock":false,"super":"alcampo"},{"img":"https://www.alcampo.es/media/h24/h7a/10911483723806.jpg","name":"Patatas con forma de teja arroz Malaysian Red Curry PRINGLES RICE 160 g.","price":"1,80 €","offer_price":0,"offer_type":null,"stock":false,"super":"alcampo"},{"img":"https://www.alcampo.es/media/h3c/hb2/10138601488414.jpg","name":"Patatas fritas sabor solomillo con reducción Pedro Ximénez FRIT RAVICH PREMIUM 160 g.","price":"1,85 €","offer_price":0,"offer_type":null,"stock":false,"super":"alcampo"},{"img":"https://www.alcampo.es/media/ha3/h8e/9584874356766.jpg","name":"Patatas fritas sabor bacon y queso FRIT RAVICH 125 g.","price":"1,49 €","offer_price":0,"offer_type":null,"stock":false,"super":"alcampo"},{"img":"https://www.alcampo.es/media/hd8/hf3/10911404064798.jpg","name":"Patatas fritas con sabor a jamón GURMA 300 g.","price":"1,69 €","offer_price":0,"offer_type":null,"stock":false,"super":"alcampo"},{"img":"https://www.alcampo.es/media/hc1/h31/9260123127838.jpg","name":"Patatas fritas con aceite de girasol, ecológicas, AÑAVIEJA, 125 g.","price":"1,39 €","offer_price":0,"offer_type":null,"stock":false,"super":"alcampo"},{"img":"https://www.alcampo.es/media/h40/hc7/9571782656030.jpg","name":"Patatas fritas ESPADA 170 g.","price":"1,39 €","offer_price":0,"offer_type":null,"stock":false,"super":"alcampo"},{"img":"https://www.alcampo.es/media/h6e/h89/9571786752030.jpg","name":"Patatas fritas sin sal añadida ESPADA 150 g.","price":"0,93 €","offer_price":0,"offer_type":null,"stock":false,"super":"alcampo"},{"img":"https://www.alcampo.es/media/h76/ha1/10610781683742.jpg","name":"Patatas fritas estilo Cachelos al pimentón de La Vera MARISA 150 g.","price":"1,41 €","offer_price":0,"offer_type":null,"stock":false,"super":"alcampo"},{"img":"https://www.alcampo.es/media/hff/heb/9584888643614.jpg","name":"Patatas fritas sabor pizza FRIT RAVICH 125 g.","price":"1,40 €","offer_price":0,"offer_type":null,"stock":false,"super":"alcampo"},{"img":"https://www.alcampo.es/media/hda/h9b/9629271982110.jpg","name":"Patatas fritas, cartuchos LA MADRILEÑA 2 uds. x 140 G.","price":"1,67 €","offer_price":0,"offer_type":null,"stock":false,"super":"alcampo"},{"img":"https://www.alcampo.es/media/h7d/hff/10431673696286.jpg","name":"Patata paja con bolsita de ketchup MEDINA 120 g.","price":"1,72 €","offer_price":0,"offer_type":null,"stock":false,"super":"alcampo"},{"img":"https://www.alcampo.es/media/h5b/h1c/10843583643678.jpg","name":"Patatas fritas con sal marina de Ibiza ecológicas ALCAMPO ECOLÓGICO 100 g.","price":"1,49 €","offer_price":0,"offer_type":null,"stock":false,"super":"alcampo"},{"img":"https://www.alcampo.es/media/h60/ha6/10608076947486.jpg","name":"Patatas fritas con hierbas naturales MARISA 150 g.","price":"1 €","offer_price":0,"offer_type":null,"stock":false,"super":"alcampo"},{"img":"https://www.alcampo.es/media/ha9/h12/10911489949726.jpg","name":"Patatas fritas con sabor a verduras y especias, receta Campesina GURMA 250 g.","price":"1,69 €","offer_price":0,"offer_type":null,"stock":false,"super":"alcampo"},{"img":"https://www.alcampo.es/media/hf4/h5c/10843555201054.jpg","name":"Patatas fritas sin sal añadida. ecológicas ALCAMPO ECOLÓGICO 100 g.","price":"1,49 €","offer_price":0,"offer_type":null,"stock":false,"super":"alcampo"},{"img":"https://www.alcampo.es/media/h52/h81/10911516131358.jpg","name":"patatas con forma de teja y sabor a crema de champiñones PRINGLES 165 g.","price":"1,80 €","offer_price":0,"offer_type":null,"stock":false,"super":"alcampo"}]