[{"img":"https://www.alcampo.es/media/hb3/h8e/8952255053854.jpg","name":"Snack de fantasmas con sabor a queso de MATUTANO CHEETOS PANDILLA bolsa de 75 g.","price":"1,28 €","offer_price":0,"offer_type":null,"stock":false,"super":"alcampo"},{"img":"https://www.alcampo.es/media/h05/hd8/9567900893214.jpg","name":"Snack de conos de maíz con sabor a bacon y queso PRODUCTO ALCAMPO 80 g.","price":"0,43 €","offer_price":0,"offer_type":null,"stock":false,"super":"alcampo"},{"img":"https://www.alcampo.es/media/hc6/he7/9659366211614.jpg","name":"Gusanitos RISI 70 g.","price":"1 €","offer_price":0,"offer_type":null,"stock":false,"super":"alcampo"},{"img":"https://www.alcampo.es/media/hef/h96/8928701579294.jpg","name":"Snack de bolas de maíz con sabor a queso de Matutano CHEETOS Pelotazos bolsa de 130 g.","price":"1,28 €","offer_price":0,"offer_type":null,"stock":false,"super":"alcampo"},{"img":"https://www.alcampo.es/media/h49/h39/10801838620702.jpg","name":"Más mantequilla JUMPERS 100 g.","price":"0,98 €","offer_price":0,"offer_type":null,"stock":false,"super":"alcampo"},{"img":"https://www.alcampo.es/media/h60/hdd/10843589214238.jpg","name":"Snack de patata con forma de estrella PRODUCTO ALCAMPO bolsa de 50 g.","price":"0,49 €","offer_price":0,"offer_type":null,"stock":false,"super":"alcampo"},{"img":"https://www.alcampo.es/media/h2d/h5b/10774908207134.jpg","name":"Nachos de maíz con sabor a queso de Matutano DORITOS Tex Mex bolsa de 260 g.","price":"2,49 €","offer_price":0,"offer_type":null,"stock":false,"super":"alcampo"},{"img":"https://www.alcampo.es/media/h9c/hef/8928702234654.jpg","name":"Snack de gusanos de maíz de MATUTANO CHEETOS GUSTOSINES 80 g.","price":"1,19 €","offer_price":0,"offer_type":null,"stock":false,"super":"alcampo"},{"img":"https://www.alcampo.es/media/h89/h9c/10801891770398.jpg","name":"Conos Bugles Original LAY'S 100 g.","price":"1,40 €","offer_price":0,"offer_type":null,"stock":false,"super":"alcampo"},{"img":"https://www.alcampo.es/media/h44/h0a/8928723533854.jpg","name":"Snack de cortezas de trigo con sabor a carne de MATUTANO BOCABITS bolsa de 84 g.","price":"1,39 €","offer_price":0,"offer_type":null,"stock":false,"super":"alcampo"},{"img":"https://www.alcampo.es/media/hb8/h57/10033694310430.jpg","name":"Risketos originales (aperitivo frito con sabor a queso) RISI 100 g.","price":"0,95 €","offer_price":0,"offer_type":null,"stock":false,"super":"alcampo"},{"img":"https://www.alcampo.es/media/hfa/hc1/9160552841246.jpg","name":"Nachos de maíz con sabor a queso de Matutano DORITOS Tex Mex bolsa de 150 g.","price":"1,39 €","offer_price":0,"offer_type":null,"stock":false,"super":"alcampo"},{"img":"https://www.alcampo.es/media/hb3/hd7/8952274059294.jpg","name":"Snack de cuencos de maíz con sabor a barbacoa de GREFUSA GUBLINS bolsa de 120 g.","price":"1,34 €","offer_price":0,"offer_type":null,"stock":false,"super":"alcampo"},{"img":"https://www.alcampo.es/media/h6b/h69/9371386937374.jpg","name":"Snack de tiras de maíz con sabor a barbacoa PRODUCTO ALCAMPO 150 g.","price":"0,54 €","offer_price":0,"offer_type":null,"stock":false,"super":"alcampo"},{"img":"https://www.alcampo.es/media/h9f/h4d/9794031616030.jpg","name":"Snack de maíz con sabor a barbacoa FRITOS bolsa de 146 g.","price":"1,23 €","offer_price":0,"offer_type":null,"stock":false,"super":"alcampo"},{"img":"https://www.alcampo.es/media/h60/h60/9014942466078.jpg","name":"Tortilla Chips Dippas DORITOS 200 g.","price":"1,65 €","offer_price":0,"offer_type":null,"stock":false,"super":"alcampo"},{"img":"https://www.alcampo.es/media/hb6/h40/8928697319454.jpg","name":"Snack de palitos de maíz con sabor a queso y ketchup de Matutano CHEETOS Sticks bolsa de 96 g.","price":"1,26 €","offer_price":0,"offer_type":null,"stock":false,"super":"alcampo"},{"img":"https://www.alcampo.es/media/hd7/hbf/8952415813662.jpg","name":"Snack de gusanos de maíz con sabor a queso de Matutano CHEETOS Rizos bolsa de 100 g.","price":"1,27 €","offer_price":0,"offer_type":null,"stock":false,"super":"alcampo"},{"img":"https://www.alcampo.es/media/h0c/hc0/9379980509214.jpg","name":"Nachos de maíz naturales ecológicos ECOCESTA 125 g.","price":"1,82 €","offer_price":0,"offer_type":null,"stock":false,"super":"alcampo"},{"img":"https://www.alcampo.es/media/h06/h55/10774979215390.jpg","name":"Nachos de maíz con sabor a chilli de Matutano DORITOS bolsa de 140 g.","price":"1,53 €","offer_price":0,"offer_type":null,"stock":false,"super":"alcampo"},{"img":"https://www.alcampo.es/media/h36/hab/9584889167902.jpg","name":"Cortezas de trigo PRODUCTO ALCAMPO bolsa de 65 g.","price":"0,45 €","offer_price":0,"offer_type":null,"stock":false,"super":"alcampo"},{"img":"https://www.alcampo.es/media/hf1/hb9/10033543053342.jpg","name":"Triskys RISI 100 g.","price":"0,95 €","offer_price":0,"offer_type":null,"stock":false,"super":"alcampo"},{"img":"https://www.alcampo.es/media/ha2/h80/9581190152222.jpg","name":"Snack de gusanos de maíz, Crujitos PRODUCTO ALCAMPO bolsa de 60 g.","price":"0,55 €","offer_price":0,"offer_type":null,"stock":false,"super":"alcampo"},{"img":"https://www.alcampo.es/media/h04/h76/9014929653790.jpg","name":"Snacks ondulados multicereales, con sabor sal marina SUNBITES 95 g.","price":"1,47 €","offer_price":0,"offer_type":null,"stock":false,"super":"alcampo"},{"img":"https://www.alcampo.es/media/hb5/hc2/9743786803230.jpg","name":"Snack de cortezas de cerdo PRODUCTO ALCAMPO bolsa de 75 g.","price":"0,49 €","offer_price":0,"offer_type":null,"stock":false,"super":"alcampo"},{"img":"https://www.alcampo.es/media/h18/h28/9770182836254.jpg","name":"Snack surtido de maíz FRIT RAVICH COCTELEO bolsa de 110 g.","price":"0,90 €","offer_price":0,"offer_type":null,"stock":false,"super":"alcampo"},{"img":"https://www.alcampo.es/media/hc3/hc8/10358796877854.jpg","name":"Aperitivos de maíz Tex Mex sabor a queso PRODUCTO ALCAMPO 150 g.","price":"0,81 €","offer_price":0,"offer_type":null,"stock":false,"super":"alcampo"},{"img":"https://www.alcampo.es/media/h65/h32/9584871014430.jpg","name":"Bolas de maíz con sabor a queso PRODUCTO ALCAMPO bolsa de 80 g.","price":"0,60 €","offer_price":0,"offer_type":null,"stock":false,"super":"alcampo"},{"img":"https://www.alcampo.es/media/h04/h90/9535207931934.jpg","name":"Torreznos fritos PRODUCTO ALCAMPO bolsa de 110 g.","price":"1,11 €","offer_price":0,"offer_type":null,"stock":false,"super":"alcampo"},{"img":"https://www.alcampo.es/media/h0b/had/8952237359134.jpg","name":"Snack de aros de maíz FACUNDO CHASKIS bolsa de 100 g.","price":"1,02 €","offer_price":0,"offer_type":null,"stock":false,"super":"alcampo"},{"img":"https://www.alcampo.es/media/h07/h29/10911425134622.jpg","name":"Apetinas sabor ketchup TOSFRIT 90 gramos.","price":"0,79 €","offer_price":0,"offer_type":null,"stock":false,"super":"alcampo"},{"img":"https://www.alcampo.es/media/ha5/h60/8896229146654.jpg","name":"Snack de palitos de maíz con sabor a queso emmental AUCHAN CROUSTILLANTS bolsa de 90 g.","price":"0,51 €","offer_price":0,"offer_type":null,"stock":false,"super":"alcampo"},{"img":"https://www.alcampo.es/media/hc5/h4c/9133110722590.jpg","name":"Chips de maíz y chia con sal marina MIOS 150 g.","price":"0,98 €","offer_price":0,"offer_type":null,"stock":false,"super":"alcampo"},{"img":"https://www.alcampo.es/media/h17/hc5/8867918118942.jpg","name":"Aspitos (aperitivo de maíz horneado sin gluten) ASPIL 40 gramos","price":"1,39 €","offer_price":0,"offer_type":null,"stock":false,"super":"alcampo"},{"img":"https://www.alcampo.es/media/h36/hdd/10911346720798.jpg","name":"Manos locas, snack de maìz sabor queso TOSFRIT 105 g","price":"0,79 €","offer_price":0,"offer_type":null,"stock":false,"super":"alcampo"},{"img":"https://www.alcampo.es/media/hf3/hd3/9764503224350.jpg","name":"Snack de espirales de maíz con sabor a barbacoa de MATUTANO BITS TWISTIES bolsa de 95 g.","price":"1,10 €","offer_price":0,"offer_type":null,"stock":false,"super":"alcampo"},{"img":"https://www.alcampo.es/media/h90/h33/9297678598174.jpg","name":"Snack patata horneado con sabor tomate con queso y orégano GREFUSA SNATT'S NATU CHIPS bolsa 85 g.","price":"1,09 €","offer_price":0,"offer_type":null,"stock":false,"super":"alcampo"},{"img":"https://www.alcampo.es/media/hd2/ha3/8890940260382.jpg","name":"Plátano frito salado TORTOLINES bolsa de 114 g.","price":"1,11 €","offer_price":0,"offer_type":null,"stock":false,"super":"alcampo"},{"img":"https://www.alcampo.es/media/h23/h81/9014910091294.jpg","name":"Snacks ondulados multicereales, con sabor queso cheddar y cebolla caramelizada 90 g.","price":"1,39 €","offer_price":0,"offer_type":null,"stock":false,"super":"alcampo"},{"img":"https://www.alcampo.es/media/h6c/h57/10774976266270.jpg","name":"Snack barbacoa DORITOS 140 g.","price":"1,48 €","offer_price":0,"offer_type":null,"stock":false,"super":"alcampo"},{"img":"https://www.alcampo.es/media/h14/h40/10911472713758.jpg","name":"Torreznos sabor jamón Ibérico, con aceite de oliva virgen extra TENDILLA 125 g.","price":"1,80 €","offer_price":0,"offer_type":null,"stock":false,"super":"alcampo"},{"img":"https://www.alcampo.es/media/h2a/he6/8952413683742.jpg","name":"Snack de aros de maíz con sabor a barbacoa FACUNDO CHASKIS bolsa de 100 g.","price":"0,98 €","offer_price":0,"offer_type":null,"stock":false,"super":"alcampo"},{"img":"https://www.alcampo.es/media/hde/hbc/8968220114974.jpg","name":"Cubo de torreznos frito SORAMA 145 gr.","price":"1,99 €","offer_price":0,"offer_type":null,"stock":false,"super":"alcampo"},{"img":"https://www.alcampo.es/media/h1d/hdc/9631841550366.jpg","name":"Snack de maíz rollitos picantes TAKIS 150 g.","price":"1,21 €","offer_price":0,"offer_type":null,"stock":false,"super":"alcampo"},{"img":"https://www.alcampo.es/media/h98/h87/9486794162206.jpg","name":"Snacks de yuca originales SOLDANZA YUQUITAS 45 g.","price":"0,93 €","offer_price":0,"offer_type":null,"stock":false,"super":"alcampo"},{"img":"https://www.alcampo.es/media/h4b/h7b/9388182175774.jpg","name":"Bolas de maíz sabor queso RISI 105 g.","price":"0,97 €","offer_price":0,"offer_type":null,"stock":false,"super":"alcampo"},{"img":"https://www.alcampo.es/media/h8c/hce/9014420406302.jpg","name":"Aperitivo bacon PRODUCTO ALCAMPO 90 gramos.","price":"0,65 €","offer_price":0,"offer_type":null,"stock":false,"super":"alcampo"},{"img":"https://www.alcampo.es/media/h9e/hd3/8894902239262.jpg","name":"Salinis sin gluten SCHÄR 60 g.","price":"0,93 €","offer_price":0,"offer_type":null,"stock":false,"super":"alcampo"},{"img":"https://www.alcampo.es/media/ha7/hee/10703027896350.jpg","name":"Palitos de patatas (aperitivos fritos) PRODCUTO ALCAMPO 90 g.","price":"0,88 €","offer_price":0,"offer_type":null,"stock":false,"super":"alcampo"},{"img":"https://www.alcampo.es/media/h7d/h5d/9794028896286.jpg","name":"Snacks surtidos sabor queso Mixups MATUTANO 140 g.","price":"1,45 €","offer_price":0,"offer_type":null,"stock":false,"super":"alcampo"},{"img":"https://www.alcampo.es/media/h0d/h9a/10911492243486.jpg","name":"Snacks surtidos, Picoteo TOSFRIT 90 g.","price":"0,79 €","offer_price":0,"offer_type":null,"stock":false,"super":"alcampo"},{"img":"https://www.alcampo.es/media/h75/h29/9380037787678.jpg","name":"Snack de gusanos de maíz ecológicos ECOCESTA 60 g.","price":"1,51 €","offer_price":0,"offer_type":null,"stock":false,"super":"alcampo"},{"img":"https://www.alcampo.es/media/h8e/h78/9529006489630.jpg","name":"Snack de ruedas de patata FRIT RAVICH bolsa de 50 g.","price":"0,92 €","offer_price":0,"offer_type":null,"stock":false,"super":"alcampo"},{"img":"https://www.alcampo.es/media/h0d/h54/8900403331102.jpg","name":"Flautas hojaldradas con tomate, aceitunas negras y orégano PRODUCTO ALCAMPO bolsa de 100 g.","price":"1,49 €","offer_price":0,"offer_type":null,"stock":false,"super":"alcampo"},{"img":"https://www.alcampo.es/media/hd8/h65/9770155802654.jpg","name":"Snack de bolas de maíz con sabor a queso FRIT RAVICH bolsa de 110 g.","price":"1,05 €","offer_price":0,"offer_type":null,"stock":false,"super":"alcampo"},{"img":"https://www.alcampo.es/media/h55/h88/10789374066718.jpg","name":"Snack de cintas de bacon FRIT RAVICH SNACKS bolsa de 80 g.","price":"0,95 €","offer_price":0,"offer_type":null,"stock":false,"super":"alcampo"},{"img":"https://www.alcampo.es/media/hff/h87/10801683562526.jpg","name":"Conos Bugles 3D con sabor a queso LAY'S 100 g.","price":"1,40 €","offer_price":0,"offer_type":null,"stock":false,"super":"alcampo"},{"img":"https://www.alcampo.es/media/h21/h8d/9529036603422.jpg","name":"Snack de cortezas de trigo FRIT RAVICH BOCAFRIT bolsa de 90 g.","price":"0,95 €","offer_price":0,"offer_type":null,"stock":false,"super":"alcampo"},{"img":"https://www.alcampo.es/media/he2/hf3/9465749667870.jpg","name":"Snack de palitos de maíz con sabor a cacahuete AUCHAN CROUSTILLANTS bolsa de 90 g.","price":"0,65 €","offer_price":0,"offer_type":null,"stock":false,"super":"alcampo"},{"img":"https://www.alcampo.es/media/hca/hda/9119055839262.jpg","name":"Snacks ondulados multicereales Sour Cream SUNBITES 95 gr.","price":"1,40 €","offer_price":0,"offer_type":null,"stock":false,"super":"alcampo"},{"img":"https://www.alcampo.es/media/hc2/h19/10911314706462.jpg","name":"Torreznos sabor barbacoa, con aceite de oliva virgen extra TENDILLA 125 g","price":"1,80 €","offer_price":0,"offer_type":null,"stock":false,"super":"alcampo"},{"img":"https://www.alcampo.es/media/he2/hf0/9296027811870.jpg","name":"Snack patata horneado GREFUSA SNATT'S NATU CHIPS bolsa 85 g.","price":"1,09 €","offer_price":0,"offer_type":null,"stock":false,"super":"alcampo"},{"img":"https://www.alcampo.es/media/hd3/ha4/8895083053086.jpg","name":"Snack de gusanos de maíz cubiertos de cacahuete CURLY LORENZ bolsa de 150 g.","price":"1,60 €","offer_price":0,"offer_type":null,"stock":false,"super":"alcampo"},{"img":"https://www.alcampo.es/media/h88/h45/9205397880862.jpg","name":"Cocktail snacks FLITOPER 300 g","price":"1,98 €","offer_price":0,"offer_type":null,"stock":false,"super":"alcampo"},{"img":"https://www.alcampo.es/media/h65/h61/9486788689950.jpg","name":"Snacks platanitos salados light SOLDANZA PLATANITOS 71 g.","price":"0,93 €","offer_price":0,"offer_type":null,"stock":false,"super":"alcampo"},{"img":"https://www.alcampo.es/media/h1c/ha3/9631862751262.jpg","name":"Snack de maíz rollitos de queso TAKIS 150 g.","price":"1,20 €","offer_price":0,"offer_type":null,"stock":false,"super":"alcampo"},{"img":"https://www.alcampo.es/media/h4b/hf2/9205387624478.jpg","name":"Gusanitos rojos FLITOPER 250 g","price":"1,85 €","offer_price":0,"offer_type":null,"stock":false,"super":"alcampo"},{"img":"https://www.alcampo.es/media/h1f/h24/8890395525150.jpg","name":"Surtido de snacks vegetales ecológicos SORIA NATURAL 30 g.","price":"0,81 €","offer_price":0,"offer_type":null,"stock":false,"super":"alcampo"},{"img":"https://www.alcampo.es/media/hfe/h1d/9529036767262.jpg","name":"Snack de patata con forma de estrella FRIT RAVICH GALÁCTICAS bolsa de 90 g.","price":"0,95 €","offer_price":0,"offer_type":null,"stock":false,"super":"alcampo"},{"img":"https://www.alcampo.es/media/hf4/hc4/10736719331358.jpg","name":"Aperitivo de maíz horneado con queso ASPIL MOOSKYS 8 uds. x 8 g.","price":"1,41 €","offer_price":0,"offer_type":null,"stock":false,"super":"alcampo"},{"img":"https://www.alcampo.es/media/h78/hf2/8965470552094.jpg","name":"Mini flautas hojaldradas al queso PRODUCTO ALCAMPO, 125 g.","price":"1,49 €","offer_price":0,"offer_type":null,"stock":false,"super":"alcampo"},{"img":"https://www.alcampo.es/media/h18/hea/9133190217758.jpg","name":"Chips de maíz y cebolla con balsámico MIOS 150 g.","price":"0,98 €","offer_price":0,"offer_type":null,"stock":false,"super":"alcampo"},{"img":"https://www.alcampo.es/media/h27/h94/9699116384286.jpg","name":"Snacks ondulados de multicereales, sabor a sweet chilli SUNBITES 95 g.","price":"1,48 €","offer_price":0,"offer_type":null,"stock":false,"super":"alcampo"},{"img":"https://www.alcampo.es/media/h26/h1d/9205398863902.jpg","name":"Tostón sabor Ibérico FRUMESA 150 g","price":"2,96 €","offer_price":0,"offer_type":null,"stock":false,"super":"alcampo"},{"img":"https://www.alcampo.es/media/h74/he2/10911469305886.jpg","name":"Patatas con forma de teja, sabor queso y jamòn PRINGLES 165 g.","price":"1,80 €","offer_price":0,"offer_type":null,"stock":false,"super":"alcampo"},{"img":"https://www.alcampo.es/media/hf5/hf5/8960220397598.jpg","name":"Snack surtido de maíz ASPIL bolsa de 250 g.","price":"1,36 €","offer_price":0,"offer_type":null,"stock":false,"super":"alcampo"},{"img":"https://www.alcampo.es/media/he6/he1/10087823736862.jpg","name":"Snacks de maíz sabor barbacoa GREFUSA BOOM TIJUANA 95 g.","price":"1,12 €","offer_price":0,"offer_type":null,"stock":false,"super":"alcampo"},{"img":"https://www.alcampo.es/media/h76/hb4/10801837899806.jpg","name":"Conos Bugles 3D con sabor a bacon LAY'S 100 g.","price":"1,40 €","offer_price":0,"offer_type":null,"stock":false,"super":"alcampo"},{"img":"https://www.alcampo.es/media/hcc/hfb/8887257858078.jpg","name":"Plátano frito picante TORTOLINES bolsa de 100 g.","price":"1,05 €","offer_price":0,"offer_type":null,"stock":false,"super":"alcampo"},{"img":"https://www.alcampo.es/media/ha6/h57/9512724398110.jpg","name":"Snack de conos de maíz con sabor a bacon y queso FRIT RAVICH TRIBLIS bolsa de 110 g.","price":"1,17 €","offer_price":0,"offer_type":null,"stock":false,"super":"alcampo"},{"img":"https://www.alcampo.es/media/hfc/h84/8893147054110.jpg","name":"Plátano frito maduro dulce TORTOLINES bolsa de 114 g.","price":"1,11 €","offer_price":0,"offer_type":null,"stock":false,"super":"alcampo"},{"img":"https://www.alcampo.es/media/h31/h00/10913677246494.jpg","name":"Snack de maíz Manchitos TOSFRIT 110 g.","price":"0,79 €","offer_price":0,"offer_type":null,"stock":false,"super":"alcampo"},{"img":"https://www.alcampo.es/media/h3a/hef/9140351729694.jpg","name":"Cortezas de jamón fritas con sal LA ALBUFERA 200 Ggr ","price":"2,47 €","offer_price":0,"offer_type":null,"stock":false,"super":"alcampo"},{"img":"https://www.alcampo.es/media/h0b/h97/10911365431326.jpg","name":"Patatas con forma de teja sabor pizza PRINGLES 165 g.","price":"1,80 €","offer_price":0,"offer_type":null,"stock":false,"super":"alcampo"},{"img":"https://www.alcampo.es/media/h3d/hb1/9134768259102.jpg","name":"Aperitivos vegetales, Marinas, Veggie Experienccie VICENTE VIDAL 100 g.","price":"2,42 €","offer_price":0,"offer_type":null,"stock":false,"super":"alcampo"},{"img":"https://www.alcampo.es/media/h67/h47/9132437438494.jpg","name":"Chicharricos de cerdo sin gluten FRIT RAVICH 110 gramos. ","price":"2,29 €","offer_price":0,"offer_type":null,"stock":false,"super":"alcampo"},{"img":"https://www.alcampo.es/media/h7f/hb6/10789403263006.jpg","name":"Ruedas crujientes y apetitosos FRIT RAVICH 300 g","price":"2,99 €","offer_price":0,"offer_type":null,"stock":false,"super":"alcampo"},{"img":"https://www.alcampo.es/media/hb9/h0a/9295975809054.jpg","name":"Pajitas snacks Gurma FRITOPER 300 gr","price":"2,17 €","offer_price":0,"offer_type":null,"stock":false,"super":"alcampo"},{"img":"https://www.alcampo.es/media/hb3/h26/10703005679646.jpg","name":"Cocktail infantil snacks (aperitivos fritos) PRODUCTO ALCAMPO 250 g.","price":"1,49 €","offer_price":0,"offer_type":null,"stock":false,"super":"alcampo"},{"img":"https://www.alcampo.es/media/h2b/h42/10789424037918.jpg","name":"Cocktail sanck &amp; chips crujiente y apetitosos FRIT RAVICH 325 g.","price":"3,09 €","offer_price":0,"offer_type":null,"stock":false,"super":"alcampo"},{"img":"https://www.alcampo.es/media/h7f/hb7/10703030616094.jpg","name":"Cocktail inffantil snacks ( aperitivos fritos) PRODICTO ALCAMPO 80 g.","price":"0,69 €","offer_price":0,"offer_type":null,"stock":false,"super":"alcampo"},{"img":"https://www.alcampo.es/media/hc0/h41/8961296203806.jpg","name":"Snack Sin Gluten SCHÄR 105 g.","price":"1,68 €","offer_price":0,"offer_type":null,"stock":false,"super":"alcampo"},{"img":"https://www.alcampo.es/media/h67/hf2/9553316413470.jpg","name":"Cortezas de morro de cerdo frito HEMOSA 140 g.","price":"2,45 €","offer_price":0,"offer_type":null,"stock":false,"super":"alcampo"},{"img":"https://www.alcampo.es/media/heb/heb/9624252219422.jpg","name":"Torreznos LA MADRILEÑA 150 g.","price":"1,39 €","offer_price":0,"offer_type":null,"stock":false,"super":"alcampo"},{"img":"https://www.alcampo.es/media/hf6/h82/10546845122590.jpg","name":"Aperitivo de maíz y espinaca MIOS 150 g.","price":"0,98 €","offer_price":0,"offer_type":null,"stock":false,"super":"alcampo"},{"img":"https://www.alcampo.es/media/h10/h97/9624252710942.jpg","name":"Snacks sabores LA MADRILÑA 140 g.","price":"1 €","offer_price":0,"offer_type":null,"stock":false,"super":"alcampo"},{"img":"https://www.alcampo.es/media/hea/h04/10608074981406.jpg","name":"Tiras de jamón MARISA 150 g.","price":"2,12 €","offer_price":0,"offer_type":null,"stock":false,"super":"alcampo"},{"img":"https://www.alcampo.es/media/h6e/hbc/9312031506462.jpg","name":"Tiritas de jamón LA CALA 100 g.","price":"1,39 €","offer_price":0,"offer_type":null,"stock":false,"super":"alcampo"},{"img":"https://www.alcampo.es/media/h96/h4d/10548917895198.jpg","name":"Chicharrones PONT 2 x 100 g.","price":"2,49 €","offer_price":0,"offer_type":null,"stock":false,"super":"alcampo"},{"img":"https://www.alcampo.es/media/h23/h46/10789416173598.jpg","name":"Bocafrit snack &amp; chips crujiente y apetitoso FRIT RAVICH 300 g.","price":"2,99 €","offer_price":0,"offer_type":null,"stock":false,"super":"alcampo"},{"img":"https://www.alcampo.es/media/h6d/h54/10034554044446.jpg","name":"Galletas de jengibre y canela TEJEDOR 300 g.","price":"0,94 €","offer_price":0,"offer_type":null,"stock":false,"super":"alcampo"},{"img":"https://www.alcampo.es/media/h16/h3b/10240581074974.jpg","name":"Aperitivo de maíz horneado con sabor a york BOB ESPONJA 90 g.","price":"0,93 €","offer_price":0,"offer_type":null,"stock":false,"super":"alcampo"},{"img":"https://www.alcampo.es/media/h85/hbb/9624251531294.jpg","name":"Ruedas fritas LA MADRILEÑA 110 g.","price":"0,89 €","offer_price":0,"offer_type":null,"stock":false,"super":"alcampo"},{"img":"https://www.alcampo.es/media/hcd/h03/10444859047966.jpg","name":"Morro de cerdo frito PONT 150 g.","price":"3,99 €","offer_price":0,"offer_type":null,"stock":false,"super":"alcampo"},{"img":"https://www.alcampo.es/media/h84/hb1/9432828018718.jpg","name":"Chicharritos MEDINA 125 g.","price":"2,21 €","offer_price":0,"offer_type":null,"stock":false,"super":"alcampo"},{"img":"https://www.alcampo.es/media/h05/h71/10486209282078.jpg","name":"Chips de lentejas con salsa barbacoa PROPER 85 g.","price":"1,87 €","offer_price":0,"offer_type":null,"stock":false,"super":"alcampo"},{"img":"https://www.alcampo.es/media/haa/hb7/9200770121758.jpg","name":"Tiras de jamón LA DELICIA 175 g","price":"1,97 €","offer_price":0,"offer_type":null,"stock":false,"super":"alcampo"},{"img":"https://www.alcampo.es/media/hb4/h26/10608072589342.jpg","name":"Panceta en adobo MARISA 150 g.","price":"2,47 €","offer_price":0,"offer_type":null,"stock":false,"super":"alcampo"},{"img":"https://www.alcampo.es/media/h75/h96/8952481644574.jpg","name":"Tortitas de maíz BICENTURY 130 g.","price":"1,28 €","offer_price":0,"offer_type":null,"stock":false,"super":"alcampo"},{"img":"https://www.alcampo.es/media/hb3/hae/9321411936286.jpg","name":"Tortitas de maíz PRODUCTO ALCAMPO 130 gramos.","price":"1,07 €","offer_price":0,"offer_type":null,"stock":false,"super":"alcampo"},{"img":"https://www.alcampo.es/media/hc5/hfa/10569172090910.jpg","name":"Tortitas de maíz GULLÓN 130 g.","price":"0,99 €","offer_price":0,"offer_type":null,"stock":false,"super":"alcampo"},{"img":"https://www.alcampo.es/media/hb1/h65/9219997794334.jpg","name":"Tortita de arroz integral con sabor a yogur BICENTURY, 130 g.","price":"1,48 €","offer_price":0,"offer_type":null,"stock":false,"super":"alcampo"},{"img":"https://www.alcampo.es/media/h87/h76/9380820975646.jpg","name":"Tortitas de maíz con chocolate PRODUCTO ALCAMPO 100 g.","price":"1,14 €","offer_price":0,"offer_type":null,"stock":false,"super":"alcampo"},{"img":"https://www.alcampo.es/media/hbd/h5d/9321449455646.jpg","name":"Tortitas de arroz AUCHAN 130 gramos.","price":"1,09 €","offer_price":0,"offer_type":null,"stock":false,"super":"alcampo"},{"img":"https://www.alcampo.es/media/hed/h8d/9282127298590.jpg","name":"Tortitas de arroz integral con chocolate negro AUCHAN pack de 4 unidades de 26 gramos.","price":"1,32 €","offer_price":0,"offer_type":null,"stock":false,"super":"alcampo"},{"img":"https://www.alcampo.es/media/he8/h64/10444754255902.jpg","name":"Tortitas de maíz sabor a setas, trufa y parmesano BICENTURY 124 g.","price":"1,28 €","offer_price":0,"offer_type":null,"stock":false,"super":"alcampo"},{"img":"https://www.alcampo.es/media/hcc/h71/8922615971870.jpg","name":"Mini tortitas de sabor jamón ibérico BICENTURY NACKIS 70 g.","price":"1,19 €","offer_price":0,"offer_type":null,"stock":false,"super":"alcampo"},{"img":"https://www.alcampo.es/media/hd3/h4f/8892875997214.jpg","name":"Tortitas de arroz integral con sésamo ALCAMPO ECOLÓGICO 100 g.","price":"0,83 €","offer_price":0,"offer_type":null,"stock":false,"super":"alcampo"},{"img":"https://www.alcampo.es/media/hca/hda/9117622992926.jpg","name":"Mini tortitas de maiz BICENTURY POP CORN 70 g.","price":"1,17 €","offer_price":0,"offer_type":null,"stock":false,"super":"alcampo"},{"img":"https://www.alcampo.es/media/h55/ha5/9220028006430.jpg","name":"Tortitas de arroz integral con chocolate negro BICENTURY, 130 g.","price":"1,47 €","offer_price":0,"offer_type":null,"stock":false,"super":"alcampo"},{"img":"https://www.alcampo.es/media/h8c/h3c/10445141016606.jpg","name":"Tortitas sabor jamón ibérico BICENTURY 124 g.","price":"1,28 €","offer_price":0,"offer_type":null,"stock":false,"super":"alcampo"},{"img":"https://www.alcampo.es/media/h4b/h4f/10569075884062.jpg","name":"Tortitas de arroz GULLÓN VITALDAY 130 g.","price":"0,99 €","offer_price":0,"offer_type":null,"stock":false,"super":"alcampo"},{"img":"https://www.alcampo.es/media/h04/h56/10875474214942.jpg","name":"Tortitas de maíz con chocolate negro GULLÓN VITALDAY 100 g.","price":"0,99 €","offer_price":0,"offer_type":null,"stock":false,"super":"alcampo"},{"img":"https://www.alcampo.es/media/hf7/h62/10445139050526.jpg","name":"Tortitas de maíz sabor tomate con aceite de oliva BICENTURY 124 g.","price":"1,18 €","offer_price":0,"offer_type":null,"stock":false,"super":"alcampo"},{"img":"https://www.alcampo.es/media/ha2/h6d/8922543259678.jpg","name":"Tortitas de maíz ALCAMPO ECOLÓGICO 120 g.","price":"1,20 €","offer_price":0,"offer_type":null,"stock":false,"super":"alcampo"},{"img":"https://www.alcampo.es/media/h57/h80/10445134364702.jpg","name":"Tortitas de maíz sabor queso y albahaca BICENTURY 123,5 g.","price":"1,18 €","offer_price":0,"offer_type":null,"stock":false,"super":"alcampo"},{"img":"https://www.alcampo.es/media/hdb/hd1/9380033331230.jpg","name":"Tortitas de arroz ecológicas ECOCESTA 140 g.","price":"1,22 €","offer_price":0,"offer_type":null,"stock":false,"super":"alcampo"},{"img":"https://www.alcampo.es/media/hc9/h9b/10875180089374.jpg","name":"Tortitas de arroz integral con chocolate negro GULLÓN VITALDAY 105,2 g.","price":"1,14 €","offer_price":0,"offer_type":null,"stock":false,"super":"alcampo"},{"img":"https://www.alcampo.es/media/h5c/h06/9110076948510.jpg","name":"Tortitas de arroz integral, chocolate con leche BICENTURY 130 g. ","price":"1,48 €","offer_price":0,"offer_type":null,"stock":false,"super":"alcampo"},{"img":"https://www.alcampo.es/media/hbb/h24/8922861961246.jpg","name":"Mini tortitas Mediterráneo BICENTURY NACKIS 70 g.","price":"1,19 €","offer_price":0,"offer_type":null,"stock":false,"super":"alcampo"},{"img":"https://www.alcampo.es/media/hd4/h21/10445206552606.jpg","name":"Tortitas de maíz con sabor oliva y cebollino BIOCENTURY 124 g.","price":"1,18 €","offer_price":0,"offer_type":null,"stock":false,"super":"alcampo"},{"img":"https://www.alcampo.es/media/h2a/h99/10445132169246.jpg","name":"Tortitas de maíz sabor barbacoa BICENTURY 123,5 g.","price":"1,28 €","offer_price":0,"offer_type":null,"stock":false,"super":"alcampo"},{"img":"https://www.alcampo.es/media/h68/h10/9424747364382.jpg","name":"Tortitas de arroz integral Nackis de BICENTURY 130 g.","price":"1,09 €","offer_price":0,"offer_type":null,"stock":false,"super":"alcampo"},{"img":"https://www.alcampo.es/media/hf1/hb9/10043981266974.jpg","name":"Chips de lentejas con salsa barbacoa PROPER 29 g.","price":"1,19 €","offer_price":0,"offer_type":null,"stock":false,"super":"alcampo"},{"img":"https://www.alcampo.es/media/h87/h5f/10445214154782.jpg","name":"Tortitas de maíz sabor miel y mostaza BICENTURY 123, 5g.","price":"1,28 €","offer_price":0,"offer_type":null,"stock":false,"super":"alcampo"},{"img":"https://www.alcampo.es/media/h54/he6/9263344910366.jpg","name":"Barritas chocolate blanco con frutos rojos BICENTURY 4 uds. (131,2 g.)","price":"1,90 €","offer_price":0,"offer_type":null,"stock":false,"super":"alcampo"},{"img":"https://www.alcampo.es/media/h53/h67/10875074576414.jpg","name":"Tortitas de maíz GULLÓN VITALDAY 108,8 g.","price":"0,99 €","offer_price":0,"offer_type":null,"stock":false,"super":"alcampo"},{"img":"https://www.alcampo.es/media/ha9/hff/9074323161118.jpg","name":"Tortitas de maíz sin gluten GERBLÉ 130 g.","price":"1,10 €","offer_price":0,"offer_type":null,"stock":false,"super":"alcampo"},{"img":"https://www.alcampo.es/media/h21/h4d/8895114182686.jpg","name":"Tortitas de maíz ecológicas SANTIVERI, 140 g.","price":"1,60 €","offer_price":0,"offer_type":null,"stock":false,"super":"alcampo"},{"img":"https://www.alcampo.es/media/h58/h64/10569176514590.jpg","name":"Tortitas de arroz integral, sabor yogur GULLÓN VITALDAY 125,2 g.","price":"1,31 €","offer_price":0,"offer_type":null,"stock":false,"super":"alcampo"},{"img":"https://www.alcampo.es/media/hc5/haf/10608085794846.jpg","name":"Tortitas de arroz con chocolate blanco y trocitos de almendra, caramelo y canela 4x2 BICENTURY 138 g.","price":"1,90 €","offer_price":0,"offer_type":null,"stock":false,"super":"alcampo"},{"img":"https://www.alcampo.es/media/h0d/h8a/9074336333854.jpg","name":"Tortitas de arroz integral con chocolate negro GERBLÉ 130 g.","price":"1,71 €","offer_price":0,"offer_type":null,"stock":false,"super":"alcampo"},{"img":"https://www.alcampo.es/media/h22/h1b/9263295791134.jpg","name":"Tortitas mini, sabor queso Ibérico BICENTURY 70 g.","price":"1,13 €","offer_price":0,"offer_type":null,"stock":false,"super":"alcampo"},{"img":"https://www.alcampo.es/media/h12/h95/9263351693342.jpg","name":"Tortitas de chocolate con trozos de avellana BICENTURY 4 x 2 uds.","price":"1,90 €","offer_price":0,"offer_type":null,"stock":false,"super":"alcampo"},{"img":"https://www.alcampo.es/media/hc6/hc3/9145272205342.jpg","name":"Mini tortitas de maiz BICENTURY NACKIS 100 g,","price":"1,76 €","offer_price":0,"offer_type":null,"stock":false,"super":"alcampo"},{"img":"https://www.alcampo.es/media/hc4/h90/8922694058014.jpg","name":"Tortitas de maíz con chocolate negro NACKIS 95 g.","price":"1,79 €","offer_price":0,"offer_type":null,"stock":false,"super":"alcampo"},{"img":"https://www.alcampo.es/media/h62/hfe/9219968532510.jpg","name":"Tortita de arroz integral bañadas en chocolate blanco sabor limón y coco BICENTURY, 132 g.","price":"1,79 €","offer_price":0,"offer_type":null,"stock":false,"super":"alcampo"},{"img":"https://www.alcampo.es/media/h7c/h16/9465792593950.jpg","name":"Tortitas de espelta ecológicas SANTIVERI Bio 90 g.","price":"1,28 €","offer_price":0,"offer_type":null,"stock":false,"super":"alcampo"},{"img":"https://www.alcampo.es/media/hbc/h9d/8959701516318.jpg","name":"Tortitas de maíz GERBLE 130 g.","price":"1,46 €","offer_price":0,"offer_type":null,"stock":false,"super":"alcampo"},{"img":"https://www.alcampo.es/media/h1c/h1f/9220044488734.jpg","name":"Tortitas de arroz con chocolate negro, naranja y flor de azahar BICENTURY 132 g.","price":"1,79 €","offer_price":0,"offer_type":null,"stock":false,"super":"alcampo"},{"img":"https://www.alcampo.es/media/h5c/h82/9380014358558.jpg","name":"Tortitas de arroz ecológicas con chocolate negro ECOCESTA 6 uds x 100 g.","price":"2,16 €","offer_price":0,"offer_type":null,"stock":false,"super":"alcampo"},{"img":"https://www.alcampo.es/media/h37/hdf/10021437571102.jpg","name":"Tortitas de maíz, sin gluten DIET-RADISSON, 135 g.","price":"1,52 €","offer_price":0,"offer_type":null,"stock":false,"super":"alcampo"},{"img":"https://www.alcampo.es/media/h06/h09/10021380980766.jpg","name":"Tortitas de arroz integral con quinoa DIET RADISSON 130 g.","price":"1,74 €","offer_price":0,"offer_type":null,"stock":false,"super":"alcampo"},{"img":"https://www.alcampo.es/media/h86/h27/9011066732574.jpg","name":"Tortitas de semillas y cereales BIOCENTURY 6 uds.","price":"1,98 €","offer_price":0,"offer_type":null,"stock":false,"super":"alcampo"},{"img":"https://www.alcampo.es/media/he0/h6a/10569166979102.jpg","name":"Tortitas de arroz chocolate negro con frambuesa GULLÓN VITALDAY 104,8 g.","price":"1,57 €","offer_price":0,"offer_type":null,"stock":false,"super":"alcampo"},{"img":"https://www.alcampo.es/media/h46/h33/9552622583838.jpg","name":"Chips de guisantes sabor jamón BICENTURY 55 g.","price":"2,26 €","offer_price":0,"offer_type":null,"stock":false,"super":"alcampo"}]