[{"img":"https://www.alcampo.es/media/h16/hec/9552667901982.jpg","name":"Bandeja de pechuga de pollo fileteada UVESA","price":"3,78 €","offer_price":0,"offer_type":null,"stock":false,"super":"alcampo"},{"img":"https://www.alcampo.es/media/h16/hc9/9552589684766.jpg","name":"Bandeja de solomillos de pollo UVESA","price":"3,93 €","offer_price":0,"offer_type":null,"stock":false,"super":"alcampo"},{"img":"https://www.alcampo.es/media/h98/h12/10905619136542.jpg","name":"Bandeja de contramuslos fileteados de pollo blanco UVESA","price":"3,13 €","offer_price":0,"offer_type":null,"stock":false,"super":"alcampo"},{"img":"https://www.alcampo.es/media/h0a/h7b/10813010935838.jpg","name":"Bandeja de pechuga de pollo entera ALCAMPO PRODUCCIÓN CONTROLADA","price":"3,68 €","offer_price":0,"offer_type":null,"stock":false,"super":"alcampo"},{"img":"https://www.alcampo.es/media/h1b/ha1/10798459158558.jpg","name":"Bandeja de pechuga de pollo campero fileteada ALCAMPO PRODUCCIÓN CONTROLADA","price":"5,71 €","offer_price":0,"offer_type":null,"stock":false,"super":"alcampo"},{"img":"https://www.alcampo.es/media/h08/hae/9552586833950.jpg","name":"Bandeja de pollo entero limpio, listo para asar UVESA","price":"4,93 €","offer_price":0,"offer_type":null,"stock":false,"super":"alcampo"},{"img":"https://www.alcampo.es/media/h84/h96/10813011853342.jpg","name":"Bandeja de pechuga de pollo fileteada ALCAMPO PRODUCCIÓN CONTROLADA","price":"4,94 €","offer_price":0,"offer_type":null,"stock":false,"super":"alcampo"},{"img":"https://www.alcampo.es/media/h7f/h20/9743819178014.jpg","name":"Bandeja de alitas de pollo blanco","price":"2,82 €","offer_price":0,"offer_type":null,"stock":false,"super":"alcampo"},{"img":"https://www.alcampo.es/media/h45/hd1/9631836012574.jpg","name":"Bandeja de pechuga entera de pollo blanco ALDELÍS","price":"6,53 €","offer_price":0,"offer_type":null,"stock":false,"super":"alcampo"},{"img":"https://www.alcampo.es/media/h68/h34/10826940645406.jpg","name":"Bandeja de pechuga de pollo blanco fileteada UVESA","price":"2,58 €","offer_price":0,"offer_type":null,"stock":false,"super":"alcampo"},{"img":"https://www.alcampo.es/media/h10/h04/10802568593438.jpg","name":"Bandeja de pechugas de pollo blanco sin piel UVESA","price":"6,24 €","offer_price":0,"offer_type":null,"stock":false,"super":"alcampo"},{"img":"https://www.alcampo.es/media/hcb/h82/9552594436126.jpg","name":"Bandeja de pechuga de pollo sin piel UVESA","price":"4,87 €","offer_price":0,"offer_type":null,"stock":false,"super":"alcampo"},{"img":"https://www.alcampo.es/media/he1/h6f/9743846539294.jpg","name":"Bandeja de alitas de pollo enteras","price":"4,61 €","offer_price":0,"offer_type":null,"stock":false,"super":"alcampo"},{"img":"https://www.alcampo.es/media/h23/h3e/10798462631966.jpg","name":"Bandeja de pechuga sin piel de pollo campero ALCAMPO PRODUCCIÓN CONTROLADA","price":"3,20 €","offer_price":0,"offer_type":null,"stock":false,"super":"alcampo"},{"img":"https://www.alcampo.es/media/hf5/hfb/10802610110494.jpg","name":"Bandeja de muslos de pollo blanco con piel UVESA","price":"1,92 €","offer_price":0,"offer_type":null,"stock":false,"super":"alcampo"},{"img":"https://www.alcampo.es/media/h01/hf0/10802730041374.jpg","name":"Bandeja de jamoncitos de pollo blanco con piel UVESA","price":"6,23 €","offer_price":0,"offer_type":null,"stock":false,"super":"alcampo"},{"img":"https://www.alcampo.es/media/h9e/h99/10812978298910.jpg","name":"Bandeja de escalope de pollo (contramuslo deshuesado) ALCAMPO PRODUCCIÓN CONTROLADA","price":"2,06 €","offer_price":0,"offer_type":null,"stock":false,"super":"alcampo"},{"img":"https://www.alcampo.es/media/h18/hfd/10802621448222.jpg","name":"Bandeja de jamoncitos de pollo blanco con piel UVESA","price":"2,74 €","offer_price":0,"offer_type":null,"stock":false,"super":"alcampo"},{"img":"https://www.alcampo.es/media/h58/hcf/10813001596958.jpg","name":"Bandeja de alas de pollo partidas ALCAMPO PRODUCCIÓN CONTROLADA","price":"2,99 €","offer_price":0,"offer_type":null,"stock":false,"super":"alcampo"},{"img":"https://www.alcampo.es/media/h47/h26/10798471839774.jpg","name":"Bandeja de solomillos de pollo campero ALCAMPO PRODUCCIÓN CONTROLADA.","price":"3,80 €","offer_price":0,"offer_type":null,"stock":false,"super":"alcampo"},{"img":"https://www.alcampo.es/media/h4d/h8c/9631839289374.jpg","name":"Bandeja de pechuga de pollo fileteada","price":"8,71 €","offer_price":0,"offer_type":null,"stock":false,"super":"alcampo"},{"img":"https://www.alcampo.es/media/h4b/hae/9631861112862.jpg","name":"Bandeja de cuartos traseros de pollo blanco con piel ALDELÍS","price":"2,62 €","offer_price":0,"offer_type":null,"stock":false,"super":"alcampo"},{"img":"https://www.alcampo.es/media/hfc/h6a/10812981968926.jpg","name":"Bandeja de solomillos de pollo ALCAMPO PRODUCCIÓN CONTROLADA","price":"3,33 €","offer_price":0,"offer_type":null,"stock":false,"super":"alcampo"},{"img":"https://www.alcampo.es/media/h94/h45/9631865438238.jpg","name":"Bandeja de alitas de pollo blanco ALDELÍS","price":"4,44 €","offer_price":0,"offer_type":null,"stock":false,"super":"alcampo"},{"img":"https://www.alcampo.es/media/hab/h23/10813003563038.jpg","name":"Bandeja con traseros de pollo con piel ALCAMPO PRODUCCIÓN CONTROLADA","price":"3,44 €","offer_price":0,"offer_type":null,"stock":false,"super":"alcampo"},{"img":"https://www.alcampo.es/media/h2a/h70/10812993568798.jpg","name":"Bandeja con medio pollo troceado ALCAMPO PRODUCCIÓN CONTROLADA","price":"4,46 €","offer_price":0,"offer_type":null,"stock":false,"super":"alcampo"},{"img":"https://www.alcampo.es/media/h08/ha7/10802796232734.jpg","name":"Bandeja de pechuga de pollo blanco fileteada con corte fino UVESA","price":"3,98 €","offer_price":0,"offer_type":null,"stock":false,"super":"alcampo"},{"img":"https://www.alcampo.es/media/h30/hca/10812990095390.jpg","name":"Bandeja con jamoncitos de pollo ALCAMPO PRODUCCIÓN CONTROLADA","price":"3,40 €","offer_price":0,"offer_type":null,"stock":false,"super":"alcampo"},{"img":"https://www.alcampo.es/media/hdb/hb4/10813010640926.jpg","name":"Bandeja con pollo limpio, entero ALCAMPO PRODUCCIÓN CONTROLADA","price":"6,82 €","offer_price":0,"offer_type":null,"stock":false,"super":"alcampo"},{"img":"https://www.alcampo.es/media/he1/h9b/10802631540766.jpg","name":"Bandeja de cuartos traseros de pollo blanco con piel UVESA","price":"2,44 €","offer_price":0,"offer_type":null,"stock":false,"super":"alcampo"},{"img":"https://www.alcampo.es/media/h92/h19/9140334886942.jpg","name":"Bandeja de pechuga de pollo cortada en fietes extrafinos NORAVE","price":"3,64 €","offer_price":0,"offer_type":null,"stock":false,"super":"alcampo"},{"img":"https://www.alcampo.es/media/h3c/h56/10802552176670.jpg","name":"Bandeja de contramuslos de pollo blanco con piel UVESA","price":"2,78 €","offer_price":0,"offer_type":null,"stock":false,"super":"alcampo"},{"img":"https://www.alcampo.es/media/he1/h53/10826930520094.jpg","name":"Bandeja de contramuslos de pollo blanco sin piel UVESA","price":"3,05 €","offer_price":0,"offer_type":null,"stock":false,"super":"alcampo"},{"img":"https://www.alcampo.es/media/h53/hb0/10798527807518.jpg","name":"Bandeja de muslos de pollo campero ALCAMPO PRODUCCIÓN CONTROLADA","price":"5,35 €","offer_price":0,"offer_type":null,"stock":false,"super":"alcampo"},{"img":"https://www.alcampo.es/media/hea/hec/10813004480542.jpg","name":"Bandeja de pechuga de pollo cortada en filetes finos ALCAMPO PRODUCCIÓN CONTROLADA","price":"2,81 €","offer_price":0,"offer_type":null,"stock":false,"super":"alcampo"},{"img":"https://www.alcampo.es/media/hce/h73/10802781388830.jpg","name":"Bandeja con cuartos traseros de pollo blanco con piel UVESA","price":"4,34 €","offer_price":0,"offer_type":null,"stock":false,"super":"alcampo"},{"img":"https://www.alcampo.es/media/he0/h92/9248955236382.jpg","name":"Pollo entero eviscerado envaso al vacio NORAVE","price":"4,45 €","offer_price":0,"offer_type":null,"stock":false,"super":"alcampo"},{"img":"https://www.alcampo.es/media/h4c/hb4/10798519943198.jpg","name":"Bandeja de jamoncitos de pollo campero ALCAMPO PRODUCCIÓN CONTROLADA","price":"3,50 €","offer_price":0,"offer_type":null,"stock":false,"super":"alcampo"},{"img":"https://www.alcampo.es/media/h8d/h0c/10802752225310.jpg","name":"Bandeja de pollo limpio y troceado, para hacerlo al ajillo UVESA","price":"5,10 €","offer_price":0,"offer_type":null,"stock":false,"super":"alcampo"},{"img":"https://www.alcampo.es/media/h0b/h8b/10802549162014.jpg","name":"Bandeja de jamoncitos de pollo blanco con piel UVESA","price":"7,98 €","offer_price":0,"offer_type":null,"stock":false,"super":"alcampo"},{"img":"https://www.alcampo.es/media/hc2/h2f/9743861219358.jpg","name":"Bandeja de una pechuga de pollo enttera","price":"2 €","offer_price":0,"offer_type":null,"stock":false,"super":"alcampo"},{"img":"https://www.alcampo.es/media/h1c/h21/9232436494366.jpg","name":"Bandeja de pechuga de pollo de corral, sin hueso y sin piel COREN","price":"6,51 €","offer_price":0,"offer_type":null,"stock":false,"super":"alcampo"},{"img":"https://www.alcampo.es/media/h8b/h7b/9556052639774.jpg","name":"Bandeja de pechuga de pollo ecológico COREN","price":"7,98 €","offer_price":0,"offer_type":null,"stock":false,"super":"alcampo"},{"img":"https://www.alcampo.es/media/hee/h7f/10826927210526.jpg","name":"Bandeja de pechugas enteras de pollo blanco UVESA","price":"3,89 €","offer_price":0,"offer_type":null,"stock":false,"super":"alcampo"},{"img":"https://www.alcampo.es/media/h07/h23/9199568486430.jpg","name":"Bandeja de pechugas de pollo sin piel NORAVE","price":"5,31 €","offer_price":0,"offer_type":null,"stock":false,"super":"alcampo"},{"img":"https://www.alcampo.es/media/h0b/he2/10802793906206.jpg","name":"Bandeja con delicias de pollo blanco UVESA","price":"4,24 €","offer_price":0,"offer_type":null,"stock":false,"super":"alcampo"},{"img":"https://www.alcampo.es/media/h58/h3f/10798380613662.jpg","name":"Bandeja con pollo campero limpio ALCAMPO PRODUCCIÓN CONTROLADA","price":"8,66 €","offer_price":0,"offer_type":null,"stock":false,"super":"alcampo"},{"img":"https://www.alcampo.es/media/hc7/h8c/10798533574686.jpg","name":"Bandeja de alitas enteras de pollo campero ALCAMPO PRODUCCIÓN CONTROLADA","price":"4,61 €","offer_price":0,"offer_type":null,"stock":false,"super":"alcampo"},{"img":"https://www.alcampo.es/media/hc7/h8c/10798533574686.jpg","name":"Bandeja de alitas enteras de pollo campero ALCAMPO PRODUCCIÓN CONTROLADA","price":"4,61 €","offer_price":0,"offer_type":null,"stock":false,"super":"alcampo"},{"img":"https://www.alcampo.es/media/hc5/h64/9631836995614.jpg","name":"Bandeja de jamoncitos de pollo blanco con piel ALDELÍS","price":"4,37 €","offer_price":0,"offer_type":null,"stock":false,"super":"alcampo"},{"img":"https://www.alcampo.es/media/h53/ha3/10793619292190.jpg","name":"Bandeja de muslos con piel de pollo ALCAMPO PRODUCCIÓN CONTROLADA","price":"3,02 €","offer_price":0,"offer_type":null,"stock":false,"super":"alcampo"},{"img":"https://www.alcampo.es/media/h37/hd1/10798530920478.jpg","name":"Bandeja de contramuslos de pollo campero ALCAMPO PRODUCCIÓN CONTROLADA","price":"6,15 €","offer_price":0,"offer_type":null,"stock":false,"super":"alcampo"},{"img":"https://www.alcampo.es/media/h69/hf6/10798476525598.jpg","name":"Bandeja de contramuslos de pollo campero sin piel ALCAMPO PRODUCCIÓN CONTROLADA","price":"3,48 €","offer_price":0,"offer_type":null,"stock":false,"super":"alcampo"},{"img":"https://www.alcampo.es/media/h8d/h25/9552671178782.jpg","name":"Bandeja de pechuga de pollo, abierta y fileteada UVESA","price":"3,02 €","offer_price":0,"offer_type":null,"stock":false,"super":"alcampo"},{"img":"https://www.alcampo.es/media/h4f/h68/9290733027358.jpg","name":"Bandeja de pechuga de pollo fileteada","price":"4,53 €","offer_price":0,"offer_type":null,"stock":false,"super":"alcampo"},{"img":"https://www.alcampo.es/media/h42/ha1/9631852593182.jpg","name":"Bandeja de contramuslos de pollo blanco ALDELÍS","price":"4,12 €","offer_price":0,"offer_type":null,"stock":false,"super":"alcampo"},{"img":"https://www.alcampo.es/media/hc3/h75/9494121578526.jpg","name":"Bandeja con jamoncitos con piel de pollo de corral COREN ","price":"3,68 €","offer_price":0,"offer_type":null,"stock":false,"super":"alcampo"},{"img":"https://www.alcampo.es/media/h43/hcf/8887445848094.jpg","name":"Bandeja con pollos picantones de campo COREN 2 uds.","price":"6,35 €","offer_price":0,"offer_type":null,"stock":false,"super":"alcampo"},{"img":"https://www.alcampo.es/media/h9a/h5f/10802568101918.jpg","name":"Bandeja de contramuslos de pollo blanco, limpios y con piel UVESA","price":"7,77 €","offer_price":0,"offer_type":null,"stock":false,"super":"alcampo"},{"img":"https://www.alcampo.es/media/ha8/h2b/10798455324702.jpg","name":"Bandeja de filetes de contra de pollo campero ALCAMPO PRODUCCIÓN CONTROLADA","price":"2,25 €","offer_price":0,"offer_type":null,"stock":false,"super":"alcampo"},{"img":"https://www.alcampo.es/media/hb8/h9f/10798366883870.jpg","name":"Bandeja de alitas partidas con piel, de pollo campero AUCHAN PRODUCCIÓN CONTROADA","price":"1,85 €","offer_price":0,"offer_type":null,"stock":false,"super":"alcampo"},{"img":"https://www.alcampo.es/media/hc6/h65/10802763989022.jpg","name":"Bandeja de muslos de pollo blanco, limpios y con piel UVESA","price":"4,54 €","offer_price":0,"offer_type":null,"stock":false,"super":"alcampo"},{"img":"https://www.alcampo.es/media/he9/h7c/10798521581598.jpg","name":"Pollo campero tradicional, entero y limpio ALCAMPO PRODUCCIÓN CONTROLADA","price":"17,49 €","offer_price":0,"offer_type":null,"stock":false,"super":"alcampo"},{"img":"https://www.alcampo.es/media/hbd/h20/9490422923294.jpg","name":"Bandeja de pollo limpio con piel BONPOLLO 2 uds.","price":"5,38 €","offer_price":0,"offer_type":null,"stock":false,"super":"alcampo"},{"img":"https://www.alcampo.es/media/hb2/h1a/9556074266654.jpg","name":"Bandeja de muslos de pollo ecológicos con piel COREN","price":"5,75 €","offer_price":0,"offer_type":null,"stock":false,"super":"alcampo"},{"img":"https://www.alcampo.es/media/hc8/h62/9194654662686.jpg","name":"Bandeja familiar de jamoncitos de pollo con piel NORAVE","price":"3,16 €","offer_price":0,"offer_type":null,"stock":false,"super":"alcampo"},{"img":"https://www.alcampo.es/media/h45/hb4/10202884735006.jpg","name":"Bandeja de alas de pollo, enteras y con piel ALDELÍS","price":"3,16 €","offer_price":0,"offer_type":null,"stock":false,"super":"alcampo"},{"img":"https://www.alcampo.es/media/h8a/h82/10826946510878.jpg","name":"Bandeja con cuarto trasero de pollo blanco con piel UVESA","price":"1,31 €","offer_price":0,"offer_type":null,"stock":false,"super":"alcampo"},{"img":"https://www.alcampo.es/media/h07/h27/9158573621278.jpg","name":"Bandeja de cuarto trasero con piel de pollo blanco","price":"3,14 €","offer_price":0,"offer_type":null,"stock":false,"super":"alcampo"},{"img":"https://www.alcampo.es/media/h5e/h23/9505883979806.jpg","name":"Bandeja con pollo blanco, limpio y entero COREN","price":"4,93 €","offer_price":0,"offer_type":null,"stock":false,"super":"alcampo"},{"img":"https://www.alcampo.es/media/hd6/h36/9556099498014.jpg","name":"Bandeja de pollo ecológico limpio y entero COREN","price":"20,59 €","offer_price":0,"offer_type":null,"stock":false,"super":"alcampo"},{"img":"https://www.alcampo.es/media/he0/h89/9552661512222.jpg","name":"Bandeja de contramuslos de pollo con piel UVESA","price":"5,01 €","offer_price":0,"offer_type":null,"stock":false,"super":"alcampo"},{"img":"https://www.alcampo.es/media/h41/he1/9199567011870.jpg","name":"Bandeja de cuartos traseros con piel NORAVE","price":"2,09 €","offer_price":0,"offer_type":null,"stock":false,"super":"alcampo"},{"img":"https://www.alcampo.es/media/hf4/h52/9490438553630.jpg","name":"Bandeja con delicias de pollo amarillo BONPOLLO","price":"2,96 €","offer_price":0,"offer_type":null,"stock":false,"super":"alcampo"},{"img":"https://www.alcampo.es/media/h8f/h0b/10798467153950.jpg","name":"Bandeja de delicias de pollo campero ALCAMPO PRODUCCIÓN CONTROLADA","price":"4,32 €","offer_price":0,"offer_type":null,"stock":false,"super":"alcampo"},{"img":"https://www.alcampo.es/media/h06/hf3/10802709004318.jpg","name":"Bandeja de alitas de pollo, enteras y con piel UVESA","price":"1,46 €","offer_price":0,"offer_type":null,"stock":false,"super":"alcampo"},{"img":"https://www.alcampo.es/media/h99/ha4/9215440355358.jpg","name":"Bandeja de muslos con piel de pollo de corral COREN","price":"3,82 €","offer_price":0,"offer_type":null,"stock":false,"super":"alcampo"},{"img":"https://www.alcampo.es/media/h9a/hcb/9490448613406.jpg","name":"Bandeja con alas enteras de pollo blanco, limpias y con piel NORAVE","price":"4,65 €","offer_price":0,"offer_type":null,"stock":false,"super":"alcampo"},{"img":"https://www.alcampo.es/media/h03/h45/9208305909790.jpg","name":"Bandeja de alas de pollo enteras y con piel COREN ","price":"4,97 €","offer_price":0,"offer_type":null,"stock":false,"super":"alcampo"},{"img":"https://www.alcampo.es/media/h93/h3e/9631853576222.jpg","name":"Bandeja de muslo de pollo blanco con piel ALDELÍS","price":"4,54 €","offer_price":0,"offer_type":null,"stock":false,"super":"alcampo"},{"img":"https://www.alcampo.es/media/h07/h10/10802745147422.jpg","name":"Bandeja con medio pollo limpio y con piel UVESA ","price":"2,76 €","offer_price":0,"offer_type":null,"stock":false,"super":"alcampo"},{"img":"https://www.alcampo.es/media/h50/hca/9764500766750.jpg","name":"Bandeja de jamoncitos con piel de pollo BLANCO COREN","price":"3,26 €","offer_price":0,"offer_type":null,"stock":false,"super":"alcampo"},{"img":"https://www.alcampo.es/media/ha0/h74/10812984426526.jpg","name":"Bandeja de muslo de pollo, deshuesado y con piel ALCAMPO PRODUCCIÓN CONTROLADA","price":"3,62 €","offer_price":0,"offer_type":null,"stock":false,"super":"alcampo"},{"img":"https://www.alcampo.es/media/h26/h55/9494116073502.jpg","name":"Bandeja con alas limpias y con piel de pollo de corral COREN","price":"4,46 €","offer_price":0,"offer_type":null,"stock":false,"super":"alcampo"},{"img":"https://www.alcampo.es/media/hbd/hd0/9194595188766.jpg","name":"Bandeja de delicias de pollo blanco COREN","price":"4,46 €","offer_price":0,"offer_type":null,"stock":false,"super":"alcampo"},{"img":"https://www.alcampo.es/media/h42/hbc/10813013983262.jpg","name":"Bandeja con medio pollo, especial barbacoa AUCHAN PRODUCCIÓN CONTROLADA","price":"4,15 €","offer_price":0,"offer_type":null,"stock":false,"super":"alcampo"},{"img":"https://www.alcampo.es/media/hef/he4/9588938539038.jpg","name":"Pollo blanco de ración, limpio y con piel NORAVE ","price":"4,17 €","offer_price":0,"offer_type":null,"stock":false,"super":"alcampo"},{"img":"https://www.alcampo.es/media/h60/heb/9199605612574.jpg","name":"Bandeja de pollo troceado, especial para hacerlo al ajillo NORAVE","price":"4,15 €","offer_price":0,"offer_type":null,"stock":false,"super":"alcampo"},{"img":"https://www.alcampo.es/media/hbf/ha5/9224062337054.jpg","name":"Bandeja de pechugas de pollo limpias y con garantia de sacrifico Halal COREN ","price":"12,53 €","offer_price":0,"offer_type":null,"stock":false,"super":"alcampo"},{"img":"https://www.alcampo.es/media/hb9/h73/9199573532702.jpg","name":"Bandeja de pechugas fileteadas sin piel KOVO ","price":"4,53 €","offer_price":0,"offer_type":null,"stock":false,"super":"alcampo"},{"img":"https://www.alcampo.es/media/h34/h5b/9552674029598.jpg","name":"Muslo de pollo blanco con piel UVESA","price":"1,56 €","offer_price":0,"offer_type":null,"stock":false,"super":"alcampo"},{"img":"https://www.alcampo.es/media/h80/hb6/9194720100382.jpg","name":"Bandeja de jamoncitos de pollo con piel NORAVE","price":"2,77 €","offer_price":0,"offer_type":null,"stock":false,"super":"alcampo"},{"img":"https://www.alcampo.es/media/hd8/h4a/9495463362590.jpg","name":"Bandeja de filetes de contramuslo sin hueso, de pollo blanco ALDELÍS","price":"1,94 €","offer_price":0,"offer_type":null,"stock":false,"super":"alcampo"},{"img":"https://www.alcampo.es/media/h1a/h0d/9199664103454.jpg","name":"Bandeja de pechugas de pollo, enteras y sin piel KOVO","price":"6,49 €","offer_price":0,"offer_type":null,"stock":false,"super":"alcampo"},{"img":"https://www.alcampo.es/media/hc7/h72/10802750849054.jpg","name":"Bandeja de jamoncitos de pollo blanco con piel UVESA","price":"1,25 €","offer_price":0,"offer_type":null,"stock":false,"super":"alcampo"},{"img":"https://www.alcampo.es/media/h11/hbe/9194672881694.jpg","name":"Bandeja de alas de pollo con piel COREN","price":"2,98 €","offer_price":0,"offer_type":null,"stock":false,"super":"alcampo"},{"img":"https://www.alcampo.es/media/h6a/h65/9490437701662.jpg","name":"Bandeja con solomillos de pollo blanco NORAVE","price":"4 €","offer_price":0,"offer_type":null,"stock":false,"super":"alcampo"},{"img":"https://www.alcampo.es/media/hc9/hf0/9214326276126.jpg","name":"Contramuslos de pollo con piel, con garantia Halal NORAVE","price":"2,99 €","offer_price":0,"offer_type":null,"stock":false,"super":"alcampo"},{"img":"https://www.alcampo.es/media/hfd/h13/9490418303006.jpg","name":"Bandeja con contramuslos de pollo blanco, limpios y con piel NORAVE","price":"2,61 €","offer_price":0,"offer_type":null,"stock":false,"super":"alcampo"},{"img":"https://www.alcampo.es/media/h92/h93/9194523885598.jpg","name":"Bandeja familiar de muslos de pollo con piel NORAVE","price":"4,35 €","offer_price":0,"offer_type":null,"stock":false,"super":"alcampo"},{"img":"https://www.alcampo.es/media/hee/hc3/9484961742878.jpg","name":"Bandeja con medio pollo amarillo limpio BONPOLLO","price":"2,84 €","offer_price":0,"offer_type":null,"stock":false,"super":"alcampo"},{"img":"https://www.alcampo.es/media/h1e/h97/9248154386462.jpg","name":"Pollo de calidad extra, limpio y con certificado Halal COREN ","price":"6,52 €","offer_price":0,"offer_type":null,"stock":false,"super":"alcampo"},{"img":"https://www.alcampo.es/media/h5f/hc3/9194653679646.jpg","name":"Bandeja de jamoncitos de pollo con piel COREN","price":"2,70 €","offer_price":0,"offer_type":null,"stock":false,"super":"alcampo"},{"img":"https://www.alcampo.es/media/hec/h42/9490428264478.jpg","name":"Bandeja con alas enteras de pollo blanco, limpias y con piel NORAVE","price":"2,79 €","offer_price":0,"offer_type":null,"stock":false,"super":"alcampo"},{"img":"https://www.alcampo.es/media/he6/h49/9490433605662.jpg","name":"Bandeja con contramuslos de pollo blanco, limpios y con piel NORAVE","price":"4,98 €","offer_price":0,"offer_type":null,"stock":false,"super":"alcampo"},{"img":"https://www.alcampo.es/media/h68/h63/9236131446814.jpg","name":"Bandeja de muslo de pollo ecológico con piel VIUBÉ ","price":"5,47 €","offer_price":0,"offer_type":null,"stock":false,"super":"alcampo"},{"img":"https://www.alcampo.es/media/h2c/hd9/9764555948062.jpg","name":"Bandeja de pechugas enteras de pollo blanco COREN","price":"8,96 €","offer_price":0,"offer_type":null,"stock":false,"super":"alcampo"},{"img":"https://www.alcampo.es/media/hc7/h2c/9588961378334.jpg","name":"Delicias de pollo de corral, ideales para pollo al ajillo COREN ","price":"5,24 €","offer_price":0,"offer_type":null,"stock":false,"super":"alcampo"},{"img":"https://www.alcampo.es/media/hd4/h04/9214334664734.jpg","name":"Bandeja de alitas de pollo, limpias y con piel, con certificado Halal NORAVE","price":"2,99 €","offer_price":0,"offer_type":null,"stock":false,"super":"alcampo"},{"img":"https://www.alcampo.es/media/h7a/h61/10362390380574.jpg","name":"Bandeja de filetes de pechuga de pavo COREN","price":"3,58 €","offer_price":0,"offer_type":null,"stock":false,"super":"alcampo"},{"img":"https://www.alcampo.es/media/hc8/h5c/10362369048606.jpg","name":"Solomillo de pavo envasado al vacío COREN","price":"4,77 €","offer_price":0,"offer_type":null,"stock":false,"super":"alcampo"},{"img":"https://www.alcampo.es/media/hb2/h4d/10362232537118.jpg","name":"Bandeja de pavo troceado en tacos COREN","price":"2,78 €","offer_price":0,"offer_type":null,"stock":false,"super":"alcampo"},{"img":"https://www.alcampo.es/media/h3a/hef/10365953343518.jpg","name":"Bandeja de chuletas frescas de pavo ALDELÍS","price":"2,74 €","offer_price":0,"offer_type":null,"stock":false,"super":"alcampo"},{"img":"https://www.alcampo.es/media/h24/h83/9735902232606.jpg","name":"Bandeja con solomillo de pavo cortado en finos filetes ALDELÍS","price":"3 €","offer_price":0,"offer_type":null,"stock":false,"super":"alcampo"},{"img":"https://www.alcampo.es/media/h15/h44/9735872217118.jpg","name":"Bandeja con pechuga de pavo fileteada ALDELÍS","price":"4,79 €","offer_price":0,"offer_type":null,"stock":false,"super":"alcampo"},{"img":"https://www.alcampo.es/media/hba/h56/10649577717790.jpg","name":"Bandeja con tierna y jugosa pechuga de pavo en filetes con corte extra fino ALDELÍS","price":"3,95 €","offer_price":0,"offer_type":null,"stock":false,"super":"alcampo"},{"img":"https://www.alcampo.es/media/hd9/h4f/9538935783454.jpg","name":"Jamoncito de pavo envasado al vacio ALDELÍS ","price":"1,07 €","offer_price":0,"offer_type":null,"stock":false,"super":"alcampo"},{"img":"https://www.alcampo.es/media/h32/h4b/10362248593438.jpg","name":"Bandeja de alitas de pavo sin punta COREN","price":"2,21 €","offer_price":0,"offer_type":null,"stock":false,"super":"alcampo"},{"img":"https://www.alcampo.es/media/h49/h77/10362339688478.jpg","name":"Bandeja de pechuga de pavo entera COREN","price":"8,75 €","offer_price":0,"offer_type":null,"stock":false,"super":"alcampo"},{"img":"https://www.alcampo.es/media/hc1/hb2/9228072583198.jpg","name":"Bandeja de roti de pavo, elaborado sin gluten y sin lactosa CORE 650 g.","price":"4,65 €","offer_price":0,"offer_type":null,"stock":false,"super":"alcampo"},{"img":"https://www.alcampo.es/media/h54/hc7/8881603477534.jpg","name":"Cuarto de gallina","price":"1,11 €","offer_price":0,"offer_type":null,"stock":false,"super":"alcampo"},{"img":"https://www.alcampo.es/media/hac/h6a/8900709122078.jpg","name":"Magret de pato fresco DELICASS.","price":"6,60 €","offer_price":0,"offer_type":null,"stock":false,"super":"alcampo"},{"img":"https://www.alcampo.es/media/h9b/h76/8892457746462.jpg","name":"Codornices frescas CODORNICES MORENO 500 gr pack de 4 uds","price":"5,75 €","offer_price":0,"offer_type":null,"stock":false,"super":"alcampo"},{"img":"https://www.alcampo.es/media/h2a/h4c/8897738637342.jpg","name":"Muslitos de codorniz CODORNICES MORENO 200 gr pack de 10 uds","price":"3,95 €","offer_price":0,"offer_type":null,"stock":false,"super":"alcampo"},{"img":"https://www.alcampo.es/media/h6b/hff/8959122210846.jpg","name":"Codornices frescas CODORNICES MORENO 2 uds.","price":"2,95 €","offer_price":0,"offer_type":null,"stock":false,"super":"alcampo"},{"img":"https://www.alcampo.es/media/h6c/h9f/9095386628126.jpg","name":"Pollo coquelet de campo COREN pieza de 450 a 550 g aproximadamente.","price":"3,99 €","offer_price":0,"offer_type":null,"stock":false,"super":"alcampo"},{"img":"https://www.alcampo.es/media/h5e/h3e/9216288423966.jpg","name":"Picantón fresco entero MORENO","price":"2,95 €","offer_price":0,"offer_type":null,"stock":false,"super":"alcampo"},{"img":"https://www.alcampo.es/media/h87/h69/8899773923358.jpg","name":"Muslo de pato berberia COREN","price":"3,06 €","offer_price":0,"offer_type":null,"stock":false,"super":"alcampo"},{"img":"https://www.alcampo.es/media/hdd/h8a/9058681716766.jpg","name":"Bandeja de codornices peladas sin cabeza AEROPIC 4 uds.","price":"5,75 €","offer_price":0,"offer_type":null,"stock":false,"super":"alcampo"},{"img":"https://www.alcampo.es/media/hb1/ha3/9589002141726.jpg","name":"Gallina entera limpia y con piel","price":"3,55 €","offer_price":0,"offer_type":null,"stock":false,"super":"alcampo"},{"img":"https://www.alcampo.es/media/hd3/hc4/10793646227486.jpg","name":"Pato limpio criado en España en granjas propias ALCAMPO PRODUCCIÓN CONTROLADA.","price":"13,43 €","offer_price":0,"offer_type":null,"stock":false,"super":"alcampo"},{"img":"https://www.alcampo.es/media/hd9/hf5/8887983079454.jpg","name":"Perdiz fresca MORENO 360 gr","price":"7,95 €","offer_price":0,"offer_type":null,"stock":false,"super":"alcampo"}]