[{"img":"https://www.alcampo.es/media/hf9/hc9/8928434913310.jpg","name":"Cinta de lomo de cerdo blanco de categoria extra, cortada en filetes","price":"3,34 €","offer_price":0,"offer_type":null,"stock":false,"super":"alcampo"},{"img":"https://www.alcampo.es/media/hc4/hdc/10597884887070.jpg","name":"Solomillo fresco de cerdo blanco, especial barbacoa, asados o freir","price":"2,10 €","offer_price":0,"offer_type":null,"stock":false,"super":"alcampo"},{"img":"https://www.alcampo.es/media/hd6/h27/8928099205150.jpg","name":"Chuletas de aguja de cerdo blanco","price":"2,50 €","offer_price":0,"offer_type":null,"stock":false,"super":"alcampo"},{"img":"https://www.alcampo.es/media/h67/h48/8962711945246.jpg","name":"Estofado de cerdo blanco","price":"3,29 €","offer_price":0,"offer_type":null,"stock":false,"super":"alcampo"},{"img":"https://www.alcampo.es/media/h95/hcd/8979362709534.jpg","name":"Bandeja de cinta de lomo extra de cerdo blanco.","price":"4,07 €","offer_price":0,"offer_type":null,"stock":false,"super":"alcampo"},{"img":"https://www.alcampo.es/media/h93/he7/8889376899102.jpg","name":"Cinta de lomo de cerdo blanco en trozos","price":"3,96 €","offer_price":0,"offer_type":null,"stock":false,"super":"alcampo"},{"img":"https://www.alcampo.es/media/hbd/hdd/9130142957598.jpg","name":"Costillar de cerdo blanco entero","price":"3,96 €","offer_price":0,"offer_type":null,"stock":false,"super":"alcampo"},{"img":"https://www.alcampo.es/media/h58/h2a/10906933395486.jpg","name":"Secreto de cerdo blanco, especial plancha o barbacoa","price":"2,09 €","offer_price":0,"offer_type":null,"stock":false,"super":"alcampo"},{"img":"https://www.alcampo.es/media/h17/h79/8962732589086.jpg","name":"Chuletas de centro de cerdo blanco","price":"3,39 €","offer_price":0,"offer_type":null,"stock":false,"super":"alcampo"},{"img":"https://www.alcampo.es/media/hce/hf9/8962726821918.jpg","name":"Panceta en filetes de cerdo blanco","price":"2,50 €","offer_price":0,"offer_type":null,"stock":false,"super":"alcampo"},{"img":"https://www.alcampo.es/media/h22/h62/9199624060958.jpg","name":"Filetes de cinta de lomo para bocadillos, especial freir ","price":"1,99 €","offer_price":0,"offer_type":null,"stock":false,"super":"alcampo"},{"img":"https://www.alcampo.es/media/h05/hc9/9163391696926.jpg","name":"Chuletas de aguja de cerdo blanco, especiales para freir","price":"4,38 €","offer_price":0,"offer_type":null,"stock":false,"super":"alcampo"},{"img":"https://www.alcampo.es/media/h8d/hdd/8867738550302.jpg","name":"Carrilleras de cerdo blanco sin hueso","price":"4,48 €","offer_price":0,"offer_type":null,"stock":false,"super":"alcampo"},{"img":"https://www.alcampo.es/media/h28/h14/10788960600094.jpg","name":"Presa fileteada de cebo ibérico de cerdo ALCAMPO PRODUCCIÓN CONTROLADA","price":"9,82 €","offer_price":0,"offer_type":null,"stock":false,"super":"alcampo"},{"img":"https://www.alcampo.es/media/hf4/h5d/8928095535134.jpg","name":"Chuletas de centro de cerdo blanco","price":"5,34 €","offer_price":0,"offer_type":null,"stock":false,"super":"alcampo"},{"img":"https://www.alcampo.es/media/ha0/h50/10906972946462.jpg","name":"Secreto sin filetear de cerdo raza Duroc ALCAMPO PRODUCCIÓN CONTROLADA","price":"3,29 €","offer_price":0,"offer_type":null,"stock":false,"super":"alcampo"},{"img":"https://www.alcampo.es/media/h7a/h3e/8928083607582.jpg","name":"Chuletas de aguja de cerdo blanco, especiales para freir","price":"1,12 €","offer_price":0,"offer_type":null,"stock":false,"super":"alcampo"},{"img":"https://www.alcampo.es/media/h8c/h51/8962725838878.jpg","name":"Filetes de aguja de cerdo blanco.","price":"3,50 €","offer_price":0,"offer_type":null,"stock":false,"super":"alcampo"},{"img":"https://www.alcampo.es/media/h38/hc6/10804179238942.jpg","name":"Costillas en palos de cerdo raza Duroc ALCAMPO PRODUCCIÓN CONTROLADA","price":"2,10 €","offer_price":0,"offer_type":null,"stock":false,"super":"alcampo"},{"img":"https://www.alcampo.es/media/hd2/h89/10804165836830.jpg","name":"Filetes de panceta de cerdo raza Duroc ALCAMPO PRODUCCIÓN CONTROLADA","price":"2,89 €","offer_price":0,"offer_type":null,"stock":false,"super":"alcampo"},{"img":"https://www.alcampo.es/media/h15/h7d/8894470946846.jpg","name":"Cinta de lomo de cerdo blanco al vacío","price":"3,88 €","offer_price":0,"offer_type":null,"stock":false,"super":"alcampo"},{"img":"https://www.alcampo.es/media/hc0/hcd/10904936185886.jpg","name":"Solomillo de cerdo raza Duroc, envasado al vacio ALCAMPO PRODUCCIÓN CONTROLADA","price":"5,93 €","offer_price":0,"offer_type":null,"stock":false,"super":"alcampo"},{"img":"https://www.alcampo.es/media/h5f/ha9/10788981538846.jpg","name":"Cinta de lomo fileteada de cebo ibérico de cerdo ALCAMPO PRODUCCIÓN CONTROLADA","price":"5,09 €","offer_price":0,"offer_type":null,"stock":false,"super":"alcampo"},{"img":"https://www.alcampo.es/media/h03/h3f/8962720792606.jpg","name":"Chuletas de centro de cerdo blanco","price":"1,24 €","offer_price":0,"offer_type":null,"stock":false,"super":"alcampo"},{"img":"https://www.alcampo.es/media/ha4/h19/10793499426846.jpg","name":"Bandeja de tira de costilla de cerdo blanco, espciales para guisos","price":"2,48 €","offer_price":0,"offer_type":null,"stock":false,"super":"alcampo"},{"img":"https://www.alcampo.es/media/h5c/h2e/10804163379230.jpg","name":"Cinta de lomo de cerdo raza Duroc ALCAMPO PRODUCCIÓN CONTROLADA","price":"6,47 €","offer_price":0,"offer_type":null,"stock":false,"super":"alcampo"},{"img":"https://www.alcampo.es/media/h6f/h64/10804216463390.jpg","name":"Filetes de presa de cerdo raza Duroc ALCAMPO PRODUCCIÓN CONTROLADA","price":"4,38 €","offer_price":0,"offer_type":null,"stock":false,"super":"alcampo"},{"img":"https://www.alcampo.es/media/h45/h3d/10804166000670.jpg","name":"Chuletas de centro de cerdo raza Duroc ALCAMPO PRODUCCIÓN CONTROLADA","price":"4,79 €","offer_price":0,"offer_type":null,"stock":false,"super":"alcampo"},{"img":"https://www.alcampo.es/media/h43/hf0/9192605253662.jpg","name":"Costillar cortado en dos, especial guiso, asado o barbacoa","price":"6,44 €","offer_price":0,"offer_type":null,"stock":false,"super":"alcampo"},{"img":"https://www.alcampo.es/media/h1a/hb2/8947023151134.jpg","name":"Cinta de lomo de cerdo selecta en filetes","price":"4,93 €","offer_price":0,"offer_type":null,"stock":false,"super":"alcampo"},{"img":"https://www.alcampo.es/media/h65/h06/10788874158110.jpg","name":"Chuletas de lomo de cebo ibérico de cerdo ALCAMPO PRODUCCIÓN CONTROLADA, especiales plancha, barbacoa o freir","price":"5,83 €","offer_price":0,"offer_type":null,"stock":false,"super":"alcampo"},{"img":"https://www.alcampo.es/media/h49/ha4/10906954760222.jpg","name":"Secreto de cebo ibérico de cerdo ALCAMPO PRODUCCIÓN CONTROLADA","price":"6,64 €","offer_price":0,"offer_type":null,"stock":false,"super":"alcampo"},{"img":"https://www.alcampo.es/media/h46/h4f/8890288373790.jpg","name":"Filetes de jamón de cerdo blanco, especiales para freir","price":"2,35 €","offer_price":0,"offer_type":null,"stock":false,"super":"alcampo"},{"img":"https://www.alcampo.es/media/h30/h00/10904938610718.jpg","name":"Somillo de cebo ibérico de cerdo ALCAMPO PRODUCCIÓN CONTROLADA","price":"5,92 €","offer_price":0,"offer_type":null,"stock":false,"super":"alcampo"},{"img":"https://www.alcampo.es/media/he3/h74/10788978917406.jpg","name":"Costillas troceadas de cebo ibérico de cerdo ALCAMPO PRODUCCIÓN CONTROLADA","price":"3,48 €","offer_price":0,"offer_type":null,"stock":false,"super":"alcampo"},{"img":"https://www.alcampo.es/media/hca/h44/9199587164190.jpg","name":"Libritos de lomo de cerdo blanco, especiales para freir","price":"2,30 €","offer_price":0,"offer_type":null,"stock":false,"super":"alcampo"},{"img":"https://www.alcampo.es/media/h06/h21/8962730623006.jpg","name":"Filetes de jamón de cerdo blanco","price":"1,03 €","offer_price":0,"offer_type":null,"stock":false,"super":"alcampo"},{"img":"https://www.alcampo.es/media/hae/h0a/10788968169502.jpg","name":"Filetes de aguja de cebo ibérico de cerdo ALCAMPO PRODUCCIÓN CONTROLADA","price":"2,78 €","offer_price":0,"offer_type":null,"stock":false,"super":"alcampo"},{"img":"https://www.alcampo.es/media/h2c/h66/10788972494878.jpg","name":"Carrilladas de cebo ibérico de cerdo ALCAMPO PRODUCCIÓN CONTROLADA","price":"3,24 €","offer_price":0,"offer_type":null,"stock":false,"super":"alcampo"},{"img":"https://www.alcampo.es/media/hd6/h2e/9302420520990.jpg","name":"Cinta de lomo extra de cerdo blanco","price":"1,74 €","offer_price":0,"offer_type":null,"stock":false,"super":"alcampo"},{"img":"https://www.alcampo.es/media/h52/h5f/10804172750878.jpg","name":"Chuletas de aguja de cerdo raza Duroc ALCAMPO PRODUCCIÓN CONTROLADA","price":"3,82 €","offer_price":0,"offer_type":null,"stock":false,"super":"alcampo"},{"img":"https://www.alcampo.es/media/h11/h76/10804177600542.jpg","name":"Cinta de lomo en trozos de cerdo raza Duroc ALCAMPO PRODUCCIÓN CONTROLADA","price":"7,46 €","offer_price":0,"offer_type":null,"stock":false,"super":"alcampo"},{"img":"https://www.alcampo.es/media/hd3/hcb/10804166819870.jpg","name":"Estofado de cerdo raza Duroc ALCAMPO PRODUCCIÓN CONTROLADA","price":"4,02 €","offer_price":0,"offer_type":null,"stock":false,"super":"alcampo"},{"img":"https://www.alcampo.es/media/h7b/hea/8895010045982.jpg","name":"Cinta de lomo de cerdo blanco troceada","price":"4,84 €","offer_price":0,"offer_type":null,"stock":false,"super":"alcampo"},{"img":"https://www.alcampo.es/media/h46/ha7/10804170653726.jpg","name":"Filetes de aguja de cerdo raza Duroc ALCAMPO PRODUCCIÓN CONTROLADA","price":"4,97 €","offer_price":0,"offer_type":null,"stock":false,"super":"alcampo"},{"img":"https://www.alcampo.es/media/h81/h7b/10788949229598.jpg","name":"Churrasco de aguja de cebo ibérico de cerdo ALCAMPO PRODUCCIÓN CONTROLADA","price":"5,23 €","offer_price":0,"offer_type":null,"stock":false,"super":"alcampo"},{"img":"https://www.alcampo.es/media/h35/h7f/9431872765982.jpg","name":"Bandeja con tocino de cerdo ibérico en trozos, salado y sin gluten EMCESA 250 g.","price":"1,95 €","offer_price":0,"offer_type":null,"stock":false,"super":"alcampo"},{"img":"https://www.alcampo.es/media/h0d/h53/10788955881502.jpg","name":"Taco de tocino envasado al vacio de cebo ibérico de cerdo ALCAMPO PRODUCCIÓN CONTROLADA.","price":"1,64 €","offer_price":0,"offer_type":null,"stock":false,"super":"alcampo"},{"img":"https://www.alcampo.es/media/hd2/h6f/9216308412446.jpg","name":"Costillar en trozos de cerdo blanco, especial asados, barbacoa y freir","price":"2,23 €","offer_price":0,"offer_type":null,"stock":false,"super":"alcampo"},{"img":"https://www.alcampo.es/media/hc3/hb3/9302362718238.jpg","name":"Paleta de cerdo blanco","price":"9,90 €","offer_price":0,"offer_type":null,"stock":false,"super":"alcampo"},{"img":"https://www.alcampo.es/media/h8f/he3/10788975214622.jpg","name":"Costillar de cebo ibérico de cerdo ALCAMPO PRODUCCIÓN CONTROLADA","price":"1,25 €","offer_price":0,"offer_type":null,"stock":false,"super":"alcampo"},{"img":"https://www.alcampo.es/media/h4d/hff/10804225343518.jpg","name":"Filetes de jamón de cerdo raza Duroc ALCAMPO PRODUCCIÓN CONTROLADA","price":"5,82 €","offer_price":0,"offer_type":null,"stock":false,"super":"alcampo"},{"img":"https://www.alcampo.es/media/h51/h47/10788956373022.jpg","name":"Panceta fileteada de cebo ibérico de cerdo ALCAMPO PRODUCCIÓN CONTROLADA","price":"3,15 €","offer_price":0,"offer_type":null,"stock":false,"super":"alcampo"},{"img":"https://www.alcampo.es/media/h5d/h3f/10804164034590.jpg","name":"Centro de costillar de cerdo raza Duroc ALCAMPO PRODUCCIÓN CONTROLADA","price":"2,63 €","offer_price":0,"offer_type":null,"stock":false,"super":"alcampo"},{"img":"https://www.alcampo.es/media/h2d/hc6/9302417080350.jpg","name":"Chuletas de centro de cerdo Selecta","price":"3,46 €","offer_price":0,"offer_type":null,"stock":false,"super":"alcampo"},{"img":"https://www.alcampo.es/media/hf7/h42/8888542756894.jpg","name":"Tocino fresco HEMOSA","price":"2 €","offer_price":0,"offer_type":null,"stock":false,"super":"alcampo"},{"img":"https://www.alcampo.es/media/hc9/he4/10906937327646.jpg","name":"Secreto de cerdo, especial plancha o barbacoa","price":"3,74 €","offer_price":0,"offer_type":null,"stock":false,"super":"alcampo"},{"img":"https://www.alcampo.es/media/h36/h68/9152924155934.jpg","name":"Panceta en filetes CERDO SELECTA","price":"2,78 €","offer_price":0,"offer_type":null,"stock":false,"super":"alcampo"},{"img":"https://www.alcampo.es/media/hf1/h1f/10597905530910.jpg","name":"Solomillo entero de cerdo blanco, envasado al vacio","price":"5,94 €","offer_price":0,"offer_type":null,"stock":false,"super":"alcampo"},{"img":"https://www.alcampo.es/media/h40/h2b/10788980785182.jpg","name":"Chuletas de lomo bellota iberico de cerdo ALCAMPO PRODUCCIÓN CONTROLADA","price":"3,19 €","offer_price":0,"offer_type":null,"stock":false,"super":"alcampo"},{"img":"https://www.alcampo.es/media/h9d/h44/10788878417950.jpg","name":"Estofado de cebo ibérico de cerdo AUCHAN PRODUCCIÓN CONTROLADA","price":"5,15 €","offer_price":0,"offer_type":null,"stock":false,"super":"alcampo"},{"img":"https://www.alcampo.es/media/h69/hfe/10906948403230.jpg","name":"Secreto de papada de cerdo ibérico de cebo AUCHAN PRODUCCIÓN CONTROLADA","price":"2,22 €","offer_price":0,"offer_type":null,"stock":false,"super":"alcampo"},{"img":"https://www.alcampo.es/media/hbe/hbe/10788957028382.jpg","name":"Largarto de cebo ibérico de cerdo ALCAMPO PRODUCCIÓN CONTROLADA","price":"3,89 €","offer_price":0,"offer_type":null,"stock":false,"super":"alcampo"},{"img":"https://www.alcampo.es/media/h49/h1f/9444530520094.jpg","name":"Chuletas de centro de cerdo ecológico COREN","price":"3,63 €","offer_price":0,"offer_type":null,"stock":false,"super":"alcampo"},{"img":"https://www.alcampo.es/media/h37/had/9005212565534.jpg","name":"Bandeja de filetes de aguja sin hueso.","price":"1,26 €","offer_price":0,"offer_type":null,"stock":false,"super":"alcampo"},{"img":"https://www.alcampo.es/media/h11/h40/9157840535582.jpg","name":"Codillo fresco de cerdo blanco","price":"6,15 €","offer_price":0,"offer_type":null,"stock":false,"super":"alcampo"},{"img":"https://www.alcampo.es/media/h40/hea/8962743205918.jpg","name":"Roti de paleta de cerdo blanco","price":"5,95 €","offer_price":0,"offer_type":null,"stock":false,"super":"alcampo"},{"img":"https://www.alcampo.es/media/h16/hf9/9192657846302.jpg","name":"Estofado de cerdo, especial guisos","price":"2,60 €","offer_price":0,"offer_type":null,"stock":false,"super":"alcampo"},{"img":"https://www.alcampo.es/media/hd5/h26/9302379986974.jpg","name":"Cuartos de cochinillo fresco","price":"11,95 €","offer_price":0,"offer_type":null,"stock":false,"super":"alcampo"},{"img":"https://www.alcampo.es/media/h20/hf7/9224072495134.jpg","name":"Bandeja de tocino ibérico salado, sin gluten y sin lactosa VALLINA","price":"1,75 €","offer_price":0,"offer_type":null,"stock":false,"super":"alcampo"},{"img":"https://www.alcampo.es/media/hdd/h00/8874095411230.jpg","name":"Paleta de cerdo blanco entera","price":"13,37 €","offer_price":0,"offer_type":null,"stock":false,"super":"alcampo"},{"img":"https://www.alcampo.es/media/hd8/h1c/10788951883806.jpg","name":"Filetes de jamón de cebo ibérico de cerdo AUCHAN PRODUCCIÓN CONTROLADA","price":"6,10 €","offer_price":0,"offer_type":null,"stock":false,"super":"alcampo"},{"img":"https://www.alcampo.es/media/hec/hbe/9249001340958.jpg","name":"Cinta de lomo en libritos, especiales para freir","price":"3,07 €","offer_price":0,"offer_type":null,"stock":false,"super":"alcampo"},{"img":"https://www.alcampo.es/media/had/h75/8948755169310.jpg","name":"Cuarto de cochinillo fresco, sin gluten y listo para hornear TABLADILLO.","price":"17,55 €","offer_price":0,"offer_type":null,"stock":false,"super":"alcampo"},{"img":"https://www.alcampo.es/media/h0c/heb/8900593975326.jpg","name":"Panceta de cerdo blanco","price":"1,49 €","offer_price":0,"offer_type":null,"stock":false,"super":"alcampo"},{"img":"https://www.alcampo.es/media/h85/hec/9254525796382.jpg","name":"Paletilla de cochinillo fresco, especial para asados","price":"4,49 €","offer_price":0,"offer_type":null,"stock":false,"super":"alcampo"},{"img":"https://www.alcampo.es/media/h2b/hb5/9199601614878.jpg","name":"Cintas de carne de cerdo, especial fajitas ","price":"2,19 €","offer_price":0,"offer_type":null,"stock":false,"super":"alcampo"},{"img":"https://www.alcampo.es/media/h6d/h51/10788978262046.jpg","name":"Rack de cerdo ibérico de cebo, ideal para asados ALCAMPO PRODUCCIÓN CONTROLADA","price":"9,49 €","offer_price":0,"offer_type":null,"stock":false,"super":"alcampo"},{"img":"https://www.alcampo.es/media/h33/h0a/9192736751646.jpg","name":"Cochinillo fresco cortado en trozos (Cuchifrito), especial freir","price":"8,37 €","offer_price":0,"offer_type":null,"stock":false,"super":"alcampo"}]