[{"img":"https://www.alcampo.es/media/h95/hdf/8972647071774.jpg","name":"Conejo entero CONEJO pieza de 900 a 1.150 kg.","price":"6,27 €","offer_price":0,"offer_type":null,"stock":false,"super":"alcampo"},{"img":"https://www.alcampo.es/media/h1d/h4e/9232426958878.jpg","name":"Bandeja con paletillas de conejo CONEJO 4 uds.","price":"4,34 €","offer_price":0,"offer_type":null,"stock":false,"super":"alcampo"},{"img":"https://www.alcampo.es/media/h0c/h63/10226751963166.jpg","name":"Bandeja de conejo troceado sin piel CONEJO.","price":"4,31 €","offer_price":0,"offer_type":null,"stock":false,"super":"alcampo"},{"img":"https://www.alcampo.es/media/h10/h6d/8972650709022.jpg","name":"Bandeja de conejo entero cortado para su preparación al ajillo CONEJO.","price":"8,75 €","offer_price":0,"offer_type":null,"stock":false,"super":"alcampo"},{"img":"https://www.alcampo.es/media/h81/h9b/8972602605598.jpg","name":"Bandeja de conejo preparado para paella CONEJO 450 gr.","price":"2,54 €","offer_price":0,"offer_type":null,"stock":false,"super":"alcampo"},{"img":"https://www.alcampo.es/media/h77/hc0/9005841940510.jpg","name":"Bandeja de lomos de conejo cortado en trozos.","price":"4,32 €","offer_price":0,"offer_type":null,"stock":false,"super":"alcampo"},{"img":"https://www.alcampo.es/media/h9e/h90/9005878345758.jpg","name":"Bandeja de muslos de conejo.","price":"7,37 €","offer_price":0,"offer_type":null,"stock":false,"super":"alcampo"},{"img":"https://www.alcampo.es/media/h70/h74/9662671683614.jpg","name":"Jamoncitos de conejo HERMI Fresh 6 uds.","price":"2,65 €","offer_price":0,"offer_type":null,"stock":false,"super":"alcampo"},{"img":"https://www.alcampo.es/media/h33/h51/9204710866974.jpg","name":"Higado fresco y limpio de conejo HERMI ","price":"1,69 €","offer_price":0,"offer_type":null,"stock":false,"super":"alcampo"},{"img":"https://www.alcampo.es/media/h2a/hf7/9502671929374.jpg","name":"Conejo entero y limpio COREN","price":"7,40 €","offer_price":0,"offer_type":null,"stock":false,"super":"alcampo"},{"img":"https://www.alcampo.es/media/h9b/h37/8972648939550.jpg","name":"Bandeja con medio conejo troceado CONEJO.","price":"4,77 €","offer_price":0,"offer_type":null,"stock":false,"super":"alcampo"}]