[{"img":"https://www.alcampo.es/media/h8d/h16/8928084590622.jpg","name":"Chuletas de calidad extra de palo o riñonada de cordero recental","price":"8,88 €","offer_price":0,"offer_type":null,"stock":false,"super":"alcampo"},{"img":"https://www.alcampo.es/media/h70/h36/8928099860510.jpg","name":"Chuletas de calidad extra de palo o riñonada de cordero recental","price":"3,29 €","offer_price":0,"offer_type":null,"stock":false,"super":"alcampo"},{"img":"https://www.alcampo.es/media/hfc/hdb/10667743936542.jpg","name":"Chuletas de cordero recental ALCAMPO PRODUCCIÓN CONTROLADA","price":"9,98 €","offer_price":0,"offer_type":null,"stock":false,"super":"alcampo"},{"img":"https://www.alcampo.es/media/h7d/hd7/9302406496286.jpg","name":"Falda de cordero recental entera","price":"2,09 €","offer_price":0,"offer_type":null,"stock":false,"super":"alcampo"},{"img":"https://www.alcampo.es/media/h6c/hf8/9302377234462.jpg","name":"Cuello en chuletas de cordero recental.","price":"2,09 €","offer_price":0,"offer_type":null,"stock":false,"super":"alcampo"},{"img":"https://www.alcampo.es/media/hde/h60/8928197804062.jpg","name":"Chuletas de cordero lechal de origen nacional","price":"5,28 €","offer_price":0,"offer_type":null,"stock":false,"super":"alcampo"},{"img":"https://www.alcampo.es/media/h82/h59/9322204397598.jpg","name":"Caldereta de cordero recental","price":"3,59 €","offer_price":0,"offer_type":null,"stock":false,"super":"alcampo"},{"img":"https://www.alcampo.es/media/h1d/h7e/8928171032606.jpg","name":"Garrón de cordero recental","price":"1,74 €","offer_price":0,"offer_type":null,"stock":false,"super":"alcampo"},{"img":"https://www.alcampo.es/media/h92/h53/8947023314974.jpg","name":"Chuletas extra de cordero lechal, especiales para plancha o barbacoa","price":"9,18 €","offer_price":0,"offer_type":null,"stock":false,"super":"alcampo"},{"img":"https://www.alcampo.es/media/h12/h75/8878172405790.jpg","name":"Octavos de cordero recental","price":"16,84 €","offer_price":0,"offer_type":null,"stock":false,"super":"alcampo"},{"img":"https://www.alcampo.es/media/haf/h88/8928149667870.jpg","name":"Paletilla de cordero de lechal entera de origen nacional","price":"10,17 €","offer_price":0,"offer_type":null,"stock":false,"super":"alcampo"},{"img":"https://www.alcampo.es/media/hd7/h2b/8928208060446.jpg","name":"Paletilla entera de cordero recental","price":"16,74 €","offer_price":0,"offer_type":null,"stock":false,"super":"alcampo"},{"img":"https://www.alcampo.es/media/hba/h19/9208257576990.jpg","name":"Falda en trozos de cordero lechal, especial barbacoa, freir y asados","price":"2,15 €","offer_price":0,"offer_type":null,"stock":false,"super":"alcampo"},{"img":"https://www.alcampo.es/media/hb6/h04/9025371602974.jpg","name":"Paletilla de cabrito envasada el vacio NATUSUR 300 g.","price":"11,95 €","offer_price":0,"offer_type":null,"stock":false,"super":"alcampo"},{"img":"https://www.alcampo.es/media/h17/hc7/10667714412574.jpg","name":"Chuletas de falda de cordero recental ALCAMPO PRODUCCIÓN CONTROLADA, especiales para plancha, barbacoa o freir","price":"2,78 €","offer_price":0,"offer_type":null,"stock":false,"super":"alcampo"},{"img":"https://www.alcampo.es/media/h64/ha2/9302415212574.jpg","name":"Chuletas de pierna de cordero recental","price":"5,48 €","offer_price":0,"offer_type":null,"stock":false,"super":"alcampo"},{"img":"https://www.alcampo.es/media/hd5/hc5/9194743791646.jpg","name":"Cuellos a la mitad de cordero recental, especial para guisos o asados","price":"3,48 €","offer_price":0,"offer_type":null,"stock":false,"super":"alcampo"},{"img":"https://www.alcampo.es/media/ha0/hf8/10667704057886.jpg","name":"Paletilla de cordero recental entera ALCAMPO PRODUCCIÓN CONTROLADA","price":"16,95 €","offer_price":0,"offer_type":null,"stock":false,"super":"alcampo"},{"img":"https://www.alcampo.es/media/h58/h3d/9302370910238.jpg","name":"Cuartos de cordero lechal de origen nacional","price":"13,07 €","offer_price":0,"offer_type":null,"stock":false,"super":"alcampo"},{"img":"https://www.alcampo.es/media/h9f/he1/9219943039006.jpg","name":"Octavos de corderoternasco de Aragón","price":"44,85 €","offer_price":0,"offer_type":null,"stock":false,"super":"alcampo"},{"img":"https://www.alcampo.es/media/ha9/h79/10667665686558.jpg","name":"Chuletas de pierna de cordero recental ALCAMPO PRODUCCIÓN CONTROLADA","price":"6,66 €","offer_price":0,"offer_type":null,"stock":false,"super":"alcampo"},{"img":"https://www.alcampo.es/media/hd2/h3d/9157818679326.jpg","name":"Cuello troceado de cordero lechal, ideal para guisar o asar","price":"3,13 €","offer_price":0,"offer_type":null,"stock":false,"super":"alcampo"},{"img":"https://www.alcampo.es/media/h08/h39/10667705663518.jpg","name":"Chuletas de cuello de cordero recental ALCAMPO PRODUCCIÓN CONTROLADA, especiales plancha, barbacoa o freir","price":"2,78 €","offer_price":0,"offer_type":null,"stock":false,"super":"alcampo"},{"img":"https://www.alcampo.es/media/hb4/h37/8928087212062.jpg","name":"Cuartos de cordero recental","price":"38,84 €","offer_price":0,"offer_type":null,"stock":false,"super":"alcampo"},{"img":"https://www.alcampo.es/media/haf/hb2/9256447508510.jpg","name":"Pierna entera de cordero lechal de origen nacional, especial asados, guisos o cocción","price":"9,71 €","offer_price":0,"offer_type":null,"stock":false,"super":"alcampo"},{"img":"https://www.alcampo.es/media/h07/h69/9214339940382.jpg","name":"Pierna de cordero recental de origen nacional, especial asados, guisos o freir","price":"14,93 €","offer_price":0,"offer_type":null,"stock":false,"super":"alcampo"},{"img":"https://www.alcampo.es/media/hf7/h2a/10667659984926.jpg","name":"Pierna de cordero recental entera ALCAMPO PRODUCCIÓN CONTROLADA","price":"19,44 €","offer_price":0,"offer_type":null,"stock":false,"super":"alcampo"},{"img":"https://www.alcampo.es/media/ha4/hc3/10667655495710.jpg","name":"Paletilla de cordero recental en chuletas ALCAMPO PRODUCCIÓN CONTROLADA, especiales para plancha o barbacoa","price":"6,78 €","offer_price":0,"offer_type":null,"stock":false,"super":"alcampo"},{"img":"https://www.alcampo.es/media/h84/he0/8976489283614.jpg","name":"Bandeja de octavos chuleteados de cordero recental ALCAMPO PRODUCCIÓN CONTROLADA.","price":"22,43 €","offer_price":0,"offer_type":null,"stock":false,"super":"alcampo"},{"img":"https://www.alcampo.es/media/h5d/h2d/9191666581534.jpg","name":"Chuletas de palo de cordero recental, especial freir 4 uds","price":"8,97 €","offer_price":0,"offer_type":null,"stock":false,"super":"alcampo"},{"img":"https://www.alcampo.es/media/hec/h92/8942182301726.jpg","name":"Cuartos de cordero lechal chuleteados","price":"32,38 €","offer_price":0,"offer_type":null,"stock":false,"super":"alcampo"},{"img":"https://www.alcampo.es/media/h33/h0e/10906925989918.jpg","name":"Medio cordero lechal, especial para asados y cocciones","price":"48,62 €","offer_price":0,"offer_type":null,"stock":false,"super":"alcampo"},{"img":"https://www.alcampo.es/media/h22/h1d/10667735777310.jpg","name":"Cuartos de cordero recental ALCAMPO PRODUCCIÓN CONTROLADA, especial asados","price":"27,90 €","offer_price":0,"offer_type":null,"stock":false,"super":"alcampo"},{"img":"https://www.alcampo.es/media/h48/h4a/9253635260446.jpg","name":"Chuletas de pierna de cordero recental con certificado Halal, especiales para plancha, barbacoa o freir","price":"6,78 €","offer_price":0,"offer_type":null,"stock":false,"super":"alcampo"},{"img":"https://www.alcampo.es/media/hf8/h1f/9214329847838.jpg","name":"Paletilla de cordero en chuletas, especial plancha o barbacoa","price":"6,38 €","offer_price":0,"offer_type":null,"stock":false,"super":"alcampo"},{"img":"https://www.alcampo.es/media/hb3/h3c/9253618450462.jpg","name":"Chuletas de pierna de cordero lechal, especiales para plancha, barbacoa o freir","price":"6,78 €","offer_price":0,"offer_type":null,"stock":false,"super":"alcampo"},{"img":"https://www.alcampo.es/media/h3d/h1d/9191652818974.jpg","name":"Chuletas de paletilla de cordero recental","price":"7,98 €","offer_price":0,"offer_type":null,"stock":false,"super":"alcampo"}]