[{"img":"https://www.alcampo.es/media/hf2/h31/9573309153310.jpg","name":"Bandeja con preparado de carne picada de vacuno ROLER 800 g.","price":"4,75 €","offer_price":0,"offer_type":null,"stock":false,"super":"alcampo"},{"img":"https://www.alcampo.es/media/h5a/h25/10598008258590.jpg","name":"Bandeja con preparado de carne picada mixta (vacuno - cerdo) ROLER 800 g.","price":"4,75 €","offer_price":0,"offer_type":null,"stock":false,"super":"alcampo"},{"img":"https://www.alcampo.es/media/h8e/h34/8891177369630.jpg","name":"Preparado de carne picada de vacuno ROLER bandeja de 400 gr","price":"2,75 €","offer_price":0,"offer_type":null,"stock":false,"super":"alcampo"},{"img":"https://www.alcampo.es/media/h3e/ha4/10801686741022.jpg","name":"Bandeja de preparado de carne picada mixta (vacuno-cerdo), elaborada sin gluten ROLER 400 g.","price":"3,25 €","offer_price":0,"offer_type":null,"stock":false,"super":"alcampo"},{"img":"https://www.alcampo.es/media/h40/h22/10911576358942.jpg","name":"Bandeja de hamburguesas de pollo de corral COREN 2 x 125 g.","price":"2,95 €","offer_price":0,"offer_type":null,"stock":false,"super":"alcampo"},{"img":"https://www.alcampo.es/media/h67/hdc/9490617040926.jpg","name":"Bandeja con burger meat mixtas (pavo y pollo) SERRANO 4 x 80 g.","price":"2,69 €","offer_price":0,"offer_type":null,"stock":false,"super":"alcampo"},{"img":"https://www.alcampo.es/media/h0b/h94/8887423860766.jpg","name":"Preparado de carne picada mixta EMCESA bandeja de 350 gr","price":"2,49 €","offer_price":0,"offer_type":null,"stock":false,"super":"alcampo"},{"img":"https://www.alcampo.es/media/h44/hdf/9487721332766.jpg","name":"Bandeja de albóndigas mixtas (vacuno-cerdo), elaboradas sin gluten ROLER 12 uds.","price":"2,45 €","offer_price":0,"offer_type":null,"stock":false,"super":"alcampo"},{"img":"https://www.alcampo.es/media/h86/h44/9487716155422.jpg","name":"Bandeja de preparado de carne picada mixta (vacuno-cerdo), elaborada sin gluten ROLER 800 g.","price":"5,95 €","offer_price":0,"offer_type":null,"stock":false,"super":"alcampo"},{"img":"https://www.alcampo.es/media/h13/hee/9770379640862.jpg","name":"Preparado de carne picada de ternera ecológica ALCAMPO PRODUCCIÓN CONTROLADA ECOLÓGICO 300 g.","price":"4,25 €","offer_price":0,"offer_type":null,"stock":false,"super":"alcampo"},{"img":"https://www.alcampo.es/media/h07/h11/10911339675678.jpg","name":"Bandeja con hamburguesas de pollo de corral con espinacas COREN 2 x 125 g.","price":"2,95 €","offer_price":0,"offer_type":null,"stock":false,"super":"alcampo"},{"img":"https://www.alcampo.es/media/hf6/h8d/8880854204446.jpg","name":"Bandeja con burger meat mixta (vacuno - cero) ROLER 6 x 80 g.","price":"2,95 €","offer_price":0,"offer_type":null,"stock":false,"super":"alcampo"},{"img":"https://www.alcampo.es/media/h31/h3c/10032051716126.jpg","name":"Burger meat vacuno añojo raza Angus MIGUEL VERGARA 2 x 160 g.","price":"4,35 €","offer_price":0,"offer_type":null,"stock":false,"super":"alcampo"},{"img":"https://www.alcampo.es/media/h4c/h1a/8966708428830.jpg","name":"Bandeja de burger meat de vacuno ROLER 6 x 80 g.","price":"2,95 €","offer_price":0,"offer_type":null,"stock":false,"super":"alcampo"},{"img":"https://www.alcampo.es/media/h03/h57/9518887534622.jpg","name":"Burger meat de vacuno IGP Ternera de Extremadura 2 x 150 g.","price":"2,55 €","offer_price":0,"offer_type":null,"stock":false,"super":"alcampo"},{"img":"https://www.alcampo.es/media/h09/h06/9487823372318.jpg","name":"Bandeja de preparado de carne picada de vacuno, elaborada sin gluten ROLER 800 g.","price":"5,95 €","offer_price":0,"offer_type":null,"stock":false,"super":"alcampo"},{"img":"https://www.alcampo.es/media/h24/hab/10911473303582.jpg","name":"Bandeja de preparado de carne picada de vacuno, elaborada sin gluten ROLER 400 g.","price":"2,99 €","offer_price":0,"offer_type":null,"stock":false,"super":"alcampo"},{"img":"https://www.alcampo.es/media/hff/h9d/10717774905374.jpg","name":"Bandeja con preparado de carne picada mixta (pollo - pavo) EL POZO Bienstar pro 400 g.","price":"3,15 €","offer_price":0,"offer_type":null,"stock":false,"super":"alcampo"},{"img":"https://www.alcampo.es/media/h7f/h84/9487722643486.jpg","name":"Albóndigas mixtas (cerdo-vacuno) estilo casero con ajo y perejil y sin gluten ROLER 35 uds.","price":"5,95 €","offer_price":0,"offer_type":null,"stock":false,"super":"alcampo"},{"img":"https://www.alcampo.es/media/he4/h09/10801871388702.jpg","name":"Bandeja con hamburguesa de pollo con calabacín, espinacas y queso fundido ALDELÍS 4 x 80 g.","price":"2,99 €","offer_price":0,"offer_type":null,"stock":false,"super":"alcampo"},{"img":"https://www.alcampo.es/media/hb9/h1d/10425255821342.jpg","name":"Hamburguesas de vacuno raza Angus, sin conservantes ni colorantes, ni gluten ROLER Summumm 2 x 150 g.","price":"4,65 €","offer_price":0,"offer_type":null,"stock":false,"super":"alcampo"},{"img":"https://www.alcampo.es/media/h0a/h11/10444872319006.jpg","name":"Hamburguesas de tenernera ecológica ALCAMPO PRODUCCIÓN CONTROLADA ECOLÓGICO 2 x 120 g.","price":"3,45 €","offer_price":0,"offer_type":null,"stock":false,"super":"alcampo"},{"img":"https://www.alcampo.es/media/h9d/hd5/10717865476126.jpg","name":"Burger meat de cerdo ibérico, elaboradas sin gluten y sin lactosa LEGADO IBÉRICO Selección 4 x 80 g.","price":"2,35 €","offer_price":0,"offer_type":null,"stock":false,"super":"alcampo"},{"img":"https://www.alcampo.es/media/h40/h83/10802550800414.jpg","name":"Bandeja de hamburguesas mixtas (pavo y pollo) ALDELÍS 4 x 80 g.","price":"2,50 €","offer_price":0,"offer_type":null,"stock":false,"super":"alcampo"},{"img":"https://www.alcampo.es/media/hda/h18/9487736766494.jpg","name":"Bandeja con burger meat de vacuno, elaboradas sin gluten ROLER 4 x 80 g.","price":"2,55 €","offer_price":0,"offer_type":null,"stock":false,"super":"alcampo"},{"img":"https://www.alcampo.es/media/h8f/h2b/10369714585630.jpg","name":"Bandeja con preparado de carne picada de pavo y pollo, elaborada sin gluten EMCESA.","price":"2,95 €","offer_price":0,"offer_type":null,"stock":false,"super":"alcampo"},{"img":"https://www.alcampo.es/media/h39/h86/9487814623262.jpg","name":"Bandeja de burger meat de novillo irlandés, elaboradas sin gluten ROLER Summumm 2 x 120 g.","price":"2,99 €","offer_price":0,"offer_type":null,"stock":false,"super":"alcampo"},{"img":"https://www.alcampo.es/media/h21/h04/10911418548254.jpg","name":"Burguer meat de carne de vacuno raza wagyu SANTA ROSALIA 2 x 150 g.","price":"6,49 €","offer_price":0,"offer_type":null,"stock":false,"super":"alcampo"},{"img":"https://www.alcampo.es/media/hcc/h54/10802707562526.jpg","name":"Bandeja de hamburguesas de pollo con zanahoria ALDELÍS 316 g.","price":"2,99 €","offer_price":0,"offer_type":null,"stock":false,"super":"alcampo"},{"img":"https://www.alcampo.es/media/h9c/h16/10802715951134.jpg","name":"Bandeja con hamburguesas de pollo con espicanas ALDELÍS 313 g.","price":"2,58 €","offer_price":0,"offer_type":null,"stock":false,"super":"alcampo"},{"img":"https://www.alcampo.es/media/hdc/h7f/10717786243102.jpg","name":"Bandeja con burger meat mixta (vacuno - cerdo) EL POZO 12 x 80 g.","price":"5,55 €","offer_price":0,"offer_type":null,"stock":false,"super":"alcampo"},{"img":"https://www.alcampo.es/media/hd0/h79/10425176129566.jpg","name":"Hamburguesas de vacuno, estilo americano, sin conservantes ni colorantes, ni gluten ROLER Summumm XXL 2 x 200 g.","price":"4,65 €","offer_price":0,"offer_type":null,"stock":false,"super":"alcampo"},{"img":"https://www.alcampo.es/media/hbe/h6f/9592960024606.jpg","name":"Bandeja con preparado de carne pìcada de vacuno con IGP Ternera Asturiana XATA ROXA","price":"3,25 €","offer_price":0,"offer_type":null,"stock":false,"super":"alcampo"},{"img":"https://www.alcampo.es/media/h91/h69/9487730180126.jpg","name":"Bandeja de mini burger meat de vacuno, elaboradas sin gluten ROLER Tapas 10 x 25 g.","price":"2,35 €","offer_price":0,"offer_type":null,"stock":false,"super":"alcampo"},{"img":"https://www.alcampo.es/media/h5e/h86/8976466509854.jpg","name":"Bandeja de burgers meat de vacuno VILLA DEL MONTE 4 x 150 gr.","price":"3,99 €","offer_price":0,"offer_type":null,"stock":false,"super":"alcampo"},{"img":"https://www.alcampo.es/media/h0b/hc1/10444700712990.jpg","name":"Bandeja de burger meat de entrecot de aguja de vacuno ROLER Summumm 2 x 120 g.","price":"2,99 €","offer_price":0,"offer_type":null,"stock":false,"super":"alcampo"},{"img":"https://www.alcampo.es/media/h23/h6e/9605343772702.jpg","name":"Bandeja de preparado de carne picada de cerdo, elaborada sin gluten ROLER 400 g.","price":"2,95 €","offer_price":0,"offer_type":null,"stock":false,"super":"alcampo"},{"img":"https://www.alcampo.es/media/hf7/hcb/10551677845534.jpg","name":"Bandeja con burger meat de ternera gallega COREN 2 x 120 g.","price":"2,99 €","offer_price":0,"offer_type":null,"stock":false,"super":"alcampo"},{"img":"https://www.alcampo.es/media/hdd/h04/10802778406942.jpg","name":"Bandeja de hamburguesas de pollo con trocitos de queso fundido ALDELÍS 4 x 80 g.","price":"2,59 €","offer_price":0,"offer_type":null,"stock":false,"super":"alcampo"},{"img":"https://www.alcampo.es/media/h5f/hf6/9258411261982.jpg","name":"Bandeja de preparado burguer meat de vacuno VILLA DEL MONTE.","price":"2,58 €","offer_price":0,"offer_type":null,"stock":false,"super":"alcampo"},{"img":"https://www.alcampo.es/media/h57/hc0/10176467304478.jpg","name":"Bandeja con burger meat de pollo con rebozado crujiente EL POZO King 2 x 130 g.","price":"1,98 €","offer_price":0,"offer_type":null,"stock":false,"super":"alcampo"},{"img":"https://www.alcampo.es/media/h5c/h86/9487825272862.jpg","name":"Bandeja de burger meat mixta (vacuno - cerdo), elaboradas sin gluten ROLER 4 x 80 g.","price":"2,65 €","offer_price":0,"offer_type":null,"stock":false,"super":"alcampo"},{"img":"https://www.alcampo.es/media/h46/h95/10717917741086.jpg","name":"Burger meat de pechuga de pavo EL POZO Bienstar pro 4 x 80 g.","price":"1,95 €","offer_price":0,"offer_type":null,"stock":false,"super":"alcampo"},{"img":"https://www.alcampo.es/media/h29/h86/9748080066590.jpg","name":"Bandeja con burger meat de carne de buey 100% certificada VALLES DEL ESLA 2 x 150 g.","price":"4,95 €","offer_price":0,"offer_type":null,"stock":false,"super":"alcampo"},{"img":"https://www.alcampo.es/media/he4/hc9/9593892012062.jpg","name":"Bandeja de preparado de carne picada mixta (vacuno-cerdo), elaborada sin gluten EL POZO 800 g.","price":"4,95 €","offer_price":0,"offer_type":null,"stock":false,"super":"alcampo"},{"img":"https://www.alcampo.es/media/h0a/he3/9192732229662.jpg","name":"Burger meat de vacuno IGP Carne de la Sierra de Guadarrama 2 x 150 g.","price":"2,65 €","offer_price":0,"offer_type":null,"stock":false,"super":"alcampo"},{"img":"https://www.alcampo.es/media/h27/h1c/9258409132062.jpg","name":"Bandeja de preparado burguer meat de vacuno VILLA DEL MONTE.","price":"5,48 €","offer_price":0,"offer_type":null,"stock":false,"super":"alcampo"},{"img":"https://www.alcampo.es/media/h82/h99/10911414616094.jpg","name":"Mini burger meat de canre de vacuno raza Wagyu SANTA ROSALIA 8 x 35 g.","price":"6,49 €","offer_price":0,"offer_type":null,"stock":false,"super":"alcampo"}]