[{"img":"https://www.alcampo.es/media/h40/h31/9216230260766.jpg","name":"Estofado de ternera especial guisos o cocción","price":"3,48 €","offer_price":0,"offer_type":null,"stock":false,"super":"alcampo"},{"img":"https://www.alcampo.es/media/h01/hee/9250774351902.jpg","name":"Filetes de aguja de 1ª B de ternera, especiales freir, plancha o barbacoa","price":"4,17 €","offer_price":0,"offer_type":null,"stock":false,"super":"alcampo"},{"img":"https://www.alcampo.es/media/he3/h04/10804167540766.jpg","name":"Estofado de 2ª de vacuno Villa del monte ALCAMPO PRODUCCIÓN CONTROLADA","price":"5,48 €","offer_price":0,"offer_type":null,"stock":false,"super":"alcampo"},{"img":"https://www.alcampo.es/media/h13/hee/9770379640862.jpg","name":"Preparado de carne picada de ternera ecológica ALCAMPO PRODUCCIÓN CONTROLADA ECOLÓGICO 300 g.","price":"4,25 €","offer_price":0,"offer_type":null,"stock":false,"super":"alcampo"},{"img":"https://www.alcampo.es/media/h1c/hed/8898227339294.jpg","name":"Filetes de babilla de 1ª A de vaca","price":"4,87 €","offer_price":0,"offer_type":null,"stock":false,"super":"alcampo"},{"img":"https://www.alcampo.es/media/h6c/h85/9249020968990.jpg","name":"Morcillo de ternera de 2ª A en trozos, ideal para guisos y cocciones","price":"5,23 €","offer_price":0,"offer_type":null,"stock":false,"super":"alcampo"},{"img":"https://www.alcampo.es/media/hdf/h42/8928178044958.jpg","name":"Entrecot de vacuno, especiales para parilla o placha","price":"8,48 €","offer_price":0,"offer_type":null,"stock":false,"super":"alcampo"},{"img":"https://www.alcampo.es/media/h82/h51/10804174913566.jpg","name":"Filetes de tapa de 1ª A de vacuno Villa del monte ALCAMPO PRODUCCIÓN CONTROLADA","price":"7,48 €","offer_price":0,"offer_type":null,"stock":false,"super":"alcampo"},{"img":"https://www.alcampo.es/media/h32/h49/10891915362334.jpg","name":"Bandeja de estofado con IGP ternera gallega ALCAMPO PRODUCCIÓN CONTROLADA","price":"5,46 €","offer_price":0,"offer_type":null,"stock":false,"super":"alcampo"},{"img":"https://www.alcampo.es/media/h84/h36/10908731047966.jpg","name":"Entrecot de vaca, espeical parilla y barbacoa","price":"2,19 €","offer_price":0,"offer_type":null,"stock":false,"super":"alcampo"},{"img":"https://www.alcampo.es/media/h0a/h11/10444872319006.jpg","name":"Hamburguesas de tenernera ecológica ALCAMPO PRODUCCIÓN CONTROLADA ECOLÓGICO 2 x 120 g.","price":"3,45 €","offer_price":0,"offer_type":null,"stock":false,"super":"alcampo"},{"img":"https://www.alcampo.es/media/h6f/h67/10806356541470.jpg","name":"Filetes para niños de 1ª A de vacuno Villa del monte ALCAMPO PRODUCCIÓN CONTROLADA","price":"5,69 €","offer_price":0,"offer_type":null,"stock":false,"super":"alcampo"},{"img":"https://www.alcampo.es/media/h6b/hf2/10598191431710.jpg","name":"Entrecot de vaca, especiales para parrilla o barbacoa","price":"5,48 €","offer_price":0,"offer_type":null,"stock":false,"super":"alcampo"},{"img":"https://www.alcampo.es/media/hc5/he9/8928081641502.jpg","name":"Filetes de contrade 1ª A de ternera","price":"6,46 €","offer_price":0,"offer_type":null,"stock":false,"super":"alcampo"},{"img":"https://www.alcampo.es/media/h50/h11/9122209792030.jpg","name":"Bandeja de solomillos de ternera cortado en medallón 2 uds.","price":"3,79 €","offer_price":0,"offer_type":null,"stock":false,"super":"alcampo"},{"img":"https://www.alcampo.es/media/hf7/h2a/8928102481950.jpg","name":"Filetes de tapa de 1ª A de ternera","price":"7,12 €","offer_price":0,"offer_type":null,"stock":false,"super":"alcampo"},{"img":"https://www.alcampo.es/media/h6b/h6e/10891973132318.jpg","name":"Filetes de babilla 1ª A de vacuno IGP Ternera Gallega ALCAMPO PRODUCCIÓN CONTROLADA","price":"9,48 €","offer_price":0,"offer_type":null,"stock":false,"super":"alcampo"},{"img":"https://www.alcampo.es/media/h86/h7d/9770375315486.jpg","name":"Filetes de 1ªA de ternera ecológica, especiales plancha o freir ALCAMPO PRODUCCIÓN CONTROLADA ECOLÓGICO","price":"5,24 €","offer_price":0,"offer_type":null,"stock":false,"super":"alcampo"},{"img":"https://www.alcampo.es/media/h9e/hcb/9228100730910.jpg","name":"Filetes de 1ª A de Ternera, especiales para niños","price":"4,24 €","offer_price":0,"offer_type":null,"stock":false,"super":"alcampo"},{"img":"https://www.alcampo.es/media/he9/h2e/8928110673950.jpg","name":"Filetes de babilla de ternera blanca","price":"6,34 €","offer_price":0,"offer_type":null,"stock":false,"super":"alcampo"},{"img":"https://www.alcampo.es/media/h43/hb4/10646598844446.jpg","name":"Lomo de novillo de Irlanda.","price":"10,48 €","offer_price":0,"offer_type":null,"stock":false,"super":"alcampo"},{"img":"https://www.alcampo.es/media/hd9/h28/10908656271390.jpg","name":"Entrecot de lomo de ternera, especial plancha o barbacoa","price":"16,95 €","offer_price":0,"offer_type":null,"stock":false,"super":"alcampo"},{"img":"https://www.alcampo.es/media/h0a/h62/9194597548062.jpg","name":"Entraña de ternera, espeical plancha o barbacoa","price":"3,48 €","offer_price":0,"offer_type":null,"stock":false,"super":"alcampo"},{"img":"https://www.alcampo.es/media/h66/h15/10908648767518.jpg","name":"Chuletón de vaca madurado durante 21 días, ideal para plancha o barbacoa","price":"11,97 €","offer_price":0,"offer_type":null,"stock":false,"super":"alcampo"},{"img":"https://www.alcampo.es/media/h7a/hff/10891977359390.jpg","name":"Morcillo de 2ª de ternera IGP Ternera gallega, especial guisos ALCAMPO PRODUCCIÓN CONTROLADA","price":"5,46 €","offer_price":0,"offer_type":null,"stock":false,"super":"alcampo"},{"img":"https://www.alcampo.es/media/h34/hc2/10806357852190.jpg","name":"Filetes de contra de 1ª A de vacuno Villa del monte ALCAMPO PRODUCCIÓN CONTROLADA","price":"6,43 €","offer_price":0,"offer_type":null,"stock":false,"super":"alcampo"},{"img":"https://www.alcampo.es/media/h55/hb4/10908693135390.jpg","name":"Entrecot de vacuno, especial plancha, parrilla o barbacoa","price":"7,98 €","offer_price":0,"offer_type":null,"stock":false,"super":"alcampo"},{"img":"https://www.alcampo.es/media/h03/h5e/10804170489886.jpg","name":"Morcillo de 2ª de vacuno Villa del monte ALCAMPO PRODUCCIÓN CONTROLADA","price":"5,98 €","offer_price":0,"offer_type":null,"stock":false,"super":"alcampo"},{"img":"https://www.alcampo.es/media/h26/h94/9199607513118.jpg","name":"Estofado de 2ª de vaca, especial guisos","price":"3,94 €","offer_price":0,"offer_type":null,"stock":false,"super":"alcampo"},{"img":"https://www.alcampo.es/media/hd9/h7a/10908786720798.jpg","name":"Entrecot de lomo de vacuno Villa del monte ALCAMPO PRODUCCIÓN CONTROLADA","price":"3,74 €","offer_price":0,"offer_type":null,"stock":false,"super":"alcampo"},{"img":"https://www.alcampo.es/media/hdb/hbc/10806388817950.jpg","name":"Medallones de solomillo de vacuno Villa del monte ALCAMPO PRODUCCIÓN CONTROLADA","price":"11,50 €","offer_price":0,"offer_type":null,"stock":false,"super":"alcampo"},{"img":"https://www.alcampo.es/media/h28/ha1/9302411804702.jpg","name":"Falda de ternera de 3ª en trozos","price":"3,04 €","offer_price":0,"offer_type":null,"stock":false,"super":"alcampo"},{"img":"https://www.alcampo.es/media/h93/h2e/10804178092062.jpg","name":"Entrecot de lomo de vacuno Villa del monte ALCAMPO PRODUCCIÓN CONTROLADA","price":"8,08 €","offer_price":0,"offer_type":null,"stock":false,"super":"alcampo"},{"img":"https://www.alcampo.es/media/ha6/h75/9192731901982.jpg","name":"Morcillo de 2ª cortado dos trozos, especial guisos","price":"4,48 €","offer_price":0,"offer_type":null,"stock":false,"super":"alcampo"},{"img":"https://www.alcampo.es/media/hb3/h31/9302401908766.jpg","name":"Morcillo de ternera de Extremadura","price":"3,11 €","offer_price":0,"offer_type":null,"stock":false,"super":"alcampo"},{"img":"https://www.alcampo.es/media/h19/h45/9302392471582.jpg","name":"Filietes de tapa de 1ª A de ternera blanca","price":"9,06 €","offer_price":0,"offer_type":null,"stock":false,"super":"alcampo"},{"img":"https://www.alcampo.es/media/h9c/h84/8928096256030.jpg","name":"Filetes de espaldilla de 1ª B de ternera","price":"3,18 €","offer_price":0,"offer_type":null,"stock":false,"super":"alcampo"},{"img":"https://www.alcampo.es/media/hc8/h28/10806408249374.jpg","name":"Filetes de aguja de 1ª B de vacuno Villa del monte ALCAMPO PRODUCCIÓN CONTROLADA","price":"4,73 €","offer_price":0,"offer_type":null,"stock":false,"super":"alcampo"},{"img":"https://www.alcampo.es/media/hfb/h91/10908633006110.jpg","name":"Entrecot de lomo de ternera con IGP Ternera de Extremadura","price":"5,83 €","offer_price":0,"offer_type":null,"stock":false,"super":"alcampo"},{"img":"https://www.alcampo.es/media/h01/hc2/9237605449758.jpg","name":"Filetes de tapa de 1ªA de ternera IGP Ternera Asturiana, especial plancha o freir","price":"6,98 €","offer_price":0,"offer_type":null,"stock":false,"super":"alcampo"},{"img":"https://www.alcampo.es/media/h90/h5f/10891922374686.jpg","name":"Entrecot de vacuno con IGP Ternera gallega ALCAMPO PRODUCCIÓN CONTROLADA","price":"13,72 €","offer_price":0,"offer_type":null,"stock":false,"super":"alcampo"},{"img":"https://www.alcampo.es/media/h06/h00/8959190106142.jpg","name":"Filetes de babilla de 1ª A de ternera","price":"7,40 €","offer_price":0,"offer_type":null,"stock":false,"super":"alcampo"},{"img":"https://www.alcampo.es/media/hca/h74/9230273806366.jpg","name":"Filetes tapilla de ternera, especiales para plancha o freir","price":"3,36 €","offer_price":0,"offer_type":null,"stock":false,"super":"alcampo"},{"img":"https://www.alcampo.es/media/he7/h4e/10891919097886.jpg","name":"Filetes de tapa de 1ª A de vacuno IGP Ternera Gallega ALCAMPO PRODUCCIÓN CONTROLADA","price":"9,48 €","offer_price":0,"offer_type":null,"stock":false,"super":"alcampo"},{"img":"https://www.alcampo.es/media/h38/ha9/10804171440158.jpg","name":"Filetes de cadera de 1ª A de vacuno Villa del monte ALCAMPO PRODUCCIÓN CONTROLADA","price":"3,29 €","offer_price":0,"offer_type":null,"stock":false,"super":"alcampo"},{"img":"https://www.alcampo.es/media/hf2/hcb/9302374219806.jpg","name":"Medallones de Solomillo VACUNO IGP(indicación geográfica protegida) CARNE SIERRA DE GUADARRAMA","price":"9,99 €","offer_price":0,"offer_type":null,"stock":false,"super":"alcampo"},{"img":"https://www.alcampo.es/media/h36/hf3/10598185795614.jpg","name":"Entrecot de lomo de vaca, especial para plancha o barbacoa","price":"9,95 €","offer_price":0,"offer_type":null,"stock":false,"super":"alcampo"},{"img":"https://www.alcampo.es/media/hdb/h29/8896260603934.jpg","name":"Filetes de aguja de 1ª B de ternera","price":"3,53 €","offer_price":0,"offer_type":null,"stock":false,"super":"alcampo"}]