[{"img":"https://www.alcampo.es/media/hf1/h1d/10492939894814.jpg","name":"Batido con sabor a chocolate, elaborado con un 90% de leche PULEVA 6 x 200 ml.","price":"1,78 €","offer_price":0,"offer_type":null,"stock":false,"super":"alcampo"},{"img":"https://www.alcampo.es/media/h2c/hb3/10758617333790.jpg","name":"Batido con sabor chocolate PRODUCTO ALCAMPO 6 x 200 ml.","price":"0,98 €","offer_price":0,"offer_type":null,"stock":false,"super":"alcampo"},{"img":"https://www.alcampo.es/media/h9e/h58/10774965813278.jpg","name":"Batido de cacao elaborado según la receta original CACAOLAT Original 1 l.","price":"1,74 €","offer_price":0,"offer_type":null,"stock":false,"super":"alcampo"},{"img":"https://www.alcampo.es/media/h4b/he2/10775002644510.jpg","name":"Batido de chocolate CACAOLAT Original 6 x 200 ml.","price":"2,59 €","offer_price":0,"offer_type":null,"stock":false,"super":"alcampo"},{"img":"https://www.alcampo.es/media/h05/h8f/10110974165022.jpg","name":"Batido de leche enriquecida con cacao COLACAO Energy 9 x 188 ml.","price":"4,24 €","offer_price":0,"offer_type":null,"stock":false,"super":"alcampo"},{"img":"https://www.alcampo.es/media/he8/h96/10470237831198.jpg","name":"Batido de chocolate sin colorantes ni conservantes ni azúcares añadidos PULEVA Zero 6 x 200 ml.","price":"1,98 €","offer_price":0,"offer_type":null,"stock":false,"super":"alcampo"},{"img":"https://www.alcampo.es/media/h5f/h71/10819227385886.jpg","name":"Batido con sabor a chocolate PRODUCTO ALCAMPO 1 l.","price":"0,81 €","offer_price":0,"offer_type":null,"stock":false,"super":"alcampo"},{"img":"https://www.alcampo.es/media/h29/h4e/10774973349918.jpg","name":"Batido de chocolate sin azúcares añadidos CACAOLAT 0% 1 l","price":"1,84 €","offer_price":0,"offer_type":null,"stock":false,"super":"alcampo"},{"img":"https://www.alcampo.es/media/ha8/hb2/10477618954270.jpg","name":"Batido con sabor a chocolate, elaborado con un 90% de leche PULEVA 1 l.","price":"1,14 €","offer_price":0,"offer_type":null,"stock":false,"super":"alcampo"},{"img":"https://www.alcampo.es/media/h02/hcc/10240707690526.jpg","name":"Batido con sabor a vainilla PRODUCTO ALCAMPO 6 x 200 ml.","price":"1,08 €","offer_price":0,"offer_type":null,"stock":false,"super":"alcampo"},{"img":"https://www.alcampo.es/media/h5a/h27/10834243092510.jpg","name":"Batido de chocolate, elaborado sin edulcorantes y con un 30% menos de azúcares añadidos PASCUAL 6 x 200 ml.","price":"1,87 €","offer_price":0,"offer_type":null,"stock":false,"super":"alcampo"},{"img":"https://www.alcampo.es/media/h35/h84/9470673158174.jpg","name":"Bebida de soja de origen 100% vegetal y sabor a chocolate VIVESOY de Pascual 1 l.","price":"1,25 €","offer_price":0,"offer_type":null,"stock":false,"super":"alcampo"},{"img":"https://www.alcampo.es/media/ha8/hb4/10632196849694.jpg","name":"Batido de fresa PRODUCTO ALCAMPO pack 6 uds. x 20 ml.","price":"1,08 €","offer_price":0,"offer_type":null,"stock":false,"super":"alcampo"},{"img":"https://www.alcampo.es/media/h3f/hd2/10493020799006.jpg","name":"Batido con sabor a chocolate, sin lactosa y elaborado con un 90% de leche PULEVA 6 x 200 ml.","price":"1,78 €","offer_price":0,"offer_type":null,"stock":false,"super":"alcampo"},{"img":"https://www.alcampo.es/media/h64/h06/9157167972382.jpg","name":"Batido de chocolate 100% natural CENTRAL LECHERA ASTURIANA 6 x 200 ml.","price":"1,86 €","offer_price":0,"offer_type":null,"stock":false,"super":"alcampo"},{"img":"https://www.alcampo.es/media/h44/hb6/10477552107550.jpg","name":"Batido con sabor a vainilla, elaborado con un 90% de leche PULEVA 6 x 200 ml.","price":"1,78 €","offer_price":0,"offer_type":null,"stock":false,"super":"alcampo"},{"img":"https://www.alcampo.es/media/ha9/h7b/10801826299934.jpg","name":"Bebida de soja UHT con sabor a chocolate ALPRO 1 l.","price":"1,60 €","offer_price":0,"offer_type":null,"stock":false,"super":"alcampo"},{"img":"https://www.alcampo.es/media/h05/h0e/10477554303006.jpg","name":"Batido con sabor a fresa, elaborado con un 90% de leche PULEVA 6 x 200 ml.","price":"1,78 €","offer_price":0,"offer_type":null,"stock":false,"super":"alcampo"},{"img":"https://www.alcampo.es/media/h57/ha5/9280776044574.jpg","name":"Batido de chocolate CENTRAL LECHERA ASTURIANA 1 l.","price":"1,18 €","offer_price":0,"offer_type":null,"stock":false,"super":"alcampo"},{"img":"https://www.alcampo.es/media/hac/hdf/10459899396126.jpg","name":"Batido con sabor a fresa PRODUCTO ALCAMPO botella 1 l.","price":"0,84 €","offer_price":0,"offer_type":null,"stock":false,"super":"alcampo"},{"img":"https://www.alcampo.es/media/h7f/h75/9374783504414.jpg","name":"Batido de cacao cremoso COLACAO SHAKE 200 ml.","price":"1,08 €","offer_price":0,"offer_type":null,"stock":false,"super":"alcampo"},{"img":"https://www.alcampo.es/media/h91/h43/9659358969886.jpg","name":"Batido con sabor a vainilla OKEY 75 cl","price":"0,99 €","offer_price":0,"offer_type":null,"stock":false,"super":"alcampo"},{"img":"https://www.alcampo.es/media/h83/hc2/10477534347294.jpg","name":"Batido con sabor a vainilla, elaborado con un 90% de leche PULEVA 1 l.","price":"1,14 €","offer_price":0,"offer_type":null,"stock":false,"super":"alcampo"},{"img":"https://www.alcampo.es/media/h8d/h95/9659234975774.jpg","name":"Batido con sabor a cacao OKEY 75 cl.","price":"0,99 €","offer_price":0,"offer_type":null,"stock":false,"super":"alcampo"},{"img":"https://www.alcampo.es/media/he4/h3f/10739990396958.jpg","name":"Batido con sabor a vainilla PRODUCTO ALCAMPO 1 l.","price":"0,84 €","offer_price":0,"offer_type":null,"stock":false,"super":"alcampo"},{"img":"https://www.alcampo.es/media/h01/h5d/8900226252830.jpg","name":"Chocolate preparado KAIKU Choco latte original 230 ml.","price":"1,45 €","offer_price":0,"offer_type":null,"stock":false,"super":"alcampo"},{"img":"https://www.alcampo.es/media/h09/h17/10801848680478.jpg","name":"Bebida de soja UHT con sabor a vainilla ALPRO 1 l","price":"1,60 €","offer_price":0,"offer_type":null,"stock":false,"super":"alcampo"},{"img":"https://www.alcampo.es/media/h98/h09/9374811750430.jpg","name":"Batido de cacao cremoso 0% materia grasa COLACAO SHAKE 200 ml.","price":"1,08 €","offer_price":0,"offer_type":null,"stock":false,"super":"alcampo"},{"img":"https://www.alcampo.es/media/h5d/h38/10477532053534.jpg","name":"Batido con sabor a fresa, elaborado con un 90% de leche PULEVA 1 l.","price":"1,14 €","offer_price":0,"offer_type":null,"stock":false,"super":"alcampo"},{"img":"https://www.alcampo.es/media/hb3/h3c/10111141380126.jpg","name":"Batido de leche UHT enriquecida con cacao COLACAO Energy 3 x 188 ml","price":"1,63 €","offer_price":0,"offer_type":null,"stock":false,"super":"alcampo"},{"img":"https://www.alcampo.es/media/hc3/h3f/9659286421534.jpg","name":"Batido con sabor a fresa OKEY 75 cl.","price":"1,08 €","offer_price":0,"offer_type":null,"stock":false,"super":"alcampo"},{"img":"https://www.alcampo.es/media/h0a/h9a/10464072892446.jpg","name":"Batido de chocolate con un 92% de leche MILKA Shake 3 x 200 ml.","price":"1,42 €","offer_price":0,"offer_type":null,"stock":false,"super":"alcampo"},{"img":"https://www.alcampo.es/media/hfd/heb/10247640383518.jpg","name":"Batido con con sabor a vainilla caramelizada CENTRAL LECHERA ASTURIANA Suprema go 250 ml.","price":"0,62 €","offer_price":0,"offer_type":null,"stock":false,"super":"alcampo"},{"img":"https://www.alcampo.es/media/h7f/h8a/10798532231198.jpg","name":"Batido al cacao elaborado sin gluten y con ingredientes 100% naturales NESQUIK All natural 3 x 180 ml.","price":"1,34 €","offer_price":0,"offer_type":null,"stock":false,"super":"alcampo"},{"img":"https://www.alcampo.es/media/h5d/hfb/10834187059230.jpg","name":"Batido de vainilla, elaborado sin edulcorantes y con un 37% menos de azúcares añadidos PASCUAL 6 x 200 ml.","price":"1,87 €","offer_price":0,"offer_type":null,"stock":false,"super":"alcampo"},{"img":"https://www.alcampo.es/media/h0d/ha7/9280774570014.jpg","name":"Batido de vainilla CENTRAL LECHERA ASTURIANA 1 l.","price":"1,18 €","offer_price":0,"offer_type":null,"stock":false,"super":"alcampo"},{"img":"https://www.alcampo.es/media/hdc/h45/10167127703582.jpg","name":"Batido de leche enriquecida con cacao COLACAO Energy 3 x 200 ml.","price":"1,48 €","offer_price":0,"offer_type":null,"stock":false,"super":"alcampo"},{"img":"https://www.alcampo.es/media/he6/hd0/9768203190302.jpg","name":"Batido chocolate sin lactosa y sin azúcares añadidos y con alto contenido en proteínas ARLA Shake 250 ml.","price":"1,78 €","offer_price":0,"offer_type":null,"stock":false,"super":"alcampo"},{"img":"https://www.alcampo.es/media/hd1/h1c/8927369592862.jpg","name":"Batido de Soja y Cacao C.L. ASTURIANA 3 uds de 250 Milils","price":"1,62 €","offer_price":0,"offer_type":null,"stock":false,"super":"alcampo"},{"img":"https://www.alcampo.es/media/hb2/h6e/10167155851294.jpg","name":"Batido de leche enriquecida con cacao COLACAO Energy 750 ml.","price":"1,24 €","offer_price":0,"offer_type":null,"stock":false,"super":"alcampo"},{"img":"https://www.alcampo.es/media/h16/h6b/10233956171806.jpg","name":"Batido con sabor a chocolate, elaborado con un 95% de leche CACAOLAT 6 x 200 ml.","price":"2,64 €","offer_price":0,"offer_type":null,"stock":false,"super":"alcampo"},{"img":"https://www.alcampo.es/media/h7f/hd4/10834255216670.jpg","name":"Batido de fresa, elaborado sin edulcorantes y con un 37% menos de azúcares añadidos PASCUAL 6 x 200 ml.","price":"1,95 €","offer_price":0,"offer_type":null,"stock":false,"super":"alcampo"},{"img":"https://www.alcampo.es/media/heb/h20/9631837159454.jpg","name":"Batido de chocolate sin lactosa KAIKU 3 x 200 ml.","price":"1,41 €","offer_price":0,"offer_type":null,"stock":false,"super":"alcampo"},{"img":"https://www.alcampo.es/media/h9a/hcd/9465078611998.jpg","name":"Batido chocolate bajo en azúcar y con alto contenido en proteínas ARLA 470 ml.<br>","price":"1,89 €","offer_price":0,"offer_type":null,"stock":false,"super":"alcampo"},{"img":"https://www.alcampo.es/media/h6e/hdc/10236078555166.jpg","name":"Batido de chocolate, elaborado sin lactosa CACAOLAT 4 x 200 ml.","price":"2,79 €","offer_price":0,"offer_type":null,"stock":false,"super":"alcampo"},{"img":"https://www.alcampo.es/media/h21/he1/10236064497694.jpg","name":"Batido de chocolate sin azúcares añadidos CACAOLAT 0% 4 x 200 ml.","price":"2,68 €","offer_price":0,"offer_type":null,"stock":false,"super":"alcampo"},{"img":"https://www.alcampo.es/media/hb1/he3/9738372579358.jpg","name":"Batido de chocolate elaborado con leche de origen gallego FEIRACO 3 x 200 ml.","price":"0,75 €","offer_price":0,"offer_type":null,"stock":false,"super":"alcampo"},{"img":"https://www.alcampo.es/media/he6/h46/9659298316318.jpg","name":"Batido esterilizado con sabor a chocolate OKEY 3 x 188 ml.","price":"1,49 €","offer_price":0,"offer_type":null,"stock":false,"super":"alcampo"},{"img":"https://www.alcampo.es/media/h4d/hf1/10472588836894.jpg","name":"Horchata de chufa con denominación de origen Chufa de Valencia CHUFI Original 1 l.","price":"1,34 €","offer_price":0,"offer_type":null,"stock":false,"super":"alcampo"},{"img":"https://www.alcampo.es/media/h14/h1b/10420631535646.jpg","name":"Horchata de chufa con denominación de origen Chufa de Valencia PRODUCTO ALCAMPO botella de 1 l","price":"1,15 €","offer_price":0,"offer_type":null,"stock":false,"super":"alcampo"},{"img":"https://www.alcampo.es/media/h79/h4a/10481923817502.jpg","name":"Horchata de textura espesa y sabor más intenso CHUFI Maestro horchatero 1 l.","price":"1,67 €","offer_price":0,"offer_type":null,"stock":false,"super":"alcampo"},{"img":"https://www.alcampo.es/media/he8/h4e/10468030283806.jpg","name":"Leche merengada (sabor a canela y limón) RAM 1 l.","price":"1,38 €","offer_price":0,"offer_type":null,"stock":false,"super":"alcampo"},{"img":"https://www.alcampo.es/media/hde/hdc/10470283837470.jpg","name":"Horchata sin azúcares añadidos, elaborada con chufa 100% de Valencia CHUFI 1l.","price":"1,34 €","offer_price":0,"offer_type":null,"stock":false,"super":"alcampo"},{"img":"https://www.alcampo.es/media/hf1/hf3/10470276038686.jpg","name":"Horchata con denominación de origen Chufa de Valencia CHUFI 3 x 250 ml.","price":"1,59 €","offer_price":0,"offer_type":null,"stock":false,"super":"alcampo"},{"img":"https://www.alcampo.es/media/h32/he2/9543192838174.jpg","name":"Horchata de chufa, receta tradicional valenciana, sin gluten y sin lactosa MERCADER 330 ml.","price":"0,75 €","offer_price":0,"offer_type":null,"stock":false,"super":"alcampo"},{"img":"https://www.alcampo.es/media/h4f/hd1/8960117899294.jpg","name":"Horchata de Chufa ecológica COSTA 1 l.","price":"2,71 €","offer_price":0,"offer_type":null,"stock":false,"super":"alcampo"},{"img":"https://www.alcampo.es/media/h23/hf4/9198892810270.jpg","name":"Horchata de chufa, elaborada según la receta tradicional valenciana MERCADER 1 l.","price":"1,45 €","offer_price":0,"offer_type":null,"stock":false,"super":"alcampo"},{"img":"https://www.alcampo.es/media/haf/h56/9204719419422.jpg","name":"Horchata de chufa sin lactosa, ni proteína lactea y sin azúcares añadidos MERCADER 1 l.","price":"1,34 €","offer_price":0,"offer_type":null,"stock":false,"super":"alcampo"},{"img":"https://www.alcampo.es/media/hcc/h21/10470152568862.jpg","name":"Horchata fresca con denominación de origen Chufa de Valencia CHUFI 750 ml.","price":"2,75 €","offer_price":0,"offer_type":null,"stock":false,"super":"alcampo"}]