[{"img":"https://www.alcampo.es/media/h12/h8a/10793547661342.jpg","name":"Bebida de avena con alto contenido de calcio y vitamina D PRODUCTO ALCAMPO 1 l.","price":"0,89 €","offer_price":0,"offer_type":null,"stock":false,"super":"alcampo"},{"img":"https://www.alcampo.es/media/h06/h3d/10005393047582.jpg","name":"Bebida de almendras UHT sin azúcar ni edulcorantes ALPRO 1 l.","price":"1,75 €","offer_price":0,"offer_type":null,"stock":false,"super":"alcampo"},{"img":"https://www.alcampo.es/media/h70/ha4/10005858451486.jpg","name":"Bebida de avena UHT sin azúcares añadidos ALPRO 1 l.","price":"1,64 €","offer_price":0,"offer_type":null,"stock":false,"super":"alcampo"},{"img":"https://www.alcampo.es/media/h2d/hbd/10445380190238.jpg","name":"Bebida de avena ALCAMPO ECOLÓGICO 1 l.","price":"1,38 €","offer_price":0,"offer_type":null,"stock":false,"super":"alcampo"},{"img":"https://www.alcampo.es/media/hde/h22/9465712050206.jpg","name":"Bebida de avena de origen 100% vegetal y sabor natural VIVESOY de Pascual 1 l.","price":"1,48 €","offer_price":0,"offer_type":null,"stock":false,"super":"alcampo"},{"img":"https://www.alcampo.es/media/h0f/h21/10005392719902.jpg","name":"Bebida de avena UHT sin azúcar ni edulcorantes ALPRO 1 l","price":"1,75 €","offer_price":0,"offer_type":null,"stock":false,"super":"alcampo"},{"img":"https://www.alcampo.es/media/h68/hc0/10793475702814.jpg","name":"Bebida de soja sin gluten y enriquecida con calcio y vitaminas A y D PRODUCTO ALCAMPO 1 l.","price":"0,78 €","offer_price":0,"offer_type":null,"stock":false,"super":"alcampo"},{"img":"https://www.alcampo.es/media/haa/h3d/10005383741470.jpg","name":"Bebida de almendras UHT baja en grasas ALPRO 1 l.","price":"1,75 €","offer_price":0,"offer_type":null,"stock":false,"super":"alcampo"},{"img":"https://www.alcampo.es/media/h73/hda/10492927541278.jpg","name":"Bebida de arroz ALCAMPO ECOLÓGICO 1 l.","price":"1,38 €","offer_price":0,"offer_type":null,"stock":false,"super":"alcampo"},{"img":"https://www.alcampo.es/media/h5a/h14/10793538224158.jpg","name":"Bebida de almendras con alto contenido de calcio y vitaminas A, D y B12 PRODUCTO ALCAMPO 1 l.","price":"1,19 €","offer_price":0,"offer_type":null,"stock":false,"super":"alcampo"},{"img":"https://www.alcampo.es/media/h92/h99/10801828724766.jpg","name":"Bebida de avena, Barista OAT-L| 1 l.","price":"2,38 €","offer_price":0,"offer_type":null,"stock":false,"super":"alcampo"},{"img":"https://www.alcampo.es/media/hcc/heb/10546696552478.jpg","name":"Bebida de soja de origen 100% vegetal y sabor clásico VIVESOY de Pascual 1 l.","price":"1,24 €","offer_price":0,"offer_type":null,"stock":false,"super":"alcampo"},{"img":"https://www.alcampo.es/media/h42/h83/10793644720158.jpg","name":"Bebida de arroz con alto contenido de calcio y vitamina D PRODUCTO ALCAMPO 1 l.","price":"0,89 €","offer_price":0,"offer_type":null,"stock":false,"super":"alcampo"},{"img":"https://www.alcampo.es/media/hf2/h82/10445181124638.jpg","name":"Bebida de soja UHT de sabor suave y sin azúcares ni edulcorantes ALPRO 1 l.","price":"1,30 €","offer_price":0,"offer_type":null,"stock":false,"super":"alcampo"},{"img":"https://www.alcampo.es/media/hde/haf/10005884960798.jpg","name":"Bebida de arroz UHT sin azúcares añadidos ALPRO 1 l.","price":"1,75 €","offer_price":0,"offer_type":null,"stock":false,"super":"alcampo"},{"img":"https://www.alcampo.es/media/h7c/h53/10546738364446.jpg","name":"Bebida de soja de origen 100% vegetal, ligera VIVESOY de Pascual 1 l.","price":"1,24 €","offer_price":0,"offer_type":null,"stock":false,"super":"alcampo"},{"img":"https://www.alcampo.es/media/hf9/hbb/10444813926430.jpg","name":"Bebida de soja ligera UHt, baja en grasas ALPRO 1 l.","price":"1,30 €","offer_price":0,"offer_type":null,"stock":false,"super":"alcampo"},{"img":"https://www.alcampo.es/media/h12/h80/10033961369630.jpg","name":"Bebida de almendras sin azúcares añadidos KAIKU BEGETAL 1 l.","price":"1,50 €","offer_price":0,"offer_type":null,"stock":false,"super":"alcampo"},{"img":"https://www.alcampo.es/media/h82/hb5/8898904064030.jpg","name":"Bebida de avena OATLY 1 litro","price":"1,98 €","offer_price":0,"offer_type":null,"stock":false,"super":"alcampo"},{"img":"https://www.alcampo.es/media/h6c/h81/10033736679454.jpg","name":"Bebida de avena sin azúcares añadidos KAIKU BEGETAL 1 l.","price":"1,50 €","offer_price":0,"offer_type":null,"stock":false,"super":"alcampo"},{"img":"https://www.alcampo.es/media/hb2/h86/9605356912670.jpg","name":"Batido de Soja Calcimel SANTIVERI 1 l.","price":"1,74 €","offer_price":0,"offer_type":null,"stock":false,"super":"alcampo"},{"img":"https://www.alcampo.es/media/h4b/h7f/9666920808478.jpg","name":"Bebida de avena ecológica, enriquecida con calcio y sin azúcares añadidos SORIA NATURAL 1 l.","price":"1,55 €","offer_price":0,"offer_type":null,"stock":false,"super":"alcampo"},{"img":"https://www.alcampo.es/media/hc0/h0b/8952358797342.jpg","name":"Bebida de avena calcio con betaglucanos GERBLÉ 1 l.","price":"2,09 €","offer_price":0,"offer_type":null,"stock":false,"super":"alcampo"},{"img":"https://www.alcampo.es/media/h35/h84/9470673158174.jpg","name":"Bebida de soja de origen 100% vegetal y sabor a chocolate VIVESOY de Pascual 1 l.","price":"1,25 €","offer_price":0,"offer_type":null,"stock":false,"super":"alcampo"},{"img":"https://www.alcampo.es/media/h2b/hc3/10793654321182.jpg","name":"Bebida de soja sin gluten, enriquecida con caclio y vitaminas A y D PRODUCTO ALCAMPO 6 x 1l.","price":"4,68 €","offer_price":0,"offer_type":null,"stock":false,"super":"alcampo"},{"img":"https://www.alcampo.es/media/had/h4f/10496738918430.jpg","name":"Bebida de avena especial para café ALPRO 1 l.","price":"2,09 €","offer_price":0,"offer_type":null,"stock":false,"super":"alcampo"},{"img":"https://www.alcampo.es/media/h3f/ha2/9470716149790.jpg","name":"Bebida de soja de origen 100% vegetal y sabor a vainilla VIVESOY de Pascual 1 l.","price":"1,25 €","offer_price":0,"offer_type":null,"stock":false,"super":"alcampo"},{"img":"https://www.alcampo.es/media/hc5/h44/10772059881502.jpg","name":"Bebida de soja ligera (100% vegetal), con alto contenido en proteínas DON SIMÓN 1 l","price":"0,68 €","offer_price":0,"offer_type":null,"stock":false,"super":"alcampo"},{"img":"https://www.alcampo.es/media/hc3/hea/10444790104094.jpg","name":"Bebida de soja UHT rica en proteína vegetal ALPRO 1 l.","price":"1,30 €","offer_price":0,"offer_type":null,"stock":false,"super":"alcampo"},{"img":"https://www.alcampo.es/media/hac/h92/8922952695838.jpg","name":"Bebida de avena SANTIVERI, 1 l.","price":"2,11 €","offer_price":0,"offer_type":null,"stock":false,"super":"alcampo"},{"img":"https://www.alcampo.es/media/h57/hfa/10444796166174.jpg","name":"Bebida de avena ecológica SORIA NATURAL 1 l.","price":"1,78 €","offer_price":0,"offer_type":null,"stock":false,"super":"alcampo"},{"img":"https://www.alcampo.es/media/h5c/h5f/10444811206686.jpg","name":"Bebida de soja ligera ALPRO 6 x 1 l.","price":"7,80 €","offer_price":0,"offer_type":null,"stock":false,"super":"alcampo"},{"img":"https://www.alcampo.es/media/h39/haa/9771235803166.jpg","name":"Bebida de avena ALCAMPO ECOLÓGICO brick de 1 litro pack de 6 uds.","price":"7,29 €","offer_price":0,"offer_type":null,"stock":false,"super":"alcampo"},{"img":"https://www.alcampo.es/media/h98/h19/8922951450654.jpg","name":"Bebida de avena SANTIVERI Lactavena Bio 1 l.","price":"2,27 €","offer_price":0,"offer_type":null,"stock":false,"super":"alcampo"},{"img":"https://www.alcampo.es/media/haf/h91/10447129083934.jpg","name":"Bebida de almendras ALCAMPO ECOLÓGICO 1 l.","price":"1,78 €","offer_price":0,"offer_type":null,"stock":false,"super":"alcampo"},{"img":"https://www.alcampo.es/media/h2c/hde/9465819070494.jpg","name":"Bebida de soja natural ecológico GERBLE 1 l.","price":"2,09 €","offer_price":0,"offer_type":null,"stock":false,"super":"alcampo"},{"img":"https://www.alcampo.es/media/h67/h33/10459895955486.jpg","name":"Bebida de soja natural ALCAMPO ECOLÓGICO brick de 1 l.","price":"1,35 €","offer_price":0,"offer_type":null,"stock":false,"super":"alcampo"},{"img":"https://www.alcampo.es/media/h90/h98/9464864669726.jpg","name":"Bebida de soja natural con calcio ALCAMPO ECOLÓGICO 1 l.","price":"1,15 €","offer_price":0,"offer_type":null,"stock":false,"super":"alcampo"},{"img":"https://www.alcampo.es/media/h62/ha8/10806454812702.jpg","name":"Bebida de soja sin azúcares añadidos ni gluten PRODUCTO ALCAMPO 1 l.","price":"0,95 €","offer_price":0,"offer_type":null,"stock":false,"super":"alcampo"},{"img":"https://www.alcampo.es/media/hfc/hb6/10210134163486.jpg","name":"Bebida de mix de frutos secos (almendras, avellanas, nueces y anacardos), sin azúcar VIVESOY Fusión 1 l.","price":"1,40 €","offer_price":0,"offer_type":null,"stock":false,"super":"alcampo"},{"img":"https://www.alcampo.es/media/hf2/he1/10444752584734.jpg","name":"Bebida de soja 100% vegetal y rica en proteina ALPRO 6 x 1l.","price":"7,80 €","offer_price":0,"offer_type":null,"stock":false,"super":"alcampo"},{"img":"https://www.alcampo.es/media/h5f/h51/10021444354078.jpg","name":"Bebida de avena con calcio DIET RADISSON 1 l.","price":"1,89 €","offer_price":0,"offer_type":null,"stock":false,"super":"alcampo"},{"img":"https://www.alcampo.es/media/hbc/hce/9770106257438.jpg","name":"Bebida de avena y chocolate OAT-LY 1 l.","price":"2,63 €","offer_price":0,"offer_type":null,"stock":false,"super":"alcampo"},{"img":"https://www.alcampo.es/media/h5b/h63/10806351527966.jpg","name":"Bebida de arroz ALCAMPO ECOLÓGICO brick de 1 litro pack de 6 uds.","price":"7,99 €","offer_price":0,"offer_type":null,"stock":false,"super":"alcampo"},{"img":"https://www.alcampo.es/media/hbb/h7e/9470715265054.jpg","name":"Bebida de soja de origen 100% vegetal, con sabor a capucchino VIVESOY de Pascual 1 l.","price":"1,25 €","offer_price":0,"offer_type":null,"stock":false,"super":"alcampo"},{"img":"https://www.alcampo.es/media/h45/h4d/10444966395934.jpg","name":"Bebida de soja de origen 100% vegetal, ligera VIVESOY de Pascual 6 x 1 l.","price":"7,44 €","offer_price":0,"offer_type":null,"stock":false,"super":"alcampo"},{"img":"https://www.alcampo.es/media/hd6/h3c/10610881626142.jpg","name":"Bebida de arroz y almendra biológico PROVAMEL 1 l.","price":"2,63 €","offer_price":0,"offer_type":null,"stock":false,"super":"alcampo"},{"img":"https://www.alcampo.es/media/h1a/hce/8898391179294.jpg","name":"Bebida de arroz y coco ecológica PROVAMEL 200 ml.","price":"1,08 €","offer_price":0,"offer_type":null,"stock":false,"super":"alcampo"},{"img":"https://www.alcampo.es/media/hd0/h93/10472629075998.jpg","name":"Preparado lacteo desnatado, enriquecido con avena, ácido oleico y Omega 3 PULEVA Omega 3 1 l.","price":"1,24 €","offer_price":0,"offer_type":null,"stock":false,"super":"alcampo"},{"img":"https://www.alcampo.es/media/h22/h73/10021425676318.jpg","name":"Bebida de arroz con avellanas ecológicas DIET-RADISSON 1 l.","price":"2,95 €","offer_price":0,"offer_type":null,"stock":false,"super":"alcampo"},{"img":"https://www.alcampo.es/media/h93/h85/10493031907358.jpg","name":"Bebida ecológica de soja sabor vainilla ALCAMPO ECOLÓGICO 1 l.","price":"1,49 €","offer_price":0,"offer_type":null,"stock":false,"super":"alcampo"},{"img":"https://www.alcampo.es/media/h1c/hd2/10444924256286.jpg","name":" Bebida de soja de origen 100% vegetal y sabor clásico VIVESOY de Pascual 6 x 1 l.","price":"7,44 €","offer_price":0,"offer_type":null,"stock":false,"super":"alcampo"},{"img":"https://www.alcampo.es/media/h3a/h1c/10614290153502.jpg","name":"Batido de soja ecológico SANTIVERI, 1 l.","price":"1,75 €","offer_price":0,"offer_type":null,"stock":false,"super":"alcampo"},{"img":"https://www.alcampo.es/media/h01/h51/10610797576222.jpg","name":"Bebida de arroz y coco biológico PROVAMEL 1 l.","price":"2,54 €","offer_price":0,"offer_type":null,"stock":false,"super":"alcampo"},{"img":"https://www.alcampo.es/media/h1d/h81/10472577466398.jpg","name":"Preparado lacteo desnatado, enriquecido con almendras, ácido oleico y Omega 3 PULEVA Omega 3 1 l.","price":"1,24 €","offer_price":0,"offer_type":null,"stock":false,"super":"alcampo"},{"img":"https://www.alcampo.es/media/h26/h45/10156855132190.jpg","name":"Bebida de arroz ecológica SORIA NATURAL 1 l.","price":"1,79 €","offer_price":0,"offer_type":null,"stock":false,"super":"alcampo"},{"img":"https://www.alcampo.es/media/hcf/hd2/10445197541406.jpg","name":"Bebida de soja de sabor suave y sin azucares ALPRO 6 x 1 l.","price":"7,80 €","offer_price":0,"offer_type":null,"stock":false,"super":"alcampo"},{"img":"https://www.alcampo.es/media/h02/hc1/10445389561886.jpg","name":"Bebida de soja sabor chocolate ALCAMPO ECOLÓGICO 1 l.","price":"1,49 €","offer_price":0,"offer_type":null,"stock":false,"super":"alcampo"},{"img":"https://www.alcampo.es/media/hcd/h35/8960191168542.jpg","name":"Bebida de avena y almendras GERBLÉ 1 l.","price":"2,88 €","offer_price":0,"offer_type":null,"stock":false,"super":"alcampo"},{"img":"https://www.alcampo.es/media/hf4/h36/8946179899422.jpg","name":"Bebida de almendras NECTINA, 1 l.","price":"1,99 €","offer_price":0,"offer_type":null,"stock":false,"super":"alcampo"},{"img":"https://www.alcampo.es/media/h4c/h3b/9605473533982.jpg","name":"Bebida de soja ligera con calcio SANTIVERI 1 l.","price":"1,59 €","offer_price":0,"offer_type":null,"stock":false,"super":"alcampo"},{"img":"https://www.alcampo.es/media/h9b/hdf/8952550195230.jpg","name":"Bebida de Soja Con Calcio GERBLE 1 l.","price":"2,14 €","offer_price":0,"offer_type":null,"stock":false,"super":"alcampo"},{"img":"https://www.alcampo.es/media/h65/h7f/10226727321630.jpg","name":"Leche de Almendra ALMENDRINA 1 l.","price":"2,09 €","offer_price":0,"offer_type":null,"stock":false,"super":"alcampo"},{"img":"https://www.alcampo.es/media/h87/h06/8952695947294.jpg","name":"Bebida vegetal de quinoa y arroz QUINUA REAL, 1 l.","price":"2,49 €","offer_price":0,"offer_type":null,"stock":false,"super":"alcampo"},{"img":"https://www.alcampo.es/media/h98/h69/8893849010206.jpg","name":"Bebida de soja de origen 100% vegetal, con sabor natural y que ayuda a controlar el colesterol VIVESOY de Pascual 3 x 250 ml.","price":"1,64 €","offer_price":0,"offer_type":null,"stock":false,"super":"alcampo"},{"img":"https://www.alcampo.es/media/h29/hcf/8922425622558.jpg","name":"Bebida de soja sabor avellanas GERBLE 1 l.","price":"2,20 €","offer_price":0,"offer_type":null,"stock":false,"super":"alcampo"},{"img":"https://www.alcampo.es/media/hb3/h2e/10801782030366.jpg","name":"Bebida de soja con sabor a chocolate ALPRO 6 x 1 l.","price":"9,60 €","offer_price":0,"offer_type":null,"stock":false,"super":"alcampo"},{"img":"https://www.alcampo.es/media/hab/h9b/8868891787294.jpg","name":"Bebida de almendras de cultivo ecológico SANTIVERI 1 l.","price":"2,58 €","offer_price":0,"offer_type":null,"stock":false,"super":"alcampo"},{"img":"https://www.alcampo.es/media/h48/hc2/10610855968798.jpg","name":"Bebida de arroz con calcio ecológica SANTIVERI PROVAMEL 1 l.","price":"2,99 €","offer_price":0,"offer_type":null,"stock":false,"super":"alcampo"},{"img":"https://www.alcampo.es/media/h3a/h91/10396988833822.jpg","name":"Bebida de avena y cacao elaborada con ingredientes 100% naturales NESQUIK Go vegetal 3 x 180 ml.","price":"1 €","offer_price":0,"offer_type":null,"stock":false,"super":"alcampo"},{"img":"https://www.alcampo.es/media/h7f/h25/8960160530462.jpg","name":"Bebida de avena biológica CEREAL BIO 1 l.","price":"2,85 €","offer_price":0,"offer_type":null,"stock":false,"super":"alcampo"},{"img":"https://www.alcampo.es/media/h1a/hc1/8902463651870.jpg","name":"Crema de almendras ALMENDRINA 900 g.","price":"6,09 €","offer_price":0,"offer_type":null,"stock":false,"super":"alcampo"},{"img":"https://www.alcampo.es/media/hd6/h84/9380044996638.jpg","name":"Batido de soja ecológico de chocolate BJORG, 3 uds x 250 ml.","price":"3,61 €","offer_price":0,"offer_type":null,"stock":false,"super":"alcampo"},{"img":"https://www.alcampo.es/media/h83/hbe/10472614330398.jpg","name":"Preaprado lacteo desnatado, enriquecido con almendras, ácido oleico y Omega 3 PULEVA Omega 3 6 x 1l.","price":"7,44 €","offer_price":0,"offer_type":null,"stock":false,"super":"alcampo"},{"img":"https://www.alcampo.es/media/h51/h7b/10472595816478.jpg","name":"Preparado lacteo desnatado, enriquecido con avena, ácido oleico y Omega 3 PULEVA Omega 3 6 x 1l.","price":"7,44 €","offer_price":0,"offer_type":null,"stock":false,"super":"alcampo"},{"img":"https://www.alcampo.es/media/ha5/hfb/10801910153246.jpg","name":"Bebida de soja 100% vegetal, con sabor a vainilla ALPRO 6 x 1 l.","price":"9,60 €","offer_price":0,"offer_type":null,"stock":false,"super":"alcampo"},{"img":"https://www.alcampo.es/media/h92/h7f/8952314003486.jpg","name":"Bebida de arroz GERBLÉ, 1 l.","price":"2,29 €","offer_price":0,"offer_type":null,"stock":false,"super":"alcampo"},{"img":"https://www.alcampo.es/media/h57/hfb/8922681999390.jpg","name":"Batido de soja ecológico de chocolate SANTIVERI, 250 ml.","price":"1,08 €","offer_price":0,"offer_type":null,"stock":false,"super":"alcampo"},{"img":"https://www.alcampo.es/media/ha3/h70/9380036509726.jpg","name":"Soja para cocinar BJORG Brik de 250 ml.","price":"2,28 €","offer_price":0,"offer_type":null,"stock":false,"super":"alcampo"},{"img":"https://www.alcampo.es/media/h7e/hde/10021535580190.jpg","name":"Bebida de arroz ecológica DIET-RADISSON, 1 l.","price":"2,19 €","offer_price":0,"offer_type":null,"stock":false,"super":"alcampo"},{"img":"https://www.alcampo.es/media/h62/hf8/9294760345630.jpg","name":"Bebida de soja con sabor vainilla ecológica PROVAMEL 250 ml.","price":"1,13 €","offer_price":0,"offer_type":null,"stock":false,"super":"alcampo"},{"img":"https://www.alcampo.es/media/h80/hd7/8887435001886.jpg","name":"Bebida de arroz ecológica PROVAMEL 1 l.","price":"2,72 €","offer_price":0,"offer_type":null,"stock":false,"super":"alcampo"},{"img":"https://www.alcampo.es/media/h5c/h2f/9294749335582.jpg","name":"Crema de almendras con fructosa ALMENDRINA 900 g.","price":"6,44 €","offer_price":0,"offer_type":null,"stock":false,"super":"alcampo"},{"img":"https://www.alcampo.es/media/h67/ha5/10210127347742.jpg","name":"Bebida de mix de frutos secos (almendras, avellanas, nueces y anacardos), sin azúcar VIVESOY Fusión 6 x 1 l.","price":"8,40 €","offer_price":0,"offer_type":null,"stock":false,"super":"alcampo"},{"img":"https://www.alcampo.es/media/ha7/h57/10772071317534.jpg","name":"Bebida de soja (100% vegetal), rica en proteínas y con sabor a chocolate DON SIMÓN 1 l","price":"1,10 €","offer_price":0,"offer_type":null,"stock":false,"super":"alcampo"},{"img":"https://www.alcampo.es/media/h62/hbc/9309195042846.jpg","name":"Bebida de soja de origen 100% vegetal, con sabor a capucchino VIVESOY de Pascual 6 x 1 l.","price":"7,50 €","offer_price":0,"offer_type":null,"stock":false,"super":"alcampo"},{"img":"https://www.alcampo.es/media/h83/hed/9323568431134.jpg","name":"Bebida de soja ligera de origen 100% natural, sin lactosa DON SIMÓN 6 x 1 l.","price":"5,94 €","offer_price":0,"offer_type":null,"stock":false,"super":"alcampo"}]