[{"img":"https://www.alcampo.es/media/h78/h1e/10231418781726.jpg","name":"Bebida de café Arábica de Nicaragua y Honduras, con un toque de cacao KAIKU Caffe latte capuccino 230 ml.","price":"1,31 €","offer_price":0,"offer_type":null,"stock":false,"super":"alcampo"},{"img":"https://www.alcampo.es/media/hc5/h20/9463990779934.jpg","name":"Café con leche con aroma a vainilla STARBUCKS Frappuccino vainilla 250 ml.","price":"1,72 €","offer_price":0,"offer_type":null,"stock":false,"super":"alcampo"},{"img":"https://www.alcampo.es/media/h45/hf5/10231505420318.jpg","name":"Bebida de café arábica de Guatemala y Honduras,con un toque de leche KAIKU Caffe latte 230 ml.","price":"1,31 €","offer_price":0,"offer_type":null,"stock":false,"super":"alcampo"},{"img":"https://www.alcampo.es/media/hb7/h49/10793604218910.jpg","name":"Bebida de café cappuccino con leche NESCAFÉ Shakissimo 190 ml.","price":"1,12 €","offer_price":0,"offer_type":null,"stock":false,"super":"alcampo"},{"img":"https://www.alcampo.es/media/h7f/h75/9374783504414.jpg","name":"Batido de cacao cremoso COLACAO SHAKE 200 ml.","price":"1,08 €","offer_price":0,"offer_type":null,"stock":false,"super":"alcampo"},{"img":"https://www.alcampo.es/media/h52/h6b/10231499456542.jpg","name":"Bebida de café Arábica intenso con un toque de leche KAIKU Caffe latte espresso 230 ml.","price":"1,31 €","offer_price":0,"offer_type":null,"stock":false,"super":"alcampo"},{"img":"https://www.alcampo.es/media/h4c/h72/10793603694622.jpg","name":"Bebida de café con leche sabor cookies NESCAFÉ Shakissimo 190 ml.","price":"1,12 €","offer_price":0,"offer_type":null,"stock":false,"super":"alcampo"},{"img":"https://www.alcampo.es/media/hde/h18/10231498637342.jpg","name":"Bebida de café descafeinado de Brasil con un toque de leche KAIKU Caffe latte descafeinado 230 ml.","price":"1,31 €","offer_price":0,"offer_type":null,"stock":false,"super":"alcampo"},{"img":"https://www.alcampo.es/media/he1/hb8/9464010932254.jpg","name":"Bebida de café expreso con leche y un toque de cacao STARBUCKS 220 ml.","price":"1,55 €","offer_price":0,"offer_type":null,"stock":false,"super":"alcampo"},{"img":"https://www.alcampo.es/media/hce/h4c/9507484139550.jpg","name":"Bebida de café con un ligero toque de leche sin lactosa KAIKU Caffe latte ligth 230 ml.","price":"1,31 €","offer_price":0,"offer_type":null,"stock":false,"super":"alcampo"},{"img":"https://www.alcampo.es/media/hb1/hc7/10793647374366.jpg","name":"Bebida de café con leche y sabor a caramelo NESCAFÉ Shakissimo 190 ml.","price":"1,19 €","offer_price":0,"offer_type":null,"stock":false,"super":"alcampo"},{"img":"https://www.alcampo.es/media/h6a/h7f/10231506468894.jpg","name":"Bebida de café Arábica de Guatemala con un toque de vainilla exótica KAIKU Caffe latte 230 ml.","price":"1,31 €","offer_price":0,"offer_type":null,"stock":false,"super":"alcampo"},{"img":"https://www.alcampo.es/media/h01/h5d/8900226252830.jpg","name":"Chocolate preparado KAIKU Choco latte original 230 ml.","price":"1,45 €","offer_price":0,"offer_type":null,"stock":false,"super":"alcampo"},{"img":"https://www.alcampo.es/media/he8/h75/9463993761822.jpg","name":"Bebida con una mezcla fría de café y leche cremosa STARBUCKS 220 ml.","price":"1,55 €","offer_price":0,"offer_type":null,"stock":false,"super":"alcampo"},{"img":"https://www.alcampo.es/media/h20/ha3/10793495855134.jpg","name":"Bebida de café capuccino, sin lactosa y sin materia grasa NESCAFÉ Shakissimo zero 190 ml.","price":"1,19 €","offer_price":0,"offer_type":null,"stock":false,"super":"alcampo"},{"img":"https://www.alcampo.es/media/h98/h09/9374811750430.jpg","name":"Batido de cacao cremoso 0% materia grasa COLACAO SHAKE 200 ml.","price":"1,08 €","offer_price":0,"offer_type":null,"stock":false,"super":"alcampo"},{"img":"https://www.alcampo.es/media/h56/h0b/10472575926302.jpg","name":"Bebida láctea con café, enriquecida con vitaminas A y D PULEVA 1 l.","price":"1,29 €","offer_price":0,"offer_type":null,"stock":false,"super":"alcampo"},{"img":"https://www.alcampo.es/media/hfb/h61/10231500111902.jpg","name":"Bebida de café Arábica de Nicaragua y Honduras, con un toque de cacao (cappuccino) KAIKU Caffé latte Mr. big 370 ml.","price":"1,89 €","offer_price":0,"offer_type":null,"stock":false,"super":"alcampo"},{"img":"https://www.alcampo.es/media/h24/ha8/10472594735134.jpg","name":"Bebida láctea de café cremoso con leche PULEVA Deliss 200 ml.","price":"0,79 €","offer_price":0,"offer_type":null,"stock":false,"super":"alcampo"},{"img":"https://www.alcampo.es/media/ha1/h76/9464009064478.jpg","name":"Bebida de café expreso frio con leche y un toque de caramelo STARBUCKS 220 ml.","price":"1,55 €","offer_price":0,"offer_type":null,"stock":false,"super":"alcampo"},{"img":"https://www.alcampo.es/media/h91/h3f/9977421725726.jpg","name":"Bebida de leche (87%) y chocolate blanco MILKYBAR Shake de Nestlé 180 ml.","price":"1,12 €","offer_price":0,"offer_type":null,"stock":false,"super":"alcampo"},{"img":"https://www.alcampo.es/media/h70/he3/10793599205406.jpg","name":"Bebida de café espresso con leche NESCAFÉ Shakissimo 190 ml.","price":"1,19 €","offer_price":0,"offer_type":null,"stock":false,"super":"alcampo"},{"img":"https://www.alcampo.es/media/hca/h50/9463995301918.jpg","name":"Café con leche STARBUCKS Frapuccino cofee 250 ml.","price":"1,72 €","offer_price":0,"offer_type":null,"stock":false,"super":"alcampo"},{"img":"https://www.alcampo.es/media/h81/h94/10793609789470.jpg","name":"Bebida láctea de cacao cremoso con un 86% de leche desnatada NESQUIK Shake 180 ml.","price":"1,19 €","offer_price":0,"offer_type":null,"stock":false,"super":"alcampo"},{"img":"https://www.alcampo.es/media/h55/h27/10472628912158.jpg","name":"Bebida láctea de café con leche (cappucino cremoso), elaborado sin gltuen PULEVA Deliss 200 ml.","price":"0,79 €","offer_price":0,"offer_type":null,"stock":false,"super":"alcampo"},{"img":"https://www.alcampo.es/media/h35/h37/10231497424926.jpg","name":"Bebida de café Arábica de la India, con leche fresca y sin edulcorantes KAIKU Caffé latté 230 ml.","price":"1,31 €","offer_price":0,"offer_type":null,"stock":false,"super":"alcampo"},{"img":"https://www.alcampo.es/media/he6/hdd/10470157680670.jpg","name":"Bebida lactea de café con leche, para tomar frio o caliente PULEVA Zero 1 l","price":"1,29 €","offer_price":0,"offer_type":null,"stock":false,"super":"alcampo"},{"img":"https://www.alcampo.es/media/h92/h54/9500029747230.jpg","name":"Bebida ligera de café arábica de Brásil con un toque de leche y sin lactosa KAIKU Caffe latte 370 ml.","price":"1,98 €","offer_price":0,"offer_type":null,"stock":false,"super":"alcampo"},{"img":"https://www.alcampo.es/media/hb7/hcb/9463991959582.jpg","name":"Bebida de café espresso con un toque de leche STARBUCKS Doubleshot 200 ml.","price":"1,85 €","offer_price":0,"offer_type":null,"stock":false,"super":"alcampo"},{"img":"https://www.alcampo.es/media/hef/hfd/10793628467230.jpg","name":"Bebida de café latte con un toque de vainilla NESCAFÉ Shakissimo 190 ml.","price":"1,19 €","offer_price":0,"offer_type":null,"stock":false,"super":"alcampo"},{"img":"https://www.alcampo.es/media/h19/h0e/10793608970270.jpg","name":"Bebida de cappuccino descafeinado con leche NESCAFÉ Shakissimo 190 ml.","price":"1,19 €","offer_price":0,"offer_type":null,"stock":false,"super":"alcampo"},{"img":"https://www.alcampo.es/media/h9b/hff/9500045934622.jpg","name":"Bebida de café arábica de colombia con un toque de leche fresca KAIKU Caffe latte Edición Colomiba 230 ml.","price":"1,31 €","offer_price":0,"offer_type":null,"stock":false,"super":"alcampo"},{"img":"https://www.alcampo.es/media/hb6/hdb/9355472371742.jpg","name":"Bebida de café macchiato con leche NESCAFÉ Shakissimo 190 ml.","price":"1,19 €","offer_price":0,"offer_type":null,"stock":false,"super":"alcampo"},{"img":"https://www.alcampo.es/media/h45/h88/8938074406942.jpg","name":"Bebida de café macchiato de cultivo ecológico COOLIFE 230 ml.","price":"1,41 €","offer_price":0,"offer_type":null,"stock":false,"super":"alcampo"},{"img":"https://www.alcampo.es/media/h3e/hd0/10493025026078.jpg","name":"Bebida láctea con café y un toque de cacao (capuccino) PULEVA 1 l.","price":"1,38 €","offer_price":0,"offer_type":null,"stock":false,"super":"alcampo"},{"img":"https://www.alcampo.es/media/h3a/h04/9486799667230.jpg","name":"Preparado de leche de avena con café ecológico OAT-LY! 235 ml.","price":"1,19 €","offer_price":0,"offer_type":null,"stock":false,"super":"alcampo"},{"img":"https://www.alcampo.es/media/ha2/h22/8938194010142.jpg","name":"Bebida de café cappuccino de cultivo ecológico COOLIFE 230 ml.","price":"0,92 €","offer_price":0,"offer_type":null,"stock":false,"super":"alcampo"},{"img":"https://www.alcampo.es/media/h4a/hf2/9464008900638.jpg","name":"Bebida que mezcla un delicioso chocolate con leche cremosa STARBUCKS Signature 220 ml.","price":"1,48 €","offer_price":0,"offer_type":null,"stock":false,"super":"alcampo"},{"img":"https://www.alcampo.es/media/h21/hcc/9486790721566.jpg","name":"Preparado de leche de avena con café y cacao ecológico OAT-LY! 235 ml.","price":"2,99 €","offer_price":0,"offer_type":null,"stock":false,"super":"alcampo"},{"img":"https://www.alcampo.es/media/he7/h26/9235013730334.jpg","name":"Bebida de café espresso KAIKU Caffé latte edición Mexico 230 ml.","price":"1,45 €","offer_price":0,"offer_type":null,"stock":false,"super":"alcampo"},{"img":"https://www.alcampo.es/media/h49/h7f/9486774861854.jpg","name":"Preparado de leche de avena con té verdee ecológico OAT-LY! 235 mñ.","price":"2,99 €","offer_price":0,"offer_type":null,"stock":false,"super":"alcampo"}]