[{"img":"https://www.alcampo.es/media/h2b/h99/10667716378654.jpg","name":"Leche evaporada NESTLÉ IDEAL 210 g.","price":"0,81 €","offer_price":0,"offer_type":null,"stock":false,"super":"alcampo"},{"img":"https://www.alcampo.es/media/h21/h33/9584870227998.jpg","name":"Leche condensada PRODUCTO ECONÓMICO ALCAMPO 740 g.","price":"1,59 €","offer_price":0,"offer_type":null,"stock":false,"super":"alcampo"},{"img":"https://www.alcampo.es/media/h6d/h3b/9477111611422.jpg","name":"Leche condensada sirve fácil LA LECHERA 450 g.","price":"2,19 €","offer_price":0,"offer_type":null,"stock":false,"super":"alcampo"},{"img":"https://www.alcampo.es/media/hfa/ha5/10667734007838.jpg","name":"Leche condensada LA LECHERA 370 g.","price":"1,53 €","offer_price":0,"offer_type":null,"stock":false,"super":"alcampo"},{"img":"https://www.alcampo.es/media/h7a/h30/10746855194654.jpg","name":"Leche condensada LA LECHERA 740 g.","price":"2,24 €","offer_price":0,"offer_type":null,"stock":false,"super":"alcampo"},{"img":"https://www.alcampo.es/media/hd9/h8b/9054716952606.jpg","name":"Leche evaporada CENTRAL LECHERA ASTURIANA 330 ml","price":"0,90 €","offer_price":0,"offer_type":null,"stock":false,"super":"alcampo"},{"img":"https://www.alcampo.es/media/hd8/h1b/9584892674078.jpg","name":"Leche condensada PRODUCTO ALCAMPO 450 g.","price":"1,29 €","offer_price":0,"offer_type":null,"stock":false,"super":"alcampo"},{"img":"https://www.alcampo.es/media/hbc/h31/10033880858654.jpg","name":"Leche evaporada NESTLÉ IDEAL 525 g","price":"1,58 €","offer_price":0,"offer_type":null,"stock":false,"super":"alcampo"},{"img":"https://www.alcampo.es/media/hc5/ha7/9477094440990.jpg","name":"Leche condensada desnatada LA LECHERA 450 g.","price":"2,19 €","offer_price":0,"offer_type":null,"stock":false,"super":"alcampo"},{"img":"https://www.alcampo.es/media/hed/h73/9644179030046.jpg","name":"Leche condensada desnatada PRODUCTO ALCAMPO 740 gr,","price":"1,54 €","offer_price":0,"offer_type":null,"stock":false,"super":"alcampo"},{"img":"https://www.alcampo.es/media/ha8/h1a/8929946435614.jpg","name":"Leche evaporada en monodosis NESTLÉ IDEAL 10 x 7.5 g.","price":"0,93 €","offer_price":0,"offer_type":null,"stock":false,"super":"alcampo"},{"img":"https://www.alcampo.es/media/h42/h06/9790114988062.jpg","name":"Leche condensada desnatada Sirve Fácil PRODUCTO ALCAMPO 450 g.","price":"1,51 €","offer_price":0,"offer_type":null,"stock":false,"super":"alcampo"},{"img":"https://www.alcampo.es/media/hc0/he4/10667744886814.jpg","name":"Leche evaporada sin lactosa Ideal NESTLÈ 525 g.","price":"2,02 €","offer_price":0,"offer_type":null,"stock":false,"super":"alcampo"},{"img":"https://www.alcampo.es/media/h3e/hba/9477130321950.jpg","name":"Leche condensada LA LECHERA 170 g.","price":"1,17 €","offer_price":0,"offer_type":null,"stock":false,"super":"alcampo"},{"img":"https://www.alcampo.es/media/he6/hcb/9367365222430.jpg","name":"Leche en polvo entera CENTRAL LECHERA ASTURIANA 800 gr,","price":"6,11 €","offer_price":0,"offer_type":null,"stock":false,"super":"alcampo"},{"img":"https://www.alcampo.es/media/h95/h80/9065209987102.jpg","name":"Leche condensada desnatada y sin lactosa, ideal para el café, nestlé LA LECHERA 450 g.","price":"2,59 €","offer_price":0,"offer_type":null,"stock":false,"super":"alcampo"},{"img":"https://www.alcampo.es/media/h0b/h46/9379579854878.jpg","name":"Leche condensada desnatada sin lactosa LA LECHERA 387 g.","price":"1,71 €","offer_price":0,"offer_type":null,"stock":false,"super":"alcampo"},{"img":"https://www.alcampo.es/media/h41/h23/9367332683806.jpg","name":"Leche en polvo desnatada CENTRAL LECHERA ASTURIANA 8 litros en volumen de leche","price":"5,09 €","offer_price":0,"offer_type":null,"stock":false,"super":"alcampo"},{"img":"https://www.alcampo.es/media/h05/h18/9465786499102.jpg","name":"Leche desnatada en polvo con bifudus y calcio SVELTESSE de Nestlé 1 kg<br>","price":"7,64 €","offer_price":0,"offer_type":null,"stock":false,"super":"alcampo"},{"img":"https://www.alcampo.es/media/h34/hac/10667752292382.jpg","name":"Leche condensada desnatada LA LECHERA 740 g.","price":"2,11 €","offer_price":0,"offer_type":null,"stock":false,"super":"alcampo"},{"img":"https://www.alcampo.es/media/h6e/h8c/9465742852126.jpg","name":"Bote de leche desnatada en polvo con bifudus y calcio SVELTESSE de Nestlé 400 gr,","price":"4,19 €","offer_price":0,"offer_type":null,"stock":false,"super":"alcampo"},{"img":"https://www.alcampo.es/media/h17/h24/9221332500510.jpg","name":"Leche en polvo semidesnatada en monodosis LA ASTURIANA 16 uds. 160 g.","price":"3,29 €","offer_price":0,"offer_type":null,"stock":false,"super":"alcampo"},{"img":"https://www.alcampo.es/media/h08/h57/10849173995550.jpg","name":"Leche condensada 2 uds + regalo tableta de chocolate postre LA LECHERA 2X 370 G + 250 G","price":"2,99 €","offer_price":0,"offer_type":null,"stock":false,"super":"alcampo"},{"img":"https://www.alcampo.es/media/hb9/h58/10494881103902.jpg","name":"Crema de avena y arroz LA LECHERA 370 g.","price":"2,11 €","offer_price":0,"offer_type":null,"stock":false,"super":"alcampo"}]