[{"img":"https://www.alcampo.es/media/h56/h95/9565448536094.jpg","name":"Leche semidesnatada de vaca PRODUCTO ALCAMPO 6 x 1l.","price":"3,60 €","offer_price":0,"offer_type":null,"stock":false,"super":"alcampo"},{"img":"https://www.alcampo.es/media/h96/h1b/9565507747870.jpg","name":"Leche entera de vaca PRODUCTO ALCAMPO 6 x 1 l.","price":"3,60 €","offer_price":0,"offer_type":null,"stock":false,"super":"alcampo"},{"img":"https://www.alcampo.es/media/hc7/h36/9565478060062.jpg","name":"Leche desnatada de vaca PRODUCTO ALCAMPO 6x 1 l.","price":"3,60 €","offer_price":0,"offer_type":null,"stock":false,"super":"alcampo"},{"img":"https://www.alcampo.es/media/h32/hea/10457780617246.jpg","name":"Leche semidesnatada L.R. 1 l.","price":"0,55 €","offer_price":0,"offer_type":null,"stock":false,"super":"alcampo"},{"img":"https://www.alcampo.es/media/hed/hcf/9466054541342.jpg","name":"Leche semidesnatada CENTRAL LECHERA ASTURIANA 1 l.","price":"0,74 €","offer_price":0,"offer_type":null,"stock":false,"super":"alcampo"},{"img":"https://www.alcampo.es/media/h78/h82/10457586630686.jpg","name":"Leche de vaca entera L.R. 1l.","price":"0,55 €","offer_price":0,"offer_type":null,"stock":false,"super":"alcampo"},{"img":"https://www.alcampo.es/media/h01/h29/9465686687774.jpg","name":"Leche entera CENTRAL LECHERA ASTURIANA 1 l.","price":"0,74 €","offer_price":0,"offer_type":null,"stock":false,"super":"alcampo"},{"img":"https://www.alcampo.es/media/h9b/h15/9466029080606.jpg","name":"Leche semidesnatada CENTRAL LECHERA ASTURIANA 6 x 1 l.","price":"4,44 €","offer_price":0,"offer_type":null,"stock":false,"super":"alcampo"},{"img":"https://www.alcampo.es/media/h52/hca/9525312913438.jpg","name":"Leche semidesnatada de vaca, sin lactosa PRODUCTO ALCAMPO 1 l.","price":"0,68 €","offer_price":0,"offer_type":null,"stock":false,"super":"alcampo"},{"img":"https://www.alcampo.es/media/he5/h47/9465730760734.jpg","name":"Leche semidesnatada CENTRAL LECHERA ASTURIANA 2.2 l.","price":"1,58 €","offer_price":0,"offer_type":null,"stock":false,"super":"alcampo"},{"img":"https://www.alcampo.es/media/h93/h58/9466048774174.jpg","name":"Leche entera CENTRAL LECHERA ASTURIANA 6 x 1l.","price":"4,44 €","offer_price":0,"offer_type":null,"stock":false,"super":"alcampo"},{"img":"https://www.alcampo.es/media/hcd/h80/10801781243934.jpg","name":"Leche desnatada PASCUAL 1 l.","price":"0,79 €","offer_price":0,"offer_type":null,"stock":false,"super":"alcampo"},{"img":"https://www.alcampo.es/media/hdd/hec/9565478551582.jpg","name":"Leche semidesnatada de vaca PRODUCTO ALCAMPO 1 l.","price":"0,60 €","offer_price":0,"offer_type":null,"stock":false,"super":"alcampo"},{"img":"https://www.alcampo.es/media/h67/h86/9352943140894.jpg","name":"Leche entera procedente de animales con bienestar garantizado PASCUAL 6x 1l.","price":"4,74 €","offer_price":0,"offer_type":null,"stock":false,"super":"alcampo"},{"img":"https://www.alcampo.es/media/h8b/h68/9015522492446.jpg","name":"Leche semidesnatada sin lactosa CENTRAL LECHERA ASTURIANA 6 x 1l.","price":"5,16 €","offer_price":0,"offer_type":null,"stock":false,"super":"alcampo"},{"img":"https://www.alcampo.es/media/h0e/hc0/10457761546270.jpg","name":"Leche desnatada L.R. 1l.","price":"0,55 €","offer_price":0,"offer_type":null,"stock":false,"super":"alcampo"},{"img":"https://www.alcampo.es/media/h12/h4b/9525350268958.jpg","name":"Leche desnatada de vaca, sin lactosa PRODUCTO ALCAMPO 1 l.","price":"0,68 €","offer_price":0,"offer_type":null,"stock":false,"super":"alcampo"},{"img":"https://www.alcampo.es/media/hbd/hde/9565507584030.jpg","name":"Leche entera de vaca PRODUCTO ALCAMPO 1 l.","price":"0,60 €","offer_price":0,"offer_type":null,"stock":false,"super":"alcampo"},{"img":"https://www.alcampo.es/media/h7c/he4/9352980070430.jpg","name":"Leche semidesnatada procedente de animales con bienestar garantizado PASCUAL 6 x 1l.","price":"4,74 €","offer_price":0,"offer_type":null,"stock":false,"super":"alcampo"},{"img":"https://www.alcampo.es/media/h2a/hf7/10801762500638.jpg","name":"Leche entera de vaca PASCUAL 1 l.","price":"0,79 €","offer_price":0,"offer_type":null,"stock":false,"super":"alcampo"},{"img":"https://www.alcampo.es/media/he7/h28/10801781407774.jpg","name":"Leche semidesnatada PASCUAL 1 l.","price":"0,79 €","offer_price":0,"offer_type":null,"stock":false,"super":"alcampo"},{"img":"https://www.alcampo.es/media/hf6/h0d/9525322285086.jpg","name":"Leche semidesnatada de vaca, sin lactosa PRODUCTO ALCAMPO 6 x 1l.","price":"4,08 €","offer_price":0,"offer_type":null,"stock":false,"super":"alcampo"},{"img":"https://www.alcampo.es/media/he4/ha8/10467986309150.jpg","name":"Leche semidesnatada de vaca, de origen 100% español PRÉSIDENT 1 l.","price":"0,68 €","offer_price":0,"offer_type":null,"stock":false,"super":"alcampo"},{"img":"https://www.alcampo.es/media/hba/h73/9352926527518.jpg","name":"Leche desnatada 0% materia grasa PASCUAL 6 x 1l.","price":"4,74 €","offer_price":0,"offer_type":null,"stock":false,"super":"alcampo"},{"img":"https://www.alcampo.es/media/hd8/hde/10493025681438.jpg","name":"Leche semidesnatada de vaca, de origen 100% español LAUKI 1l.","price":"0,68 €","offer_price":0,"offer_type":null,"stock":false,"super":"alcampo"},{"img":"https://www.alcampo.es/media/hae/h1d/9466039140382.jpg","name":"Leche semidesnatada CENTRAL LECHERA ASTURIANA 1.5 l.","price":"1,18 €","offer_price":0,"offer_type":null,"stock":false,"super":"alcampo"},{"img":"https://www.alcampo.es/media/h39/he3/9525313732638.jpg","name":"Leche desnatada de vaca, sin lactosa PRODUCTO ALCAMPO 6 x 1l.","price":"4,08 €","offer_price":0,"offer_type":null,"stock":false,"super":"alcampo"},{"img":"https://www.alcampo.es/media/he0/h06/10457740410910.jpg","name":"Leche semidesnatada L.R. 6 x 1 l.","price":"3,30 €","offer_price":0,"offer_type":null,"stock":false,"super":"alcampo"},{"img":"https://www.alcampo.es/media/h5d/h8d/9015543332894.jpg","name":"Leche semidesnatada sin lactosa CENTRAL LECHERA ASTURIANA 1 l.","price":"0,87 €","offer_price":0,"offer_type":null,"stock":false,"super":"alcampo"},{"img":"https://www.alcampo.es/media/h59/h77/9280771358750.jpg","name":"Leche desnatada CENTRAL LECHERA ASTURIANA 6 x 1l.","price":"4,44 €","offer_price":0,"offer_type":null,"stock":false,"super":"alcampo"},{"img":"https://www.alcampo.es/media/h37/h6a/10457693028382.jpg","name":"Leche entera L.R. 6 x 1 l.","price":"3,30 €","offer_price":0,"offer_type":null,"stock":false,"super":"alcampo"},{"img":"https://www.alcampo.es/media/hfe/h7e/10481922768926.jpg","name":"Leche entera de vaca LAUKI 1 l.","price":"0,68 €","offer_price":0,"offer_type":null,"stock":false,"super":"alcampo"},{"img":"https://www.alcampo.es/media/h3e/hb5/10467978838046.jpg","name":"Leche entera de vaca, de origen 100% española PRÉSIDENT 1 l.","price":"0,68 €","offer_price":0,"offer_type":null,"stock":false,"super":"alcampo"},{"img":"https://www.alcampo.es/media/h1f/ha7/9074353930270.jpg","name":"Leche de los Alpes entera ecológico ASANA 1 l.","price":"1,16 €","offer_price":0,"offer_type":null,"stock":false,"super":"alcampo"},{"img":"https://www.alcampo.es/media/hb6/h3f/9465713917982.jpg","name":"Leche semidesnatada CENTRAL LECHERA ASTURIANA 6 x 2.2 l.","price":"9,48 €","offer_price":0,"offer_type":null,"stock":false,"super":"alcampo"},{"img":"https://www.alcampo.es/media/hc6/h57/9565478879262.jpg","name":"Leche desnatada de vaca PRODUCTO ALCAMPO 1 l.","price":"0,60 €","offer_price":0,"offer_type":null,"stock":false,"super":"alcampo"},{"img":"https://www.alcampo.es/media/h4e/h19/9465800294430.jpg","name":"Leche entera CENTRAL LECHERA ASTURIANA 6 x 2.2 l.","price":"9,48 €","offer_price":0,"offer_type":null,"stock":false,"super":"alcampo"},{"img":"https://www.alcampo.es/media/h5a/hf4/9219999825950.jpg","name":"Leche desnatada con 0,0% materia grasa CENTRAL LECHERA ASTURIANA 1 l.","price":"0,74 €","offer_price":0,"offer_type":null,"stock":false,"super":"alcampo"},{"img":"https://www.alcampo.es/media/h7c/h24/9465688981534.jpg","name":"Leche entera CENTRAL LECHERA ASTURIANA 1.5 l.","price":"1,18 €","offer_price":0,"offer_type":null,"stock":false,"super":"alcampo"},{"img":"https://www.alcampo.es/media/h09/h80/9465701072926.jpg","name":"Leche entera CENTRAL LECHERA ASTURIANA 2.2 l.","price":"1,58 €","offer_price":0,"offer_type":null,"stock":false,"super":"alcampo"},{"img":"https://www.alcampo.es/media/h99/hb6/9015526096926.jpg","name":"Leche desnatada 0% materia grasa, sin lactosa CENTRAL LECHERA ASTURIANA 1 l.","price":"0,87 €","offer_price":0,"offer_type":null,"stock":false,"super":"alcampo"},{"img":"https://www.alcampo.es/media/h79/h14/9220035248158.jpg","name":"Leche desnatada CENTRAL LECHERA ASTURIANA 1 l.","price":"0,74 €","offer_price":0,"offer_type":null,"stock":false,"super":"alcampo"},{"img":"https://www.alcampo.es/media/h32/h8a/9015502733342.jpg","name":"Leche desnatada 0% materia grasa sin lactosa CENTRAL LECHERA ASTURIANA 6 x 1l.","price":"5,22 €","offer_price":0,"offer_type":null,"stock":false,"super":"alcampo"},{"img":"https://www.alcampo.es/media/hf6/h09/10479875588126.jpg","name":"Leche entera de vacas con alimentación ecológica PULEVA Eco 1 l.","price":"1,21 €","offer_price":0,"offer_type":null,"stock":false,"super":"alcampo"},{"img":"https://www.alcampo.es/media/h93/h3e/10481903960094.jpg","name":"Preparado lacteo desnatado, enriquecido con ácido oleico y Omega 3 PULEVA Omega 3 6 x 1l.","price":"7,44 €","offer_price":0,"offer_type":null,"stock":false,"super":"alcampo"},{"img":"https://www.alcampo.es/media/hf2/h9f/9132365414430.jpg","name":"Leche de los Alpes semidesnatada ecológico ASANA 1 l.","price":"1,16 €","offer_price":0,"offer_type":null,"stock":false,"super":"alcampo"},{"img":"https://www.alcampo.es/media/h50/hc6/9216476643358.jpg","name":"Leche desnatada ultrafiltrada y sin lactosa CENTRAL LECHERA ASTURIANA Suprema 1 l.","price":"0,88 €","offer_price":0,"offer_type":null,"stock":false,"super":"alcampo"},{"img":"https://www.alcampo.es/media/h77/hb6/10481914118174.jpg","name":"Leche fresca entera de vaca de pastoreo, de procedencia 100% española PULEVA 1.5 l.","price":"1,64 €","offer_price":0,"offer_type":null,"stock":false,"super":"alcampo"},{"img":"https://www.alcampo.es/media/ha7/h9d/9466033176606.jpg","name":"Leche semidesnatada CENTRAL LECHERA ASTURIANA 6 x 1.5 l.","price":"7,08 €","offer_price":0,"offer_type":null,"stock":false,"super":"alcampo"},{"img":"https://www.alcampo.es/media/hc0/h6f/9525345648670.jpg","name":"Leche semidesnatada de vaca, enriquecida con calcio PRODUCTO ALCAMPO 1 l.","price":"0,68 €","offer_price":0,"offer_type":null,"stock":false,"super":"alcampo"},{"img":"https://www.alcampo.es/media/h52/h2f/9135555706910.jpg","name":"Leche semidesnatada sin lactosa CENTRAL LECHERA ASTURIANA 1.5 l.","price":"1,33 €","offer_price":0,"offer_type":null,"stock":false,"super":"alcampo"},{"img":"https://www.alcampo.es/media/h1f/hc5/9748070596638.jpg","name":"Leche entera de vaca, sin lactosa KAIKU 1 l.","price":"1,19 €","offer_price":0,"offer_type":null,"stock":false,"super":"alcampo"},{"img":"https://www.alcampo.es/media/hb2/hcc/10416157032478.jpg","name":"Leche desnatada CENTRAL LECHERA ASTURIANA 2.2 l.","price":"1,51 €","offer_price":0,"offer_type":null,"stock":false,"super":"alcampo"},{"img":"https://www.alcampo.es/media/h54/hdd/9659375845406.jpg","name":"Leche de vaca entera procedente de animales con bienestar garantizado PASCUAL 6 x 200 ml.","price":"1,68 €","offer_price":0,"offer_type":null,"stock":false,"super":"alcampo"},{"img":"https://www.alcampo.es/media/h34/hd0/9574972293150.jpg","name":"Leche semidesnatada sin lactosa procedente de vacas con bienestar garantizado PASCUAL 6 x 1l.","price":"5,70 €","offer_price":0,"offer_type":null,"stock":false,"super":"alcampo"},{"img":"https://www.alcampo.es/media/ha5/h90/10493017554974.jpg","name":"Leche desnatada (0% materia grasa) de vaca de origen 100% español LAUKI 1 l.","price":"0,68 €","offer_price":0,"offer_type":null,"stock":false,"super":"alcampo"},{"img":"https://www.alcampo.es/media/hf1/hd0/9466043236382.jpg","name":"Leche entera CENTRAL LECHERA ASTURIANA 6 x 1.5 l.","price":"7,08 €","offer_price":0,"offer_type":null,"stock":false,"super":"alcampo"},{"img":"https://www.alcampo.es/media/hf3/hab/9525363671070.jpg","name":"Leche entera de vaca, sin lactosa PRODUCTO ALCAMPO 1 l.","price":"0,68 €","offer_price":0,"offer_type":null,"stock":false,"super":"alcampo"},{"img":"https://www.alcampo.es/media/h9d/h6e/10467968712734.jpg","name":"Leche desnatada de vaca, de origen 100% española PRÉSIDENT 1 l.","price":"0,68 €","offer_price":0,"offer_type":null,"stock":false,"super":"alcampo"},{"img":"https://www.alcampo.es/media/h3b/h21/9280779583518.jpg","name":"Leche desnatada CENTRAL LECHERA ASTURIANA 1.5 l.","price":"1,18 €","offer_price":0,"offer_type":null,"stock":false,"super":"alcampo"},{"img":"https://www.alcampo.es/media/h5e/h76/10231418945566.jpg","name":"Leche semidesnatada de vaca CELTA 4 x 1.5 l.","price":"4,32 €","offer_price":0,"offer_type":null,"stock":false,"super":"alcampo"},{"img":"https://www.alcampo.es/media/he1/hea/10834184732702.jpg","name":"Leche desnatada de vaca, con calcio y con un alto contenido en vitamina D PASCUAL 6 x 1 l.","price":"6,48 €","offer_price":0,"offer_type":null,"stock":false,"super":"alcampo"},{"img":"https://www.alcampo.es/media/hba/h31/10479881027614.jpg","name":"Leche semidesnatada de vacas con alimentación ecológica PULEVA eco 1 l.","price":"1,21 €","offer_price":0,"offer_type":null,"stock":false,"super":"alcampo"},{"img":"https://www.alcampo.es/media/hdf/hc5/9081730367518.jpg","name":"Leche semidesnatada sin lactosa bio ASANA 1 l.","price":"1,26 €","offer_price":0,"offer_type":null,"stock":false,"super":"alcampo"},{"img":"https://www.alcampo.es/media/hab/hf5/10834175950878.jpg","name":"Leche desnatada de vaca, con calcio y con un alto contenido en vitamina D PASCUAL 1 l.","price":"1,08 €","offer_price":0,"offer_type":null,"stock":false,"super":"alcampo"},{"img":"https://www.alcampo.es/media/hba/h42/10468044668958.jpg","name":"Leche entera de vaca, de origen 100% español PRÉSIDENT 6 x 1 l.","price":"4,08 €","offer_price":0,"offer_type":null,"stock":false,"super":"alcampo"},{"img":"https://www.alcampo.es/media/ha7/hc9/10231503028254.jpg","name":"Leche entera de vaca CELTA 4 x 1.5 l.","price":"4,32 €","offer_price":0,"offer_type":null,"stock":false,"super":"alcampo"},{"img":"https://www.alcampo.es/media/h72/h48/10470150832158.jpg","name":"Leche semidesnatada de vaca, de origen 100% español PRÉSIDENT 6 x 1 l.","price":"4,08 €","offer_price":0,"offer_type":null,"stock":false,"super":"alcampo"},{"img":"https://www.alcampo.es/media/h7b/ha5/9574961414174.jpg","name":"Leche desnatada sin lactosa procedente de vacas con bienestar garantizado PASCUAL 6 x 1l.","price":"5,70 €","offer_price":0,"offer_type":null,"stock":false,"super":"alcampo"},{"img":"https://www.alcampo.es/media/hbd/h44/10479899770910.jpg","name":"Leche entera de vacas con alimentación ecológica PULEVA Eco 1 l.","price":"5,82 €","offer_price":0,"offer_type":null,"stock":false,"super":"alcampo"},{"img":"https://www.alcampo.es/media/h13/hd1/9280778469406.jpg","name":"Leche semidesnatada, enriquecida con calcio CENTRAL LECHERA ASTURIANA 1l.","price":"0,84 €","offer_price":0,"offer_type":null,"stock":false,"super":"alcampo"},{"img":"https://www.alcampo.es/media/ha0/hbd/10479883354142.jpg","name":"Leche semidesnatada de vacas con alimentación ecológica PULEVA Eco 6 x 1 l.","price":"5,82 €","offer_price":0,"offer_type":null,"stock":false,"super":"alcampo"},{"img":"https://www.alcampo.es/media/h6f/h03/10457757614110.jpg","name":"Leche desnatada L.R. 6 x 1 l.","price":"3,30 €","offer_price":0,"offer_type":null,"stock":false,"super":"alcampo"},{"img":"https://www.alcampo.es/media/hd2/he0/9525332181022.jpg","name":"Leche entera de vaca, sin lactosa PRODUCTO ALCAMPO 6 x 1 l.","price":"4,08 €","offer_price":0,"offer_type":null,"stock":false,"super":"alcampo"},{"img":"https://www.alcampo.es/media/h2b/hf2/9525350105118.jpg","name":"Leche desnatada de vaca, enriquecida con calcio PRODUCTO ALCAMPO 1 l.","price":"0,68 €","offer_price":0,"offer_type":null,"stock":false,"super":"alcampo"},{"img":"https://www.alcampo.es/media/h51/hf6/9683593003038.jpg","name":"Leche entera PASCUAL 6 x 1.2 l.","price":"6 €","offer_price":0,"offer_type":null,"stock":false,"super":"alcampo"},{"img":"https://www.alcampo.es/media/h1e/h7d/10481916870686.jpg","name":"Leche fresca semidesnatada de vaca de pastoreo, de origen 100% español PULEVA 1.5 l.","price":"1,68 €","offer_price":0,"offer_type":null,"stock":false,"super":"alcampo"},{"img":"https://www.alcampo.es/media/haf/h6c/9233557618718.jpg","name":"Leche desnatada ultrafiltrada y sin lactosa CENTRAL LECHERA ASTURIANA Suprema 6 x 1 l.","price":"5,28 €","offer_price":0,"offer_type":null,"stock":false,"super":"alcampo"},{"img":"https://www.alcampo.es/media/he2/h06/8897374584862.jpg","name":"Leche de vaca, entera, fresca y pasteurizada LA COLMENAREÑA 1 l.","price":"0,99 €","offer_price":0,"offer_type":null,"stock":false,"super":"alcampo"},{"img":"https://www.alcampo.es/media/h22/h54/9683611877406.jpg","name":"Leche semidesnatada PASCUAL 6 x 1.2 l.","price":"6 €","offer_price":0,"offer_type":null,"stock":false,"super":"alcampo"},{"img":"https://www.alcampo.es/media/h23/h21/10834237947934.jpg","name":"Leche semidesnatada de vaca, con calcio y con un alto contenido en vitamina D PASCUAL 6 x 1 l.","price":"6,48 €","offer_price":0,"offer_type":null,"stock":false,"super":"alcampo"},{"img":"https://www.alcampo.es/media/h65/hf3/9280772440094.jpg","name":"Leche desnatada CENTRAL LECHERA ASTURIANA 6 x 1.5 l.","price":"7,08 €","offer_price":0,"offer_type":null,"stock":false,"super":"alcampo"},{"img":"https://www.alcampo.es/media/ha4/he7/9219994910750.jpg","name":"Leche desnatada con 0% materia grasa CENTRAL LECHERA ASTURIANA 6 x 1 l.","price":"4,44 €","offer_price":0,"offer_type":null,"stock":false,"super":"alcampo"},{"img":"https://www.alcampo.es/media/h59/ha2/8887758880798.jpg","name":"Leche semidesnatada RÍO 1.5 l.","price":"0,90 €","offer_price":0,"offer_type":null,"stock":false,"super":"alcampo"},{"img":"https://www.alcampo.es/media/h2d/h5a/10210129838110.jpg","name":"Leche desnatada de vaca CELTA 4 x 1.5 l.","price":"4,32 €","offer_price":0,"offer_type":null,"stock":false,"super":"alcampo"},{"img":"https://www.alcampo.es/media/h53/h44/9572359438366.jpg","name":"Leche de vaca desnatada y sin lactosa PASCUAL 1 l.","price":"0,95 €","offer_price":0,"offer_type":null,"stock":false,"super":"alcampo"},{"img":"https://www.alcampo.es/media/h58/hce/9465697140766.jpg","name":"Leche desnatada, enriquecida con calcio CENTRAL LECHERA ASTURIANA 1 l.","price":"0,84 €","offer_price":0,"offer_type":null,"stock":false,"super":"alcampo"},{"img":"https://www.alcampo.es/media/hce/ha1/9748044382238.jpg","name":"Leche semidesnatada de vaca, sin lactosa KAIKU 6 x 1l.","price":"7,14 €","offer_price":0,"offer_type":null,"stock":false,"super":"alcampo"},{"img":"https://www.alcampo.es/media/hd8/h7e/10786557755422.jpg","name":"Leche semidesnatada de vaca, sin lactosa PULEVA Mañanas ligeras 6 x 1 l.","price":"5,28 €","offer_price":0,"offer_type":null,"stock":false,"super":"alcampo"},{"img":"https://www.alcampo.es/media/hfd/ha0/9465702678558.jpg","name":"Leche entera CENTRAL LECHERA ASTURIANA 500 ml.","price":"0,52 €","offer_price":0,"offer_type":null,"stock":false,"super":"alcampo"},{"img":"https://www.alcampo.es/media/h58/hf1/10481898815518.jpg","name":"Leche de crecimiento, enriquecida con calcio, hierro, 12 vitaminas y Omega 3, para mayores de 3 años PULEVA Max crecimiento + desarrollo 6 x 1l.","price":"7,08 €","offer_price":0,"offer_type":null,"stock":false,"super":"alcampo"},{"img":"https://www.alcampo.es/media/h69/hf5/10477577666590.jpg","name":"Leche semidesnatada ecológica de vaca, sin lactosa PULEVA Eco 1 l.","price":"0,98 €","offer_price":0,"offer_type":null,"stock":false,"super":"alcampo"},{"img":"https://www.alcampo.es/media/h77/h67/9015513153566.jpg","name":"Leche entera sin lactosa CENTRAL LECHERA ASTURIANA 6 x 1 l.","price":"5,16 €","offer_price":0,"offer_type":null,"stock":false,"super":"alcampo"},{"img":"https://www.alcampo.es/media/hfa/h5c/9525292826654.jpg","name":"Leche desnatada de vaca, enriquecida con calcio PRODUCTO ALCAMPO 6 x 1 l.","price":"4,08 €","offer_price":0,"offer_type":null,"stock":false,"super":"alcampo"},{"img":"https://www.alcampo.es/media/h0d/h82/10786560507934.jpg","name":"Leche desnatada (0% materia grasa) de vaca, sin lactosa PULEVA Mañanas ligeras 6 x 1l.","price":"5,28 €","offer_price":0,"offer_type":null,"stock":false,"super":"alcampo"},{"img":"https://www.alcampo.es/media/h6f/hb9/9525333360670.jpg","name":"Leche semidesnatada de vaca, enriquecida con calcio PRODUCTO ALCAMPO 6 x 1 l.","price":"4,08 €","offer_price":0,"offer_type":null,"stock":false,"super":"alcampo"},{"img":"https://www.alcampo.es/media/h15/h47/9572354588702.jpg","name":"Leche de vaca semidesnatada y sin lactosa PASCUAL 1 l.","price":"0,95 €","offer_price":0,"offer_type":null,"stock":false,"super":"alcampo"},{"img":"https://www.alcampo.es/media/h58/hb6/9280775389214.jpg","name":"Preparado lacteo semidesnatado, enriquecido con fibra CENTRAL LECHERA ASTURIANA Fibra 1 l.","price":"1,08 €","offer_price":0,"offer_type":null,"stock":false,"super":"alcampo"},{"img":"https://www.alcampo.es/media/h4e/hc6/9525294399518.jpg","name":"Leche entera de vaca, enriquecida con calcio PRODUCTO ALCAMPO 1 l.","price":"0,68 €","offer_price":0,"offer_type":null,"stock":false,"super":"alcampo"},{"img":"https://www.alcampo.es/media/h77/h44/10479954427934.jpg","name":"Preparado lacteo desnatado, enriquecido con ácido oleico PULEVA Omega 3 1 l.","price":"1,24 €","offer_price":0,"offer_type":null,"stock":false,"super":"alcampo"},{"img":"https://www.alcampo.es/media/h45/ha9/9525326053406.jpg","name":"Preparado lácteo desnatado, enriquecido con Omega 3, calcio, ácido fólico y vitaminas A, D, E, B6 y B12 PRODUCTO ALCAMPO 1 l.","price":"0,78 €","offer_price":0,"offer_type":null,"stock":false,"super":"alcampo"},{"img":"https://www.alcampo.es/media/h46/h13/9374787076126.jpg","name":"Leche de vaca desnatada 0% materia grasa PASCUAL 1.2 l.","price":"1 €","offer_price":0,"offer_type":null,"stock":false,"super":"alcampo"},{"img":"https://www.alcampo.es/media/h2e/h64/10477568491550.jpg","name":"Leche de crecimiento y desarrollo con cacao y cereales, a partir de 3 años PULEVA Max crecimiento + desarrollo 3 x 200 ml.","price":"1,24 €","offer_price":0,"offer_type":null,"stock":false,"super":"alcampo"},{"img":"https://www.alcampo.es/media/h46/hf4/9660189507614.jpg","name":"Leche de vaca entera y sin lactosa CENTRAL LECHERA ASTURIANA 1 l.","price":"0,86 €","offer_price":0,"offer_type":null,"stock":false,"super":"alcampo"},{"img":"https://www.alcampo.es/media/h65/ha9/10493029056542.jpg","name":"Leche de crecimiento, enriquecida con calcio, hierro, 12 vitaminas y Omega 3, para mayores de 3 años PULEVA Max crecimiento + desarrollo 1 l.","price":"1,18 €","offer_price":0,"offer_type":null,"stock":false,"super":"alcampo"},{"img":"https://www.alcampo.es/media/he7/h21/10481912053790.jpg","name":"Leche semidesnatada de vaca, enriquecida con calcio PULEVA Vita calcio 6 x 1 l.","price":"5,88 €","offer_price":0,"offer_type":null,"stock":false,"super":"alcampo"},{"img":"https://www.alcampo.es/media/hdb/h51/10479934308382.jpg","name":"Leche desnatada de vacas con alimentación ecológica PULEVA Eco 1 l.","price":"0,98 €","offer_price":0,"offer_type":null,"stock":false,"super":"alcampo"},{"img":"https://www.alcampo.es/media/hd8/h2a/9280768802846.jpg","name":"Leche semidesnatada, enriquecida con calcio CENTRAL LECHERA ASTURIANA 6 x 1l.","price":"5,04 €","offer_price":0,"offer_type":null,"stock":false,"super":"alcampo"},{"img":"https://www.alcampo.es/media/hcb/h64/9574969081886.jpg","name":"Leche entera sin lactosa procedente de vacas con bienestar garantizado PASCUAL 6 x 1 l.","price":"5,70 €","offer_price":0,"offer_type":null,"stock":false,"super":"alcampo"},{"img":"https://www.alcampo.es/media/h57/hc3/10493023420446.gif","name":"Leche de crecimiento con cereales y cacao de 12 a 36 meses PULEVA Peques 3 3 x 200 ml.","price":"1,33 €","offer_price":0,"offer_type":null,"stock":false,"super":"alcampo"},{"img":"https://www.alcampo.es/media/hc1/h92/10470214434846.jpg","name":"Leche desnatada de vaca, de origen 100% español PRÉSIDENT 6 x 1 l.","price":"4,08 €","offer_price":0,"offer_type":null,"stock":false,"super":"alcampo"},{"img":"https://www.alcampo.es/media/h4e/hfa/10479864447006.jpg","name":"Preparado lacteo desnatado, enriquecido con nueces y ácido olecio 3 PULEVA Omega 3 1 l.","price":"1,24 €","offer_price":0,"offer_type":null,"stock":false,"super":"alcampo"},{"img":"https://www.alcampo.es/media/h86/h63/10481898979358.jpg","name":"Leche desnatada (0% materia grasa) de vaca, enriquecida con calcio PULEVA Vita calcio 6 x 1l.","price":"5,88 €","offer_price":0,"offer_type":null,"stock":false,"super":"alcampo"},{"img":"https://www.alcampo.es/media/h85/h32/8954462109726.jpg","name":"Leche semidesnatada CENTRAL LECHERA ASTURIANA 500 ml.","price":"0,52 €","offer_price":0,"offer_type":null,"stock":false,"super":"alcampo"},{"img":"https://www.alcampo.es/media/h41/h08/10834254856222.jpg","name":"Leche semidesnatada de vaca, con calcio y con un alto contenido en vitamina D PASCUAL 1 l.","price":"1,08 €","offer_price":0,"offer_type":null,"stock":false,"super":"alcampo"},{"img":"https://www.alcampo.es/media/h7d/h16/9748059488286.jpg","name":"Leche de vaca semidesnatada y sin lactosa KAIKU 1 l.","price":"1,19 €","offer_price":0,"offer_type":null,"stock":false,"super":"alcampo"},{"img":"https://www.alcampo.es/media/h78/ha1/10479929786398.jpg","name":"Leche de crecimiento y desarrollo, enriquecida con cereales, calcio, hierro, 12 vitaminas y Omega 3 PULEVA Max crecimiento + desarrollo 6 x 1l.","price":"7,14 €","offer_price":0,"offer_type":null,"stock":false,"super":"alcampo"},{"img":"https://www.alcampo.es/media/h95/h88/9683490242590.jpg","name":"Leche desnatada 0% materia grasa PASCUAL 6 x 1.2 l.","price":"6 €","offer_price":0,"offer_type":null,"stock":false,"super":"alcampo"},{"img":"https://www.alcampo.es/media/h4c/h8f/9466027442206.jpg","name":"Leche entera RÍO 1.5 l.","price":"0,90 €","offer_price":0,"offer_type":null,"stock":false,"super":"alcampo"},{"img":"https://www.alcampo.es/media/h4a/hd4/8897470070814.jpg","name":"Leche de vaca, semidesnatada, fresca y pasteurizada LA COLMENAREÑA 1 l.","price":"0,99 €","offer_price":0,"offer_type":null,"stock":false,"super":"alcampo"},{"img":"https://www.alcampo.es/media/hdb/hb6/9374782488606.jpg","name":"Leche de vaca semidesnatada procedente de animales con bienestar garantizado PASCUAL 1.2 l.","price":"1 €","offer_price":0,"offer_type":null,"stock":false,"super":"alcampo"},{"img":"https://www.alcampo.es/media/h9e/h8f/10786495496222.jpg","name":"Leche desnatada (0% materia grasa) de vaca, sin lactosa PULEVA Mañanas ligeras 1 l.","price":"0,88 €","offer_price":0,"offer_type":null,"stock":false,"super":"alcampo"},{"img":"https://www.alcampo.es/media/hc1/h13/10786559688734.jpg","name":"Leche semidesnatada de vaca sin lactosa PULEVA Mañanas ligeras 1l.","price":"0,88 €","offer_price":0,"offer_type":null,"stock":false,"super":"alcampo"},{"img":"https://www.alcampo.es/media/h28/hf4/9280776863774.jpg","name":"Preparado lacteo semidesnatado, enriquecido con fibra CENTRAL LECHERA ASTURIANA Fibra 6 x 1 l.","price":"6,48 €","offer_price":0,"offer_type":null,"stock":false,"super":"alcampo"},{"img":"https://www.alcampo.es/media/h40/h08/10834177589278.jpg","name":"Leche entera de vaca, con calcio y con un alto contenido de vitamina D PASCUAL 6 x 1 l.","price":"6,48 €","offer_price":0,"offer_type":null,"stock":false,"super":"alcampo"},{"img":"https://www.alcampo.es/media/h31/h9c/9495461527582.jpg","name":"Leche entera de vaca, 100% natural CENTRAL LECHERA ASTURIANA 6 x 200 ml.","price":"1,65 €","offer_price":0,"offer_type":null,"stock":false,"super":"alcampo"},{"img":"https://www.alcampo.es/media/h5a/h8b/9465733513246.jpg","name":"Leche desnatada, enriquecida con calcio CENTRAL LECHERA ASTURIANA 6 x 1l.","price":"5,04 €","offer_price":0,"offer_type":null,"stock":false,"super":"alcampo"},{"img":"https://www.alcampo.es/media/h8b/h02/10553990971422.jpg","name":"Leche desnatada de vaca, con vitaminas A, D, B6, B9 y B12, Zinc y Selenio PASCUAL Inmune 1 l.","price":"0,88 €","offer_price":0,"offer_type":null,"stock":false,"super":"alcampo"},{"img":"https://www.alcampo.es/media/h34/haa/8876887965726.jpg","name":"Leche desnatada CENTRAL LECHERA ASTURIANA 6 x 2.2 l.","price":"9,06 €","offer_price":0,"offer_type":null,"stock":false,"super":"alcampo"},{"img":"https://www.alcampo.es/media/ha9/h23/9572352655390.jpg","name":"Leche de vaca entera y sin lactosa PASCUAL 1 l.","price":"0,95 €","offer_price":0,"offer_type":null,"stock":false,"super":"alcampo"},{"img":"https://www.alcampo.es/media/hbc/h22/10210129248286.jpg","name":"Leche entera de vaca CELTA 1.5 l.","price":"1,08 €","offer_price":0,"offer_type":null,"stock":false,"super":"alcampo"},{"img":"https://www.alcampo.es/media/h99/hea/10479903604766.jpg","name":"Leche desnatada de vacas con alimentación ecológica PULEVA Eco 6 x 1 l.","price":"7,29 €","offer_price":0,"offer_type":null,"stock":false,"super":"alcampo"},{"img":"https://www.alcampo.es/media/h4d/h56/10493018931230.jpg","name":"Leche de crecimiento, enriquecida con cereales, calcio, hierro, 12 vitamínas y Omega 3 PULEVA Max Crecimiento y desarrollo 1 l.","price":"1,19 €","offer_price":0,"offer_type":null,"stock":false,"super":"alcampo"},{"img":"https://www.alcampo.es/media/h01/h36/9525315862558.jpg","name":"Leche entera de vaca, enriquecida con calcio PRODUCTO ALCAMPO 6 x 1 l.","price":"4,08 €","offer_price":0,"offer_type":null,"stock":false,"super":"alcampo"},{"img":"https://www.alcampo.es/media/h3a/h35/10477526417438.jpg","name":"Leche desnatada de vaca (0% materia grasa), enriquecida con calcio PULEVA Vita calcio 1l.","price":"0,98 €","offer_price":0,"offer_type":null,"stock":false,"super":"alcampo"},{"img":"https://www.alcampo.es/media/hbd/h28/10481916543006.jpg","name":"Preparado lácteo desnatado, enriquecido con nueces, ácido oleico y Omega 3 PULEVA Omega 3 6 x 1l.","price":"7,44 €","offer_price":0,"offer_type":null,"stock":false,"super":"alcampo"},{"img":"https://www.alcampo.es/media/hd6/h46/10210121056286.jpg","name":"Leche semidesnatada de vaca, sin lactosa CELTA 1l.","price":"0,88 €","offer_price":0,"offer_type":null,"stock":false,"super":"alcampo"},{"img":"https://www.alcampo.es/media/hff/h92/9748000636958.jpg","name":"Leche de vaca desnatada (0% materia grasa) sin lactosa y con ácido fólico KAIKU 1 l.","price":"1,19 €","offer_price":0,"offer_type":null,"stock":false,"super":"alcampo"},{"img":"https://www.alcampo.es/media/hdb/h8f/10477579796510.jpg","name":"Leche semidesnatada de vaca, enriquecida con calcio PULEVA Vita calcio 1l.","price":"0,98 €","offer_price":0,"offer_type":null,"stock":false,"super":"alcampo"},{"img":"https://www.alcampo.es/media/h00/h62/10834187583518.jpg","name":"Leche entera de vaca, con calcio y con un alto contendio en vitamina D PASCUAL 1 l.","price":"1,08 €","offer_price":0,"offer_type":null,"stock":false,"super":"alcampo"},{"img":"https://www.alcampo.es/media/hcd/h89/10472593522718.jpg","name":"Preparado lacteo desnatado, sin lactosa y enriquecido con ácido oleico y Omega 3 PULEVA Omega 3 6 x 1l.","price":"7,44 €","offer_price":0,"offer_type":null,"stock":false,"super":"alcampo"},{"img":"https://www.alcampo.es/media/h0a/h0c/9525299904542.jpg","name":"Preparado lácteo desnatado, enriquecido con Omega 3 y vitaminas A, D, E, B6 y B12 PRODUCTO ALCAMPO 6 x 1l.","price":"4,68 €","offer_price":0,"offer_type":null,"stock":false,"super":"alcampo"},{"img":"https://www.alcampo.es/media/h33/hc7/10472613183518.jpg","name":"Preparado lacteo desnatado, sin lactosa y enriquecido con ácido oleico y Omega 3 PULEVA Omega 3 1 l.","price":"1,24 €","offer_price":0,"offer_type":null,"stock":false,"super":"alcampo"},{"img":"https://www.alcampo.es/media/h76/h56/10210117713950.jpg","name":"Leche de vaca semidesnatada CELTA 1.5 l.","price":"1,08 €","offer_price":0,"offer_type":null,"stock":false,"super":"alcampo"},{"img":"https://www.alcampo.es/media/h24/hd1/9466028916766.jpg","name":"Leche semidesnatada CENTRAL LECHERA ASTURIANA 6 x 500 ml.","price":"3,12 €","offer_price":0,"offer_type":null,"stock":false,"super":"alcampo"},{"img":"https://www.alcampo.es/media/hcc/hee/9748059652126.jpg","name":"Leche desnatada de vaca, sin lactosa KAIKU 6 x 1l.","price":"7,14 €","offer_price":0,"offer_type":null,"stock":false,"super":"alcampo"},{"img":"https://www.alcampo.es/media/h32/h80/9653700100126.jpg","name":"Leche de cabra semidesnatada de origen español COVAP 1l.","price":"1,28 €","offer_price":0,"offer_type":null,"stock":false,"super":"alcampo"},{"img":"https://www.alcampo.es/media/hcd/h9a/10834189385758.jpg","name":"Leche de vaca desnatada, sin lactosa, con calcio y vitamina D PASCUAL Calcio 1 l.","price":"1,30 €","offer_price":0,"offer_type":null,"stock":false,"super":"alcampo"},{"img":"https://www.alcampo.es/media/hd5/h15/10210127642654.jpg","name":"Leche desnatada de vaca, sin lactosa CELTA 1 l.","price":"0,88 €","offer_price":0,"offer_type":null,"stock":false,"super":"alcampo"},{"img":"https://www.alcampo.es/media/h8b/h62/9659396554782.jpg","name":"Preparado lácteo semidesnatado, con ácido fólico y vitaminas B1, B6, B12, A, D y E, que ayuda a controlar el colesterol FLORA Folic B 1 l.","price":"1,54 €","offer_price":0,"offer_type":null,"stock":false,"super":"alcampo"},{"img":"https://www.alcampo.es/media/h4e/h2a/9735922876446.jpg","name":"Leche de vaca semidesnatada y de origen 100% gallega FEIRACO 1 l.","price":"0,78 €","offer_price":0,"offer_type":null,"stock":false,"super":"alcampo"},{"img":"https://www.alcampo.es/media/ha9/h52/9653709045790.jpg","name":"Leche de oveja semidesnatada de origen español COVAP 1 l.","price":"1,87 €","offer_price":0,"offer_type":null,"stock":false,"super":"alcampo"},{"img":"https://www.alcampo.es/media/hb7/h28/10472615804958.jpg","name":"Leche de crecimiento, sin lactosa y enriquecida con Omega 3 PULEVA Max crecimiento + desarrollo 1 l.","price":"1,24 €","offer_price":0,"offer_type":null,"stock":false,"super":"alcampo"},{"img":"https://www.alcampo.es/media/h40/h72/9355455234078.jpg","name":"Preparado lácteo semidesnatado, con ácido fólico, y vitaminas B6, B112, A, D y E, que ayuda a reducir el nivel de colesterol FLORA Folic B 4 x 1 l.","price":"6,16 €","offer_price":0,"offer_type":null,"stock":false,"super":"alcampo"},{"img":"https://www.alcampo.es/media/h63/h4b/9755428290590.jpg","name":"Leche desnatada sin lactosa, con sabor a chocolate y enriquecida con proteinas YOPRO de Danone 330 ml.","price":"1,98 €","offer_price":0,"offer_type":null,"stock":false,"super":"alcampo"},{"img":"https://www.alcampo.es/media/h58/hf5/10786576957470.jpg","name":"Leche entera de vaca, sin lactosa PULEVA Mañanas ligeras 6 x 1l.","price":"5,28 €","offer_price":0,"offer_type":null,"stock":false,"super":"alcampo"},{"img":"https://www.alcampo.es/media/hd3/h2b/8883449790494.jpg","name":"Leche entera LA COLMENAREÑA 6 x 1l.","price":"5,52 €","offer_price":0,"offer_type":null,"stock":false,"super":"alcampo"},{"img":"https://www.alcampo.es/media/hd2/h06/10477547257886.jpg","name":"Leche semidesnatada de cabra, de sabor suave y agradable PULEVA 1 l.","price":"1,54 €","offer_price":0,"offer_type":null,"stock":false,"super":"alcampo"},{"img":"https://www.alcampo.es/media/hda/hf8/10477627473950.jpg","name":"Leche de crecimiento y desarrollo a partir de 3 años PULEVA Max crecimiento + desarrollo 3 x 200 ml.","price":"1,25 €","offer_price":0,"offer_type":null,"stock":false,"super":"alcampo"},{"img":"https://www.alcampo.es/media/hf4/h31/9002974576670.jpg","name":"Leche desnatada, 0% materia grasa sin lactosa CENTRAL LECHERA ASTURIANA 1.5 l.","price":"1,33 €","offer_price":0,"offer_type":null,"stock":false,"super":"alcampo"},{"img":"https://www.alcampo.es/media/h21/h82/9735936966686.jpg","name":"Leche de vaca desnatada, sin lactosa y de origen 100% gallega ÚNICLA 1 l.","price":"0,93 €","offer_price":0,"offer_type":null,"stock":false,"super":"alcampo"},{"img":"https://www.alcampo.es/media/hb7/h54/9374780293150.jpg","name":"Leche de vaca entera con garantia de bienestar animal PASCUAL 1.2 l.","price":"1 €","offer_price":0,"offer_type":null,"stock":false,"super":"alcampo"},{"img":"https://www.alcampo.es/media/he5/heb/10834235981854.jpg","name":"Leche de vaca desnatada con calcio, sin lactosa y con vitamina D PASCUAL Calcio 6 x 1 l.","price":"7,80 €","offer_price":0,"offer_type":null,"stock":false,"super":"alcampo"},{"img":"https://www.alcampo.es/media/hf3/h86/9738392141854.jpg","name":"Leche de vaca semidesnatada de origen 100% gallega FEIRACO 6 x 1l.","price":"4,68 €","offer_price":0,"offer_type":null,"stock":false,"super":"alcampo"},{"img":"https://www.alcampo.es/media/h2f/h36/9298365808670.jpg","name":"Preparado lácteo desnatado, enriquecido con vitaminas A, D3 y E MILLAC 6 x 1l.","price":"5,52 €","offer_price":0,"offer_type":null,"stock":false,"super":"alcampo"},{"img":"https://www.alcampo.es/media/h2e/hcb/10786586689566.jpg","name":"Leche entera de vaca, sin lactosa PULVEA Mañanas ligeras 1 l.","price":"0,88 €","offer_price":0,"offer_type":null,"stock":false,"super":"alcampo"},{"img":"https://www.alcampo.es/media/h6a/hd8/10481900290078.jpg","name":"Leche entera de vaca, enriquecida con calcio PULEVA Vita calcio 6 x 1l.","price":"5,88 €","offer_price":0,"offer_type":null,"stock":false,"super":"alcampo"},{"img":"https://www.alcampo.es/media/h14/hc2/9457346117662.jpg","name":"Leche semidesnatada sin lactosa y sin gluten LA COLMENAREÑA 1 l.","price":"1,15 €","offer_price":0,"offer_type":null,"stock":false,"super":"alcampo"},{"img":"https://www.alcampo.es/media/hb8/h1b/9631931465758.jpg","name":"Leche de vaca semidesnatada y sin lactosa KAIKU 3 x 200 ml.","price":"1,25 €","offer_price":0,"offer_type":null,"stock":false,"super":"alcampo"},{"img":"https://www.alcampo.es/media/h91/hd3/10210127085598.jpg","name":"Leche semidesnatada de vaca, sin lactosa y de origen 100% gallega CELTA 6 x 1l.","price":"5,28 €","offer_price":0,"offer_type":null,"stock":false,"super":"alcampo"},{"img":"https://www.alcampo.es/media/h4b/he7/9465017237534.jpg","name":"Leche entera RÍO 6 x 1.5 l.","price":"5,40 €","offer_price":0,"offer_type":null,"stock":false,"super":"alcampo"},{"img":"https://www.alcampo.es/media/h0f/he1/10210115977246.jpg","name":"Leche desnatada de vaca CELTA 1.5 l.","price":"1,08 €","offer_price":0,"offer_type":null,"stock":false,"super":"alcampo"},{"img":"https://www.alcampo.es/media/h9a/hb7/9659299168286.jpg","name":"Leche de vaca semidesnatada sin lactosa PASCUAL 200 ml.","price":"1,04 €","offer_price":0,"offer_type":null,"stock":false,"super":"alcampo"},{"img":"https://www.alcampo.es/media/h1b/heb/9002911432734.jpg","name":"Leche desnatada, 0% materia grasa, sin lactosa CENTRAL LECHERA ASTURIANA 6 x 1.5 l.","price":"7,98 €","offer_price":0,"offer_type":null,"stock":false,"super":"alcampo"},{"img":"https://www.alcampo.es/media/h42/h9e/9735936049182.jpg","name":"Leche de vaca entera de origen 100% gallega ÚNICLA 1 l.","price":"0,88 €","offer_price":0,"offer_type":null,"stock":false,"super":"alcampo"},{"img":"https://www.alcampo.es/media/h1e/h18/8895017713694.jpg","name":"Leche semidesnatada RÍO 6 x 1.5 l.","price":"5,40 €","offer_price":0,"offer_type":null,"stock":false,"super":"alcampo"},{"img":"https://www.alcampo.es/media/h0c/h97/10554140885022.jpg","name":"Leche semidesnatada de vaca, con vitaminas A, D, B6, B9 y B12, Zinc y Selenio PASCUAL Inmune 6 x 1 l.","price":"5,28 €","offer_price":0,"offer_type":null,"stock":false,"super":"alcampo"},{"img":"https://www.alcampo.es/media/hba/h9c/10470235537438.jpg","name":"Preparado lacteo semidesnatado, que ayuda a tu sistema inmunitario PULEVA Vita defensas 1 l.","price":"0,78 €","offer_price":0,"offer_type":null,"stock":false,"super":"alcampo"},{"img":"https://www.alcampo.es/media/h0b/hd7/10492936552478.jpg","name":"Leche fresca semidesnatada de vaca, sin lactosa y de origen 100% español PULEVA 1.5 l.","price":"1,82 €","offer_price":0,"offer_type":null,"stock":false,"super":"alcampo"},{"img":"https://www.alcampo.es/media/hcb/he6/8891286814750.jpg","name":"Leche semidesnatada LA COLMENAREÑA 6 x 1 l.","price":"5,52 €","offer_price":0,"offer_type":null,"stock":false,"super":"alcampo"},{"img":"https://www.alcampo.es/media/ha6/h85/9735936278558.jpg","name":"Leche de vaca entera de origen 100% gallega ÚNICLA 6 x 1 l.","price":"5,28 €","offer_price":0,"offer_type":null,"stock":false,"super":"alcampo"},{"img":"https://www.alcampo.es/media/hd0/h93/10472629075998.jpg","name":"Preparado lacteo desnatado, enriquecido con avena, ácido oleico y Omega 3 PULEVA Omega 3 1 l.","price":"1,24 €","offer_price":0,"offer_type":null,"stock":false,"super":"alcampo"},{"img":"https://www.alcampo.es/media/h02/hf5/8869365547038.jpg","name":"Leche semidesnatada LA COLMENAREÑA 1l.","price":"0,92 €","offer_price":0,"offer_type":null,"stock":false,"super":"alcampo"},{"img":"https://www.alcampo.es/media/h03/hd8/9735936639006.jpg","name":"Leche de vaca semidesnatada de origen 100% gallega ÚNICLA 6 x 1 l.","price":"5,28 €","offer_price":0,"offer_type":null,"stock":false,"super":"alcampo"},{"img":"https://www.alcampo.es/media/h8f/hc5/9653691940894.jpg","name":"Leche de cabra semidesnatada de origen español COVAP 6 x 1l.","price":"7,68 €","offer_price":0,"offer_type":null,"stock":false,"super":"alcampo"},{"img":"https://www.alcampo.es/media/he3/h52/9280775225374.jpg","name":"Preparado lacteo desnatado, bajo en grasa que ayuda a reducir el colesterol CENTRAL LECHERA ASTURIANA Naturcol 6 x 1l.","price":"6,48 €","offer_price":0,"offer_type":null,"stock":false,"super":"alcampo"},{"img":"https://www.alcampo.es/media/h5e/hed/8962808283166.jpg","name":"Leche desnatada CENTRAL LECHERA ASTURIANA 500 ml.","price":"0,52 €","offer_price":0,"offer_type":null,"stock":false,"super":"alcampo"},{"img":"https://www.alcampo.es/media/hc1/h55/9280776372254.jpg","name":"Preparado lácteo desnatado, que ayuda a reducir el colesterol CENTRAL LECHERA ASTURIANA Naturcol 1 l.","price":"1,08 €","offer_price":0,"offer_type":null,"stock":false,"super":"alcampo"},{"img":"https://www.alcampo.es/media/ha5/h00/9466045988894.jpg","name":"Leche desnatada 0,0% materia grasa CENTRAL LECHERA ASTURIANA 1.5l.","price":"1,18 €","offer_price":0,"offer_type":null,"stock":false,"super":"alcampo"},{"img":"https://www.alcampo.es/media/h4e/hfe/10479931359262.jpg","name":"Leche entera de vaca, enriquecida con calcio PULEVA Vita calcio 1 l.","price":"0,98 €","offer_price":0,"offer_type":null,"stock":false,"super":"alcampo"},{"img":"https://www.alcampo.es/media/hce/hcd/10546620399646.jpg","name":"Preparado lácteo semidesnatado, que reduce activamente el colesterol FLORA Pro-activ 1 l.","price":"1,39 €","offer_price":0,"offer_type":null,"stock":false,"super":"alcampo"},{"img":"https://www.alcampo.es/media/h4c/hca/9465797345310.jpg","name":"Leche entera de vaca CENTRAL LECHERA ASTURIANA 6 x 500 ml.","price":"3,12 €","offer_price":0,"offer_type":null,"stock":false,"super":"alcampo"},{"img":"https://www.alcampo.es/media/ha7/h6c/8891407466526.jpg","name":"Leche entera LA COLMENAREÑA 1 l.","price":"0,92 €","offer_price":0,"offer_type":null,"stock":false,"super":"alcampo"},{"img":"https://www.alcampo.es/media/h1d/h81/10472577466398.jpg","name":"Preparado lacteo desnatado, enriquecido con almendras, ácido oleico y Omega 3 PULEVA Omega 3 1 l.","price":"1,24 €","offer_price":0,"offer_type":null,"stock":false,"super":"alcampo"},{"img":"https://www.alcampo.es/media/hd5/h33/10554115096606.jpg","name":"Leche entera de vaca, con vitaminas A, D, B6, B9 y B12, Zinc y Selenio PASCUAL Inmune 1 l.","price":"0,88 €","offer_price":0,"offer_type":null,"stock":false,"super":"alcampo"},{"img":"https://www.alcampo.es/media/hae/h69/10493017391134.jpg","name":"Leche fresca semidesnatada de vaca, de origen ecológico PULEVA 1,5 l.","price":"1,89 €","offer_price":0,"offer_type":null,"stock":false,"super":"alcampo"},{"img":"https://www.alcampo.es/media/h15/hab/10470229803038.jpg","name":"Leche fresca desnatada de vaca, de origen 100% español PULEVA 1.5 l.","price":"1,61 €","offer_price":0,"offer_type":null,"stock":false,"super":"alcampo"},{"img":"https://www.alcampo.es/media/h6a/h4b/9755367079966.jpg","name":"Leche desnatada sin lactosa, con sabor a chocolate y enriquecida con proteinas YOPRO de Danone 330 ml.","price":"1,98 €","offer_price":0,"offer_type":null,"stock":false,"super":"alcampo"},{"img":"https://www.alcampo.es/media/ha6/h66/9735937884190.jpg","name":"Leche semidesnatada de vaca de origen 100% gallega ÚNICA 1 l.","price":"0,88 €","offer_price":0,"offer_type":null,"stock":false,"super":"alcampo"},{"img":"https://www.alcampo.es/media/h57/ha6/9466034323486.jpg","name":"Leche desnatada 0,0% materia grasa CENTRAL LECHERA ASTURIANA 6 x 1.5 l.","price":"7,08 €","offer_price":0,"offer_type":null,"stock":false,"super":"alcampo"},{"img":"https://www.alcampo.es/media/h2a/h9e/10554125320222.jpg","name":"Leche semidesnatada de vaca, con vitaminas A, D, B6, B9 y B12, Zinc y Selenio PASCUAL Inmune 1 l.","price":"0,88 €","offer_price":0,"offer_type":null,"stock":false,"super":"alcampo"},{"img":"https://www.alcampo.es/media/h7e/h22/10210120335390.jpg","name":"Leche desnatada de vaca, sin lactosa y de origen 100% gallega CELTA 6 x 1l.","price":"5,28 €","offer_price":0,"offer_type":null,"stock":false,"super":"alcampo"},{"img":"https://www.alcampo.es/media/h9c/h1c/10472701165598.jpg","name":"Leche de crecimiento, sin lactosa con Omega 3 PULEVA Max Crecimiento + desarrollo 6 x 1 l.","price":"7,74 €","offer_price":0,"offer_type":null,"stock":false,"super":"alcampo"},{"img":"https://www.alcampo.es/media/hbc/h5e/9735937556510.jpg","name":"Leche de vaca semidesnatada sin lactosa y de origen 100% gallega ÚNICLA 6 x 1 l.","price":"5,28 €","offer_price":0,"offer_type":null,"stock":false,"super":"alcampo"},{"img":"https://www.alcampo.es/media/h71/hc8/9355464343582.jpg","name":"Preparado lácteo entero, con ácido fólico y vitaminas B6, B12, A, D y E, que ayuda a reducir los niveles de colesterol FLORA Folic B 4 x 1l.","price":"6,16 €","offer_price":0,"offer_type":null,"stock":false,"super":"alcampo"},{"img":"https://www.alcampo.es/media/h47/hef/10554153631774.jpg","name":"Leche entera de vaca, con vitaminas A, D, B6, B9 y B12, Zinc y Selenio PASCUAL Inmune 6 x 1 l.","price":"5,28 €","offer_price":0,"offer_type":null,"stock":false,"super":"alcampo"},{"img":"https://www.alcampo.es/media/h09/hd1/10777622970398.jpg","name":"Leche semidesnatada de vaca de bienestar animal y origen gallego CLESA Bienatur 1 l.","price":"0,62 €","offer_price":0,"offer_type":null,"stock":false,"super":"alcampo"},{"img":"https://www.alcampo.es/media/h0b/h04/10477547946014.jpg","name":"Leche semidesnatada de cabra, de sabor suave y agradable PULEVA 6 x 1 l.","price":"9,24 €","offer_price":0,"offer_type":null,"stock":false,"super":"alcampo"},{"img":"https://www.alcampo.es/media/h8d/h67/10472590835742.jpg","name":"Leche semidesnatada sin lactosa, con alto contenido en calcio PULEVA Vita calcio 1 l.","price":"0,99 €","offer_price":0,"offer_type":null,"stock":false,"super":"alcampo"},{"img":"https://www.alcampo.es/media/hf3/h19/10752148242462.jpg","name":"Leche de crecimiento con sabor a galleta maria, a partir de 2 años NESTLÉ Junior 1 l.","price":"1,41 €","offer_price":0,"offer_type":null,"stock":false,"super":"alcampo"},{"img":"https://www.alcampo.es/media/h74/h78/10553984843806.jpg","name":"Leche desnatada de vaca, con vitaminas A, D, B6, B9 y B12, Zinc y Selenio PASCUAL Inmune 6 x 1 l.","price":"5,28 €","offer_price":0,"offer_type":null,"stock":false,"super":"alcampo"},{"img":"https://www.alcampo.es/media/ha5/h4e/9653721497630.jpg","name":"Leche de oveja semidesnatada, de origen español COVAP 6 x 1 l.","price":"11,22 €","offer_price":0,"offer_type":null,"stock":false,"super":"alcampo"},{"img":"https://www.alcampo.es/media/he4/h10/8900383801374.jpg","name":"Leche desnatada LA COLMENAREÑA 6 x 1l.","price":"5,52 €","offer_price":0,"offer_type":null,"stock":false,"super":"alcampo"},{"img":"https://www.alcampo.es/media/he0/h02/10477616332830.jpg","name":"Leche semidesnatada de vaca, enriquecida con calcio PULEVA Vita calcio 3 x 200 ml.","price":"0,88 €","offer_price":0,"offer_type":null,"stock":false,"super":"alcampo"},{"img":"https://www.alcampo.es/media/h60/hbe/10493020307486.jpg","name":"Leche semidesnatada de vaca, sin lactosa y con alto contenido de calcio PULEVA Vita calcio 6 x 1 l.","price":"5,94 €","offer_price":0,"offer_type":null,"stock":false,"super":"alcampo"},{"img":"https://www.alcampo.es/media/hab/h1c/10472631795742.jpg","name":"Preparado lácteo bajo en grasas, y con alto contenido en fibra PULEVA Fibra 6 x 1 l.","price":"7,80 €","offer_price":0,"offer_type":null,"stock":false,"super":"alcampo"},{"img":"https://www.alcampo.es/media/h17/hea/9166366375966.jpg","name":"Leche desnatada CENTRAL LECHERA ASTURIANA 6 x 500 ml.","price":"3,12 €","offer_price":0,"offer_type":null,"stock":false,"super":"alcampo"},{"img":"https://www.alcampo.es/media/h9b/h61/9457345101854.jpg","name":"Leche semidesnatasa sin gluten y sin lactosa LA COLMENAÑERA 6 x 1 l.","price":"6,90 €","offer_price":0,"offer_type":null,"stock":false,"super":"alcampo"},{"img":"https://www.alcampo.es/media/h83/hbe/10472614330398.jpg","name":"Preaprado lacteo desnatado, enriquecido con almendras, ácido oleico y Omega 3 PULEVA Omega 3 6 x 1l.","price":"7,44 €","offer_price":0,"offer_type":null,"stock":false,"super":"alcampo"},{"img":"https://www.alcampo.es/media/h51/h7b/10472595816478.jpg","name":"Preparado lacteo desnatado, enriquecido con avena, ácido oleico y Omega 3 PULEVA Omega 3 6 x 1l.","price":"7,44 €","offer_price":0,"offer_type":null,"stock":false,"super":"alcampo"},{"img":"https://www.alcampo.es/media/h38/h5c/10472584052766.jpg","name":"Preparado lácteo bajo en grasas y con alto contenido en fibra PULEVA Fibra 1 l.","price":"1,30 €","offer_price":0,"offer_type":null,"stock":false,"super":"alcampo"},{"img":"https://www.alcampo.es/media/h05/h82/10546717687838.jpg","name":"Preparado lácteo desnatado, que reduce activamente el colesterol FLORA Pro-activ 4 x 1 l.","price":"5,56 €","offer_price":0,"offer_type":null,"stock":false,"super":"alcampo"},{"img":"https://www.alcampo.es/media/h06/hbe/10504539111454.jpg","name":"Preparado lacteo semidesnatado, que ayuda a tu sistema inmunitario PULEVA Vita defensas 6 x 1 l.","price":"4,68 €","offer_price":0,"offer_type":null,"stock":false,"super":"alcampo"},{"img":"https://www.alcampo.es/media/h68/h5a/9735935885342.jpg","name":"Leche de vaca desnatada de origen 100% gallega ÚNICLA 6 x 1 l.","price":"5,28 €","offer_price":0,"offer_type":null,"stock":false,"super":"alcampo"},{"img":"https://www.alcampo.es/media/hbb/hb3/9294739308574.jpg","name":"Preparado lácteo desnatado, enriquecido con vitaminas A, D3 y E MILLAC 1l.","price":"0,92 €","offer_price":0,"offer_type":null,"stock":false,"super":"alcampo"},{"img":"https://www.alcampo.es/media/h38/hee/9735937720350.jpg","name":"Leche de vaca semidesnatada y sin lactosa UNICLA 1 l.","price":"0,88 €","offer_price":0,"offer_type":null,"stock":false,"super":"alcampo"},{"img":"https://www.alcampo.es/media/h4f/hd2/9659374698526.jpg","name":"Preparado lácteo entero, enriquecido con ácido fólico y vitaminas B6, B12, B1, A, D y E FLORA Folic B 1 l. ","price":"1,54 €","offer_price":0,"offer_type":null,"stock":false,"super":"alcampo"},{"img":"https://www.alcampo.es/media/h4e/ha8/9148201107486.jpg","name":"Leche fermentada parcialmente desnatada LABAN 1 l. ","price":"1,69 €","offer_price":0,"offer_type":null,"stock":false,"super":"alcampo"},{"img":"https://www.alcampo.es/media/h7d/hf3/10777765609502.jpg","name":"Leche desnatada de vaca de origen gallego de bienestar animal CLESA Bienatur 1 .","price":"0,62 €","offer_price":0,"offer_type":null,"stock":false,"super":"alcampo"},{"img":"https://www.alcampo.es/media/hf7/h6e/9735937392670.jpg","name":"Leche de vaca desnatada de origen 100% gallega ÚNICLA 1 l.","price":"0,88 €","offer_price":0,"offer_type":null,"stock":false,"super":"alcampo"},{"img":"https://www.alcampo.es/media/h03/hd0/9602098954270.jpg","name":"Bebida lactea semidesnatada, enriquecida con 12 vitaminas, Omega 3 y minerales PRODUCTO ALCAMPO 1 l.","price":"0,94 €","offer_price":0,"offer_type":null,"stock":false,"super":"alcampo"},{"img":"https://www.alcampo.es/media/hc8/hc7/9735936475166.jpg","name":"Leche de vaca desnatada y sin lactosa, de origen 100% gallega ÚNICLA 6 x 1 l.","price":"5,58 €","offer_price":0,"offer_type":null,"stock":false,"super":"alcampo"},{"img":"https://www.alcampo.es/media/h14/h8d/9465686196254.jpg","name":"Leche semidesnatada fresca sin lactosa PRIÉGOLA 1 l.","price":"1,41 €","offer_price":0,"offer_type":null,"stock":false,"super":"alcampo"},{"img":"https://www.alcampo.es/media/h52/hce/10882332164126.jpg","name":"Preparado lácteo desnatado, con Omega 3 de origen vegetal FLORA Omega 3 1 l.","price":"1,32 €","offer_price":0,"offer_type":null,"stock":false,"super":"alcampo"},{"img":"https://www.alcampo.es/media/hd5/h77/9776609198110.jpg","name":"Leche de crecimiento, enriquecida con galleta maria, calcio, vitaminas y magnesio, para mayores de 2 años NESTLÉ Energy 6 x 1 l.","price":"8,70 €","offer_price":0,"offer_type":null,"stock":false,"super":"alcampo"},{"img":"https://www.alcampo.es/media/hdf/h5b/9379980279838.jpg","name":"Superalimento fibra plus (psyllium) bio ECOCESTA 150 g.","price":"6,86 €","offer_price":0,"offer_type":null,"stock":false,"super":"alcampo"},{"img":"https://www.alcampo.es/media/h6b/h55/8885138227230.jpg","name":"Leche desnatada LA COLMENAREÑA 1 l.","price":"0,92 €","offer_price":0,"offer_type":null,"stock":false,"super":"alcampo"},{"img":"https://www.alcampo.es/media/hdf/h55/10777756270622.jpg","name":"Leche de vaca semidesnatada de origen 100% gallega de bienestar animal CLESA Bienatur 6 x 1 l.","price":"3,72 €","offer_price":0,"offer_type":null,"stock":false,"super":"alcampo"},{"img":"https://www.alcampo.es/media/h5d/h6e/9602116288542.jpg","name":"Bebida lactea semidesnatada, enriquecida con 12 vitaminas, Omega 3 y minerales PRODUCTO ALCAMPO 6 x 1 l.","price":"5,64 €","offer_price":0,"offer_type":null,"stock":false,"super":"alcampo"},{"img":"https://www.alcampo.es/media/h54/h2e/10777760595998.jpg","name":"Leche de vaca desnatada de origen 100% gallega de bienestar animal CLESA Bienatur 6 x 1 l.","price":"3,72 €","offer_price":0,"offer_type":null,"stock":false,"super":"alcampo"}]