[{"img":"https://www.alcampo.es/media/he5/hc5/10240752156702.jpg","name":"Nata líquida ligera (18% de materia grasa) para cocinar PRODUCTO ALCAMPO 200 ml.","price":"0,52 €","offer_price":0,"offer_type":null,"stock":false,"super":"alcampo"},{"img":"https://www.alcampo.es/media/h23/hb9/9525314060318.jpg","name":"Nata líquida (18% materia grasa) para cocinar PRODUCTO ALCAMPO 500 ml.","price":"0,98 €","offer_price":0,"offer_type":null,"stock":false,"super":"alcampo"},{"img":"https://www.alcampo.es/media/h44/h36/10240744652830.jpg","name":"Nata líquida (35% materia grasa) para montar PRODUCTO ALCAMPO 200 ml.","price":"0,52 €","offer_price":0,"offer_type":null,"stock":false,"super":"alcampo"},{"img":"https://www.alcampo.es/media/h9e/h2b/9280767983646.jpg","name":"Tarrina de mantequilla sin sal CENTRAL LECHERA ASTURIANA 250 g.","price":"2,21 €","offer_price":0,"offer_type":null,"stock":false,"super":"alcampo"},{"img":"https://www.alcampo.es/media/hed/hea/10444706971678.jpg","name":"Nata líquida para cocinar sin aditivos artificiales CENTRAL LECHERA ASTURIANA 200 ml.","price":"0,93 €","offer_price":0,"offer_type":null,"stock":false,"super":"alcampo"},{"img":"https://www.alcampo.es/media/hca/h38/9280769130526.jpg","name":"Rulo de mantequilla tradcional sin sal CENTRAL LECHERA ASTURIANA 500 g.","price":"3,69 €","offer_price":0,"offer_type":null,"stock":false,"super":"alcampo"},{"img":"https://www.alcampo.es/media/h00/h2c/8892625846302.jpg","name":"Pastilla de mantequilla sin sal RENY-PICOT 250 g.","price":"1,88 €","offer_price":0,"offer_type":null,"stock":false,"super":"alcampo"},{"img":"https://www.alcampo.es/media/h51/h98/9219987996702.jpg","name":"Tarrima de mantequilla ligera fácil de untar CENTRAL LECHERA ASTURIANA 250 g.","price":"2,08 €","offer_price":0,"offer_type":null,"stock":false,"super":"alcampo"},{"img":"https://www.alcampo.es/media/h95/h02/10416159784990.jpg","name":"Nata líquida para cocinar textura espesa PRESIDENT Epesa 250 ml.","price":"1,11 €","offer_price":0,"offer_type":null,"stock":false,"super":"alcampo"},{"img":"https://www.alcampo.es/media/h08/h1e/9280778633246.jpg","name":"Nata líquida (18% materia grasa) para cocinar CENTRAL LECHERA ASTURIANA 500 ml.","price":"1,86 €","offer_price":0,"offer_type":null,"stock":false,"super":"alcampo"},{"img":"https://www.alcampo.es/media/h44/h04/8901599428638.jpg","name":"Tarrina de mantequilla fácil de untar PRESIDENT 250 g.","price":"2,72 €","offer_price":0,"offer_type":null,"stock":false,"super":"alcampo"},{"img":"https://www.alcampo.es/media/hdc/h05/9660248915998.jpg","name":"Nata líquida (38 % de materia grasa y 100% natural) para montar CENTRAL LECHERA ASTURIANA 500 ml.","price":"1,86 €","offer_price":0,"offer_type":null,"stock":false,"super":"alcampo"},{"img":"https://www.alcampo.es/media/h92/h36/9525310193694.jpg","name":"Nata líquida (35% materia grasa) para montar PRODUCTO ALCAMPO 500 ml.","price":"0,99 €","offer_price":0,"offer_type":null,"stock":false,"super":"alcampo"},{"img":"https://www.alcampo.es/media/h8f/h59/9280772276254.jpg","name":"Nata líquida sin lactosa para cocinar CENTRAL LECHERA ASTURIANA 200 ml.","price":"0,99 €","offer_price":0,"offer_type":null,"stock":false,"super":"alcampo"},{"img":"https://www.alcampo.es/media/h50/h92/10261085716510.jpg","name":"Tarrina de margarina 3/4, elaborada con ingredientes de oirgen natural TULIPÁN Original 500 g.","price":"1,69 €","offer_price":0,"offer_type":null,"stock":false,"super":"alcampo"},{"img":"https://www.alcampo.es/media/hb0/h65/10236000010270.jpg","name":"Tarrina de margarina vegetal 3/4, sin sal PRODUCTO ALCAMPO 500 g.","price":"0,84 €","offer_price":0,"offer_type":null,"stock":false,"super":"alcampo"},{"img":"https://www.alcampo.es/media/h2b/hd5/10134184853534.jpg","name":"Tarrina de margarina de origen 100% vegetal, sin gluten, sin lactosa y sin conservantes FLORA Esencia 225 g.","price":"1,58 €","offer_price":0,"offer_type":null,"stock":false,"super":"alcampo"},{"img":"https://www.alcampo.es/media/h63/h16/8930230370334.jpg","name":"Tarrina de nata fresca para cocinar PRESIDENT 200 ml.","price":"1,79 €","offer_price":0,"offer_type":null,"stock":false,"super":"alcampo"},{"img":"https://www.alcampo.es/media/hf1/hba/10444947062814.jpg","name":"Nata líquida (38 % de materia grasa y 100% natural) para montar CENTRAL LECHERA ASTURIANA 200 ml.","price":"0,93 €","offer_price":0,"offer_type":null,"stock":false,"super":"alcampo"},{"img":"https://www.alcampo.es/media/h2a/h6c/9280772997150.jpg","name":"Tarrina de mantequilla con sal CENTRAL LECHERA ASTURIANA 250 g.","price":"2,18 €","offer_price":0,"offer_type":null,"stock":false,"super":"alcampo"},{"img":"https://www.alcampo.es/media/h05/hc9/8927298420766.jpg","name":"Nata montada en spray CENTRAL LECHERA ASTURIANA 250 g.","price":"1,64 €","offer_price":0,"offer_type":null,"stock":false,"super":"alcampo"},{"img":"https://www.alcampo.es/media/h2f/h9b/9219986849822.jpg","name":"Tarrina de mantequilla ligera sin lactosa CENTRAL LECHERA ASTURIANA 250 g.","price":"2,08 €","offer_price":0,"offer_type":null,"stock":false,"super":"alcampo"},{"img":"https://www.alcampo.es/media/hc7/h9e/9374582964254.jpg","name":"Tarrina de margarina 3/4 vegetal PRODUCTO ECONÓMICO ALCAMPO 500 g.","price":"0,79 €","offer_price":0,"offer_type":null,"stock":false,"super":"alcampo"},{"img":"https://www.alcampo.es/media/h85/h38/9280769589278.jpg","name":"Pastilla de mantequilla tradicional, sin gluten CENTRAL LECHERA ASTURIANA 250 g.","price":"2,18 €","offer_price":0,"offer_type":null,"stock":false,"super":"alcampo"},{"img":"https://www.alcampo.es/media/h7a/hc2/9220061757470.jpg","name":"Tarrina de mantequilla con aceite de oliva, fácil de untal CENTRAL LECHERA ASTURIANA 250 g.","price":"2,36 €","offer_price":0,"offer_type":null,"stock":false,"super":"alcampo"},{"img":"https://www.alcampo.es/media/h65/he8/10416151789598.jpg","name":"Nata líquida para cocinar textura ligera PRESIDENT Ligera 250 ml.","price":"1,11 €","offer_price":0,"offer_type":null,"stock":false,"super":"alcampo"},{"img":"https://www.alcampo.es/media/h8e/had/10134052831262.jpg","name":"Tarrina de margarina 3/4 original, con ingredientes naturales de origen 100% vegetal FLORA 500 g.","price":"2,48 €","offer_price":0,"offer_type":null,"stock":false,"super":"alcampo"},{"img":"https://www.alcampo.es/media/h19/h59/8979220725790.jpg","name":"Tarrina de mantequilla fácil de untar ARIAS 235 g.","price":"2,48 €","offer_price":0,"offer_type":null,"stock":false,"super":"alcampo"},{"img":"https://www.alcampo.es/media/h9b/h71/8959622283294.jpg","name":"Nata montada en spray PRESIDENT 250 g.","price":"1,99 €","offer_price":0,"offer_type":null,"stock":false,"super":"alcampo"},{"img":"https://www.alcampo.es/media/h04/h87/8900502421534.jpg","name":"Nata líquida para cocinar RENY PICOT Ligera 200 ml.","price":"0,89 €","offer_price":0,"offer_type":null,"stock":false,"super":"alcampo"},{"img":"https://www.alcampo.es/media/hda/hdd/9465795313694.jpg","name":"Preparado de soja (17% de materia grasa) para cocinar SOJASUN 200 ml.","price":"1,35 €","offer_price":0,"offer_type":null,"stock":false,"super":"alcampo"},{"img":"https://www.alcampo.es/media/h57/hb2/8970477404190.jpg","name":"Pastilla de mantequilla sin sal PRESIDENT 250 g.","price":"2,69 €","offer_price":0,"offer_type":null,"stock":false,"super":"alcampo"},{"img":"https://www.alcampo.es/media/hc0/he8/10261087420446.jpg","name":"Tarrina de margarina 3/4 con sal, elaborada con ingredientes de origen natural TULIPÁN 500 g.","price":"1,69 €","offer_price":0,"offer_type":null,"stock":false,"super":"alcampo"},{"img":"https://www.alcampo.es/media/hc6/h24/10493030924318.jpg","name":"Nata líquida (18 % de materia grasa) para cocinar PASCUAL 200 ml.","price":"1,05 €","offer_price":0,"offer_type":null,"stock":false,"super":"alcampo"},{"img":"https://www.alcampo.es/media/h75/hf8/10236077342750.jpg","name":"Tarrina de margarina vegetal 3/4 con sal PRODUCTO ALCAMPO 500 g.","price":"0,76 €","offer_price":0,"offer_type":null,"stock":false,"super":"alcampo"},{"img":"https://www.alcampo.es/media/h14/h31/10801876008990.jpg","name":"Nata montada azucarada en spray , con dosificador especial para reposteria PASCUAL 250 g.","price":"1,58 €","offer_price":0,"offer_type":null,"stock":false,"super":"alcampo"},{"img":"https://www.alcampo.es/media/h99/h4e/9280772603934.jpg","name":"Pastilla de mantequilla tradicional sin sal CENTRAL LECHERA ASTURIANA 125 g.","price":"1,25 €","offer_price":0,"offer_type":null,"stock":false,"super":"alcampo"},{"img":"https://www.alcampo.es/media/h4a/h1c/9631844171806.jpg","name":"Nata líquida (15% matria grasa) para cocinar sin lactosa KAIKU Sin lactosa 200 ml.","price":"1,47 €","offer_price":0,"offer_type":null,"stock":false,"super":"alcampo"},{"img":"https://www.alcampo.es/media/hea/h2b/10134019735582.jpg","name":"Tarrina de margarina de maíz 100% vegetal, elaborada sin lactosa ARTUA 500 g.","price":"1,98 €","offer_price":0,"offer_type":null,"stock":false,"super":"alcampo"},{"img":"https://www.alcampo.es/media/he2/h33/9309768319006.jpg","name":"Pastillas de mantequilla tradicional ARIAS 10 X 11.5 gr.","price":"1,24 €","offer_price":0,"offer_type":null,"stock":false,"super":"alcampo"},{"img":"https://www.alcampo.es/media/h2f/h69/8973792935966.jpg","name":"Tarrina de mantequilla tradicional sin sal ARIAS 235 g.","price":"2,40 €","offer_price":0,"offer_type":null,"stock":false,"super":"alcampo"},{"img":"https://www.alcampo.es/media/h2c/hc6/8895762792478.jpg","name":"Rulo de mantequilla sin sal LA COLMENAREÑA 250 g.","price":"2,77 €","offer_price":0,"offer_type":null,"stock":false,"super":"alcampo"},{"img":"https://www.alcampo.es/media/h5f/hee/10134275063838.jpg","name":"Tarrina de margarina ligera, sin gluten y con un 30% menos de calorias LIGERESA 500 g.","price":"2,28 €","offer_price":0,"offer_type":null,"stock":false,"super":"alcampo"},{"img":"https://www.alcampo.es/media/h4f/h26/10322945998878.jpg","name":"Tarrina de margarina con aceite de oliva y aceites 100% vegetales FLORA Oliva 260 g.","price":"0,98 €","offer_price":0,"offer_type":null,"stock":false,"super":"alcampo"},{"img":"https://www.alcampo.es/media/h5c/h70/9221635440670.jpg","name":" Nata líquida (38 % de materia grasa) para cocinar, sin lactosa CENTRAL LECHERA ASTURIANA 200 ml.","price":"1,35 €","offer_price":0,"offer_type":null,"stock":false,"super":"alcampo"},{"img":"https://www.alcampo.es/media/h41/h86/9280779419678.jpg","name":"Rulo de mantequilla tradicional con sal CENTRAL LECHERA ASTURIANA 250 g.","price":"2,45 €","offer_price":0,"offer_type":null,"stock":false,"super":"alcampo"},{"img":"https://www.alcampo.es/media/h00/hb1/8979220561950.jpg","name":"Tarrina de materia grasa ligera, fácil de untar ARIAS 235 g.","price":"2,28 €","offer_price":0,"offer_type":null,"stock":false,"super":"alcampo"},{"img":"https://www.alcampo.es/media/h3b/hb8/10134202417182.jpg","name":"Tarrina de margarina con esteroles vegetales, Omegas 3 y 6 y vitaminas A y D PRO ACTIV de Flora 250 g.","price":"2,45 €","offer_price":0,"offer_type":null,"stock":false,"super":"alcampo"}]