[{"img":"https://www.alcampo.es/media/h8e/h78/10911413010462.jpg","name":"Especialidad de soja natural fermentada y coco ALPRO 500 g.","price":"1,98 €","offer_price":0,"offer_type":null,"stock":false,"super":"alcampo"},{"img":"https://www.alcampo.es/media/hfe/h22/10772161232926.jpg","name":"Especialidad de coco con fermentos naturales y bajo en azúcar ALPRO Absolutely 350 g.","price":"2,18 €","offer_price":0,"offer_type":null,"stock":false,"super":"alcampo"},{"img":"https://www.alcampo.es/media/h9d/h9e/10911405572126.jpg","name":"Especialidad de soja, con fermentos del yogurt y sabor a vainilla ALPRO 500 g.","price":"1,98 €","offer_price":0,"offer_type":null,"stock":false,"super":"alcampo"},{"img":"https://www.alcampo.es/media/h10/h06/10486258761758.jpg","name":"Postre a base de bebida de soja, con chocolate PRODUCTO ALCAMPO 4 x 100 g.","price":"1,18 €","offer_price":0,"offer_type":null,"stock":false,"super":"alcampo"},{"img":"https://www.alcampo.es/media/h92/hef/10911411142686.jpg","name":"Postre a base de soja, con intenso sabor a chocolate ALPRO 4 x 125 g.","price":"1,98 €","offer_price":0,"offer_type":null,"stock":false,"super":"alcampo"},{"img":"https://www.alcampo.es/media/h7d/h45/10486246309918.jpg","name":"Postre a base de bebida de soja fermentada, de sabor natural PRODUCTO ALCAMPO 4 x 100 g.","price":"0,98 €","offer_price":0,"offer_type":null,"stock":false,"super":"alcampo"},{"img":"https://www.alcampo.es/media/hae/he9/9750899490846.jpg","name":"Especialidad de soja vegetal con fermentos del yogur y trocitos de mango ALPRO 500 g.","price":"1,98 €","offer_price":0,"offer_type":null,"stock":false,"super":"alcampo"},{"img":"https://www.alcampo.es/media/hf2/hb3/9750917218334.jpg","name":"Especialidad de soja estilo islandés, con alto contenido en proteínas y sabor fresa ALPRO 400 g.","price":"2,18 €","offer_price":0,"offer_type":null,"stock":false,"super":"alcampo"},{"img":"https://www.alcampo.es/media/hd9/hc0/10911493914654.jpg","name":"Especialidad de soja y avena fermentada con sabor natural ALPRO 500 g.","price":"1,98 €","offer_price":0,"offer_type":null,"stock":false,"super":"alcampo"},{"img":"https://www.alcampo.es/media/h79/h8a/10911343476766.jpg","name":"Especialidad de soja con sabor a chocolate, elaborado con cacao de comercio justo SOJASUN 4 x 100 g.","price":"1,80 €","offer_price":0,"offer_type":null,"stock":false,"super":"alcampo"},{"img":"https://www.alcampo.es/media/h92/h11/9750920626206.jpg","name":"Especialidad de soja estilo islandés, con alto contenido en proteínas y sabor natural ALPRO 400 g.","price":"2,18 €","offer_price":0,"offer_type":null,"stock":false,"super":"alcampo"},{"img":"https://www.alcampo.es/media/h78/h15/10911574097950.jpg","name":"Especialidad de soja fermentada con frutos rojos (2) o arándanos (2) ALPRO 4 x 125 g.","price":"1,98 €","offer_price":0,"offer_type":null,"stock":false,"super":"alcampo"},{"img":"https://www.alcampo.es/media/h17/h76/10772135444510.jpg","name":"Mousse 100% vegetal de chocolate con almendra ALPRO 2 x 70 g.","price":"1,48 €","offer_price":0,"offer_type":null,"stock":false,"super":"alcampo"},{"img":"https://www.alcampo.es/media/hbe/h95/10801884168222.jpg","name":"Especialidad de soja con pulpa de mango SOJASUN 4 x 100 g.","price":"1,84 €","offer_price":0,"offer_type":null,"stock":false,"super":"alcampo"},{"img":"https://www.alcampo.es/media/h65/h4b/10801911791646.jpg","name":"Especialidad de soja con pulpa de limón SOJASUN 4 x 100 g.","price":"1,84 €","offer_price":0,"offer_type":null,"stock":false,"super":"alcampo"},{"img":"https://www.alcampo.es/media/h0f/h1c/10911407177758.jpg","name":"Especialidad de soja con sabor a vainilla SOJASUN 4 x 100 g.","price":"1,80 €","offer_price":0,"offer_type":null,"stock":false,"super":"alcampo"},{"img":"https://www.alcampo.es/media/he0/h38/10801763090462.jpg","name":"Especialidad de soja con pulpa de arándanos SOJASUN 4 x 100 g.","price":"1,85 €","offer_price":0,"offer_type":null,"stock":false,"super":"alcampo"},{"img":"https://www.alcampo.es/media/hec/h1a/10032207724574.jpg","name":"Especialidad de soja, avena y almendra con frambuesa y grosellas SOJASUN 4 x 100 g.","price":"2,19 €","offer_price":0,"offer_type":null,"stock":false,"super":"alcampo"},{"img":"https://www.alcampo.es/media/h82/h62/9547750342686.jpg","name":"Especialidad de soja con bífidus y sabor natural sin azucarar SOJASUN 8 x 100 g.","price":"3,55 €","offer_price":0,"offer_type":null,"stock":false,"super":"alcampo"},{"img":"https://www.alcampo.es/media/ha9/h33/10435524821022.jpg","name":"Especialidad de avena con fermentos naturales y arándanos ALPRO Absolutely 350 g.","price":"2,18 €","offer_price":0,"offer_type":null,"stock":false,"super":"alcampo"},{"img":"https://www.alcampo.es/media/hb8/hf5/9902692335646.jpg","name":"Especialidad de soja fermentada, sabor natural edulcorado SAVIA de Danone 4 x 120 g.","price":"1,79 €","offer_price":0,"offer_type":null,"stock":false,"super":"alcampo"},{"img":"https://www.alcampo.es/media/h23/h42/10486230286366.jpg","name":"Postre a base de bebida de soja fermentada, con albaricoque y guayaba PRODUCTO ALCAMPO 4 x 100 g.","price":"1,06 €","offer_price":0,"offer_type":null,"stock":false,"super":"alcampo"},{"img":"https://www.alcampo.es/media/h1a/h95/10801874862110.jpg","name":"Especialidad de soja con pulpa de mandarina y lima SOJASUN 4 x 100 g.","price":"1,85 €","offer_price":0,"offer_type":null,"stock":false,"super":"alcampo"},{"img":"https://www.alcampo.es/media/h8b/h41/10486238117918.jpg","name":"Postre a base de bebida de soja fermentada, con frutos rojos PRODUCTO ALCAMPO 4 x 100 g.","price":"1,06 €","offer_price":0,"offer_type":null,"stock":false,"super":"alcampo"},{"img":"https://www.alcampo.es/media/h46/hac/10911574655006.jpg","name":"Postre a base de soja con sabor a vainilla ALRPO 4 x 125 g.","price":"1,98 €","offer_price":0,"offer_type":null,"stock":false,"super":"alcampo"},{"img":"https://www.alcampo.es/media/haa/hb0/10801856479262.jpg","name":"Especialidad de soja con trocitos de frutos rojos SOJASUN 4 x 100 g.","price":"1,84 €","offer_price":0,"offer_type":null,"stock":false,"super":"alcampo"},{"img":"https://www.alcampo.es/media/h7a/hcd/10801851990046.jpg","name":"Especialidad ecológica de soja natural sin azúcares añadidos SOJASUN 400 g.","price":"2,81 €","offer_price":0,"offer_type":null,"stock":false,"super":"alcampo"},{"img":"https://www.alcampo.es/media/hf4/hc2/10911316279326.jpg","name":"Especialidad de soja fermentada con melocotón (2) o piña-fruta de la pasión (2) ALRPO 4 x 125 g.","price":"1,98 €","offer_price":0,"offer_type":null,"stock":false,"super":"alcampo"},{"img":"https://www.alcampo.es/media/hfc/h9f/10911411470366.jpg","name":"Especialidad de soja con sabor a praliné (almendra y avellana) SOJASUN 4 x 100 g.","price":"1,80 €","offer_price":0,"offer_type":null,"stock":false,"super":"alcampo"},{"img":"https://www.alcampo.es/media/hae/h17/10801776820254.jpg","name":"Bífidus natural azucarado con proteína de soja PRODUCTO ALCAMPO 4 x 125 g.","price":"0,94 €","offer_price":0,"offer_type":null,"stock":false,"super":"alcampo"},{"img":"https://www.alcampo.es/media/hcb/h12/10467981066270.jpg","name":"Preparado de coco fermentado natural sin azúcares añadidos KAIKU Begetal 2 x 115 g.","price":"1,78 €","offer_price":0,"offer_type":null,"stock":false,"super":"alcampo"},{"img":"https://www.alcampo.es/media/hba/hbe/9559841570846.jpg","name":"Preparado de almendras fermentado natural sin azúcares añadidos KAIKU Begetal 2 x 115 g.","price":"1,65 €","offer_price":0,"offer_type":null,"stock":false,"super":"alcampo"},{"img":"https://www.alcampo.es/media/hc0/he7/10801847959582.jpg","name":"Especialidad de soja con trocitos de melocotón SOJASUN 4 x 100 g.","price":"1,84 €","offer_price":0,"offer_type":null,"stock":false,"super":"alcampo"},{"img":"https://www.alcampo.es/media/h05/h19/10187216814110.jpg","name":"Especialidad de soja fermentada cremosa con arándanos ALPRO 750 g.","price":"2,69 €","offer_price":0,"offer_type":null,"stock":false,"super":"alcampo"},{"img":"https://www.alcampo.es/media/h7b/h21/10801839931422.jpg","name":"Especialidad de soja con trocitos de cerezas SOJASUN 4 x 100 g.","price":"1,84 €","offer_price":0,"offer_type":null,"stock":false,"super":"alcampo"},{"img":"https://www.alcampo.es/media/h23/h77/9559855824926.jpg","name":"Preparado de almendras fermentado azucarado con vainilla KAIKU Begetal 2 x 115 g.","price":"1,65 €","offer_price":0,"offer_type":null,"stock":false,"super":"alcampo"},{"img":"https://www.alcampo.es/media/he6/h1f/10801882759198.jpg","name":"Especialidad de soja con trocitos de higos SOJASUN 4 x 100 g.","price":"1,84 €","offer_price":0,"offer_type":null,"stock":false,"super":"alcampo"},{"img":"https://www.alcampo.es/media/h1c/h06/10801687724062.jpg","name":"Especialidad de soja con pulpa de frambuesa y fruta de la pasion SOJASUN 4 x 100 g.","price":"1,84 €","offer_price":0,"offer_type":null,"stock":false,"super":"alcampo"},{"img":"https://www.alcampo.es/media/h94/h52/9971643056158.jpg","name":"Especialidad de soja fermentada cremosa con lima-limón ALPRO 750 g.","price":"2,18 €","offer_price":0,"offer_type":null,"stock":false,"super":"alcampo"},{"img":"https://www.alcampo.es/media/h6a/h81/10433674412062.jpg","name":"Postre vegetal a base de coco y chocolate REINA Vegetal 115 g.","price":"0,75 €","offer_price":0,"offer_type":null,"stock":false,"super":"alcampo"},{"img":"https://www.alcampo.es/media/h75/ha9/10772139638814.jpg","name":"Especialidad de coco con chocolate con cacao de comercio justo SOJASUN 4 x 100 g.","price":"2,09 €","offer_price":0,"offer_type":null,"stock":false,"super":"alcampo"},{"img":"https://www.alcampo.es/media/h68/hf0/10772053524510.jpg","name":"Especialidad de coco con sabor a chocolate blanco SOJASUN 4 x 100 g.","price":"2,09 €","offer_price":0,"offer_type":null,"stock":false,"super":"alcampo"},{"img":"https://www.alcampo.es/media/hf4/h4a/9748949663774.jpg","name":"Especialidad ecológica de soja con plátano y maracuya y sin azúcares añadidos SOJASUN 400 g.","price":"2,81 €","offer_price":0,"offer_type":null,"stock":false,"super":"alcampo"},{"img":"https://www.alcampo.es/media/h24/hca/9490425217054.jpg","name":"Especialidad de soja fermentada natural con coco SOJASUN 4 x 100 g.","price":"1,82 €","offer_price":0,"offer_type":null,"stock":false,"super":"alcampo"},{"img":"https://www.alcampo.es/media/hae/hcf/10468051484702.jpg","name":"Preparado de coco fermentado azucarado con piña KAIKU Begetal 2 x 115 g.","price":"1,78 €","offer_price":0,"offer_type":null,"stock":false,"super":"alcampo"},{"img":"https://www.alcampo.es/media/h34/h9d/9748073185310.jpg","name":"Especialidad ecológica de soja con arándanos y cereza SOJASUN 400 g.","price":"2,81 €","offer_price":0,"offer_type":null,"stock":false,"super":"alcampo"},{"img":"https://www.alcampo.es/media/ha0/h7c/10433595539486.jpg","name":"Postre vegetal a base de coco y vainilla REINA Vegetal 115 g.","price":"0,75 €","offer_price":0,"offer_type":null,"stock":false,"super":"alcampo"},{"img":"https://www.alcampo.es/media/h47/hf4/9559856840734.jpg","name":"Preparado de almendras fermentado azucarado con lima y limón KAIKU Begetal 2 x 115 g.","price":"1,65 €","offer_price":0,"offer_type":null,"stock":false,"super":"alcampo"},{"img":"https://www.alcampo.es/media/he9/h8c/9057847902238.jpg","name":"Crema de chocolate negro, con solo 0.9% de materia grasa y sin gluten VITALINEA de Danone 4 x 120 g.","price":"2,04 €","offer_price":0,"offer_type":null,"stock":false,"super":"alcampo"},{"img":"https://www.alcampo.es/media/h36/ha4/10364187148318.jpg","name":"Crema de chocolate bombón, con solo 0.7% materia grasa CLESA 4 x 125 g.","price":"1,08 €","offer_price":0,"offer_type":null,"stock":false,"super":"alcampo"},{"img":"https://www.alcampo.es/media/h5d/h90/9541119737886.jpg","name":"Crema de chocolate, ecológica PASTORET 100 g.","price":"1,31 €","offer_price":0,"offer_type":null,"stock":false,"super":"alcampo"},{"img":"https://www.alcampo.es/media/h83/hc7/10032259268638.jpg","name":"Postre lácteo (delicias) de trufa LA LECHERA de Nestlé 2 x 125 g.","price":"1,20 €","offer_price":0,"offer_type":null,"stock":false,"super":"alcampo"},{"img":"https://www.alcampo.es/media/hbd/h5d/10032055844894.jpg","name":"Postre lácteo (Delicias) con galleta María LA LECHERA de Nestlé 2 x 125 g.","price":"1,20 €","offer_price":0,"offer_type":null,"stock":false,"super":"alcampo"},{"img":"https://www.alcampo.es/media/h79/h54/8887116955678.jpg","name":"Bizcocho de crema de leche al cacao NESQUIK de Nestlé 4 x 26 g.","price":"1,63 €","offer_price":0,"offer_type":null,"stock":false,"super":"alcampo"},{"img":"https://www.alcampo.es/media/h7c/hbf/10397041524766.jpg","name":"Postre de chocolate (preparado lácteo de chocolate) PRODUCTO ALCAMPO 4 x 125 g.","price":"0,88 €","offer_price":0,"offer_type":null,"stock":false,"super":"alcampo"},{"img":"https://www.alcampo.es/media/h94/ha2/10032362586142.jpg","name":"Postre lácteo (Delicias) de toffee LA LECHERA de Nestlé 2 x 125 g.","price":"1,20 €","offer_price":0,"offer_type":null,"stock":false,"super":"alcampo"},{"img":"https://www.alcampo.es/media/h17/h50/9344157024286.jpg","name":"Crema de chocolate blanco MILKYBAR de Nestlé 2 x 70 g.","price":"0,98 €","offer_price":0,"offer_type":null,"stock":false,"super":"alcampo"},{"img":"https://www.alcampo.es/media/he0/hb3/10364095660062.jpg","name":"Crema bombón, sin azúcares añadidos y elaborada con leche 100% gallega CLESA 4 x 125 g.","price":"1,08 €","offer_price":0,"offer_type":null,"stock":false,"super":"alcampo"},{"img":"https://www.alcampo.es/media/h50/hf2/10893975060510.jpg","name":"Fondant de chocolate de SVELTESSE Light de Nestlé 4 x 125 g.","price":"1,75 €","offer_price":0,"offer_type":null,"stock":false,"super":"alcampo"},{"img":"https://www.alcampo.es/media/h7d/h50/10032161587230.jpg","name":"Postre lacteo (Delicias) con sabor a turrón LA LECHERA de Nestlé 2 x 125 g.","price":"1,20 €","offer_price":0,"offer_type":null,"stock":false,"super":"alcampo"},{"img":"https://www.alcampo.es/media/he4/h67/10364205891614.jpg","name":"Crema de bombón sin lactosa y con un 50% menos de azúcar CLESA 4 x 125 g.","price":"1,08 €","offer_price":0,"offer_type":null,"stock":false,"super":"alcampo"},{"img":"https://www.alcampo.es/media/h4d/hcf/9357250953246.jpg","name":"Tarta de queso con mermelada de frambuesa, elaborada sin gluten REINA 4 x 100 g.","price":"2,19 €","offer_price":0,"offer_type":null,"stock":false,"super":"alcampo"},{"img":"https://www.alcampo.es/media/he5/hf7/8894063443998.jpg","name":"Postre de tarta de chocolate con leche y galletas REINA 2 x 70 g.","price":"1,39 €","offer_price":0,"offer_type":null,"stock":false,"super":"alcampo"},{"img":"https://www.alcampo.es/media/hea/hf1/10564401496094.jpg","name":"Tarta de queso, fresa y galleta, al estilo americano REINA Postres del mundo 2 x 90 g.","price":"1,49 €","offer_price":0,"offer_type":null,"stock":false,"super":"alcampo"},{"img":"https://www.alcampo.es/media/h8c/hc0/9344203063326.jpg","name":"Crema de chocolate extrafino con caramelo NESTLÉ Extrafino 2 x 70 g.","price":"0,98 €","offer_price":0,"offer_type":null,"stock":false,"super":"alcampo"},{"img":"https://www.alcampo.es/media/h9e/hd7/10793631645726.jpg","name":"Yogur con arándanos y leche entera de origen España LA LECHERA de Nestlé 2 x 125 g.","price":"1 €","offer_price":0,"offer_type":null,"stock":false,"super":"alcampo"},{"img":"https://www.alcampo.es/media/h8a/h44/9765836095518.jpg","name":"Postre lácteo con sabor a trufa PRODUCTO ALCAMPO 2 x 135 g.","price":"0,98 €","offer_price":0,"offer_type":null,"stock":false,"super":"alcampo"},{"img":"https://www.alcampo.es/media/h4b/hfb/10614258728990.jpg","name":"Pudding de café de Colombia, bajo en grasa y con alto contenido en proteínas (20 g) EHRMANN High protein 200 g.","price":"1,45 €","offer_price":0,"offer_type":null,"stock":false,"super":"alcampo"},{"img":"https://www.alcampo.es/media/h72/h67/10364215459870.jpg","name":"Crema de bombón orginal, elaborada con leche 100% gallega CLESA 8 x 125 g.","price":"1,98 €","offer_price":0,"offer_type":null,"stock":false,"super":"alcampo"},{"img":"https://www.alcampo.es/media/hc0/h63/10364104376350.jpg","name":"Crema original con sabor a bombón, elaborada con leche gallega 100% CLESA 4 x 125 g.","price":"1,08 €","offer_price":0,"offer_type":null,"stock":false,"super":"alcampo"},{"img":"https://www.alcampo.es/media/h0f/h2c/8901868912670.jpg","name":"Tarta de chocolate con galletas MONTERO 2 x 70 g.","price":"1,64 €","offer_price":0,"offer_type":null,"stock":false,"super":"alcampo"},{"img":"https://www.alcampo.es/media/hb7/h3e/9765853102110.jpg","name":"Postre lácteo con sabor a galletas PRODUCTO ALCAMPO 2 x 135 g.","price":"0,98 €","offer_price":0,"offer_type":null,"stock":false,"super":"alcampo"},{"img":"https://www.alcampo.es/media/he9/h6e/10364202516510.jpg","name":"Crema bombón de chocolate blanco elaborada con leche gallega 100% CLESA Selección 4 x 125 g.","price":"1,24 €","offer_price":0,"offer_type":null,"stock":false,"super":"alcampo"},{"img":"https://www.alcampo.es/media/ha2/hcc/9164535234590.jpg","name":"Tarta de crema al whisky con yema de huevo REINA La tartelería 2 x 100 g.","price":"1,35 €","offer_price":0,"offer_type":null,"stock":false,"super":"alcampo"},{"img":"https://www.alcampo.es/media/hdb/h43/8960262668318.jpg","name":"Postre de galletas de cacao y nata REINA 2 uds de 70 gr","price":"1,44 €","offer_price":0,"offer_type":null,"stock":false,"super":"alcampo"},{"img":"https://www.alcampo.es/media/ha8/h42/9166343012382.jpg","name":"Paste de galleta y yema, receta tradicional portugesa REINA 2 x 90 g.","price":"1,39 €","offer_price":0,"offer_type":null,"stock":false,"super":"alcampo"},{"img":"https://www.alcampo.es/media/h53/he2/9765859033118.jpg","name":"Postre lácteo con sabor a toffee PRODUCTO ALCAMPO 2 x 135 g.","price":"0,98 €","offer_price":0,"offer_type":null,"stock":false,"super":"alcampo"},{"img":"https://www.alcampo.es/media/hb4/h22/9156462149662.jpg","name":"Postre lacteo de tarta de chocolate blanco con galletas MONTERO 2 x 70 g.","price":"2,26 €","offer_price":0,"offer_type":null,"stock":false,"super":"alcampo"},{"img":"https://www.alcampo.es/media/h1b/h05/10791243120670.jpg","name":"Tartita de manzana, especial Navidad LA LECHERA 4 x 85 g.","price":"2,69 €","offer_price":0,"offer_type":null,"stock":false,"super":"alcampo"},{"img":"https://www.alcampo.es/media/h09/he4/9164453445662.jpg","name":"Tarta al whisky, ahora mucho más cremosa DHUL 2 x 80 g.","price":"1,65 €","offer_price":0,"offer_type":null,"stock":false,"super":"alcampo"},{"img":"https://www.alcampo.es/media/hcd/hfd/9287895810078.jpg","name":"Crema de chocolate belga con framubesa, elaborada sin gluten ALCAMPO GOURMET 2 x 125 g.","price":"1,75 €","offer_price":0,"offer_type":null,"stock":false,"super":"alcampo"},{"img":"https://www.alcampo.es/media/h42/h38/9514750279710.jpg","name":"Quesada pasiega elaborada siguiendo la receta tradicional Cantabra PRODUCTO ALCAMPO 450 g.","price":"3,19 €","offer_price":0,"offer_type":null,"stock":false,"super":"alcampo"},{"img":"https://www.alcampo.es/media/h21/h66/9287887683614.jpg","name":"Crema de chocolate belga con naranja, elaborada sin gluten ALCAMPO GOURMET 2 x 125 g.","price":"1,75 €","offer_price":0,"offer_type":null,"stock":false,"super":"alcampo"},{"img":"https://www.alcampo.es/media/hf7/hac/10875063926814.jpg","name":"Quesada pasiega elaborada de forma tradicional en Cantabria PRODUCTO ALCAMPO 140 g.","price":"1,53 €","offer_price":0,"offer_type":null,"stock":false,"super":"alcampo"},{"img":"https://www.alcampo.es/media/h8f/h69/8971152556062.jpg","name":"Batido frutal (zanahoria, naranja,piña, mango) POM`BEL 210 gr,","price":"1,55 €","offer_price":0,"offer_type":null,"stock":false,"super":"alcampo"},{"img":"https://www.alcampo.es/media/h1f/he9/10900534296606.jpg","name":"Copa de chocolate con cobertura protéica (20 g) EHRMANN 200 g.","price":"1,60 €","offer_price":0,"offer_type":null,"stock":false,"super":"alcampo"},{"img":"https://www.alcampo.es/media/h84/h95/10900516700190.jpg","name":"Postre vegano de chocolate, garbanzos y coco EHRMANN Veo 175 g. ","price":"1,39 €","offer_price":0,"offer_type":null,"stock":false,"super":"alcampo"},{"img":"https://www.alcampo.es/media/h27/hcc/9510413336606.jpg","name":"Tiramisú receta italiana (bizcocho con salsa de café, mascarpone y cacao PRODUCTO ALCAMPO 2 x 80 g.","price":"0,98 €","offer_price":0,"offer_type":null,"stock":false,"super":"alcampo"},{"img":"https://www.alcampo.es/media/h9d/h99/9520454598686.jpg","name":"Profiteroles bañados en salsa de chocoalte PRODUCTO ALCAMPO 2 x 90 g.","price":"1,10 €","offer_price":0,"offer_type":null,"stock":false,"super":"alcampo"},{"img":"https://www.alcampo.es/media/hc3/h73/10032065118238.jpg","name":"Delicias de panna cotta con fresas, en tarro de cristal LA LECHERA de Nestlé 2 x 125 g.","price":"1,30 €","offer_price":0,"offer_type":null,"stock":false,"super":"alcampo"},{"img":"https://www.alcampo.es/media/h4d/h37/9666033156126.jpg","name":"Panacotta receta tradicional italiana con un toque de caramelo DANONE 4 x 100 g.","price":"1,99 €","offer_price":0,"offer_type":null,"stock":false,"super":"alcampo"},{"img":"https://www.alcampo.es/media/h2d/h38/8879802417182.jpg","name":"Tiramisú estilo italiano REINA 2 x 90 g.","price":"1,49 €","offer_price":0,"offer_type":null,"stock":false,"super":"alcampo"},{"img":"https://www.alcampo.es/media/h7a/h67/9554427969566.jpg","name":"Capuccino estilo italiano PRODUCTO ALCAMPO 2 x 90 g.","price":"1,10 €","offer_price":0,"offer_type":null,"stock":false,"super":"alcampo"},{"img":"https://www.alcampo.es/media/h99/hf2/8982125281310.jpg","name":"Pannacotta sin gluten, coronada con crema de frambuesa REINA 2 x 160 g.","price":"1,87 €","offer_price":0,"offer_type":null,"stock":false,"super":"alcampo"},{"img":"https://www.alcampo.es/media/h94/hd7/10032386048030.jpg","name":"Delicias de panna cotta con caramelo, en tarro de cristal LA LECHERA de Nestlé 2 x 125 g.","price":"1,30 €","offer_price":0,"offer_type":null,"stock":false,"super":"alcampo"},{"img":"https://www.alcampo.es/media/h39/h69/9195643699230.jpg","name":"Postre de profiteroles DHUL 2 x 80 g","price":"1,65 €","offer_price":0,"offer_type":null,"stock":false,"super":"alcampo"},{"img":"https://www.alcampo.es/media/h4c/h85/9021150068766.jpg","name":"tiramisú con mas queso Mascarpone DHUL 2 x 80 g.","price":"1,65 €","offer_price":0,"offer_type":null,"stock":false,"super":"alcampo"},{"img":"https://www.alcampo.es/media/h12/h32/9544139046942.jpg","name":"Tartufo receta italiana PRODUCTO ALCAMPO 2 x 90 g.","price":"1,10 €","offer_price":0,"offer_type":null,"stock":false,"super":"alcampo"},{"img":"https://www.alcampo.es/media/h62/h8a/8960112459806.jpg","name":"Postre de profiteroles rellenos de crema REINA 2 x 100 g.","price":"1,33 €","offer_price":0,"offer_type":null,"stock":false,"super":"alcampo"},{"img":"https://www.alcampo.es/media/h86/hf6/10435531243550.jpg","name":"Panna cotta de chocolate (receta de inspiración italiana) DANONE 4 x 100 g.","price":"1,99 €","offer_price":0,"offer_type":null,"stock":false,"super":"alcampo"},{"img":"https://www.alcampo.es/media/ha1/h11/8899683745822.jpg","name":"Tiramisú al estilo italiano DOLCE MAMMA 500 g.","price":"3,56 €","offer_price":0,"offer_type":null,"stock":false,"super":"alcampo"},{"img":"https://www.alcampo.es/media/he9/hb7/8923636858910.jpg","name":"Lemoncello estilo italiano DOLCE MAMMA 2 x 90 g.","price":"1,95 €","offer_price":0,"offer_type":null,"stock":false,"super":"alcampo"},{"img":"https://www.alcampo.es/media/h90/hf3/10806465265694.jpg","name":"Panna Cotta de caramelo, sin gluten DHUL 450 g.","price":"1,99 €","offer_price":0,"offer_type":null,"stock":false,"super":"alcampo"},{"img":"https://www.alcampo.es/media/h20/hdd/8892306358302.jpg","name":"Profiteroles estilo italiano DOLCE MAMMA 450 g.","price":"3,56 €","offer_price":0,"offer_type":null,"stock":false,"super":"alcampo"},{"img":"https://www.alcampo.es/media/h69/h5e/10226745180190.jpg","name":"Copa de chocolate y nata PRODUCTO ALCAMPO 4 x 115 g.","price":"0,96 €","offer_price":0,"offer_type":null,"stock":false,"super":"alcampo"},{"img":"https://www.alcampo.es/media/h31/h5f/9559840292894.jpg","name":"Copa de chocolate y nata EHRMANN 200 g.","price":"0,30 €","offer_price":0,"offer_type":null,"stock":false,"super":"alcampo"},{"img":"https://www.alcampo.es/media/h3f/h0f/9511080165406.jpg","name":"Copa de chocolate y cremosa nata DANONE 2 x 110 g. ","price":"0,99 €","offer_price":0,"offer_type":null,"stock":false,"super":"alcampo"},{"img":"https://www.alcampo.es/media/hfa/hab/8922843906078.jpg","name":"Mousse de chocolate PRODUCTO ALCAMPO 4 x 100 g.","price":"0,99 €","offer_price":0,"offer_type":null,"stock":false,"super":"alcampo"},{"img":"https://www.alcampo.es/media/h91/hc2/9166371586078.jpg","name":"Mousse de yogur natural azucarado sin gluten DANONE 4 x 65 g.","price":"1,99 €","offer_price":0,"offer_type":null,"stock":false,"super":"alcampo"},{"img":"https://www.alcampo.es/media/h06/hcf/8959822495774.jpg","name":"Mousse de chocolate con crujiente de chocolate NESTLÉ Gold 4 x 57 g.","price":"1,48 €","offer_price":0,"offer_type":null,"stock":false,"super":"alcampo"},{"img":"https://www.alcampo.es/media/hd5/ha9/9659354316830.jpg","name":"Postre lácteo sin gluten, de chocolate blanco y nata EHRMANN Grand dessert 190 g.","price":"0,61 €","offer_price":0,"offer_type":null,"stock":false,"super":"alcampo"},{"img":"https://www.alcampo.es/media/h2c/hdd/9659337900062.jpg","name":"Postre lácteo sin gluten, de chocolate, avellanas y nata con avellanas EHRMANN Grand dessert double nut 190 g.","price":"0,61 €","offer_price":0,"offer_type":null,"stock":false,"super":"alcampo"},{"img":"https://www.alcampo.es/media/h1d/hf4/10791201210398.jpg","name":"Copa de chocolate con nata DALKY de Nestlé 4 x 100 g.","price":"1,79 €","offer_price":0,"offer_type":null,"stock":false,"super":"alcampo"},{"img":"https://www.alcampo.es/media/h5c/hfc/10758624575518.jpg","name":"Copa sabor vainilla con caramelo y nata PRODUCTO ALCAMPO 4 x 115 g.","price":"1,23 €","offer_price":0,"offer_type":null,"stock":false,"super":"alcampo"},{"img":"https://www.alcampo.es/media/h29/hff/10791254261790.jpg","name":"Mousse de limón LA LECHERA de Nestlé 4 x 58 g.","price":"1,71 €","offer_price":0,"offer_type":null,"stock":false,"super":"alcampo"},{"img":"https://www.alcampo.es/media/h4b/hce/10791244922910.jpg","name":"Mousse de café LA LECHERA de Nestlé 4 x 58 g.","price":"1,71 €","offer_price":0,"offer_type":null,"stock":false,"super":"alcampo"},{"img":"https://www.alcampo.es/media/h6a/h59/9659298840606.jpg","name":"Postre lácteo sin gluten, de chocolate con extra de nata EHRMANN Grand dessert 200 g.","price":"0,61 €","offer_price":0,"offer_type":null,"stock":false,"super":"alcampo"},{"img":"https://www.alcampo.es/media/h47/hbc/8959889178654.jpg","name":"Copa de fresa y nata de NESTLÉ LA LECHERA DALKY pack de 4 uds de 100 gr","price":"1,79 €","offer_price":0,"offer_type":null,"stock":false,"super":"alcampo"},{"img":"https://www.alcampo.es/media/hb4/h63/9344175669278.jpg","name":"Mousse de chocolate blanco MILKYBAR de Nestlé 4 x 55 g.","price":"1,84 €","offer_price":0,"offer_type":null,"stock":false,"super":"alcampo"},{"img":"https://www.alcampo.es/media/h38/h82/10793647865886.jpg","name":"Mousse de chocolate de SVELTESSE Light de Nestlé 4 x 64 g.","price":"1,84 €","offer_price":0,"offer_type":null,"stock":false,"super":"alcampo"},{"img":"https://www.alcampo.es/media/hd5/h6b/10435535175710.jpg","name":"Mousse ligera e intesa de chocolate DANONE 4 x 60 g.","price":"1,76 €","offer_price":0,"offer_type":null,"stock":false,"super":"alcampo"},{"img":"https://www.alcampo.es/media/hb5/he4/9057830273054.jpg","name":"Mousse de chocolate, con solo 1.9% de materia grasa VITALINEA de Danone 4 x 60 g","price":"2,04 €","offer_price":0,"offer_type":null,"stock":false,"super":"alcampo"},{"img":"https://www.alcampo.es/media/h8f/h75/8959887867934.jpg","name":"Copa de chocolate y nata de NESTLÉ LA LECHERA DALKY pack de 4 uds de 90 gr","price":"1,79 €","offer_price":0,"offer_type":null,"stock":false,"super":"alcampo"},{"img":"https://www.alcampo.es/media/h80/hd2/10824315731998.jpg","name":"Mousse natural con pepitas de chocolate (stracciatella) OIKOS de Danone 4 x 55 g.","price":"1,85 €","offer_price":0,"offer_type":null,"stock":false,"super":"alcampo"},{"img":"https://www.alcampo.es/media/h6c/h1f/8947272843294.jpg","name":"Mousse de menta con capas de chocolate negro crujiente AFTER EIGHT 4 x 57 gr.","price":"1,48 €","offer_price":0,"offer_type":null,"stock":false,"super":"alcampo"},{"img":"https://www.alcampo.es/media/hc5/hac/10791255965726.jpg","name":"Mousse de chocolate con un 50% mínimo de cacao LA LECHERA de Nestlé 4 x 59 g.","price":"1,71 €","offer_price":0,"offer_type":null,"stock":false,"super":"alcampo"},{"img":"https://www.alcampo.es/media/h2e/h7b/8897589772318.jpg","name":"Mousse de vainilla con láminas crujientes de chocolate NESTLÉ Gold 4 x 57 g.","price":"1,84 €","offer_price":0,"offer_type":null,"stock":false,"super":"alcampo"},{"img":"https://www.alcampo.es/media/h9f/hd2/10791202652190.jpg","name":"Mousse de chocolate con leche y chocolate blanco LA LECHERA de Nestlé 4 x 59 g.","price":"1,48 €","offer_price":0,"offer_type":null,"stock":false,"super":"alcampo"},{"img":"https://www.alcampo.es/media/hdd/h8b/10806362406942.jpg","name":"Mousse de chocolate blanco y finas laminas crujientes de chocolate NESTLÉ Gold 4 x 57 g.","price":"1,48 €","offer_price":0,"offer_type":null,"stock":false,"super":"alcampo"},{"img":"https://www.alcampo.es/media/h0a/h2b/9157180456990.jpg","name":"Mousse de chocolate ligera con un 30% menos de calorias y sin gluten REINA 2 x 60 g.","price":"0,99 €","offer_price":0,"offer_type":null,"stock":false,"super":"alcampo"},{"img":"https://www.alcampo.es/media/ha4/h0b/9660236988446.jpg","name":"Copa con sabor a vainilla y caramelo, elaborada sin conservantes DALKY de La Lechera 4 x 100 g.","price":"1,79 €","offer_price":0,"offer_type":null,"stock":false,"super":"alcampo"},{"img":"https://www.alcampo.es/media/h1f/he9/10900534296606.jpg","name":"Copa de chocolate con cobertura protéica (20 g) EHRMANN 200 g.","price":"1,60 €","offer_price":0,"offer_type":null,"stock":false,"super":"alcampo"},{"img":"https://www.alcampo.es/media/h84/h95/10900516700190.jpg","name":"Postre vegano de chocolate, garbanzos y coco EHRMANN Veo 175 g. ","price":"1,39 €","offer_price":0,"offer_type":null,"stock":false,"super":"alcampo"},{"img":"https://www.alcampo.es/media/h7b/hd9/10231506305054.jpg","name":"Gelatina con sabor fresa PRODUCTO ALCAMPO 4 x 100 g.","price":"0,69 €","offer_price":0,"offer_type":null,"stock":false,"super":"alcampo"},{"img":"https://www.alcampo.es/media/h3b/hcc/10207721750558.jpg","name":"Gelatina sin azúcares y 0% materia grasa, de tutti fruti, fresa, naranja y limón REINA Ekilibrio 4 x 100 g.","price":"0,64 €","offer_price":0,"offer_type":null,"stock":false,"super":"alcampo"},{"img":"https://www.alcampo.es/media/h00/h7f/10911519080478.jpg","name":"Gelatina con 0% azucares y sabor a fresa ROYAL 8 x 100 g.","price":"2,49 €","offer_price":0,"offer_type":null,"stock":false,"super":"alcampo"},{"img":"https://www.alcampo.es/media/h15/h1b/9164435062814.jpg","name":"Gelatina con sabor cola y 0% materia grasa REINA 4 x 100 g.","price":"0,95 €","offer_price":0,"offer_type":null,"stock":false,"super":"alcampo"},{"img":"https://www.alcampo.es/media/ha3/h99/9710747942942.jpg","name":"Postre de gelatina con zumo de fresa, sin azúcares añadidos y con 0% materia grasa YELLI FRUIT 4 x 100 g.","price":"0,89 €","offer_price":0,"offer_type":null,"stock":false,"super":"alcampo"},{"img":"https://www.alcampo.es/media/h84/h93/10826944512030.jpg","name":"Gelatina refrigerada sabor piña 0% ROYAL 4 x 100 g.","price":"1,40 €","offer_price":0,"offer_type":null,"stock":false,"super":"alcampo"},{"img":"https://www.alcampo.es/media/h68/ha0/9710763900958.jpg","name":"Postre de gelatina con zumo de fresa, sin gluten y con 0% materia grasa YELLI FRUIT 4 x 100 g.","price":"0,89 €","offer_price":0,"offer_type":null,"stock":false,"super":"alcampo"},{"img":"https://www.alcampo.es/media/h81/h92/10231421534238.jpg","name":"Gelatina con sabor a limón PRODUCTO ALCAMPO 4 x 100 g.","price":"0,69 €","offer_price":0,"offer_type":null,"stock":false,"super":"alcampo"},{"img":"https://www.alcampo.es/media/hea/h1a/9659370438686.jpg","name":"Gelatina con extra de colágeno y zumo de arándanos rojos YELLI FRUT Extracolágeno 4 x 110 g.","price":"1,69 €","offer_price":0,"offer_type":null,"stock":false,"super":"alcampo"},{"img":"https://www.alcampo.es/media/h74/h94/9710787002398.jpg","name":"Postre de gelatina con zumo de frutas mediterráneas, sin azúcar y con 0% materia grasa YELLI FRUIT 4 x 100 g.","price":"0,89 €","offer_price":0,"offer_type":null,"stock":false,"super":"alcampo"},{"img":"https://www.alcampo.es/media/ha5/h25/9659306639390.jpg","name":"Gelatina con extra de colágeno sabor fresa YELLI FRUT Extracolágeno 4 x 100 g.","price":"1,69 €","offer_price":0,"offer_type":null,"stock":false,"super":"alcampo"},{"img":"https://www.alcampo.es/media/hfe/h22/9659378794526.jpg","name":"Gelatina con extra de colágeno y sabor a cítricos YELLI FRUT Extracolágeno 4 x 100 g.","price":"1,69 €","offer_price":0,"offer_type":null,"stock":false,"super":"alcampo"},{"img":"https://www.alcampo.es/media/h78/h5e/10364183052318.jpg","name":"Gelatina de varios sabores (2 limón, 2 naranja y 2 fresa), 0% azúcares CLESA 6 x 90 g.","price":"1,09 €","offer_price":0,"offer_type":null,"stock":false,"super":"alcampo"},{"img":"https://www.alcampo.es/media/ha1/h07/9640515534878.jpg","name":"Gelatina con sabor a cola PRODUCTO ALCAMPO 4 x 100 g.","price":"0,69 €","offer_price":0,"offer_type":null,"stock":false,"super":"alcampo"},{"img":"https://www.alcampo.es/media/h56/hac/9659251163166.jpg","name":"Gelatina con extra de colágeno y yogur con sabor a tarta de queso, sin gluten ni azucares añadidos YELLI FRUT Extracolágeno 4 x 100 g.","price":"1,69 €","offer_price":0,"offer_type":null,"stock":false,"super":"alcampo"},{"img":"https://www.alcampo.es/media/h27/h65/10364217163806.jpg","name":"Gelatina sabor a fresa, elaborada sin gluten CLESA Gelly 4 x 100 g.","price":"0,65 €","offer_price":0,"offer_type":null,"stock":false,"super":"alcampo"},{"img":"https://www.alcampo.es/media/h04/h9c/9659322925086.jpg","name":"Gelatina con extra de colágeno y con sabor a yogur tropical YELLI FRUT Extracolágeno 4 x 100 g.","price":"1,69 €","offer_price":0,"offer_type":null,"stock":false,"super":"alcampo"},{"img":"https://www.alcampo.es/media/h42/hd9/10364209889310.jpg","name":"Gelatina sabor limón, elaborada sin gluten CLESA Gelly 4 x 100 g.","price":"0,65 €","offer_price":0,"offer_type":null,"stock":false,"super":"alcampo"},{"img":"https://www.alcampo.es/media/hf0/h90/10628313350174.jpg","name":"Postre de gelatina con zumo de limón, sin gluten y con 0% materia grasa YELLI FRUIT Antiox + Fibra 4 x 100 g.","price":"1,20 €","offer_price":0,"offer_type":null,"stock":false,"super":"alcampo"},{"img":"https://www.alcampo.es/media/h06/hb7/10913581465630.jpg","name":"Gelatina 0% azúcares con sabor tropical ROYAL 4 x 100 g.","price":"1,40 €","offer_price":0,"offer_type":null,"stock":false,"super":"alcampo"},{"img":"https://www.alcampo.es/media/hd5/h25/10628287627294.jpg","name":"Gelatina con zumo de fresa, sin gluten y 0% materia grasa YELLI FRUT 480 g.","price":"1,59 €","offer_price":0,"offer_type":null,"stock":false,"super":"alcampo"},{"img":"https://www.alcampo.es/media/h3a/h84/10628318265374.jpg","name":"Gelatina con zumo de fresa con frutas del bosque, sin gluten y sin azúcares añadidos ni mateira grasa YELLI FRUT 480 g.","price":"1,59 €","offer_price":0,"offer_type":null,"stock":false,"super":"alcampo"},{"img":"https://www.alcampo.es/media/h16/h21/9321429205022.jpg","name":"Gelatina con extra de colágeno y sabor a frutos rojos REINA Equilibrio 4 x 100 g.","price":"1,14 €","offer_price":0,"offer_type":null,"stock":false,"super":"alcampo"},{"img":"https://www.alcampo.es/media/h1d/hac/10628194926622.jpg","name":"Gelatina de sabor café, pero sin cafeina YELLI FRUIT Antiox + fibra 4 x 100 g.","price":"1,20 €","offer_price":0,"offer_type":null,"stock":false,"super":"alcampo"},{"img":"https://www.alcampo.es/media/hec/hb4/9465794920478.jpg","name":"Cuajada de leche de vaca sin gluten DANONE 2 x 135 g.","price":"0,98 €","offer_price":0,"offer_type":null,"stock":false,"super":"alcampo"},{"img":"https://www.alcampo.es/media/h08/h10/9712682401822.jpg","name":"Cuajada natural PRODUCTO ALCAMPO 4 x 125 g.","price":"0,90 €","offer_price":0,"offer_type":null,"stock":false,"super":"alcampo"},{"img":"https://www.alcampo.es/media/hae/h9e/10600555118622.jpg","name":"Arroz con leche PRODUCTO ALCAMPO 4 x 125 g.","price":"0,94 €","offer_price":0,"offer_type":null,"stock":false,"super":"alcampo"},{"img":"https://www.alcampo.es/media/hcc/h27/8946275123230.jpg","name":"Arroz con leche DANONE 2 x 120 g.","price":"0,99 €","offer_price":0,"offer_type":null,"stock":false,"super":"alcampo"},{"img":"https://www.alcampo.es/media/h7c/h06/8946214141982.jpg","name":"Cuajada azucarada de leche de vaca DANONE 2 x 135 g.","price":"0,98 €","offer_price":0,"offer_type":null,"stock":false,"super":"alcampo"},{"img":"https://www.alcampo.es/media/hba/h30/10600537325598.jpg","name":"Cuajada de leche de oveja ALCAMPO GOURMET 140 g.","price":"0,98 €","offer_price":0,"offer_type":null,"stock":false,"super":"alcampo"},{"img":"https://www.alcampo.es/media/h95/h33/10021443436574.jpg","name":"Cuajada de leche de oveja GOSHUA 140 g.","price":"1,10 €","offer_price":0,"offer_type":null,"stock":false,"super":"alcampo"},{"img":"https://www.alcampo.es/media/h3f/hb6/8900281040926.jpg","name":"Cuajada de leche de oveja LA COLMENAREÑA 140 g.","price":"1,20 €","offer_price":0,"offer_type":null,"stock":false,"super":"alcampo"},{"img":"https://www.alcampo.es/media/h80/h34/10652712599582.jpg","name":"Arroz con leche estilo tradicional ALCAMPO GOURMET 140 g","price":"0,84 €","offer_price":0,"offer_type":null,"stock":false,"super":"alcampo"},{"img":"https://www.alcampo.es/media/h05/h3d/9712642588702.jpg","name":"Cuajada natural azucarada RODUCTO ALCAMPO 4 x 125 g.","price":"0,90 €","offer_price":0,"offer_type":null,"stock":false,"super":"alcampo"},{"img":"https://www.alcampo.es/media/h90/haf/8972345999390.jpg","name":"Arroz con leche sin gluten y sin azucares añadidos REINA Ekilibrio 4 x 125 g.","price":"1,34 €","offer_price":0,"offer_type":null,"stock":false,"super":"alcampo"},{"img":"https://www.alcampo.es/media/h29/he0/10791249641502.jpg","name":"Arroz con leche LA LECHERA de Nestlé 4 x 115 g.","price":"1,72 €","offer_price":0,"offer_type":null,"stock":false,"super":"alcampo"},{"img":"https://www.alcampo.es/media/h54/hce/10021438390302.jpg","name":"Cuajada de leche fresca de oveja de Los Pirineos, elaborada sin gluten GOSHUA 2 x 125 g.","price":"1,69 €","offer_price":0,"offer_type":null,"stock":false,"super":"alcampo"},{"img":"https://www.alcampo.es/media/h7f/hbe/9168401989662.jpg","name":"Surtido de postres (natillas vainilla (4), natillas con galleta (2) y arroz con leche (2)) sin azucares añadidos REINA 8 x 125 g.","price":"2,19 €","offer_price":0,"offer_type":null,"stock":false,"super":"alcampo"},{"img":"https://www.alcampo.es/media/h2c/h8a/10111093375006.jpg","name":"Arroz con leche elaborado con leche fresca y con un toque de canela y limón GOSHUA 2 x 125 g.","price":"1,64 €","offer_price":0,"offer_type":null,"stock":false,"super":"alcampo"},{"img":"https://www.alcampo.es/media/h7f/hd9/8965193924638.jpg","name":"Arroz con leche elaborado sin gluten MONTERO 140 g.","price":"1,50 €","offer_price":0,"offer_type":null,"stock":false,"super":"alcampo"},{"img":"https://www.alcampo.es/media/h65/h0d/10021381865502.jpg","name":"Arroz con leche con un toque de canela y limón, elaborado sin gluten GOSHUA 140 g.","price":"1,04 €","offer_price":0,"offer_type":null,"stock":false,"super":"alcampo"},{"img":"https://www.alcampo.es/media/h10/hca/9019043577886.jpg","name":"Arroz con leche estilo tradiciona sin lactosa, sin gluten y sin soja DHUL 2 x 130 gr.","price":"1,13 €","offer_price":0,"offer_type":null,"stock":false,"super":"alcampo"},{"img":"https://www.alcampo.es/media/hd8/h57/9827248472094.jpg","name":"Arroz con leche, elaborado con leche entera LA LECHERA 2 x 100 ml.","price":"1 €","offer_price":0,"offer_type":null,"stock":false,"super":"alcampo"},{"img":"https://www.alcampo.es/media/h04/hc2/8928543277086.jpg","name":"Arroz con leche ecológico CASERÍA LA MADERA 350 g.","price":"1,75 €","offer_price":0,"offer_type":null,"stock":false,"super":"alcampo"},{"img":"https://www.alcampo.es/media/h07/h5e/10021379899422.jpg","name":"Cuajada de leche de oveja desnatada (0% materia grasa) GOSHUA 2 x 125 g.","price":"1,83 €","offer_price":0,"offer_type":null,"stock":false,"super":"alcampo"},{"img":"https://www.alcampo.es/media/h21/h2b/8927302680606.jpg","name":"Arroz con leche ecológico CASERÍA LA MADERA 150 g.","price":"1,25 €","offer_price":0,"offer_type":null,"stock":false,"super":"alcampo"},{"img":"https://www.alcampo.es/media/h1f/h03/10600427126814.jpg","name":"Flan de huevo elaborado al baño maria, con huevos frescos PRODUCTO ALCAMPO 4 x 100 g.","price":"0,98 €","offer_price":0,"offer_type":null,"stock":false,"super":"alcampo"},{"img":"https://www.alcampo.es/media/h23/hbb/10409453682718.jpg","name":"Flan con sabor a vainilla PRODUCTO ECONÓMICO ALCAMPO 6 x 100 g.","price":"0,64 €","offer_price":0,"offer_type":null,"stock":false,"super":"alcampo"},{"img":"https://www.alcampo.es/media/hbd/h3e/9754263486494.jpg","name":"Flan de huevo al baño maría, elaborado con ingredientes frescos DHUL 4 x 110 g.","price":"1,99 €","offer_price":0,"offer_type":null,"stock":false,"super":"alcampo"},{"img":"https://www.alcampo.es/media/hcd/hf6/10600573075486.jpg","name":"Flan de queso elaborado al baño maria PRODUCTO ALCAMPO 4 x 100 g.","price":"1,39 €","offer_price":0,"offer_type":null,"stock":false,"super":"alcampo"},{"img":"https://www.alcampo.es/media/he2/h53/8946301403166.jpg","name":"Flan de queso de elaboración tradicional DANONE 4 x 100 g.","price":"1,97 €","offer_price":0,"offer_type":null,"stock":false,"super":"alcampo"},{"img":"https://www.alcampo.es/media/ha8/h9f/10824267857950.jpg","name":"Flan de vainilla elaborado sin gltuen DANONE 4 x 100 g.","price":"1,47 €","offer_price":0,"offer_type":null,"stock":false,"super":"alcampo"},{"img":"https://www.alcampo.es/media/haf/h3c/10791239024670.jpg","name":"Flan de vainilla con caramelo FLANBY 6 x 100 g.","price":"1,46 €","offer_price":0,"offer_type":null,"stock":false,"super":"alcampo"},{"img":"https://www.alcampo.es/media/h58/hb7/9252671750174.jpg","name":"Flan de huevo elaborado al baño María y sin gluten REINA 6 x 100 g.","price":"1,79 €","offer_price":0,"offer_type":null,"stock":false,"super":"alcampo"},{"img":"https://www.alcampo.es/media/h91/haf/8959884263454.jpg","name":"Tocino de cielo REINA pack de 2 uds de 100 gr","price":"1,30 €","offer_price":0,"offer_type":null,"stock":false,"super":"alcampo"},{"img":"https://www.alcampo.es/media/hb4/hea/8959885901854.jpg","name":"Flan de vainilla sin azúcares añadidos REINA pack de 4 uds de 100 gr","price":"1 €","offer_price":0,"offer_type":null,"stock":false,"super":"alcampo"},{"img":"https://www.alcampo.es/media/h38/hc9/9178429259806.jpg","name":"Flan de diferentes sabores (huevo (2), coco, café, dulce de leche, queso) sin gluten REINA 6 x 100 g.","price":"1,98 €","offer_price":0,"offer_type":null,"stock":false,"super":"alcampo"},{"img":"https://www.alcampo.es/media/hfb/h66/8890553008158.jpg","name":"Postre de crema de queso con tocino de cielo y piñones REINA 2 x 90 g.","price":"1,31 €","offer_price":0,"offer_type":null,"stock":false,"super":"alcampo"},{"img":"https://www.alcampo.es/media/hf0/h72/9754252214302.jpg","name":"Flan de huevo al baño Maria, con 0% materia grasa, sin azúcares añadidos y sin gluten DHUL 4 x 100 g.","price":"1,99 €","offer_price":0,"offer_type":null,"stock":false,"super":"alcampo"},{"img":"https://www.alcampo.es/media/h26/hcf/8884841414686.jpg","name":"Crema catalana, receta tradicional REINA 2 x 100 g","price":"1,35 €","offer_price":0,"offer_type":null,"stock":false,"super":"alcampo"},{"img":"https://www.alcampo.es/media/h9a/hb6/8960220889118.jpg","name":"Flan de vainilla REINA pack de 6 uds de 100 gr","price":"1,29 €","offer_price":0,"offer_type":null,"stock":false,"super":"alcampo"},{"img":"https://www.alcampo.es/media/h16/ha4/9754097844254.jpg","name":"Flan de huevo sin gluten, sin soja y sin lactosa DHUL 4 x 110 g.","price":"1,87 €","offer_price":0,"offer_type":null,"stock":false,"super":"alcampo"},{"img":"https://www.alcampo.es/media/hb8/hda/8959856738334.jpg","name":"Flan de huevo sin azúcares añadidos REINA 4 x 100 g.","price":"1,29 €","offer_price":0,"offer_type":null,"stock":false,"super":"alcampo"},{"img":"https://www.alcampo.es/media/h7b/h31/10435588980766.jpg","name":"Flan de huevo con caramelo, elaborado sin gluten DANONE 4 x 100 g.","price":"1,99 €","offer_price":0,"offer_type":null,"stock":false,"super":"alcampo"},{"img":"https://www.alcampo.es/media/he0/hd0/9357193281566.jpg","name":"Flan de queso elaborado sin gluten REINA 4 x 100 g.","price":"1,74 €","offer_price":0,"offer_type":null,"stock":false,"super":"alcampo"},{"img":"https://www.alcampo.es/media/hef/h86/10806384984094.jpg","name":"Flan de café Salzillo, elaborado sin gluen REINA 4 x 100 g.","price":"1,46 €","offer_price":0,"offer_type":null,"stock":false,"super":"alcampo"},{"img":"https://www.alcampo.es/media/h6c/h98/10600421228574.jpg","name":"Flan de huevo con 0% materia grasa elaborado al baño maria PRODUCTO ALCAMPO 4 x 100 g.","price":"1,27 €","offer_price":0,"offer_type":null,"stock":false,"super":"alcampo"},{"img":"https://www.alcampo.es/media/h7f/h5d/10788955193374.jpg","name":"Crema catalana al baño Maria, con bolsita de azúcar caramelizada DHUL 2 x 100 g.","price":"1,48 €","offer_price":0,"offer_type":null,"stock":false,"super":"alcampo"},{"img":"https://www.alcampo.es/media/h36/h0a/9260147114014.jpg","name":"Flan de vainilla con caramelo elaborado sin gluten, sin soja y sin huevo DHUL 500 g.","price":"1,46 €","offer_price":0,"offer_type":null,"stock":false,"super":"alcampo"},{"img":"https://www.alcampo.es/media/hbd/hc8/10911477530654.jpg","name":"Flan de huevo y queso al baño maria DHUL 4 x 110 g.","price":"1,87 €","offer_price":0,"offer_type":null,"stock":false,"super":"alcampo"},{"img":"https://www.alcampo.es/media/h62/hc2/9754258014238.jpg","name":"Flan de huevo al baño maría y con 0% materia grasa DHUL 4 x 100 gr","price":"1,99 €","offer_price":0,"offer_type":null,"stock":false,"super":"alcampo"},{"img":"https://www.alcampo.es/media/h81/h25/9164508954654.jpg","name":"Flan de huevo elaborado con huevos extra frescos y sin gluten LA LECHERA 4 x 100 g.","price":"1,70 €","offer_price":0,"offer_type":null,"stock":false,"super":"alcampo"},{"img":"https://www.alcampo.es/media/h64/h8c/9019034632222.jpg","name":"Flan de vainilla sin lactosa, sin gluten y sin soja DHUL 4 x 100 g.","price":"1,22 €","offer_price":0,"offer_type":null,"stock":false,"super":"alcampo"},{"img":"https://www.alcampo.es/media/hb1/h28/10911338922014.jpg","name":"Flan de huevo y café hecho al baño maria DHUL 4 x 110 g.","price":"1,87 €","offer_price":0,"offer_type":null,"stock":false,"super":"alcampo"},{"img":"https://www.alcampo.es/media/hcc/h61/9465822609438.jpg","name":"Flan de huevo recubierto de caramelo PASCUAL 4 x 100 g.","price":"1,29 €","offer_price":0,"offer_type":null,"stock":false,"super":"alcampo"},{"img":"https://www.alcampo.es/media/hb2/hc5/9465684066334.jpg","name":"Flan de caramelo, realizado con huevos frescos PRODUCTO ALCAMPO 4 x 100 g.","price":"1,68 €","offer_price":0,"offer_type":null,"stock":false,"super":"alcampo"},{"img":"https://www.alcampo.es/media/ha8/h85/9164450463774.jpg","name":"Flan con sabor a vainilla y caramelo PASCUAL 4 x 100 g.","price":"1 €","offer_price":0,"offer_type":null,"stock":false,"super":"alcampo"},{"img":"https://www.alcampo.es/media/h6a/h18/8890262290462.jpg","name":"Flan de huevo al baño maría LA COLMENAREÑA 2 x 110 g.","price":"1,25 €","offer_price":0,"offer_type":null,"stock":false,"super":"alcampo"},{"img":"https://www.alcampo.es/media/h4d/hcb/10021539217438.jpg","name":"Flan de café elaborado con leche fresca y caramelo GOSHUA 2 x 125 g.","price":"1,55 €","offer_price":0,"offer_type":null,"stock":false,"super":"alcampo"},{"img":"https://www.alcampo.es/media/h40/hb2/9827259318302.jpg","name":"Flan de huevo elaborado con huevos frescos LA LECHERA 2 x 100 g.","price":"1,28 €","offer_price":0,"offer_type":null,"stock":false,"super":"alcampo"},{"img":"https://www.alcampo.es/media/he8/hb5/10021435179038.jpg","name":"Flan de queso elaborado con leche fresca y caramelo GOSHUA 2 x 125 g.","price":"1,78 €","offer_price":0,"offer_type":null,"stock":false,"super":"alcampo"},{"img":"https://www.alcampo.es/media/hbc/hc3/10600571830302.jpg","name":"Flan de huevo con bizcocho a la miel, elaborados al baño maria, con huevos frescos PRODUCTO ALCAMPO 4 x 100 g.","price":"1,74 €","offer_price":0,"offer_type":null,"stock":false,"super":"alcampo"},{"img":"https://www.alcampo.es/media/hea/he2/10546829590558.jpg","name":"Flan de huevo y bizcocho a la miel, elaborado sin soja ni frutos secos DHUL 4 x 105 g,","price":"1,98 €","offer_price":0,"offer_type":null,"stock":false,"super":"alcampo"},{"img":"https://www.alcampo.es/media/h7b/h89/8899349839902.jpg","name":"Flan de queso elaborado al baño maría LA COLMENAREÑA 2 x 110 g.","price":"1,85 €","offer_price":0,"offer_type":null,"stock":false,"super":"alcampo"},{"img":"https://www.alcampo.es/media/h7f/h0d/9164515704862.jpg","name":"Flan de queso gourmet, sin gluten KAIKU 4 x 100 g.","price":"1,99 €","offer_price":0,"offer_type":null,"stock":false,"super":"alcampo"},{"img":"https://www.alcampo.es/media/h5e/h91/9021145677854.jpg","name":"Tocino de cielo al baño María, sin conservantes y con más yema DHUL 2 x 110 g","price":"1,42 €","offer_price":0,"offer_type":null,"stock":false,"super":"alcampo"},{"img":"https://www.alcampo.es/media/h68/h65/10564398055454.jpg","name":"Crema de yogur con tocino de cielo, elaborado sin gluten MONTERO 2 x 125 g.","price":"1,65 €","offer_price":0,"offer_type":null,"stock":false,"super":"alcampo"},{"img":"https://www.alcampo.es/media/hf5/hf7/10814842601502.jpg","name":"Flan con sabor a vainilla DHUL 4 x 100 g.","price":"1,55 €","offer_price":0,"offer_type":null,"stock":false,"super":"alcampo"},{"img":"https://www.alcampo.es/media/h06/h43/9445189189662.jpg","name":"Natillas con sabor a vainilla PRODUCTO ALCAMPO 4 x 125 g.","price":"0,65 €","offer_price":0,"offer_type":null,"stock":false,"super":"alcampo"},{"img":"https://www.alcampo.es/media/ha3/h66/10470229606430.jpg","name":"Natillas de chocolate sin lactosa, ni azúcares añadidos y con alto contenido en proteínas (20 g) VALIO Profeel 180 g.","price":"1,25 €","offer_price":0,"offer_type":null,"stock":false,"super":"alcampo"},{"img":"https://www.alcampo.es/media/h15/h22/9317474107422.jpg","name":"Natillas de vainilla elaboradas sin gluten DANET de Danone 8 x 120 g.","price":"2,77 €","offer_price":0,"offer_type":null,"stock":false,"super":"alcampo"},{"img":"https://www.alcampo.es/media/h2a/hbc/10409475932190.jpg","name":"Natillas sabor a chocolate PRODUCTO ALCAMPO 4 x 125 g.","price":"0,65 €","offer_price":0,"offer_type":null,"stock":false,"super":"alcampo"},{"img":"https://www.alcampo.es/media/hde/hb5/9166376206366.jpg","name":"Natillas de vainilla con galleta REINA 4 x 125 g.","price":"1,18 €","offer_price":0,"offer_type":null,"stock":false,"super":"alcampo"},{"img":"https://www.alcampo.es/media/hc9/h3b/9333409808414.jpg","name":"Natillas de vainilla con galleta PRODUCTO ALCAMPO 4 x 125 g.","price":"0,87 €","offer_price":0,"offer_type":null,"stock":false,"super":"alcampo"},{"img":"https://www.alcampo.es/media/hf5/hf0/10801833279518.jpg","name":"Natillas con sabor a vainilla DANET de Danone 4 x 120 g.","price":"1,83 €","offer_price":0,"offer_type":null,"stock":false,"super":"alcampo"},{"img":"https://www.alcampo.es/media/h7b/h18/10470284296222.jpg","name":"Natillas de caramelo sin lactosa, ni azúcares añadidos y con alto contenido en proteínas (20 g) VALIO Profeel 180 g.","price":"1,25 €","offer_price":0,"offer_type":null,"stock":false,"super":"alcampo"},{"img":"https://www.alcampo.es/media/hc0/h5c/9317332418590.jpg","name":"Natillas de chocolate elaboradas sin gluten DANET de Danone 8 x 120 g.","price":"2,77 €","offer_price":0,"offer_type":null,"stock":false,"super":"alcampo"},{"img":"https://www.alcampo.es/media/hb3/h3d/10801758142494.jpg","name":"Natillas de chocolate DANET de Danone 4 x 120 g.","price":"1,83 €","offer_price":0,"offer_type":null,"stock":false,"super":"alcampo"},{"img":"https://www.alcampo.es/media/hb6/h32/9792539623454.jpg","name":"Natillas con sabor a vainilla PRODUCTO ECONÓMICO ALCAMPO 2 x 125 g.","price":"0,39 €","offer_price":0,"offer_type":null,"stock":false,"super":"alcampo"},{"img":"https://www.alcampo.es/media/h97/h31/9057833779230.jpg","name":"Crema de vainilla con solo el 0.8&amp; de materia grasa y sin gluten VITALINEA de Danone 4 x 120 g.","price":"2,04 €","offer_price":0,"offer_type":null,"stock":false,"super":"alcampo"},{"img":"https://www.alcampo.es/media/h38/h4c/9792462618654.jpg","name":"Natillas con sabor a chocolate PRODUCTO ECONÓMICO ALCAMPO 2 x 125 g","price":"0,39 €","offer_price":0,"offer_type":null,"stock":false,"super":"alcampo"},{"img":"https://www.alcampo.es/media/h9f/hee/9357227687966.jpg","name":"Natillas de vainila sin gluten y sin azúcares añadidos REINA Equilibrio 4 x 125 g.","price":"1,15 €","offer_price":0,"offer_type":null,"stock":false,"super":"alcampo"},{"img":"https://www.alcampo.es/media/hf1/h76/8959830196254.jpg","name":"Natillas surtidas (4 de vainilla, 2 de chocolate y 2 de caramelo) REINA 8 uds de 125 gr.","price":"2,08 €","offer_price":0,"offer_type":null,"stock":false,"super":"alcampo"},{"img":"https://www.alcampo.es/media/hfe/h79/10435513876510.jpg","name":"Natillas de vainilla con trocitos de Filipinos DANET de Danone 123 g.","price":"1,40 €","offer_price":0,"offer_type":null,"stock":false,"super":"alcampo"},{"img":"https://www.alcampo.es/media/h50/hb7/10791202095134.jpg","name":"Natillas con sabor a vainilla, sin conservantes LA LECHERA de Nestlé 4 x 115 g.","price":"1,38 €","offer_price":0,"offer_type":null,"stock":false,"super":"alcampo"},{"img":"https://www.alcampo.es/media/h9a/h02/9019054489630.jpg","name":"Natillas de vainilla sin lactosa, sin gluten y sin soja DHUL 2 x 125 g.","price":"1,16 €","offer_price":0,"offer_type":null,"stock":false,"super":"alcampo"},{"img":"https://www.alcampo.es/media/h0b/h4a/10801856643102.jpg","name":"Natillas de chocolate con cremosa nata DANET de Danone 4 x 100 g.","price":"1,90 €","offer_price":0,"offer_type":null,"stock":false,"super":"alcampo"},{"img":"https://www.alcampo.es/media/h53/h07/10021521752094.jpg","name":"Crema de chocolate belga elaborada sin gluten GOSHUA 130 g.","price":"1,19 €","offer_price":0,"offer_type":null,"stock":false,"super":"alcampo"},{"img":"https://www.alcampo.es/media/h98/hd5/9466777698334.jpg","name":"Natillas con sabor a vainilla toppings de galletas Lotus DANET de Danone 122 g.","price":"1,36 €","offer_price":0,"offer_type":null,"stock":false,"super":"alcampo"},{"img":"https://www.alcampo.es/media/h70/hf9/10021523947550.jpg","name":"Natillas con huevo fresco y caramelo GOSHUA de 140 g.","price":"1,03 €","offer_price":0,"offer_type":null,"stock":false,"super":"alcampo"},{"img":"https://www.alcampo.es/media/hc9/h3f/8952041537566.jpg","name":"Natilla de vainilla sin gluten RENY PICOT 1 l.","price":"1,44 €","offer_price":0,"offer_type":null,"stock":false,"super":"alcampo"},{"img":"https://www.alcampo.es/media/h76/h2e/10758621691934.jpg","name":"Natillas con yema de huevo y sabor a vainilla ALCAMPO GOURMET 140 g.","price":"0,98 €","offer_price":0,"offer_type":null,"stock":false,"super":"alcampo"},{"img":"https://www.alcampo.es/media/h7f/hbe/9168401989662.jpg","name":"Surtido de postres (natillas vainilla (4), natillas con galleta (2) y arroz con leche (2)) sin azucares añadidos REINA 8 x 125 g.","price":"2,19 €","offer_price":0,"offer_type":null,"stock":false,"super":"alcampo"},{"img":"https://www.alcampo.es/media/h78/h60/10231429103646.jpg","name":"Natillas con sabor a chocolate, elaboradas sin lactosa KAIKU 2 x 125 g.","price":"1,82 €","offer_price":0,"offer_type":null,"stock":false,"super":"alcampo"},{"img":"https://www.alcampo.es/media/h36/hbb/10021532270622.jpg","name":"Natillas de huevo con sabor a vainilla GOSHUA 140 g.","price":"1,03 €","offer_price":0,"offer_type":null,"stock":false,"super":"alcampo"},{"img":"https://www.alcampo.es/media/h30/h98/10893979451422.jpg","name":"Natillas de chocolate. listas para llevar NESQUIK Go 4 x 80 g.","price":"1,92 €","offer_price":0,"offer_type":null,"stock":false,"super":"alcampo"},{"img":"https://www.alcampo.es/media/h59/h93/10801851334686.jpg","name":"Natillas de vainilla con una capa de cremosa nata DANET de Danone 4 x 100 g.","price":"1,98 €","offer_price":0,"offer_type":null,"stock":false,"super":"alcampo"},{"img":"https://www.alcampo.es/media/hb5/h85/8897998094366.jpg","name":"Natillas de vainilla con galleta MONTERO 2 x 125 g.","price":"1,73 €","offer_price":0,"offer_type":null,"stock":false,"super":"alcampo"},{"img":"https://www.alcampo.es/media/h04/h14/10791240499230.jpg","name":"Natillas con sabor a galleta, elaboradas sin conservantes LA LECHERA de Neslté 4 x 115 g.","price":"1,38 €","offer_price":0,"offer_type":null,"stock":false,"super":"alcampo"},{"img":"https://www.alcampo.es/media/hdb/hc3/10758682935326.jpg","name":"Natillas con yema de huevo y caramelo ALCAMPO GOURMET 140 g.","price":"0,98 €","offer_price":0,"offer_type":null,"stock":false,"super":"alcampo"},{"img":"https://www.alcampo.es/media/h9a/h5f/8960268894238.jpg","name":"Natillas de coco REINA pack de 4 uds de 125 gr","price":"1,19 €","offer_price":0,"offer_type":null,"stock":false,"super":"alcampo"},{"img":"https://www.alcampo.es/media/heb/h16/10791244333086.jpg","name":"Natillas de chocolate, elaboradas sin conservantes LA LECHERA de Nestlé 4 x 115 g.","price":"1,35 €","offer_price":0,"offer_type":null,"stock":false,"super":"alcampo"},{"img":"https://www.alcampo.es/media/h76/h28/8960174129182.jpg","name":"Natillas de leche merengada REINA pack de 4 uds de 125 gr","price":"1,39 €","offer_price":0,"offer_type":null,"stock":false,"super":"alcampo"},{"img":"https://www.alcampo.es/media/hef/h6c/10467957669918.jpg","name":"Natillas con sabor a vainilla sin lactosa KAIKU Sin lactosa 2 x 125 g.","price":"1,98 €","offer_price":0,"offer_type":null,"stock":false,"super":"alcampo"},{"img":"https://www.alcampo.es/media/h3b/hf4/9827341565982.jpg","name":"Natillas de huevo, elaboradas con huevos frescos LA LECHERA de Nestlé 2 x 100 g.","price":"1,28 €","offer_price":0,"offer_type":null,"stock":false,"super":"alcampo"},{"img":"https://www.alcampo.es/media/hb0/h47/8900877680670.jpg","name":"Natillas de huevo con sabora a vainilla LA COLMENAREÑA 140 g.","price":"1,20 €","offer_price":0,"offer_type":null,"stock":false,"super":"alcampo"},{"img":"https://www.alcampo.es/media/h30/h26/10467877748766.jpg","name":"Natillas tradicionales listas para tomar RAM 1 l.","price":"1,80 €","offer_price":0,"offer_type":null,"stock":false,"super":"alcampo"},{"img":"https://www.alcampo.es/media/hb6/ha8/9156473192478.jpg","name":"Crema (natillas) de chcolate ALBE 125 g.","price":"0,50 €","offer_price":0,"offer_type":null,"stock":false,"super":"alcampo"},{"img":"https://www.alcampo.es/media/hd4/hb4/10207713525790.jpg","name":"Petit suisse, de sabor fresa y plátano DANONINO de Danone 6 x 50 g.","price":"1,05 €","offer_price":0,"offer_type":null,"stock":false,"super":"alcampo"},{"img":"https://www.alcampo.es/media/haa/h30/9807880650782.jpg","name":"Petit suisse, con sabor a fresa DANONINO de Danone 6 x 50 g.","price":"1,05 €","offer_price":0,"offer_type":null,"stock":false,"super":"alcampo"},{"img":"https://www.alcampo.es/media/h7d/hc9/10444848005150.jpg","name":"Petit bebible para llevar, con sabor a fresa DANONINO de Danone 4 x 70 g.","price":"1,97 €","offer_price":0,"offer_type":null,"stock":false,"super":"alcampo"},{"img":"https://www.alcampo.es/media/h31/he2/9807886745630.jpg","name":"Petit suisse, con sabor a chocolate DANONINO de Danone 6 x 55 g.","price":"1,30 €","offer_price":0,"offer_type":null,"stock":false,"super":"alcampo"},{"img":"https://www.alcampo.es/media/h05/he1/10207727190046.jpg","name":"Petit suisse maxi, de sabor fresa-plátano DANONINO de Danone 4 x 100 g.","price":"1,63 €","offer_price":0,"offer_type":null,"stock":false,"super":"alcampo"},{"img":"https://www.alcampo.es/media/h88/h2e/10791258292254.jpg","name":"Petit de chocolate NESQUIK de Nestlé 6 x 60 g.","price":"1,28 €","offer_price":0,"offer_type":null,"stock":false,"super":"alcampo"},{"img":"https://www.alcampo.es/media/h51/h8f/9807869050910.jpg","name":"Petit suisse maxi, con sabor a fresa DANONINO de Danone 4 x 100 g.","price":"1,63 €","offer_price":0,"offer_type":null,"stock":false,"super":"alcampo"},{"img":"https://www.alcampo.es/media/ha1/h9d/10444967542814.jpg","name":"Pouch de sabor fresa y plátano con calcio y vitaminia D DANONINO de Danone 4 x 70 g.","price":"1,87 €","offer_price":0,"offer_type":null,"stock":false,"super":"alcampo"},{"img":"https://www.alcampo.es/media/h5f/hb2/10409466789918.jpg","name":"Petit suisse para llevar con fresa PRODUCTO ALCAMPO 4 x 90 g.","price":"1,34 €","offer_price":0,"offer_type":null,"stock":false,"super":"alcampo"},{"img":"https://www.alcampo.es/media/h2a/h66/9807857778718.jpg","name":"Petit suisse, con sabor a fresa y nata DANONINO de Danone 6 x 50 g.","price":"1,05 €","offer_price":0,"offer_type":null,"stock":false,"super":"alcampo"},{"img":"https://www.alcampo.es/media/h4d/h8e/9765838061598.jpg","name":"Petit suisse de diferentes sabores (fresa, plátano, naranja) PRODUCTO ECONÓMICO ALCAMPO 6 x 50 g.","price":"0,60 €","offer_price":0,"offer_type":null,"stock":false,"super":"alcampo"},{"img":"https://www.alcampo.es/media/h70/h84/10444765167646.jpg","name":"Petit líquido, con sabor a fresa DANONINO de Danone 4 x 100 g.","price":"1,97 €","offer_price":0,"offer_type":null,"stock":false,"super":"alcampo"},{"img":"https://www.alcampo.es/media/h0c/h2f/10444703825950.jpg","name":"Petit líquido, con sabor a fresa y plátano DANONINO de Danone 4 x 100 g.","price":"1,97 €","offer_price":0,"offer_type":null,"stock":false,"super":"alcampo"},{"img":"https://www.alcampo.es/media/hd4/h68/10226714083358.jpg","name":"Petit suisse con sabor a fresa PRODUCTO ALCAMPO 6 x 60 g.","price":"0,63 €","offer_price":0,"offer_type":null,"stock":false,"super":"alcampo"},{"img":"https://www.alcampo.es/media/h85/h85/9807880159262.jpg","name":"Petit suisse de sabores (plátano, fresa y melocotón) DANONINO de Danone 6 x 50 g.","price":"1,05 €","offer_price":0,"offer_type":null,"stock":false,"super":"alcampo"},{"img":"https://www.alcampo.es/media/h4e/hff/10226755895326.jpg","name":"Petit suisse de sabores surtidos (2 de fresa, 2 de fresa y plátano y 2 de fresa y galleta) PRODUCTO ALCAMPO 6 x 60 g.","price":"0,63 €","offer_price":0,"offer_type":null,"stock":false,"super":"alcampo"},{"img":"https://www.alcampo.es/media/h88/hfe/10226756714526.jpg","name":"Petit suisse con sabor a fresa PRODUCTO ALCAMPO Maxi 4 x 100 g.","price":"0,69 €","offer_price":0,"offer_type":null,"stock":false,"super":"alcampo"},{"img":"https://www.alcampo.es/media/hb6/h65/8901454528542.jpg","name":"Postre de chocolate y vainilla con sorpresa KID'S WORLD 70 g.","price":"0,99 €","offer_price":0,"offer_type":null,"stock":false,"super":"alcampo"},{"img":"https://www.alcampo.es/media/h4b/hbd/9375853510686.jpg","name":"Yogur pasteurizado de fresa para llevar PASCUAL Yokids 2 x 80 g.","price":"1,24 €","offer_price":0,"offer_type":null,"stock":false,"super":"alcampo"},{"img":"https://www.alcampo.es/media/hcb/h0e/9633053573150.jpg","name":"Petit suisse sabor natural azucarado PRODUCTO ALCAMPO 6 x 60 g.","price":"0,75 €","offer_price":0,"offer_type":null,"stock":false,"super":"alcampo"},{"img":"https://www.alcampo.es/media/h31/h38/10364230139934.jpg","name":"Petit suisse sabor a fresa elaborados con leche 100% gallega CLESA Kids 6 x 50 g.","price":"1,09 €","offer_price":0,"offer_type":null,"stock":false,"super":"alcampo"},{"img":"https://www.alcampo.es/media/h6a/h1c/9738294329374.jpg","name":"Especialidad de soja fermentada, rica en calcio y vitamina D, con sabor a fresa SOJASUN Petit kids 4 x 90 g.","price":"1,94 €","offer_price":0,"offer_type":null,"stock":false,"super":"alcampo"},{"img":"https://www.alcampo.es/media/h97/h9e/9807862628382.jpg","name":"Bolsita de fruta ecológica (fresa, manzana y plátano), con cereales y yogur DANONINO Ecológico 90 g.","price":"0,96 €","offer_price":0,"offer_type":null,"stock":false,"super":"alcampo"},{"img":"https://www.alcampo.es/media/h7b/hbb/9807875571742.jpg","name":"Bolsita de fruta ecológica (naranja, manzana y plátano), con cereales y yogur DANONINO Ecológico 90 g.","price":"0,96 €","offer_price":0,"offer_type":null,"stock":false,"super":"alcampo"},{"img":"https://www.alcampo.es/media/haa/hf5/10893972439070.jpg","name":"Yogur líquido para beber con sabor a fresa (2) y plátano (2) YOCO Sqeezy de Nestlé 4 x 80 g.","price":"1,98 €","offer_price":0,"offer_type":null,"stock":false,"super":"alcampo"},{"img":"https://www.alcampo.es/media/h7e/h76/10893975617566.jpg","name":"Yogur batido multifrutas para beber YOCO de Nestlé 6 x 90 g.","price":"2,39 €","offer_price":0,"offer_type":null,"stock":false,"super":"alcampo"}]