[{"img":"https://www.alcampo.es/media/hc5/h9e/9151050481694.jpg","name":"Minibombón helado de vainilla recubierto de chocolate con almendras MAGNUM Mini 6 x 60 ml.<br>","price":"3,84 €","offer_price":0,"offer_type":null,"stock":false,"super":"alcampo"},{"img":"https://www.alcampo.es/media/h0a/hf7/9304016322590.jpg","name":"Mini sándwich de nata con trocitos de chocolate negro, galletas y recubrimiento de cacao PRODUCTO ALCAMPO 6 x 85 ml.","price":"1,58 €","offer_price":0,"offer_type":null,"stock":false,"super":"alcampo"},{"img":"https://www.alcampo.es/media/h6b/h5d/9304113938462.jpg","name":"Conos de helado de nata y fresa con salsa de fresa PRODUCTO ALCAMPO 6 x 120 ml.<br>","price":"1,47 €","offer_price":0,"offer_type":null,"stock":false,"super":"alcampo"},{"img":"https://www.alcampo.es/media/hb3/he3/8931178709022.jpg","name":"Conos de helado de vainilla y chocolate con trocitos de almendra caramelizada PRODUCTO ALCAMPO 6 x 120 ml.","price":"1,54 €","offer_price":0,"offer_type":null,"stock":false,"super":"alcampo"},{"img":"https://www.alcampo.es/media/h62/h4d/9346869166110.jpg","name":"Tarrina de helado crema con chocolate belga HÄAGEN-DAZS 500 ml.","price":"5,59 €","offer_price":0,"offer_type":null,"stock":false,"super":"alcampo"},{"img":"https://www.alcampo.es/media/h4d/hf2/9480391491614.jpg","name":"Mini bombones almendradros, de chocolate y de chocolate blanco MAGNUM de Frigo 8 x 55 ml.","price":"3,84 €","offer_price":0,"offer_type":null,"stock":false,"super":"alcampo"},{"img":"https://www.alcampo.es/media/h34/h39/8931188736030.jpg","name":"Cono de helado de nata con trocitos de almendra caramelizada PRODUCTO ALCAMPO 6 x 120 ml.","price":"1,49 €","offer_price":0,"offer_type":null,"stock":false,"super":"alcampo"},{"img":"https://www.alcampo.es/media/h84/h6a/9346847637534.jpg","name":"Tarrina de helado de vainilla con nueces de macadamia y trocitos de caramelo HÄAGEN-DAZS 460 ml.","price":"5,55 €","offer_price":0,"offer_type":null,"stock":false,"super":"alcampo"},{"img":"https://www.alcampo.es/media/h06/had/9247391416350.gif","name":"Minibombón helado de chocolate blanco, con leche, negro y almendrado PRODUCTO ALCAMPO 8 x 60 ml.","price":"1,99 €","offer_price":0,"offer_type":null,"stock":false,"super":"alcampo"},{"img":"https://www.alcampo.es/media/he4/h86/10712250744862.jpg","name":"Tarrina de helado de chocolate con trocitos de brownie BEN &amp; JERRY'S 465 ml.","price":"4,99 €","offer_price":0,"offer_type":null,"stock":false,"super":"alcampo"},{"img":"https://www.alcampo.es/media/h1e/h2c/9302418784286.jpg","name":"Cono de helado de chocolate PRODUCTO ALCAMPO 6 x 120 ml.","price":"2,19 €","offer_price":0,"offer_type":null,"stock":false,"super":"alcampo"},{"img":"https://www.alcampo.es/media/h97/h34/10865516019742.jpg","name":"Tarrina de helado con sabor a vainilla PRODUCTO ALCAMPO 1 l.","price":"1,31 €","offer_price":0,"offer_type":null,"stock":false,"super":"alcampo"},{"img":"https://www.alcampo.es/media/h09/he2/10898434981918.jpg","name":"Bombón almendrado de vainilla recubierto de chocolate con leche PRODUCTO ALCAMPO 4 x 120 ml.","price":"1,59 €","offer_price":0,"offer_type":null,"stock":false,"super":"alcampo"},{"img":"https://www.alcampo.es/media/h14/ha9/10386056839198.jpg","name":"Galletas cuadradas para helado RUME 18 uds.","price":"0,58 €","offer_price":0,"offer_type":null,"stock":false,"super":"alcampo"},{"img":"https://www.alcampo.es/media/h7f/h0d/10420614725662.jpg","name":"Mini conos de nata con trocitos de almendras CORNETTO Mini Classico de Frigo 6+2 x 60 ml.","price":"3,62 €","offer_price":0,"offer_type":null,"stock":false,"super":"alcampo"},{"img":"https://www.alcampo.es/media/h4b/h97/10261110259742.jpg","name":"Sándwich de galleta relleno de helado sabor a vainilla y chocolate PRODUCTO ALCAMPO 6 x 100 ml.","price":"1,20 €","offer_price":0,"offer_type":null,"stock":false,"super":"alcampo"},{"img":"https://www.alcampo.es/media/h6e/h6c/10712260935710.jpg","name":"Tarrina de helado de vainilla con trozos de masa de galleta y chocolate BEN &amp; JERRY'S Cookie dough 465 ml.","price":"4,99 €","offer_price":0,"offer_type":null,"stock":false,"super":"alcampo"},{"img":"https://www.alcampo.es/media/h77/h3a/9374596464670.jpg","name":"Tarrina de helado de chocolate con salsa sabor chocolate y trocitos de chocolate con leche y blanco PRODUCTO ALCAMPO 850 ml.","price":"1,69 €","offer_price":0,"offer_type":null,"stock":false,"super":"alcampo"},{"img":"https://www.alcampo.es/media/hb9/h8e/10470164660254.jpg","name":"Bombón almendrado con helado de vainilla y lengua de chocolate NESTLÉ Chococlack 4 x 90 ml.","price":"2,74 €","offer_price":0,"offer_type":null,"stock":false,"super":"alcampo"},{"img":"https://www.alcampo.es/media/h12/h7d/8962894135326.jpg","name":"After diner MAGNUM Classic de Frigo 10 x 29 ml.","price":"4,44 €","offer_price":0,"offer_type":null,"stock":false,"super":"alcampo"},{"img":"https://www.alcampo.es/media/hce/h74/10470170361886.jpg","name":"Mini polos sin gluten, con formas de fantasmas de diferentes sabores y colores PIRULO Fantasmikos 15 x 15 ml.","price":"3,47 €","offer_price":0,"offer_type":null,"stock":false,"super":"alcampo"},{"img":"https://www.alcampo.es/media/h6b/ha6/9539607134238.jpg","name":"Tarrina de helado de stracciatella PRODUCTO ALCAMPO 850 ml.","price":"1,94 €","offer_price":0,"offer_type":null,"stock":false,"super":"alcampo"},{"img":"https://www.alcampo.es/media/hbf/hfc/10261109178398.jpg","name":"Sándwich de galleta rellenos de helado sabor a nata PRODUCTO ALCAMPO 6 x 100 ml.","price":"1,20 €","offer_price":0,"offer_type":null,"stock":false,"super":"alcampo"},{"img":"https://www.alcampo.es/media/h52/h82/9346915074078.jpg","name":"Tarrina de helado de tarta de queso con salsa de fresa HÄAGEN-DAZS 460 ml.","price":"5,59 €","offer_price":0,"offer_type":null,"stock":false,"super":"alcampo"},{"img":"https://www.alcampo.es/media/h8d/h35/9346863497246.jpg","name":"Tarrina de helado de vainilla con trocitos cookies HÄAGEN-DAZS 460 ml.","price":"5,59 €","offer_price":0,"offer_type":null,"stock":false,"super":"alcampo"},{"img":"https://www.alcampo.es/media/h6e/hd8/10911363072030.jpg","name":"Mini conos de helado de chocoloate (6) y vainilla (6) PRODUCTO ECONÓMICO ALCAMPO 12 x 25 ml.","price":"1,99 €","offer_price":0,"offer_type":null,"stock":false,"super":"alcampo"},{"img":"https://www.alcampo.es/media/hd1/h69/8869220581406.jpg","name":"Helado de lima limón CALIPPO de Frigo 5 x 105 ml.","price":"3,55 €","offer_price":0,"offer_type":null,"stock":false,"super":"alcampo"},{"img":"https://www.alcampo.es/media/h01/h8b/10819232628766.jpg","name":"Bombón helado gigante de vainilla con cobertura de chocolate blanco PRODUCTO ALCAMPO 4 x 120 ml.","price":"1,59 €","offer_price":0,"offer_type":null,"stock":false,"super":"alcampo"},{"img":"https://www.alcampo.es/media/h1c/h93/8959959236638.jpg","name":"Helado de vainilla con coberturas de diferentes chocolates MAGNUM Mini de Frigo 10 x 60 ml.","price":"5,64 €","offer_price":0,"offer_type":null,"stock":false,"super":"alcampo"},{"img":"https://www.alcampo.es/media/h16/h7f/10775004119070.jpg","name":"Tarrina de helado de vainilla CARTE D'OR Les authentiques de Frigo 1.5 l.","price":"3,69 €","offer_price":0,"offer_type":null,"stock":false,"super":"alcampo"},{"img":"https://www.alcampo.es/media/h91/h23/9374590173214.jpg","name":"Tarrina de helado de vainilla con nueces de macadamia PRODUCTO ALCAMPO 850 ml.","price":"2,06 €","offer_price":0,"offer_type":null,"stock":false,"super":"alcampo"},{"img":"https://www.alcampo.es/media/h64/hc6/10865458184222.jpg","name":"Tarrina de helado con sabor a de dulce de leche PRODUCTO ALCAMPO 900 ml.","price":"2,28 €","offer_price":0,"offer_type":null,"stock":false,"super":"alcampo"},{"img":"https://www.alcampo.es/media/h07/hc1/8977455579166.jpg","name":"Polo sin gluten, con sabor a chocolate, cola y limón COLAJET de Nestlé 4 x 66 ml.","price":"2,19 €","offer_price":0,"offer_type":null,"stock":false,"super":"alcampo"},{"img":"https://www.alcampo.es/media/hc1/hc1/8959986892830.jpg","name":"Sándwich relleno de helado de nata NESTLÉ 8 x 100 ml.","price":"2,60 €","offer_price":0,"offer_type":null,"stock":false,"super":"alcampo"},{"img":"https://www.alcampo.es/media/h12/h4f/8879609872414.jpg","name":"Tarrina de helado de menta PRODUCTO ALCAMPO 1 l.","price":"2,11 €","offer_price":0,"offer_type":null,"stock":false,"super":"alcampo"},{"img":"https://www.alcampo.es/media/h9b/h91/10712262541342.jpg","name":"Helado de vainilla recubierto de chocolate con leche y almendras MAGNUM de Frgio 4 x 100 ml.","price":"3,09 €","offer_price":0,"offer_type":null,"stock":false,"super":"alcampo"},{"img":"https://www.alcampo.es/media/hb8/hdb/8898456027166.jpg","name":"Tarrina de helado de chocolate con trocitos de chocolate PRODUCTO ALCAMPO 1 l.","price":"2,14 €","offer_price":0,"offer_type":null,"stock":false,"super":"alcampo"},{"img":"https://www.alcampo.es/media/h1c/h9a/10470158729246.jpg","name":"Mini sándwich helado que imita tanto en forma como en sabor a una galleta OREO 6 x 55 ml.","price":"3,01 €","offer_price":0,"offer_type":null,"stock":false,"super":"alcampo"},{"img":"https://www.alcampo.es/media/hcc/h8a/10420623999006.jpg","name":"Tarrina de helado de plátano con trozos de chocolate y nueces BEN &amp; JERRY´S Chunky monkey 465 ml.","price":"4,99 €","offer_price":0,"offer_type":null,"stock":false,"super":"alcampo"},{"img":"https://www.alcampo.es/media/h94/h03/9374595907614.jpg","name":"Bloque de helado con sabor a nata PRODUCTO ALCAMPO 1 l.","price":"0,98 €","offer_price":0,"offer_type":null,"stock":false,"super":"alcampo"},{"img":"https://www.alcampo.es/media/h9c/h76/8977008066590.jpg","name":"Cono de nata y chocolate sin gluten ni lactosa ROYNE Special line 4 x 120 ml.","price":"2,40 €","offer_price":0,"offer_type":null,"stock":false,"super":"alcampo"},{"img":"https://www.alcampo.es/media/hb2/h7d/10444850233374.jpg","name":"Mini sándwich relleno de hlado de nata MAXIBON de Nestlé 6 x 85 ml.","price":"3,79 €","offer_price":0,"offer_type":null,"stock":false,"super":"alcampo"},{"img":"https://www.alcampo.es/media/h11/h8b/9374585487390.jpg","name":"Boque de helado de 3 sabores (vainilla, chocolate y nata) PRODUCTO ALCAMPO 1 l.","price":"0,98 €","offer_price":0,"offer_type":null,"stock":false,"super":"alcampo"},{"img":"https://www.alcampo.es/media/h3f/h45/9480357412894.jpg","name":"Mini tarrinas de helado de caramelo con distintos sabores HÄAGEN-DAZS Collection 4 x 100 ml.","price":"5,28 €","offer_price":0,"offer_type":null,"stock":false,"super":"alcampo"},{"img":"https://www.alcampo.es/media/hda/h8f/8890546585630.jpg","name":"Conos de helado nata y chocolate PRODUCTO ECONÓMICO ALCAMPO 4 x 110 ml.","price":"1 €","offer_price":0,"offer_type":null,"stock":false,"super":"alcampo"},{"img":"https://www.alcampo.es/media/hf2/h2b/9200802824222.jpg","name":"Helados con forma de lápiz, sin gluten, con sabor vainilla y punta interior de chocolate NESTLÉ Mikolápiz 5 x 88 ml.","price":"3,21 €","offer_price":0,"offer_type":null,"stock":false,"super":"alcampo"},{"img":"https://www.alcampo.es/media/h0f/hf4/9304073306142.jpg","name":"Tarrina de helado de café PRODUCTO ALCAMPO 1 l.","price":"2,29 €","offer_price":0,"offer_type":null,"stock":false,"super":"alcampo"},{"img":"https://www.alcampo.es/media/h98/h5d/9307390279710.jpg","name":"Bombón helado de nata recubierto de chocolate negro PRODUCTO ALCAMPO 4 x 120 ml.","price":"2,28 €","offer_price":0,"offer_type":null,"stock":false,"super":"alcampo"},{"img":"https://www.alcampo.es/media/ha4/h16/10032374644766.jpg","name":"Bombón helado de vainilla recubierto de chocolate blanco MAGNUM de Frigo 3 x 110 ml.","price":"3,01 €","offer_price":0,"offer_type":null,"stock":false,"super":"alcampo"},{"img":"https://www.alcampo.es/media/he4/h5c/8983436230686.jpg","name":"Mini bombón helado relleno de chocolate y recubierto de chocolate crujiente MAGNUM de Frigo 6 x 60 ml.","price":"3,70 €","offer_price":0,"offer_type":null,"stock":false,"super":"alcampo"},{"img":"https://www.alcampo.es/media/h11/hd0/9490625560606.jpg","name":"Mini tarrinas de helado de diferentes chocolates HÄAGEN-DAZS 4 x 80 g.","price":"5,28 €","offer_price":0,"offer_type":null,"stock":false,"super":"alcampo"},{"img":"https://www.alcampo.es/media/h87/h98/9374582734878.jpg","name":"Bombón helado con sabor a tarta de queso, recubierto de chocolate blanco PRODUCTO ALCAMPO 4 x 120 ml.","price":"1,99 €","offer_price":0,"offer_type":null,"stock":false,"super":"alcampo"},{"img":"https://www.alcampo.es/media/h3b/h8d/10444858327070.jpg","name":"Sándwich de helado de vainilla con cookies MAXIBON de Nestlé 4 x 140 ml.","price":"3,94 €","offer_price":0,"offer_type":null,"stock":false,"super":"alcampo"},{"img":"https://www.alcampo.es/media/h80/hbc/10470276628510.jpg","name":"Mini conos con barquillo de chocolate y helado de nata con trocitos de galleta OREO 8 X 28 ml.","price":"3,01 €","offer_price":0,"offer_type":null,"stock":false,"super":"alcampo"},{"img":"https://www.alcampo.es/media/h06/h17/8921473613854.jpg","name":"Tarrina de helado de sorbete de limón PRODUCTO ALCAMPO 1 l.","price":"1,39 €","offer_price":0,"offer_type":null,"stock":false,"super":"alcampo"},{"img":"https://www.alcampo.es/media/ha6/hc9/10470290358302.jpg","name":"Mini conos de vainilla con trocitos de chocolate con leche y recubiertos de chocolate MILKA 8 x 25 ml.","price":"3,10 €","offer_price":0,"offer_type":null,"stock":false,"super":"alcampo"},{"img":"https://www.alcampo.es/media/hf1/hb0/9498422083614.jpg","name":"Tarrina de helado crema de café con salsa de café y trocitos de brownie HÄAGEN-DAZS Barista collection 460 ml.","price":"5,91 €","offer_price":0,"offer_type":null,"stock":false,"super":"alcampo"},{"img":"https://www.alcampo.es/media/hd7/h24/10775000350750.jpg","name":"Tarrina de helado de chocolate con trocitos de chocolate con leche CARTE D'OR Les authentiques de Frigo 1.5 l.","price":"3,69 €","offer_price":0,"offer_type":null,"stock":false,"super":"alcampo"},{"img":"https://www.alcampo.es/media/h86/hd1/10444811993118.jpg","name":"Sándwich de helado nata MAXIBON de Nestlé 4 x 140 ml.","price":"3,71 €","offer_price":0,"offer_type":null,"stock":false,"super":"alcampo"},{"img":"https://www.alcampo.es/media/hd2/h02/9346886369310.jpg","name":"Tarrina de helado de dulce de leche HÄAGEN-DAZS 460 ml.","price":"5,59 €","offer_price":0,"offer_type":null,"stock":false,"super":"alcampo"},{"img":"https://www.alcampo.es/media/hce/h05/10444945260574.jpg","name":"Bómbon de galleta oreo, recubierta de chocolate con leche Milka OREO 4 x 75 ml.","price":"3,16 €","offer_price":0,"offer_type":null,"stock":false,"super":"alcampo"},{"img":"https://www.alcampo.es/media/hd0/hf9/10470166593566.jpg","name":"Cono de chocolate y vainilla con trocitos de chocolate MILKA 4 x 110 ml.","price":"3,01 €","offer_price":0,"offer_type":null,"stock":false,"super":"alcampo"},{"img":"https://www.alcampo.es/media/h19/h60/10444764446750.jpg","name":"Helado de vainilla con salsa de caramelo recubierto de chocolate MAGNUM de Frigo 3 x 88 ml.","price":"3,50 €","offer_price":0,"offer_type":null,"stock":false,"super":"alcampo"},{"img":"https://www.alcampo.es/media/h5c/h9a/10884858773534.jpg","name":"Tarrina de helado de fresa con trozitos de fresa PRODUCTO ALCAMPO 1 l.","price":"2,14 €","offer_price":0,"offer_type":null,"stock":false,"super":"alcampo"},{"img":"https://www.alcampo.es/media/h99/h4a/10397046931486.jpg","name":"Tarrina de sorbete con mango y preparado de trozos de mango PRODUCTO ALCAMPO 1 l.","price":"1,77 €","offer_price":0,"offer_type":null,"stock":false,"super":"alcampo"},{"img":"https://www.alcampo.es/media/he9/h47/10261187002398.jpg","name":"Bombón helado con sabor a nata y recubierto de cacao PRODUCTO ECONÓMICO ALCAMPO 10 x 75 ml.","price":"2,17 €","offer_price":0,"offer_type":null,"stock":false,"super":"alcampo"},{"img":"https://www.alcampo.es/media/hc4/h78/9601280442398.jpg","name":"Tarrina de helado de vainilla con remolinos, sandwiches y trocitos de cokies de chocolate BEN &amp; JERRY'S S'wich up 500 ml.","price":"4,99 €","offer_price":0,"offer_type":null,"stock":false,"super":"alcampo"},{"img":"https://www.alcampo.es/media/he4/h33/8971151933470.jpg","name":"Tarrina de helado de sabor turrón ALCAMPO GOURMET 500 ml.","price":"1,99 €","offer_price":0,"offer_type":null,"stock":false,"super":"alcampo"},{"img":"https://www.alcampo.es/media/h73/h1c/9498388955166.jpg","name":"Mini helado de chocolate blanco con trocitos de cookies MAGNUM 6 x 45 g","price":"4,34 €","offer_price":0,"offer_type":null,"stock":false,"super":"alcampo"},{"img":"https://www.alcampo.es/media/hb0/he7/9374594334750.jpg","name":"Tarrina de helado de turrón PRODUCTO ALCAMPO 850 ml.","price":"2,72 €","offer_price":0,"offer_type":null,"stock":false,"super":"alcampo"},{"img":"https://www.alcampo.es/media/hfd/h34/10470240813086.jpg","name":"Tarrina de helado de sorbete de mandarina, elaborado sin lactosa LA LECHERA 1 l.","price":"2,58 €","offer_price":0,"offer_type":null,"stock":false,"super":"alcampo"},{"img":"https://www.alcampo.es/media/h41/hc4/8959970836510.jpg","name":"Mini helados de nata recubierto de chocolate MAGNUM After dinner de Frigo 1 x 35 ml.","price":"4,44 €","offer_price":0,"offer_type":null,"stock":false,"super":"alcampo"},{"img":"https://www.alcampo.es/media/h44/h8e/10420586119198.jpg","name":"Bombón de nata recubierto de chocolate sin lactosa sin gluten y sin azúcares añadidos ROYNE Special line 4 x 110 ml.","price":"2,74 €","offer_price":0,"offer_type":null,"stock":false,"super":"alcampo"},{"img":"https://www.alcampo.es/media/h94/hda/8932338139166.jpg","name":"Cono de helado de nata y trufa PRODUCTO ALCAMPO 6 x 120 ml.","price":"1,47 €","offer_price":0,"offer_type":null,"stock":false,"super":"alcampo"},{"img":"https://www.alcampo.es/media/hdf/h9d/9539644129310.jpg","name":"Tarrina de helado de yogur con frutos rojos PRODUCTO ALCAMPO 850 ml.","price":"2,21 €","offer_price":0,"offer_type":null,"stock":false,"super":"alcampo"},{"img":"https://www.alcampo.es/media/h96/h8e/10459843723294.jpg","name":"Conos de helado de vainilla con caramelo de mantequilla salada PRODUCTO ALCAMPO 6 x 120 ml.","price":"1,54 €","offer_price":0,"offer_type":null,"stock":false,"super":"alcampo"},{"img":"https://www.alcampo.es/media/h4d/h48/9220419878942.jpg","name":"Mini bombón helado con dos capas de chocolate cubiertas de chocolate MAGNUM Mini double chocolate 6 x 60 ml.","price":"4,44 €","offer_price":0,"offer_type":null,"stock":false,"super":"alcampo"},{"img":"https://www.alcampo.es/media/h89/heb/8902272745502.jpg","name":"Helado de vainilla con una fina capa de caramelo o chocolate recubierto de chocolate con leche MAGNUM mini doble de Frigo 6 uds de 60 ml.","price":"2,81 €","offer_price":0,"offer_type":null,"stock":false,"super":"alcampo"},{"img":"https://www.alcampo.es/media/h7b/h98/10494873272350.jpg","name":"Bombones de helado de vainilla recubierto de chocolate, chocolate almendrado y chocolate blanco MAGNUN Bombonera 12 uds.","price":"2,98 €","offer_price":0,"offer_type":null,"stock":false,"super":"alcampo"},{"img":"https://www.alcampo.es/media/h32/h89/9346852749342.jpg","name":"Tarrina de helado de caramelo con un toque de sal HÄAGEN-DAZS 460 ml.","price":"5,91 €","offer_price":0,"offer_type":null,"stock":false,"super":"alcampo"},{"img":"https://www.alcampo.es/media/h03/h2d/10364192456734.jpg","name":"Coco relleno de delicioso helado con sabor a coco NORDWIK 2 x 150 ml.","price":"3,30 €","offer_price":0,"offer_type":null,"stock":false,"super":"alcampo"},{"img":"https://www.alcampo.es/media/hca/hb4/10865326227486.jpg","name":"Bombon helado de chocolate con salsa de chocolate, recubierto de chocolate PRODUCTO ALCAMPO Doble 4 x 100 ml.","price":"1,99 €","offer_price":0,"offer_type":null,"stock":false,"super":"alcampo"},{"img":"https://www.alcampo.es/media/h7b/h57/9352929706014.jpg","name":"Cono de helado de vainilla y chocolate PRODUCTO ALCAMPO 6 x 120 ml.","price":"1,49 €","offer_price":0,"offer_type":null,"stock":false,"super":"alcampo"},{"img":"https://www.alcampo.es/media/ha4/h31/10712246485022.jpg","name":"Conos de helado de leche, con trocitos de avellana CORNETTO de Frigo 6 x 90 ml.","price":"3,75 €","offer_price":0,"offer_type":null,"stock":false,"super":"alcampo"},{"img":"https://www.alcampo.es/media/h3c/h31/10418344787998.jpg","name":"Bombon de helado de vainilla con salsa de caramelo, recubierto de chocolate con leche PRODUCTO ALCAMPO Doble 4 x 100 ml.","price":"1,99 €","offer_price":0,"offer_type":null,"stock":false,"super":"alcampo"},{"img":"https://www.alcampo.es/media/h9e/h45/9853082501150.jpg","name":"Mini conos de helado de vainilla (4) y chocolate (4) con sirope y trocitos de almendrasEXTRÉME de Nestlé 8 x 60 ml.","price":"3,61 €","offer_price":0,"offer_type":null,"stock":false,"super":"alcampo"},{"img":"https://www.alcampo.es/media/h4b/hb4/8995886563358.jpg","name":"Tarrina de helado de chocolate PRODUCTO ECONÓMICO ALCAMPO 1 l.","price":"1,24 €","offer_price":0,"offer_type":null,"stock":false,"super":"alcampo"},{"img":"https://www.alcampo.es/media/h4f/h14/10911315361822.jpg","name":"Tarrina de helado de chocolate con trocitos de brownie y salsa de chocolate CARTE D'OR Les Desserts de Frigo 900 ml.","price":"3,98 €","offer_price":0,"offer_type":null,"stock":false,"super":"alcampo"},{"img":"https://www.alcampo.es/media/h40/hbe/9659276623902.jpg","name":"Tarrina de helado blanco con crema de cacao LA IBENSE 1892 570 g","price":"3,19 €","offer_price":0,"offer_type":null,"stock":false,"super":"alcampo"},{"img":"https://www.alcampo.es/media/h47/h90/8890234699806.jpg","name":"Mini bombón con helado de vainilla con coberturas surtidas PRODUCTO ECONÓMICO ALCAMPO 8 x 45 ml.","price":"1,50 €","offer_price":0,"offer_type":null,"stock":false,"super":"alcampo"},{"img":"https://www.alcampo.es/media/ha3/h73/10231499948062.jpg","name":"Helado bombón almendrado con heado de vainilla, sin gluten ni azucares añadidos PRODUCTO ALCAMPO 3 x 110 ml.","price":"1,95 €","offer_price":0,"offer_type":null,"stock":false,"super":"alcampo"},{"img":"https://www.alcampo.es/media/h51/hd9/10911570460702.jpg","name":"Tarrina de helado de stracciatella, con salsa y trocitos de chocolate CARTE D'OR Les desserts de Frigo 900 ml.","price":"3,98 €","offer_price":0,"offer_type":null,"stock":false,"super":"alcampo"},{"img":"https://www.alcampo.es/media/hfe/h6d/10819350593566.jpg","name":"Bombón helado con sabor a limón con salsa de limón, recubierto de chocolate blanco con trozos de galleta PRODUCTO ALCAMPO 4 x 100 ml.","price":"1,99 €","offer_price":0,"offer_type":null,"stock":false,"super":"alcampo"},{"img":"https://www.alcampo.es/media/he6/h7d/10898459033630.jpg","name":"Bombón helado de vainilla recubierto de chocolate con leche PRODUCTO ALCAMPO 4 x 120 ml.","price":"1,59 €","offer_price":0,"offer_type":null,"stock":false,"super":"alcampo"},{"img":"https://www.alcampo.es/media/h3f/he1/9595659157534.jpg","name":"Tarrina de helado de yogur con fresas ALCAMPO GOURMET 500 ml.","price":"1,99 €","offer_price":0,"offer_type":null,"stock":false,"super":"alcampo"},{"img":"https://www.alcampo.es/media/hf3/ha4/10712264933406.jpg","name":"Tarrina de helado de chocolate con salsa de chocolate y capa y laminas crujientes de chocolate con leche MAGNUM Double deluxe 440 ml.","price":"5,46 €","offer_price":0,"offer_type":null,"stock":false,"super":"alcampo"},{"img":"https://www.alcampo.es/media/hb8/h0f/10470232588318.jpg","name":"Bombón helado de chocolate relleno de galleta OREO 4 x 110 ml.","price":"3,01 €","offer_price":0,"offer_type":null,"stock":false,"super":"alcampo"},{"img":"https://www.alcampo.es/media/hea/h6a/8987390115870.jpg","name":"Mini bombón helado relleno de chocolate (70% cacao) y recubierto de chocolate crujiente MAGNUM de Frigo 6 x 60 ml.","price":"4,68 €","offer_price":0,"offer_type":null,"stock":false,"super":"alcampo"},{"img":"https://www.alcampo.es/media/hdb/h19/9346892005406.jpg","name":"Tarrina de helado de mango con salsa de frambuesa HÄAGEN-DAZS 460 ml.","price":"5,91 €","offer_price":0,"offer_type":null,"stock":false,"super":"alcampo"},{"img":"https://www.alcampo.es/media/hd7/h07/10712259362846.jpg","name":"Bombón de helado de nata recubierto de chocolate negro de MAGNUM de Frigo 3 x 100 ml.","price":"3,09 €","offer_price":0,"offer_type":null,"stock":false,"super":"alcampo"},{"img":"https://www.alcampo.es/media/h23/hf4/9282958196766.gif","name":"Sándwich de helado de doble caramelo HÄAGEN DAZS Cream&amp;Crips 3 x 90 ml.","price":"5,73 €","offer_price":0,"offer_type":null,"stock":false,"super":"alcampo"},{"img":"https://www.alcampo.es/media/hdd/h45/9346897674270.jpg","name":"Tarrina de helado de fresa con trocitos de fresa HÄAGEN-DAZS 460 ml.","price":"5,59 €","offer_price":0,"offer_type":null,"stock":false,"super":"alcampo"},{"img":"https://www.alcampo.es/media/h3a/h77/9539614933022.jpg","name":"Bombón almendrado con helado de vainilla PRODUCTO ECONÓMICO ALCAMPO 10 x 100 ml.","price":"2,17 €","offer_price":0,"offer_type":null,"stock":false,"super":"alcampo"},{"img":"https://www.alcampo.es/media/hc6/he5/10819233939486.jpg","name":"Conos de helado sabor a vainilla con trocitos de almendras, sin azucares añadidos PRODUCTO ALCAMPO 4 x 120 ml.","price":"2,29 €","offer_price":0,"offer_type":null,"stock":false,"super":"alcampo"},{"img":"https://www.alcampo.es/media/hf2/h5e/9566324162590.gif","name":"Cono de helado de vainilla, chocolate y un barrita de Kit kat en el centro KIT KAT de Nestlé 4 x 100 ml.","price":"3,65 €","offer_price":0,"offer_type":null,"stock":false,"super":"alcampo"},{"img":"https://www.alcampo.es/media/h58/hef/9346899410974.jpg","name":"Helado de vainilla con caramelo y trocitos de brownie HÄAGEN-DAZS 460 ml.","price":"5,91 €","offer_price":0,"offer_type":null,"stock":false,"super":"alcampo"},{"img":"https://www.alcampo.es/media/h9b/hda/9853148790814.jpg","name":"Cono de helado de vainilla y chocolate con trocitos de almendras EXTRÉME de Nestlé 6 x 70 g.","price":"3,59 €","offer_price":0,"offer_type":null,"stock":false,"super":"alcampo"},{"img":"https://www.alcampo.es/media/h2e/h02/9605359763486.jpg","name":"Bombón helado de chocolate con miel y trozos de toblerone TOBLERONE 4 x 100 ml.","price":"3,01 €","offer_price":0,"offer_type":null,"stock":false,"super":"alcampo"},{"img":"https://www.alcampo.es/media/hdf/h16/10445184892958.jpg","name":" Mini sandwiches de vainilla con trocitos de cookies MAXIBON de Nestlé 6 x 85 ml.","price":"3,57 €","offer_price":0,"offer_type":null,"stock":false,"super":"alcampo"},{"img":"https://www.alcampo.es/media/h78/h32/9346877063198.jpg","name":"Tarrina de helado crema con sabor a vainilla HÄAGEN-DAZS 460 ml.","price":"5,91 €","offer_price":0,"offer_type":null,"stock":false,"super":"alcampo"},{"img":"https://www.alcampo.es/media/h7e/he6/9182398283806.jpg","name":"Conos de helado de chocolate, con trocitos de chocolate blanco CORNETTO de Frigo 6 x 90 ml.","price":"3,58 €","offer_price":0,"offer_type":null,"stock":false,"super":"alcampo"},{"img":"https://www.alcampo.es/media/h2c/hf9/10911345836062.jpg","name":"Tarrina de helado de yogur y frutas del bosque CARTE D'OR Les desserts de Frigo 900 ml.","price":"3,98 €","offer_price":0,"offer_type":null,"stock":false,"super":"alcampo"},{"img":"https://www.alcampo.es/media/h64/he0/10444814254110.jpg","name":"Helado de chocolate con una capa de chocolate recubierto de chocolate con leche MAGNUM Double 3 x 88 ml.","price":"3,50 €","offer_price":0,"offer_type":null,"stock":false,"super":"alcampo"},{"img":"https://www.alcampo.es/media/h95/had/9374589845534.jpg","name":"Bloque de helado con sabor a nata y fresa PRODUCTO ALCAMPO 1 l.","price":"0,94 €","offer_price":0,"offer_type":null,"stock":false,"super":"alcampo"},{"img":"https://www.alcampo.es/media/haf/hb1/10364212019230.jpg","name":"Limón relleno de delicioso helado con sabor a limón NORDWIK 2 x 140 ml.","price":"3,30 €","offer_price":0,"offer_type":null,"stock":false,"super":"alcampo"},{"img":"https://www.alcampo.es/media/h32/h8a/8952473944094.jpg","name":"Bombón helado de vainilla recubierto de chocolate blanco MAGNUM Mini de Frigo 6 x 55 ml.","price":"3,84 €","offer_price":0,"offer_type":null,"stock":false,"super":"alcampo"},{"img":"https://www.alcampo.es/media/h40/hba/10445124993054.jpg","name":"Sandwiches de chocolate negro con trocitos de cookies MAXIBON de Nestlé 4 x 150 ml.","price":"3,71 €","offer_price":0,"offer_type":null,"stock":false,"super":"alcampo"},{"img":"https://www.alcampo.es/media/h69/h7e/10102138011678.jpg","name":"Conos de helado con sabor a limón con salsa de sabores cítricos SOMOSIERRA 4 x 120 ml.","price":"2,49 €","offer_price":0,"offer_type":null,"stock":false,"super":"alcampo"},{"img":"https://www.alcampo.es/media/h17/h96/10034477269022.jpg","name":"Bombón helado de chocolate blanco, recubierto con chocolate rosa MAGNUM Collection ruby 3 x 90 ml.","price":"3,05 €","offer_price":0,"offer_type":null,"stock":false,"super":"alcampo"},{"img":"https://www.alcampo.es/media/h21/h23/10911527108638.jpg","name":"Bombón de helado crema queso Mascarpone con salsa de arándanos de las montañas Escandinavas y chocolate blanco NUII 3 x 90 ml.","price":"2,99 €","offer_price":0,"offer_type":null,"stock":false,"super":"alcampo"},{"img":"https://www.alcampo.es/media/hbd/h9b/8921486622750.jpg","name":"Tarrina de helado de vainilla y fresa o vainilla y chocolate RIK &amp; ROK 12 x 60 ml.","price":"2,44 €","offer_price":0,"offer_type":null,"stock":false,"super":"alcampo"},{"img":"https://www.alcampo.es/media/he6/h78/10231423991838.jpg","name":"Sandwich relleno de helado de nata, sin azucares añadidos PRODUCTO ALCAMPO 6 X 100 ml.","price":"2,57 €","offer_price":0,"offer_type":null,"stock":false,"super":"alcampo"},{"img":"https://www.alcampo.es/media/hd2/h5c/9503753273374.jpg","name":"Tarrina de soja vegetal y vainilla de Madagascar, sin edulcorantes ALRPO 500 ml.","price":"5,41 €","offer_price":0,"offer_type":null,"stock":false,"super":"alcampo"},{"img":"https://www.alcampo.es/media/h23/ha2/10911515050014.jpg","name":"Bombón almendrado con vainilla de Java NUII 3 x 90 ml.","price":"2,99 €","offer_price":0,"offer_type":null,"stock":false,"super":"alcampo"},{"img":"https://www.alcampo.es/media/hba/h7f/9660219359262.jpg","name":"Helado de vainilla recubierto de chocolate con almendras MAGNUM de Frigo 6 x 100 ml.","price":"5,29 €","offer_price":0,"offer_type":null,"stock":false,"super":"alcampo"},{"img":"https://www.alcampo.es/media/h6a/had/9601277624350.jpg","name":"Tarrina de helado de crema de cacahuete con trocitos de cacahuete BEN &amp; JERRY'S 500 ml.","price":"4,99 €","offer_price":0,"offer_type":null,"stock":false,"super":"alcampo"},{"img":"https://www.alcampo.es/media/h60/h5c/10364095004702.jpg","name":"Naranja rellena de delicioso helado con sabor a naranja NORDWIK 2 x 140 ml.","price":"3,30 €","offer_price":0,"offer_type":null,"stock":false,"super":"alcampo"},{"img":"https://www.alcampo.es/media/hb0/hbe/10261105377310.jpg","name":"Castañas heladas rellenas de helado con sabor a nata PRODUCTO ALCAMPO 4 uds.","price":"1,64 €","offer_price":0,"offer_type":null,"stock":false,"super":"alcampo"},{"img":"https://www.alcampo.es/media/h6c/h08/9853080928286.jpg","name":"Mini bombón caramelo salado con macadamia australiana (2), vainilla de Java con chocolate blanco (2) y chocolate negro con arándanos nórdicos (2) NUII 6 x 55 ml.","price":"3,80 €","offer_price":0,"offer_type":null,"stock":false,"super":"alcampo"},{"img":"https://www.alcampo.es/media/h88/h32/9659259519006.jpg","name":"Tarrina de helado de chocolate blanco con crema y bolitas de chocolate LA IBENSE 1892 600 g.","price":"3,19 €","offer_price":0,"offer_type":null,"stock":false,"super":"alcampo"},{"img":"https://www.alcampo.es/media/he4/h51/10712364220446.jpg","name":"Tarrina de helado de tarta de queso con fresa con trocitos de cookies BEN&amp; ERRY'S 465 ml.","price":"4,99 €","offer_price":0,"offer_type":null,"stock":false,"super":"alcampo"},{"img":"https://www.alcampo.es/media/hcc/h61/9374582571038.jpg","name":"Bloque de helado de turrón con trocitos de almendra caramelizada PRODUCTO ALCAMPO 1 l.","price":"1,98 €","offer_price":0,"offer_type":null,"stock":false,"super":"alcampo"},{"img":"https://www.alcampo.es/media/ha3/h71/9545950298142.jpg","name":"Polo de sorbete con horchata de chufa de valencia LA HORCHATERIA DE PANACH 6 x 70 ml.","price":"1,79 €","offer_price":0,"offer_type":null,"stock":false,"super":"alcampo"},{"img":"https://www.alcampo.es/media/h5e/h66/10777779568670.jpg","name":"Tarrina de helado de sorbete de limón CARTE D'OR de Frigo 1.5 l.","price":"3,85 €","offer_price":0,"offer_type":null,"stock":false,"super":"alcampo"},{"img":"https://www.alcampo.es/media/h31/hdd/10420604141598.jpg","name":"Bombón helado de galleta caramelizada con crema de untar Lotus, trocitos de galleta y bañado en chocolate con leche LOTUS Biscoff 3 x 90 ml.","price":"3,22 €","offer_price":0,"offer_type":null,"stock":false,"super":"alcampo"},{"img":"https://www.alcampo.es/media/h04/h88/9853975658526.jpg","name":"Mini conos de vainilla con chocolate y sin azúcares añadidos NESTLÉ 8 x 60 ml.","price":"4,65 €","offer_price":0,"offer_type":null,"stock":false,"super":"alcampo"},{"img":"https://www.alcampo.es/media/h83/h44/9853074505758.jpg","name":"Tarrina de helado de fresas con nata, elaborado con nata fresca LA LECHERA de Nestlé 900 ml.","price":"3,61 €","offer_price":0,"offer_type":null,"stock":false,"super":"alcampo"},{"img":"https://www.alcampo.es/media/h00/h7c/10034803605534.jpg","name":"Mini bombón helado de chocolate blanco, recubierto con chocolate rosa MAGNUM Collection ruby 6 x 55 ml.","price":"4,43 €","offer_price":0,"offer_type":null,"stock":false,"super":"alcampo"},{"img":"https://www.alcampo.es/media/h2a/hc2/9221355962398.jpg","name":"Tarrina de helado de crema crujiente de cacahuete HÄAGEN-DAZS 400 g.","price":"5,91 €","offer_price":0,"offer_type":null,"stock":false,"super":"alcampo"},{"img":"https://www.alcampo.es/media/hf5/h18/10875189821470.jpg","name":"Caja con 3 tipos de helados diferentes, todos ellos sin azucares añadidos PRODUCTO ALCAMPO 6 uds.","price":"2,99 €","offer_price":0,"offer_type":null,"stock":false,"super":"alcampo"},{"img":"https://www.alcampo.es/media/hb2/h09/8977017634846.jpg","name":"Bombón almendrado de soja sabor vainilla recubierto de chocolate y sin lactosa ROYNE Special line 6 x 100 ml.","price":"2,70 €","offer_price":0,"offer_type":null,"stock":false,"super":"alcampo"},{"img":"https://www.alcampo.es/media/h1b/hf4/10470156599326.jpg","name":"Tarrina de helado de sorbete de limón, sin lactosa LA LECHERA 1 l.","price":"2,58 €","offer_price":0,"offer_type":null,"stock":false,"super":"alcampo"},{"img":"https://www.alcampo.es/media/h1e/h84/10348247154718.jpg","name":"Tarrina de helado de leche merengada (leche, limón y canela) LA IBENSE 1892 1 l.","price":"3,71 €","offer_price":0,"offer_type":null,"stock":false,"super":"alcampo"},{"img":"https://www.alcampo.es/media/h57/ha4/10344889876510.jpg","name":"Tarrina de helado de menta con laminas de Stracciatella LA IBENSE 1892 1 l.","price":"3,19 €","offer_price":0,"offer_type":null,"stock":false,"super":"alcampo"},{"img":"https://www.alcampo.es/media/hed/h2c/10379690213406.jpg","name":"Tarrina de helado de plátano flambeado con un toque de ron, stracciatella y dulce de leche LA IBENSE 1892 1 l.","price":"3,70 €","offer_price":0,"offer_type":null,"stock":false,"super":"alcampo"},{"img":"https://www.alcampo.es/media/ha6/hd8/8977005445150.jpg","name":"Tarrina de helado de turrón sin gluten y sin azúcares añadidos NORDWICK 1 l.","price":"2,99 €","offer_price":0,"offer_type":null,"stock":false,"super":"alcampo"},{"img":"https://www.alcampo.es/media/h31/h9e/9236463353886.jpg","name":"Mini conos clásicos (2), caramelo (2) y chocolate (2) CORNETTO de Frigo 6 x 60 ml.","price":"3,43 €","offer_price":0,"offer_type":null,"stock":false,"super":"alcampo"},{"img":"https://www.alcampo.es/media/h6f/haa/9853076176926.jpg","name":"Tarrina de helado de vainilla con trocitos de brownie LA LECHERA de Nestlé 900 ml.","price":"3,64 €","offer_price":0,"offer_type":null,"stock":false,"super":"alcampo"},{"img":"https://www.alcampo.es/media/haa/h98/9853145284638.jpg","name":"Mini bombón de vainilla recubierto de chocolate con almendras y sin azúcares añadidos NESTLÉ 6 x 40 ml.","price":"3,81 €","offer_price":0,"offer_type":null,"stock":false,"super":"alcampo"},{"img":"https://www.alcampo.es/media/h3e/h99/10344884469790.jpg","name":"Tarrina de helado de vainilla con trocitos de masa de galletas y pepitas de chocolate HÄAGEN-DAZS 460 ml.","price":"5,91 €","offer_price":0,"offer_type":null,"stock":false,"super":"alcampo"},{"img":"https://www.alcampo.es/media/h93/hd9/9374588076062.jpg","name":"Bloque de helado con sabor a vainilla PRODUCTO ALCAMPO 1 l.","price":"1,35 €","offer_price":0,"offer_type":null,"stock":false,"super":"alcampo"},{"img":"https://www.alcampo.es/media/h89/hc3/9853135159326.jpg","name":"Cono de helado de chocolate blanco, con leche y negro, con virutas de chocolate blanco EXTRÉME de Nestlé 6 x 120 ml.","price":"3,54 €","offer_price":0,"offer_type":null,"stock":false,"super":"alcampo"},{"img":"https://www.alcampo.es/media/h95/hb6/9459093307422.jpg","name":"Cono de vainilla y chocolate, sin lactosa LA MENORQUINA Adiction 4 X 120 ml.","price":"3,39 €","offer_price":0,"offer_type":null,"stock":false,"super":"alcampo"},{"img":"https://www.alcampo.es/media/h1f/hc1/10420628717598.jpg","name":"Tarrina de helado de galleta caramelizada Lotus con trocitos de galleta LOTUS Biscoff Original 460 ml.","price":"4,42 €","offer_price":0,"offer_type":null,"stock":false,"super":"alcampo"},{"img":"https://www.alcampo.es/media/h42/h16/9990323437598.jpg","name":"Tarrina de helado de pistacho, elaborado sin gluten FRUITALL 300 ml.","price":"3,75 €","offer_price":0,"offer_type":null,"stock":false,"super":"alcampo"},{"img":"https://www.alcampo.es/media/h4c/hef/9659198537758.jpg","name":"Tarrina de helado con sabor a golosinas de plátano, naranja y sandía LA IBENSE 1892 Unicornio 570 g.","price":"3,70 €","offer_price":0,"offer_type":null,"stock":false,"super":"alcampo"},{"img":"https://www.alcampo.es/media/hf9/h47/9459096125470.jpg","name":"Cono de helado de 3 chocolates sin azúcares añadidos LA MENORQUINA 4 x 120 ml.","price":"3,39 €","offer_price":0,"offer_type":null,"stock":false,"super":"alcampo"},{"img":"https://www.alcampo.es/media/hc4/h31/10420615675934.jpg","name":"Mini bombón de helado de nata con chocolate crujiente (65% cacao) y almendras MAGNUM Collection frac almond 6 x 55 ml.","price":"4,39 €","offer_price":0,"offer_type":null,"stock":false,"super":"alcampo"},{"img":"https://www.alcampo.es/media/h99/h36/9253582766110.jpg","name":"Granizado de limón sin gluten MERCADER 4 x 200 ml.","price":"2,25 €","offer_price":0,"offer_type":null,"stock":false,"super":"alcampo"},{"img":"https://www.alcampo.es/media/h69/h31/9660259139614.jpg","name":"Helado de vainilla recubierto de chocolate con leche de MAGNUM Classic de Frigo 6 x 110 ml.","price":"5,29 €","offer_price":0,"offer_type":null,"stock":false,"super":"alcampo"},{"img":"https://www.alcampo.es/media/h76/h83/9253620940830.jpg","name":"Horchata natural granizada MERCADER 4 x 200 ml.","price":"2,25 €","offer_price":0,"offer_type":null,"stock":false,"super":"alcampo"},{"img":"https://www.alcampo.es/media/h1a/h72/10032044507166.jpg","name":"Bombón helado de vainilla recubierto de chocolate con leche MAGNUM de Frigo 3 x 110 ml.","price":"3,03 €","offer_price":0,"offer_type":null,"stock":false,"super":"alcampo"},{"img":"https://www.alcampo.es/media/hc3/hd2/9861316280350.jpg","name":"Tarrina de helado de sorbete de frambuesa HÄAGEN-DAZS Fruit obsessions 460 ml.","price":"5,91 €","offer_price":0,"offer_type":null,"stock":false,"super":"alcampo"},{"img":"https://www.alcampo.es/media/h05/h26/9778559615006.jpg","name":"Tarrina de helado con cobertura crujiente, relleno de nata y tocitos de PANTERA ROSA 500 ml.","price":"5,22 €","offer_price":0,"offer_type":null,"stock":false,"super":"alcampo"},{"img":"https://www.alcampo.es/media/h4d/h80/9220389142558.jpg","name":"Mini bombón helado con dos capas de caramelo cubiertas de chocolate MAGNUM Mini double caramel 6 x 60 ml.","price":"4,68 €","offer_price":0,"offer_type":null,"stock":false,"super":"alcampo"},{"img":"https://www.alcampo.es/media/h35/hb2/9480356102174.jpg","name":"Mini tarrinas de helado de vainilla con caramelo, cookies, o nueces de Macadamia HÄGEN-DAZS Collection 4 x 100 ml.","price":"5,50 €","offer_price":0,"offer_type":null,"stock":false,"super":"alcampo"},{"img":"https://www.alcampo.es/media/h6a/hdc/10470220333086.jpg","name":"Cono con barquillo de chocolate y helado de nata con trocitos de galleta OREO 4 x 110 ml.","price":"3,01 €","offer_price":0,"offer_type":null,"stock":false,"super":"alcampo"},{"img":"https://www.alcampo.es/media/h26/hce/8960027197470.jpg","name":"Galletas cucuruchos artesanos para helados RUME 140 gr pack de 6 uds","price":"2,09 €","offer_price":0,"offer_type":null,"stock":false,"super":"alcampo"},{"img":"https://www.alcampo.es/media/h46/h40/9507489906718.jpg","name":"Polos ecológicos naturales de mango PALETTAS 6 x 55 ml.","price":"3,75 €","offer_price":0,"offer_type":null,"stock":false,"super":"alcampo"},{"img":"https://www.alcampo.es/media/h35/h16/10397051846686.jpg","name":"Tarrina de sorbete con trocitos de limón PRODUCTO ECONÓMICO ALCAMPO 2.5 l.","price":"3,29 €","offer_price":0,"offer_type":null,"stock":false,"super":"alcampo"},{"img":"https://www.alcampo.es/media/hea/h0b/10774956638238.jpg","name":"Tarrina de sorbete de limón, elaborado son limones de Sicilia CARTE D´OR 1 l","price":"2,96 €","offer_price":0,"offer_type":null,"stock":false,"super":"alcampo"},{"img":"https://www.alcampo.es/media/h7c/h03/8980742144030.jpg","name":"Bombón helado de chocolate con leche, relleno de chocolate 70% cacao MAGNUM Intense dark 3 x 100 ml.","price":"3,50 €","offer_price":0,"offer_type":null,"stock":false,"super":"alcampo"},{"img":"https://www.alcampo.es/media/h0f/ha1/9861327323166.jpg","name":"Tarrina de helado de sorbete de mango HÄAGEN-DAZS Fruit obsessions 460 ml.","price":"5,91 €","offer_price":0,"offer_type":null,"stock":false,"super":"alcampo"},{"img":"https://www.alcampo.es/media/hf5/h28/10444957319198.jpg","name":"Tarrina de helado de vainilla con láminas de chocolate blanco MAGNUM 440 ml.","price":"5,46 €","offer_price":0,"offer_type":null,"stock":false,"super":"alcampo"},{"img":"https://www.alcampo.es/media/h00/h9a/10420585627678.jpg","name":"Tarrina de helado de leche merengada SOMOSIERRA 1 l.","price":"2,75 €","offer_price":0,"offer_type":null,"stock":false,"super":"alcampo"},{"img":"https://www.alcampo.es/media/hf4/h5c/10445198589982.jpg","name":"Tarrina de helado crema de nata con salsa de galleta al cacao, virutas de chocolate blanco y trozos de galleta MAGNUN 440 ml.","price":"5,42 €","offer_price":0,"offer_type":null,"stock":false,"super":"alcampo"},{"img":"https://www.alcampo.es/media/hfe/h90/9853067722782.jpg","name":"Tarrina de helado de créme brûlée, elaborado con nata fresca LA LECHERA de Nestlé 900 ml.","price":"3,61 €","offer_price":0,"offer_type":null,"stock":false,"super":"alcampo"},{"img":"https://www.alcampo.es/media/h63/ha6/10420589002782.jpg","name":"Tarrina de helado de galleta caramelizada Lotus con caramelo salado y trocitos de galletas LOTUS Biscoff 460 ml.","price":"5,16 €","offer_price":0,"offer_type":null,"stock":false,"super":"alcampo"},{"img":"https://www.alcampo.es/media/h6d/hb3/10444869206046.jpg","name":"Tarrina de helado de vainilla, trocitos de almendras y láminas de chocolate con leche MAGNUM 440 ml.","price":"5,46 €","offer_price":0,"offer_type":null,"stock":false,"super":"alcampo"},{"img":"https://www.alcampo.es/media/hea/h3a/8960033095710.jpg","name":"Galletas cubanitos de barquillo RUME 120 gr pack de 25 uds","price":"1,31 €","offer_price":0,"offer_type":null,"stock":false,"super":"alcampo"},{"img":"https://www.alcampo.es/media/h58/h93/8959931908126.jpg","name":"Bombón helados de vainilla con coberturas surtidas MAGNUM Manía de Frigo 8 x 110 ml.","price":"6,74 €","offer_price":0,"offer_type":null,"stock":false,"super":"alcampo"},{"img":"https://www.alcampo.es/media/hb3/h0e/9770126508062.jpg","name":"Mini bombón almendrado de vainilla de Java, recubierta de chocolate con leche (3) o chocolate blanco (3) NUII 6 x 55 ml.","price":"3,77 €","offer_price":0,"offer_type":null,"stock":false,"super":"alcampo"},{"img":"https://www.alcampo.es/media/hbc/he9/9853079683102.jpg","name":"Tarrina de helado de chocoalte con un 70% de cacao LA LECHERA de Nestlé 900 ml.","price":"3,52 €","offer_price":0,"offer_type":null,"stock":false,"super":"alcampo"},{"img":"https://www.alcampo.es/media/h45/hba/9778564530206.jpg","name":"Tarrina de helado de albaricoque con crema de nata, virutas de cacao y torcitos de TIGRETÓN 500 ml.","price":"5,17 €","offer_price":0,"offer_type":null,"stock":false,"super":"alcampo"},{"img":"https://www.alcampo.es/media/h2e/h27/9861341315102.jpg","name":"Tarrina de helado de jugoso melocotón blanco y frambuesa HÄAGEN-DAZS 460 ml.","price":"5,41 €","offer_price":0,"offer_type":null,"stock":false,"super":"alcampo"},{"img":"https://www.alcampo.es/media/ha7/h87/10444957122590.jpg","name":"Tarrina de helado de vainilla con láminas de chocolate con leche MAGNUM 440 ml.","price":"5,46 €","offer_price":0,"offer_type":null,"stock":false,"super":"alcampo"},{"img":"https://www.alcampo.es/media/hae/h58/9567801442334.jpg","name":"Helado de caramelo envuelto en una capa de chocolate ,con trozos de nueces MAGNUN Caramel &amp; nuts.","price":"1,49 €","offer_price":0,"offer_type":null,"stock":false,"super":"alcampo"},{"img":"https://www.alcampo.es/media/hdd/h0a/10506640883742.jpg","name":"Helado de chocolate y biscuit envuelto con crocant de almendra y base de chocolate LA MENORQUINA 4 x 130 ml.","price":"5,75 €","offer_price":0,"offer_type":null,"stock":false,"super":"alcampo"},{"img":"https://www.alcampo.es/media/h4e/h88/9778571640862.jpg","name":"Tarrina de helado de cacao crujiente relleno de crema de fresa, virutas de cacao y trocitos de BONY 500 ml.","price":"2,94 €","offer_price":0,"offer_type":null,"stock":false,"super":"alcampo"},{"img":"https://www.alcampo.es/media/h30/h74/10445188399134.jpg","name":"Helado de nata recubierto de chocolate, salsa de fresa y chocolate con leche MAGNUN 3 x 88 ml.","price":"3,50 €","offer_price":0,"offer_type":null,"stock":false,"super":"alcampo"},{"img":"https://www.alcampo.es/media/h05/h08/10551706353694.jpg","name":"Sorbete de limón al cava en simpáticas copas LA IBENSE 1892 6 x 100 ml.","price":"3,95 €","offer_price":0,"offer_type":null,"stock":false,"super":"alcampo"},{"img":"https://www.alcampo.es/media/hd0/hda/9503746326558.jpg","name":"Tarrina de helado de almendra con caramelo salado ALPRO 500 ml.","price":"5,36 €","offer_price":0,"offer_type":null,"stock":false,"super":"alcampo"},{"img":"https://www.alcampo.es/media/h34/h18/9520571285534.gif","name":"Tarrina de helado cremoso, sin gluten, con sabor a draculín (Vainilla, fresa y cola) LA IBENSE 1892 1l.","price":"3,20 €","offer_price":0,"offer_type":null,"stock":false,"super":"alcampo"},{"img":"https://www.alcampo.es/media/hc5/h94/8960008847390.jpg","name":"Vasitos de barquillo de chocolate para helados RUME 55 gr pack de 10 uds","price":"2,50 €","offer_price":0,"offer_type":null,"stock":false,"super":"alcampo"},{"img":"https://www.alcampo.es/media/h5a/h69/10898441469982.jpg","name":"Polo con sabor a fresa y nata con trocitos de chupa chups LA MENORQUINA 4 x 90 ml.","price":"3,34 €","offer_price":0,"offer_type":null,"stock":false,"super":"alcampo"},{"img":"https://www.alcampo.es/media/h8b/h82/10884848746526.jpg","name":"Mini bombones rellenos de helado de vainilla y recubiertos de chocolate MAXIBON Pops 250 ml.","price":"5,17 €","offer_price":0,"offer_type":null,"stock":false,"super":"alcampo"},{"img":"https://www.alcampo.es/media/hab/hd1/8960022446110.jpg","name":"Cucurucho de barquillo para helados RUME 15 uds.","price":"1,99 €","offer_price":0,"offer_type":null,"stock":false,"super":"alcampo"},{"img":"https://www.alcampo.es/media/ha6/h17/9778645827614.jpg","name":"Tarrina de helado cacao relleno y con trocitos de auténtico BOLLYCAO 500 ml.","price":"5,08 €","offer_price":0,"offer_type":null,"stock":false,"super":"alcampo"},{"img":"https://www.alcampo.es/media/h44/h2a/9861300912158.jpg","name":"Tarrina de helado de limón picante y mandarina HÄAGEN-DAZS 460 ml.","price":"5,91 €","offer_price":0,"offer_type":null,"stock":false,"super":"alcampo"},{"img":"https://www.alcampo.es/media/hdd/h89/9861340332062.jpg","name":"Mini tarrinas de helado de limón picante con mandarina (2) y melocotón blanco con frambuesa HÄAGEN-DAZS Sunshine fruit collection 4 x 95 ml. ","price":"5,52 €","offer_price":0,"offer_type":null,"stock":false,"super":"alcampo"},{"img":"https://www.alcampo.es/media/h7a/hfc/10911425888286.jpg","name":"Bombón almendrado de nata recubierto de chocolate negro y almendras de California NUII 3 x 90 ml.","price":"2,99 €","offer_price":0,"offer_type":null,"stock":false,"super":"alcampo"},{"img":"https://www.alcampo.es/media/h28/hea/10891925192734.jpg","name":"Tarrina de helado sabor Nocilla, con bolitas de galleta cubiertas de chocolate CARTE D´OR 900 ml.","price":"2,81 €","offer_price":0,"offer_type":null,"stock":false,"super":"alcampo"},{"img":"https://www.alcampo.es/media/haf/hc8/8980783104030.jpg","name":"Mini bombón helado con doble capa de chocolate y relleno de helado de frambuesa MAGNUM Double 6 x 60 ml.","price":"4,44 €","offer_price":0,"offer_type":null,"stock":false,"super":"alcampo"},{"img":"https://www.alcampo.es/media/he7/h6d/10444931596318.jpg","name":"Bombón helado con doble capa de chocolate y relleno de helado de frambuesa MAGNUM Double 3 x 88 ml.","price":"3,50 €","offer_price":0,"offer_type":null,"stock":false,"super":"alcampo"},{"img":"https://www.alcampo.es/media/h10/h8f/9432797511710.jpg","name":"Abanicos artesanos RIFACLI 100 g.","price":"1,99 €","offer_price":0,"offer_type":null,"stock":false,"super":"alcampo"},{"img":"https://www.alcampo.es/media/h6d/he2/8960004423710.jpg","name":"Tulipas de barquillo bañadas en chocolate RUME 100 gr pack de 6 uds","price":"2,79 €","offer_price":0,"offer_type":null,"stock":false,"super":"alcampo"},{"img":"https://www.alcampo.es/media/hea/hfc/9498426048542.jpg","name":"Helado de chocolate blanco con trocitos de cookies MAGNUM 3 x 90 g.","price":"3,05 €","offer_price":0,"offer_type":null,"stock":false,"super":"alcampo"},{"img":"https://www.alcampo.es/media/h89/h37/10506654908446.jpg","name":"Helado de vainilla, café y canela, crocant de almendra y bizcocho al whisky, envuelto en chocolate LA MENORQUINA 4 x 110 ml.","price":"5,75 €","offer_price":0,"offer_type":null,"stock":false,"super":"alcampo"},{"img":"https://www.alcampo.es/media/hd5/h83/10506619715614.jpg","name":"Helado de nata bañado en chocolate LA MENORQUINA 6 x 50 ml.","price":"5 €","offer_price":0,"offer_type":null,"stock":false,"super":"alcampo"},{"img":"https://www.alcampo.es/media/h22/ha3/10884852908062.jpg","name":"Tarrina de helado de chocolate y galletas con trozos de galletas recubiertas de chocolate con leche KIT KAT 480 ml.","price":"5,17 €","offer_price":0,"offer_type":null,"stock":false,"super":"alcampo"},{"img":"https://www.alcampo.es/media/hc0/h6f/10891929387038.jpg","name":"Conos de helado de chocolate con trocitos de chocolate blanco CORNETTO de Frigo 4 x 90 ml.","price":"2,81 €","offer_price":0,"offer_type":null,"stock":false,"super":"alcampo"},{"img":"https://www.alcampo.es/media/h55/hd7/10891981684766.jpg","name":"Bombón helado sabor galeta y nueces de pecán son salsa de caramelo salado MAGNUM Double 3 x 88 ml.","price":"2,98 €","offer_price":0,"offer_type":null,"stock":false,"super":"alcampo"},{"img":"https://www.alcampo.es/media/ha7/h70/10884855431198.jpg","name":"Mini bombón helado de chocolate y miel cubierto de chocolate y con leche y trozos de nougat TOBLERONE 6 x 50 ml.","price":"3,43 €","offer_price":0,"offer_type":null,"stock":false,"super":"alcampo"},{"img":"https://www.alcampo.es/media/h01/ha7/9508207427614.jpg","name":"Macarón con helado de vainilla seleccionadas (Tahiti, Madagascar y México) PIERRE HERMÉS 2 x 140 ml.","price":"6,79 €","offer_price":0,"offer_type":null,"stock":false,"super":"alcampo"},{"img":"https://www.alcampo.es/media/hd5/hc1/10420700282910.jpg","name":"Snack cremoso de caramelo recubierto de chocolate MENORQUINA Mars 6 x 60 ml.","price":"3,99 €","offer_price":0,"offer_type":null,"stock":false,"super":"alcampo"},{"img":"https://www.alcampo.es/media/h11/h74/9995702894622.jpg","name":"Bombón helado con base de almendras, recubierto de chocolate y avellanas SAVIA de Danone 3 x 110 ml.","price":"3,20 €","offer_price":0,"offer_type":null,"stock":false,"super":"alcampo"},{"img":"https://www.alcampo.es/media/hf4/h4e/10034786828318.jpg","name":"Bombón helado de caramelo salado, con almendras caramelizadas, recubierto de chocolate con leche MAGNUM Collection 3 x 90 ml.","price":"3,09 €","offer_price":0,"offer_type":null,"stock":false,"super":"alcampo"},{"img":"https://www.alcampo.es/media/h86/hb4/10021385240606.jpg","name":"Polos de acai proviniente de agricultura ecológica PALETTAS 6 x 55 ml.","price":"4,39 €","offer_price":0,"offer_type":null,"stock":false,"super":"alcampo"},{"img":"https://www.alcampo.es/media/hb5/h95/10884849172510.jpg","name":"Tarrina de helado de chocolate y avellanas, con corazón de chocolate y avellana crocanti MILKA 480 ml.","price":"5,17 €","offer_price":0,"offer_type":null,"stock":false,"super":"alcampo"},{"img":"https://www.alcampo.es/media/h2f/h43/10891979620382.jpg","name":"Polo de helado de chocolate y vainilla LA MENORQUINA Cacaolat 4 x 85 ml. ","price":"4,50 €","offer_price":0,"offer_type":null,"stock":false,"super":"alcampo"},{"img":"https://www.alcampo.es/media/hf9/h00/9508179247134.jpg","name":"Macaron con helado de chocolate intenso (80% Guanaja) PIERRE HERMÉ 2 x 140 ml.","price":"6,79 €","offer_price":0,"offer_type":null,"stock":false,"super":"alcampo"},{"img":"https://www.alcampo.es/media/h4e/hcd/9522691440670.jpg","name":"Granizado de limón sin azucar MERCADER 4 x 190 ml.","price":"2,50 €","offer_price":0,"offer_type":null,"stock":false,"super":"alcampo"},{"img":"https://www.alcampo.es/media/h63/h71/8897648918558.jpg","name":"Cono de helado de nata, sin azúcares añadidos NORDWIK 4 x 110 ml.","price":"1,99 €","offer_price":0,"offer_type":null,"stock":false,"super":"alcampo"},{"img":"https://www.alcampo.es/media/hc6/h32/8977402822686.jpg","name":"Cono de helado sin gluten de nata y chocolate, con pepitas de chocolate SCHÄR 6 x 85 ml.","price":"6,99 €","offer_price":0,"offer_type":null,"stock":false,"super":"alcampo"},{"img":"https://www.alcampo.es/media/heb/hf2/10911414911006.jpg","name":"Tarrina de helado de chocolate con un 70% de cacao de Ecuador CARTE D´OR Les authentiques 750 ml.","price":"3,98 €","offer_price":0,"offer_type":null,"stock":false,"super":"alcampo"},{"img":"https://www.alcampo.es/media/h79/hd0/10078909923358.jpg","name":"Tarrina de helado de sorbete de gazpacho elaborado con aceite de oliva virgen extra LA IBENSE 1892 500 ml.","price":"1,99 €","offer_price":0,"offer_type":null,"stock":false,"super":"alcampo"},{"img":"https://www.alcampo.es/media/h90/h16/10884845731870.jpg","name":"Tarrina de helado de vainilla con trocitos galletas de chocolate OREO 480 ml.","price":"5,17 €","offer_price":0,"offer_type":null,"stock":false,"super":"alcampo"},{"img":"https://www.alcampo.es/media/he9/he1/10898448384030.jpg","name":"Polo con helado de fresa, chocolate y vainilla y forma de la cara de Spiderman FRIGO 6 x 60 ml.","price":"3,75 €","offer_price":0,"offer_type":null,"stock":false,"super":"alcampo"},{"img":"https://www.alcampo.es/media/h0a/hff/10891931189278.jpg","name":"Tarrina de helado sabor a galleta con nueces de Pecán y caramelo con un toque de canela MAGNUM Double 440 ml.","price":"5,63 €","offer_price":0,"offer_type":null,"stock":false,"super":"alcampo"},{"img":"https://www.alcampo.es/media/h58/he1/10884857036830.jpg","name":"Mini conos de helado de nata con salsa de chocolate (4) o salsa de caramelo (4) EXTRÉME de Nestle 8 x 60 ml.","price":"3,75 €","offer_price":0,"offer_type":null,"stock":false,"super":"alcampo"},{"img":"https://www.alcampo.es/media/h1e/ha2/10882258632734.jpg","name":"Tarrina de helado de crema de yogur azucarado, con chocolate negro y almendras OIKOS de Danone 500 ml.","price":"7 €","offer_price":0,"offer_type":null,"stock":false,"super":"alcampo"},{"img":"https://www.alcampo.es/media/hb7/h50/8931967729694.jpg","name":"Conos de barquillo para helados, elaborados sin gluten RUME 6 uds.","price":"3,60 €","offer_price":0,"offer_type":null,"stock":false,"super":"alcampo"},{"img":"https://www.alcampo.es/media/h12/h90/9508184358942.jpg","name":"Macarón con helado de rosa dulce, litchi y frambuesa PIERRE HERMÉ 2 x 140 ml.","price":"6,79 €","offer_price":0,"offer_type":null,"stock":false,"super":"alcampo"},{"img":"https://www.alcampo.es/media/h94/h89/9557997551646.jpg","name":"Bombón helado de vainilla recubierto de chocolate blanco MAGNUM de Frigo 120 ml.","price":"1,99 €","offer_price":0,"offer_type":null,"stock":false,"super":"alcampo"},{"img":"https://www.alcampo.es/media/h66/h25/9567747670046.jpg","name":"Helado de vainilla recubierto de chocolate con leche y almendras MAGNUM de Frgio","price":"1,39 €","offer_price":0,"offer_type":null,"stock":false,"super":"alcampo"},{"img":"https://www.alcampo.es/media/hc8/h30/9660193439774.jpg","name":"Bombón de helado de vainilla recubierto de chocolate blanco MAGNUM White de Frigo 6 x 110 ml.","price":"5,33 €","offer_price":0,"offer_type":null,"stock":false,"super":"alcampo"},{"img":"https://www.alcampo.es/media/hf1/hb6/10900501921822.jpg","name":"Sándwich de helado de stracciatella cubierto con galleta al cacao y deliciosos trozos de chocolate SOMOSIERRA 4 x 95 ml.","price":"2,49 €","offer_price":0,"offer_type":null,"stock":false,"super":"alcampo"},{"img":"https://www.alcampo.es/media/he3/h52/10900493238302.jpg","name":"Sándwich de helado de vainilla especial cubierto con galleta SOMOSIERRA 4 x 95 ml.","price":"2,49 €","offer_price":0,"offer_type":null,"stock":false,"super":"alcampo"},{"img":"https://www.alcampo.es/media/h20/hb1/9503762612254.jpg","name":"Helado de chocolate con avellanas y sin edulcorantes ALPRO 500 ml.","price":"5,36 €","offer_price":0,"offer_type":null,"stock":false,"super":"alcampo"},{"img":"https://www.alcampo.es/media/h61/hae/9853084368926.jpg","name":"Bombón almendrado de vainilla de Java, recubierto de chocolate blanco NUII 3 x 90 ml.","price":"3,16 €","offer_price":0,"offer_type":null,"stock":false,"super":"alcampo"},{"img":"https://www.alcampo.es/media/h17/h30/10884847927326.jpg","name":"Tarrina de helado de vainilla con corazón de chocolate con leche MILKA 480 ml.","price":"5,17 €","offer_price":0,"offer_type":null,"stock":false,"super":"alcampo"},{"img":"https://www.alcampo.es/media/ha4/h8e/8932011638814.jpg","name":"Abanicos de barquillo RUME 100 gr","price":"2,20 €","offer_price":0,"offer_type":null,"stock":false,"super":"alcampo"},{"img":"https://www.alcampo.es/media/hfb/h08/10898445172766.jpg","name":"Helado de chocolate con una capa de chocolate recubierto de chocolate con leche MAGNUM Double 4 x 88 ml.","price":"4,19 €","offer_price":0,"offer_type":null,"stock":false,"super":"alcampo"},{"img":"https://www.alcampo.es/media/h9c/h3e/10891978571806.jpg","name":"Bombón helado sabor avellana y chocolate con salsa de chocolate, avellana y chocolate con leche MAGNUM Double 3 x 8 ml.","price":"2,98 €","offer_price":0,"offer_type":null,"stock":false,"super":"alcampo"},{"img":"https://www.alcampo.es/media/hfa/h2c/10891919884318.jpg","name":"Mini bombón de galleta con nueces de Pecán y salsa de caramelo salado MAGNUM Double 6 x 55 ml.","price":"4,68 €","offer_price":0,"offer_type":null,"stock":false,"super":"alcampo"},{"img":"https://www.alcampo.es/media/h0b/hfd/10884857790494.jpg","name":"Bombón helado de vainilla y caramelo salado, recubierto de chocolate con leche y nueces de macadamia NUII 3 x 90 ml.","price":"4,10 €","offer_price":0,"offer_type":null,"stock":false,"super":"alcampo"},{"img":"https://www.alcampo.es/media/h80/h74/10884851793950.jpg","name":"Bombón helado de vainilla con torbellinos de chocolate y recubierto de chocolate con leche MILKA 4 x 100 ml.","price":"3,20 €","offer_price":0,"offer_type":null,"stock":false,"super":"alcampo"},{"img":"https://www.alcampo.es/media/h81/ha9/10882325544990.jpg","name":"Tarrina de helado de crema de yogur azucarado, con caramelo salado y avellanas OIKOS de Danone 500 ml.","price":"7 €","offer_price":0,"offer_type":null,"stock":false,"super":"alcampo"},{"img":"https://www.alcampo.es/media/h74/h8f/10884843667486.jpg","name":"Tarrina de helado de crema de chocolate negro y crema de caramelo salado HÄAGEN-DAZS Duo 420 ml.","price":"5,80 €","offer_price":0,"offer_type":null,"stock":false,"super":"alcampo"},{"img":"https://www.alcampo.es/media/h45/hed/10884853235742.jpg","name":"Tarrina de helado de crema de chocolate belga y crema de vainilla HÄAGEN-DAZS Duo 420 ml.","price":"5,80 €","offer_price":0,"offer_type":null,"stock":false,"super":"alcampo"},{"img":"https://www.alcampo.es/media/hde/h92/10911469633566.jpg","name":"Tarrina de helado de vainilla y salsa de caramelo salado CARTE D'OR Les desserts 900 ml.","price":"3,98 €","offer_price":0,"offer_type":null,"stock":false,"super":"alcampo"},{"img":"https://www.alcampo.es/media/ha0/hca/10911328731166.jpg","name":"Tarrina de helado de vainilla con nueces de Pecán CARTE DÓR 750 ml.","price":"3,98 €","offer_price":0,"offer_type":null,"stock":false,"super":"alcampo"},{"img":"https://www.alcampo.es/media/h38/h30/10911327453214.jpg","name":"Helado de café arábica de Colombia con trozos de chocolate sabor café CARTE D´OR Les authentiques 750 ml.","price":"3,98 €","offer_price":0,"offer_type":null,"stock":false,"super":"alcampo"}]