[{"img":"https://www.alcampo.es/media/h56/he2/10231497588766.jpg","name":"Filetes de merluza del cabo, ultracongelados y sin piel PRODUCTO ALCAMPO 400 g.","price":"2,99 €","offer_price":0,"offer_type":null,"stock":false,"super":"alcampo"},{"img":"https://www.alcampo.es/media/heb/hcf/8923199733790.jpg","name":"Lomos de merluza, limpios y ultracongelados PRODUCTO ALCAMPO 400 g.","price":"3,04 €","offer_price":0,"offer_type":null,"stock":false,"super":"alcampo"},{"img":"https://www.alcampo.es/media/h61/h8a/10882335309854.jpg","name":"Corazones de merluza (filetes sin piel) ultracongelados PESCANOVA 500 g.","price":"4,84 €","offer_price":0,"offer_type":null,"stock":false,"super":"alcampo"},{"img":"https://www.alcampo.es/media/h83/hb1/9710747058206.jpg","name":"Lomos de salmón sin piel, congelados KRUSTASUR 2 x 125 g.","price":"8,25 €","offer_price":0,"offer_type":null,"stock":false,"super":"alcampo"},{"img":"https://www.alcampo.es/media/hd4/hd0/9491431882782.jpg","name":"Filetes pequeños de merluza, ultracongelados y sin piel PESCANOVA 800 g.","price":"7,25 €","offer_price":0,"offer_type":null,"stock":false,"super":"alcampo"},{"img":"https://www.alcampo.es/media/h3c/h48/9146616217630.jpg","name":"Filetes de merluza sin piel MAR DE ALTURA P.N.E. 1000 g.","price":"6,95 €","offer_price":0,"offer_type":null,"stock":false,"super":"alcampo"},{"img":"https://www.alcampo.es/media/h8a/haa/10911409373214.jpg","name":"Filetes de merluza sin piel PESCANOVA 400 g.","price":"4,05 €","offer_price":0,"offer_type":null,"stock":false,"super":"alcampo"},{"img":"https://www.alcampo.es/media/h62/h9d/8893088858142.jpg","name":"Emperador congelado en rodajas ANTONIO Y RICARDO","price":"3,89 €","offer_price":0,"offer_type":null,"stock":false,"super":"alcampo"},{"img":"https://www.alcampo.es/media/h35/h76/9631856295966.jpg","name":"Filetes de merluza argentina, ultracongelados y sin piel AUCHAN Económico 400 g.","price":"2,49 €","offer_price":0,"offer_type":null,"stock":false,"super":"alcampo"},{"img":"https://www.alcampo.es/media/hc8/hc9/9770100031518.jpg","name":"Filetes de bacalao ultracongelados y en su punto de sal PESCANOVA 400 g.","price":"6,14 €","offer_price":0,"offer_type":null,"stock":false,"super":"alcampo"},{"img":"https://www.alcampo.es/media/h06/h7a/10420591198238.jpg","name":"Supremas de salmón sin piel y procedentes de acuicultura sostenible certificada (ASC) FINDUS Summun 2 uds.","price":"5,63 €","offer_price":0,"offer_type":null,"stock":false,"super":"alcampo"},{"img":"https://www.alcampo.es/media/h8d/h32/8952717508638.jpg","name":"Atún en solomillo CAMPOS 250 gr","price":"3,69 €","offer_price":0,"offer_type":null,"stock":false,"super":"alcampo"},{"img":"https://www.alcampo.es/media/h17/hc1/10802790629406.jpg","name":"Lomos de merluza ultracongelados PESCANOVA 4 uds.","price":"4,84 €","offer_price":0,"offer_type":null,"stock":false,"super":"alcampo"},{"img":"https://www.alcampo.es/media/hf2/h4e/10250106142750.jpg","name":"Centros de salmón, ultracongelados y envasados al vacio de forma individual PESCANOVA 2 uds.","price":"6,81 €","offer_price":0,"offer_type":null,"stock":false,"super":"alcampo"},{"img":"https://www.alcampo.es/media/ha8/h86/8960026705950.jpg","name":"Tinta de calamar CONFREMAR 16 gr pack de 4 uds","price":"0,65 €","offer_price":0,"offer_type":null,"stock":false,"super":"alcampo"},{"img":"https://www.alcampo.es/media/h51/h7a/9770054516766.jpg","name":"Bacalao en lomos ultracongelado y en su punto de sal PESCANOVA 300 g.","price":"4,97 €","offer_price":0,"offer_type":null,"stock":false,"super":"alcampo"},{"img":"https://www.alcampo.es/media/hec/h15/9206102523934.jpg","name":"Merluza ultrancongelada, centros PESCANOVA 400 g.","price":"5,98 €","offer_price":0,"offer_type":null,"stock":false,"super":"alcampo"},{"img":"https://www.alcampo.es/media/h25/h81/8962581168158.jpg","name":"Filete congelado de salmón salvaje DIMAR 400 gr.","price":"7,20 €","offer_price":0,"offer_type":null,"stock":false,"super":"alcampo"},{"img":"https://www.alcampo.es/media/h83/he1/8891813003294.jpg","name":"Merluza en rodajas grandes PRODUCTO ALCAMPO 600 gr","price":"4,07 €","offer_price":0,"offer_type":null,"stock":false,"super":"alcampo"},{"img":"https://www.alcampo.es/media/h5c/h5f/9465704284190.jpg","name":"Merluza en medallón MAR DE ALTURA 500 g.","price":"3,10 €","offer_price":0,"offer_type":null,"stock":false,"super":"alcampo"},{"img":"https://www.alcampo.es/media/h52/he6/10420581269534.jpg","name":"Filetes de bacalao ultrcacongelados y con piel PRODUCTO ALCAMPO 360 g.","price":"3,60 €","offer_price":0,"offer_type":null,"stock":false,"super":"alcampo"},{"img":"https://www.alcampo.es/media/hc9/hc2/9546815340574.jpg","name":"Boquerones limpios del Mediterraneo, sin aditivos, ultracongelados y listos para freir DELFÍN 500 g.","price":"4,14 €","offer_price":0,"offer_type":null,"stock":false,"super":"alcampo"},{"img":"https://www.alcampo.es/media/hee/h86/8922958200862.jpg","name":"Centros de merluza ultracongelados PRODUCTO ALCAMPO 400 g.","price":"3,39 €","offer_price":0,"offer_type":null,"stock":false,"super":"alcampo"},{"img":"https://www.alcampo.es/media/hce/h11/9367360864286.jpg","name":"Filetes de lenguado, limpio, ultracongelado y envasado al vacio DELFÍN 200 g.","price":"2,66 €","offer_price":0,"offer_type":null,"stock":false,"super":"alcampo"},{"img":"https://www.alcampo.es/media/h3d/hdb/9465056526366.jpg","name":"Atún en rodaja ANTONIO Y RICARDO","price":"6,48 €","offer_price":0,"offer_type":null,"stock":false,"super":"alcampo"},{"img":"https://www.alcampo.es/media/hdc/hcc/9364179025950.jpg","name":"Bacalao sin espinas en porciones ROYAL 400 g.","price":"5,45 €","offer_price":0,"offer_type":null,"stock":false,"super":"alcampo"},{"img":"https://www.alcampo.es/media/h40/h85/8922525990942.jpg","name":"Merluza en rodajas medianas PRODUCTO ALCAMPO 400 gr","price":"2,71 €","offer_price":0,"offer_type":null,"stock":false,"super":"alcampo"},{"img":"https://www.alcampo.es/media/he1/h21/10261045411870.jpg","name":"Rodaja de Salmón, congelado y con piel CONFREMAR","price":"2,74 €","offer_price":0,"offer_type":null,"stock":false,"super":"alcampo"},{"img":"https://www.alcampo.es/media/h04/h2c/9491460522014.jpg","name":"Filetes de panga, ultracongelados, sin piel y sin espinas ALIGATOR 800 g.","price":"4,79 €","offer_price":0,"offer_type":null,"stock":false,"super":"alcampo"},{"img":"https://www.alcampo.es/media/hc2/hd0/9518862729246.jpg","name":"Colas de rape chino, ultracongeladas y sin piel ALIGATOR (P.N.E.) 600 g.","price":"4,35 €","offer_price":0,"offer_type":null,"stock":false,"super":"alcampo"},{"img":"https://www.alcampo.es/media/h7a/h52/10547034357790.jpg","name":"Filetes de lubina ultrcongelados y con piel ALIGATOR 2 uds.","price":"3,78 €","offer_price":0,"offer_type":null,"stock":false,"super":"alcampo"},{"img":"https://www.alcampo.es/media/h75/h9e/8951731781662.jpg","name":"Bacalao congelado, desalado y desmigado PRODUCTO ALCAMPO 500 g.","price":"6,99 €","offer_price":0,"offer_type":null,"stock":false,"super":"alcampo"},{"img":"https://www.alcampo.es/media/h98/h8c/9486820999198.jpg","name":"Filetes de merluza, ultracongelados y con piel MAR DE ALTURA 510 g (P.N.E)","price":"3,15 €","offer_price":0,"offer_type":null,"stock":false,"super":"alcampo"},{"img":"https://www.alcampo.es/media/heb/h84/9005742424094.jpg","name":"Filetes de centros de lomo de bacalao desalado y congelado DIMAR 400 g.","price":"5,78 €","offer_price":0,"offer_type":null,"stock":false,"super":"alcampo"},{"img":"https://www.alcampo.es/media/h62/hbe/8890810564638.jpg","name":"Filetes de Merluza sin piel y ultracongelados ANTONIO Y RICARDO.","price":"0,90 €","offer_price":0,"offer_type":null,"stock":false,"super":"alcampo"},{"img":"https://www.alcampo.es/media/h5b/h16/9206121168926.jpg","name":"Merluza, ventresca, ultracongelada y envsadas de forma individual PESCANOVA 400 g.","price":"5,30 €","offer_price":0,"offer_type":null,"stock":false,"super":"alcampo"},{"img":"https://www.alcampo.es/media/h5a/hb1/9241211764766.jpg","name":"Lomos de halibut ALIGATOR 400 gr","price":"3,79 €","offer_price":0,"offer_type":null,"stock":false,"super":"alcampo"},{"img":"https://www.alcampo.es/media/ha6/h3f/9182388813854.jpg","name":"Rosada en cortada en filetes sin piel MAR DE ALTURA 540 g.","price":"8,49 €","offer_price":0,"offer_type":null,"stock":false,"super":"alcampo"},{"img":"https://www.alcampo.es/media/h5e/h39/10566482001950.jpg","name":"Bacalao troceado y congelado, especial para guisos DIMAR 450 g.","price":"4,25 €","offer_price":0,"offer_type":null,"stock":false,"super":"alcampo"},{"img":"https://www.alcampo.es/media/h07/h5e/8894476582942.jpg","name":"Bacalao en lomos de calidad extra ROYAL 300 g.","price":"5,45 €","offer_price":0,"offer_type":null,"stock":false,"super":"alcampo"},{"img":"https://www.alcampo.es/media/h1d/h1d/9206113894430.jpg","name":"Rape en flietes ultracongelados sin piel, envasados de forma individual PESCANOVA 250 g.","price":"8,59 €","offer_price":0,"offer_type":null,"stock":false,"super":"alcampo"},{"img":"https://www.alcampo.es/media/h27/h47/9007532671006.jpg","name":"Medallón de merluza del Atlántico sudeste ANTONIO Y RICARDO.","price":"0,90 €","offer_price":0,"offer_type":null,"stock":false,"super":"alcampo"},{"img":"https://www.alcampo.es/media/h32/h7a/8872300445726.jpg","name":"Atún supremas FINDUS SUMMUM 250 gr","price":"6,57 €","offer_price":0,"offer_type":null,"stock":false,"super":"alcampo"},{"img":"https://www.alcampo.es/media/h27/h8e/8894900797470.jpg","name":"Bacalao en lomos ANTONIO Y RICARDO","price":"2,75 €","offer_price":0,"offer_type":null,"stock":false,"super":"alcampo"},{"img":"https://www.alcampo.es/media/h67/hec/8896370442270.jpg","name":"Filete de fletan ANTONIO Y RICARDO","price":"2,25 €","offer_price":0,"offer_type":null,"stock":false,"super":"alcampo"},{"img":"https://www.alcampo.es/media/ha0/h97/9518760886302.jpg","name":"Filetes de rape chino, ultrancongelados y sin piel ni espinas ALIGATOR 480 g.","price":"3,99 €","offer_price":0,"offer_type":null,"stock":false,"super":"alcampo"},{"img":"https://www.alcampo.es/media/hea/h1a/8959936561182.jpg","name":"Atún en dados CAMPOS 250 gr","price":"3,13 €","offer_price":0,"offer_type":null,"stock":false,"super":"alcampo"},{"img":"https://www.alcampo.es/media/h49/h11/9491463602206.jpg","name":"Filetes de panga ultracongelados, sin piel y sin espinas ALIGATOR 480 g,","price":"2,99 €","offer_price":0,"offer_type":null,"stock":false,"super":"alcampo"},{"img":"https://www.alcampo.es/media/hf5/h35/8950333833246.jpg","name":"Preparado de paella ANTONIO Y RICARDO, bolsa de 440 g.","price":"3,45 €","offer_price":0,"offer_type":null,"stock":false,"super":"alcampo"},{"img":"https://www.alcampo.es/media/ha4/hdb/9206106849310.jpg","name":"Calamares limpios ultracongelados PESCANOVA 400 g.","price":"4,19 €","offer_price":0,"offer_type":null,"stock":false,"super":"alcampo"},{"img":"https://www.alcampo.es/media/h59/h0e/8886532964382.jpg","name":"Calamar en rabas ultracongeladas ANTONIO Y RICARDO 400 g.","price":"2,99 €","offer_price":0,"offer_type":null,"stock":false,"super":"alcampo"},{"img":"https://www.alcampo.es/media/ha8/hc1/9107551322142.jpg","name":"Gamba pelada 33/55, ultracongelada ALIGATOR 350 g (P.N.).","price":"5,35 €","offer_price":0,"offer_type":null,"stock":false,"super":"alcampo"},{"img":"https://www.alcampo.es/media/h0d/h7a/10911360090142.jpg","name":"Calamar troceado y ultracongelado ALIGATOR 450 g (P.N).","price":"3,29 €","offer_price":0,"offer_type":null,"stock":false,"super":"alcampo"},{"img":"https://www.alcampo.es/media/he3/hd3/9222676906014.jpg","name":"Gambas peladas bajas en grasa PESCANOVA 240 g.","price":"4,80 €","offer_price":0,"offer_type":null,"stock":false,"super":"alcampo"},{"img":"https://www.alcampo.es/media/h83/hbe/10285496369182.jpg","name":"Gamba (55 / 77) cruda, pelada y ultracongelada PRODUCTO ALCAMPO 375 g.","price":"5,87 €","offer_price":0,"offer_type":null,"stock":false,"super":"alcampo"},{"img":"https://www.alcampo.es/media/h47/h55/8898050687006.jpg","name":"Gambas crudas peladas grandes 20/40 piezas CONFREMAR bolsa de 750 grs.","price":"10,95 €","offer_price":0,"offer_type":null,"stock":false,"super":"alcampo"},{"img":"https://www.alcampo.es/media/hd0/hee/10669931233310.jpg","name":"Gambas crudas peladas 220 / 440 y ultracongeladas PRODUCTO ECONÓMICO ALCAMPO 700 g.","price":"7,94 €","offer_price":0,"offer_type":null,"stock":false,"super":"alcampo"},{"img":"https://www.alcampo.es/media/h95/hb8/10911496765470.jpg","name":"Calamares limpios y ultracongelados ALIGATOR 400 g.","price":"3,29 €","offer_price":0,"offer_type":null,"stock":false,"super":"alcampo"},{"img":"https://www.alcampo.es/media/h9b/h43/9206125002782.jpg","name":"Sepia limpia, ultracongelada y al punto de sal PESCANOVA 400 g.","price":"4,84 €","offer_price":0,"offer_type":null,"stock":false,"super":"alcampo"},{"img":"https://www.alcampo.es/media/h15/h20/8891611217950.jpg","name":"Gambas peladas 70/100 piezas ALIGATOR 700 g.","price":"6,95 €","offer_price":0,"offer_type":null,"stock":false,"super":"alcampo"},{"img":"https://www.alcampo.es/media/hd4/h44/9893325864990.jpg","name":"Almeja cocida blanca 30/40 del pacífico, ultracongelada DELFÍN 500 g.","price":"2,39 €","offer_price":0,"offer_type":null,"stock":false,"super":"alcampo"},{"img":"https://www.alcampo.es/media/h17/haa/9546879926302.jpg","name":"Gambón pelado crudo, desvenado y ultracongelado DELFÍN 200 g.","price":"4,46 €","offer_price":0,"offer_type":null,"stock":false,"super":"alcampo"},{"img":"https://www.alcampo.es/media/h0b/h24/10913679999006.jpg","name":"Langostinos medianos 35 / 45, crudos y ultracongelados PRODUCTO ALCAMPO 700 g (P.N).","price":"8,75 €","offer_price":0,"offer_type":null,"stock":false,"super":"alcampo"},{"img":"https://www.alcampo.es/media/hb2/h04/9546885103646.jpg","name":"Sepia (choco) limpia, cruda y ultracongelada DELFÍN 400 g.","price":"5,31 €","offer_price":0,"offer_type":null,"stock":false,"super":"alcampo"},{"img":"https://www.alcampo.es/media/h47/hc3/9748042514462.jpg","name":"Almeja 50 / 70 del pacífico cocida y ultracongelada ANTONIO Y RICARDO 1 kg.","price":"3,56 €","offer_price":0,"offer_type":null,"stock":false,"super":"alcampo"},{"img":"https://www.alcampo.es/media/h1c/h4e/10245484806174.jpg","name":"Preparado con caldo, para paella de marisco PRODUCTO ALCAMPO 500 g.","price":"3,05 €","offer_price":0,"offer_type":null,"stock":false,"super":"alcampo"},{"img":"https://www.alcampo.es/media/hf8/h41/9646166507550.jpg","name":"Mejillón de Chile, entero, cocido en su propio jugo y congelado GRAND KRUST 500 g.","price":"1,89 €","offer_price":0,"offer_type":null,"stock":false,"super":"alcampo"},{"img":"https://www.alcampo.es/media/h63/ha7/9373513908254.jpg","name":"Langostinos cocidos grandes, pelados y ultracongelados PESCANOVA 180 g (P.N.E).","price":"4,09 €","offer_price":0,"offer_type":null,"stock":false,"super":"alcampo"},{"img":"https://www.alcampo.es/media/hab/h25/8951017668638.jpg","name":"Gambas peladas, bolsa de 10/30 piezas ANTONIO Y RICARDO 750 g (P.N.E).","price":"12,99 €","offer_price":0,"offer_type":null,"stock":false,"super":"alcampo"},{"img":"https://www.alcampo.es/media/hd1/h07/9418437492766.jpg","name":"Carne de mejillón ultracongelada CONFREMAR 450 g.","price":"3,35 €","offer_price":0,"offer_type":null,"stock":false,"super":"alcampo"},{"img":"https://www.alcampo.es/media/hfd/h7e/9367364763678.jpg","name":"Preparado para sopa de marisco CONFREMAR 500 g.","price":"3,25 €","offer_price":0,"offer_type":null,"stock":false,"super":"alcampo"},{"img":"https://www.alcampo.es/media/hcc/h39/8870504103966.jpg","name":"Pulpo gallego de las rías gallegas GALLEGO PEREIRA 1.2 kg.","price":"16,95 €","offer_price":0,"offer_type":null,"stock":false,"super":"alcampo"},{"img":"https://www.alcampo.es/media/h60/h18/10231497752606.jpg","name":"Gambón crudo 25 / 35 ultracongelado PRODUCTO ALCAMPO 1000 g (P.N).","price":"10,98 €","offer_price":0,"offer_type":null,"stock":false,"super":"alcampo"},{"img":"https://www.alcampo.es/media/h72/he1/9491459047454.jpg","name":"Langostinos gigantes XL 20 / 30, crudos y ultracongelados, especial plancha PESCANOVA 2 KG (P.N)","price":"22,95 €","offer_price":0,"offer_type":null,"stock":false,"super":"alcampo"},{"img":"https://www.alcampo.es/media/h39/hb9/9811221053470.jpg","name":"Preparado para paella de marisco con caldo DELFÍN 480 g.","price":"3,49 €","offer_price":0,"offer_type":null,"stock":false,"super":"alcampo"},{"img":"https://www.alcampo.es/media/hac/h86/9058689384478.jpg","name":"Bandeja de sepia limpia ultracongelada 3/5 piezas ALIGATOR 350 gr. (P.N.E).","price":"5,28 €","offer_price":0,"offer_type":null,"stock":false,"super":"alcampo"},{"img":"https://www.alcampo.es/media/h53/hee/10502713606174.jpg","name":"Gambones (Langostinos australes) 21/28 crudos y ultracongelados, especiales para plancha AQUAMAR 700 g.","price":"7,95 €","offer_price":0,"offer_type":null,"stock":false,"super":"alcampo"},{"img":"https://www.alcampo.es/media/hdb/ha1/9546840211486.jpg","name":"Anilla de potón del pacífico, cruda y ultracongelada DELFÍN 300 g.","price":"3,38 €","offer_price":0,"offer_type":null,"stock":false,"super":"alcampo"},{"img":"https://www.alcampo.es/media/h92/h96/9659323580446.jpg","name":"Chipirón troceado y ultracongelado PESCANOVA 250 g.","price":"4,25 €","offer_price":0,"offer_type":null,"stock":false,"super":"alcampo"},{"img":"https://www.alcampo.es/media/h81/h25/10420607975454.jpg","name":"Langostinos 56/70 cocidos y ultracongelados PRODUCTO ECONÓMICO ALCAMPO 700 g.","price":"5,49 €","offer_price":0,"offer_type":null,"stock":false,"super":"alcampo"},{"img":"https://www.alcampo.es/media/h28/hf9/10420603813918.jpg","name":"Langostinos 56/70, crudos y ultracongelados PRODUCTO ECONÓMICO ALCAMPO 700 g.","price":"6,10 €","offer_price":0,"offer_type":null,"stock":false,"super":"alcampo"},{"img":"https://www.alcampo.es/media/h69/h55/9125170905118.jpg","name":"Gamba pelada y cocida 60/80, ultracongelada ALIGATOR 250 g (P.N).","price":"5,55 €","offer_price":0,"offer_type":null,"stock":false,"super":"alcampo"},{"img":"https://www.alcampo.es/media/hec/h73/9554415550494.jpg","name":"Langostinos blancos cocidos y ultrancongelados, grandes 21/28 PRODUCTO ALCAMPO 700 g (P.N).","price":"9,95 €","offer_price":0,"offer_type":null,"stock":false,"super":"alcampo"},{"img":"https://www.alcampo.es/media/h0c/hc4/10509004537886.jpg","name":"Langostinos 24/40 crudos grandes, ultracongelados PESCANOVA 800 g (P.N.E)","price":"9,95 €","offer_price":0,"offer_type":null,"stock":false,"super":"alcampo"},{"img":"https://www.alcampo.es/media/hcc/h4b/9089255637022.jpg","name":"Zamburiña ultracongelada con 1/2 concha ALIGATOR 200 g (P.E).","price":"4,65 €","offer_price":0,"offer_type":null,"stock":false,"super":"alcampo"},{"img":"https://www.alcampo.es/media/h90/hd9/9546881892382.jpg","name":"Gambones 8/12 crudos y ultracongelados DELFÍN 400 g.","price":"5,90 €","offer_price":0,"offer_type":null,"stock":false,"super":"alcampo"},{"img":"https://www.alcampo.es/media/hc9/hcb/9546895851550.jpg","name":"Bogavante amerciano crudo y ultracongelado DELFIN 375 g.","price":"11,95 €","offer_price":0,"offer_type":null,"stock":false,"super":"alcampo"},{"img":"https://www.alcampo.es/media/h66/h32/10375759036446.jpg","name":"Preparado para paella, con más del 50% de marisco y elaborado sin gluten PESCANOVA 400 g.","price":"4,70 €","offer_price":0,"offer_type":null,"stock":false,"super":"alcampo"},{"img":"https://www.alcampo.es/media/hef/h4b/10240765689886.jpg","name":"Langostinos medianos 35/45, cocidos y ultracongelados PRODUCTO ALCAMPO 700 g (P.N).","price":"8,75 €","offer_price":0,"offer_type":null,"stock":false,"super":"alcampo"},{"img":"https://www.alcampo.es/media/h77/h05/10569153970206.jpg","name":"Gamba blanca 67 / 84, entera, cruda y congelada ALIGATOR (P.N. 700g.).","price":"9,95 €","offer_price":0,"offer_type":null,"stock":false,"super":"alcampo"},{"img":"https://www.alcampo.es/media/h01/hc1/10551710482462.jpg","name":"Langostinos 18 / 21 crudos y ultracongelados PESCANOVA 300 g.","price":"3,99 €","offer_price":0,"offer_type":null,"stock":false,"super":"alcampo"},{"img":"https://www.alcampo.es/media/h13/h6e/10509000605726.jpg","name":"Langostino 20/40 cocido y ultracongelado PESCANOVA 800 g (P.N.E)","price":"11,44 €","offer_price":0,"offer_type":null,"stock":false,"super":"alcampo"},{"img":"https://www.alcampo.es/media/h5d/hef/8952435605534.jpg","name":"Preparado para paella con marisco y hortalizas FINDUS 400 g.","price":"3,81 €","offer_price":0,"offer_type":null,"stock":false,"super":"alcampo"},{"img":"https://www.alcampo.es/media/h7d/h98/9157125210142.jpg","name":"Calamar de la patagonia entero y ultracongelado GALLEGO PEREIRA 500 g.","price":"4,99 €","offer_price":0,"offer_type":null,"stock":false,"super":"alcampo"},{"img":"https://www.alcampo.es/media/h71/h18/9689291259934.jpg","name":"Vieiras del pacifico congeladas y con media concha SINGULAR 6 uds. ","price":"4,29 €","offer_price":0,"offer_type":null,"stock":false,"super":"alcampo"},{"img":"https://www.alcampo.es/media/hd8/hfa/9546809180190.jpg","name":"Tentáculos de pulpo cocido ultracongelado DELFÍN 300 g.","price":"11,23 €","offer_price":0,"offer_type":null,"stock":false,"super":"alcampo"},{"img":"https://www.alcampo.es/media/h3d/h0c/9605486051358.jpg","name":"Merluza empanada con forma de peces PESCANOVA Peskitos 10 uds.","price":"1,98 €","offer_price":0,"offer_type":null,"stock":false,"super":"alcampo"},{"img":"https://www.alcampo.es/media/h60/h75/9206114844702.jpg","name":"Merluza empanada en varitas PESCANOVA 10 uds.","price":"2,18 €","offer_price":0,"offer_type":null,"stock":false,"super":"alcampo"},{"img":"https://www.alcampo.es/media/hc7/h78/9659350122526.jpg","name":"Merluza empanada en filetes PESCANOVA 4 uds.","price":"2,72 €","offer_price":0,"offer_type":null,"stock":false,"super":"alcampo"},{"img":"https://www.alcampo.es/media/h93/h6c/9743697510430.jpg","name":"Palitos de merluza, rebozados y congelados PRODUCTO ALCAMPO 400 g.","price":"1,47 €","offer_price":0,"offer_type":null,"stock":false,"super":"alcampo"},{"img":"https://www.alcampo.es/media/h56/h11/9206362669086.jpg","name":"Merluza en filetes al huevo, sin gluten PESCANOVA 4 - 6 uds.","price":"3,39 €","offer_price":0,"offer_type":null,"stock":false,"super":"alcampo"},{"img":"https://www.alcampo.es/media/hfe/h83/9674513678366.jpg","name":"Varitas de merluza empanadas PRODUCTO ALCAMPO 400 g.","price":"1,64 €","offer_price":0,"offer_type":null,"stock":false,"super":"alcampo"},{"img":"https://www.alcampo.es/media/h26/hcd/8881605771294.jpg","name":"Merluza en palitos rebozada PESCANOVA 300 g.","price":"1,56 €","offer_price":0,"offer_type":null,"stock":false,"super":"alcampo"},{"img":"https://www.alcampo.es/media/h47/hd5/9205385887774.jpg","name":"Merluza rebozada en surfers PESCANOVA 400 g.","price":"2,99 €","offer_price":0,"offer_type":null,"stock":false,"super":"alcampo"},{"img":"https://www.alcampo.es/media/hdf/h0c/9631864619038.jpg","name":"Salmón rebozado y ultracongelado con formas de peces PESCANOVA 10 uds.","price":"2,84 €","offer_price":0,"offer_type":null,"stock":false,"super":"alcampo"},{"img":"https://www.alcampo.es/media/ha7/hfd/10801858117662.jpg","name":"Merluza a la romana en lomos PESCANOVA 300 g.","price":"2,99 €","offer_price":0,"offer_type":null,"stock":false,"super":"alcampo"},{"img":"https://www.alcampo.es/media/h93/hb7/8901142446110.jpg","name":"Merluza en varitas supercrujientes PESCANOVA 300 g.","price":"2,72 €","offer_price":0,"offer_type":null,"stock":false,"super":"alcampo"},{"img":"https://www.alcampo.es/media/h50/h30/8998697730078.jpg","name":"Preparado a base de carne de merluza picada, rebozada y prefrita, con formas de La patrulla canina, con certificación MSC ALIGATOR 300 g.","price":"2,10 €","offer_price":0,"offer_type":null,"stock":false,"super":"alcampo"},{"img":"https://www.alcampo.es/media/ha4/h15/10328005410846.jpg","name":"Varitas de salmón congeladas, crujientes por fuera y jugosas por dentro PESCANOVA 240 g.","price":"2,38 €","offer_price":0,"offer_type":null,"stock":false,"super":"alcampo"},{"img":"https://www.alcampo.es/media/hcf/h0e/9518750138398.jpg","name":"Merluza empanada rellena de jamón y queso FRIPOZO Mis platos de El Pozo 4 x 90 g.","price":"2,60 €","offer_price":0,"offer_type":null,"stock":false,"super":"alcampo"},{"img":"https://www.alcampo.es/media/he6/h71/10801908154398.jpg","name":"Merluza a la romana en rodetes PESCANOVA 320 g.","price":"2,99 €","offer_price":0,"offer_type":null,"stock":false,"super":"alcampo"},{"img":"https://www.alcampo.es/media/hbf/h15/8897490911262.jpg","name":"Tortillas ultracongeladas de camarones TERRANOVA 400 g.","price":"2,84 €","offer_price":0,"offer_type":null,"stock":false,"super":"alcampo"},{"img":"https://www.alcampo.es/media/h37/hf6/9465766969374.jpg","name":"Filetes de Atún empanados CAMPOS 320 g.","price":"2,79 €","offer_price":0,"offer_type":null,"stock":false,"super":"alcampo"},{"img":"https://www.alcampo.es/media/hc4/h06/10483838713886.jpg","name":"Varitas de merluza procedentes de pesca sotenible certificada MSC FINDUS 300 g.","price":"3,35 €","offer_price":0,"offer_type":null,"stock":false,"super":"alcampo"},{"img":"https://www.alcampo.es/media/h41/h31/10444794101790.jpg","name":"Mini burgers crujientes de merluza, sin gluten PESCANOVA 360 g.","price":"2,85 €","offer_price":0,"offer_type":null,"stock":false,"super":"alcampo"},{"img":"https://www.alcampo.es/media/hac/h47/9173906161694.jpg","name":"Tortillitas de bacalao elaboradas según receta artesana TERRANOVA 400 g.","price":"2,80 €","offer_price":0,"offer_type":null,"stock":false,"super":"alcampo"},{"img":"https://www.alcampo.es/media/h1b/h71/9763472998430.jpg","name":"Migas de bacalao, rebozadas, crujientes y ultracongeladas PESCANOVA Tapeo 240 g.","price":"4,75 €","offer_price":0,"offer_type":null,"stock":false,"super":"alcampo"},{"img":"https://www.alcampo.es/media/h59/h0e/8886532964382.jpg","name":"Calamar en rabas ultracongeladas ANTONIO Y RICARDO 400 g.","price":"2,99 €","offer_price":0,"offer_type":null,"stock":false,"super":"alcampo"},{"img":"https://www.alcampo.es/media/h69/hcb/9206106685470.jpg","name":"Calamares en anillas a la romana, según receta clásica PESCANOVA 400 g.","price":"2,11 €","offer_price":0,"offer_type":null,"stock":false,"super":"alcampo"},{"img":"https://www.alcampo.es/media/h11/hf2/9206105964574.jpg","name":"Caprichos de calamar en anillas a la romana PESCANOVA 400 g.","price":"2,89 €","offer_price":0,"offer_type":null,"stock":false,"super":"alcampo"},{"img":"https://www.alcampo.es/media/h94/h9f/10911319719966.jpg","name":"Rabas empanadas y ultracongeladas de calamar PESCANOVA Tapeo 400 g.","price":"2,45 €","offer_price":0,"offer_type":null,"stock":false,"super":"alcampo"},{"img":"https://www.alcampo.es/media/ha1/h70/10911584682014.jpg","name":"Chopirones rebozados al huevo PESCANOVA Tapeo 250 g.","price":"2,45 €","offer_price":0,"offer_type":null,"stock":false,"super":"alcampo"},{"img":"https://www.alcampo.es/media/h3c/h80/10253454344222.jpg","name":"Aritos de calamar, ultracongelados y a la romana PRODUCTO ECONÓMICO ALCAMPO 400 g.","price":"1,39 €","offer_price":0,"offer_type":null,"stock":false,"super":"alcampo"},{"img":"https://www.alcampo.es/media/h9f/h5f/8959994757150.jpg","name":"Vieira rellena de gambas FRIDELA 150 gr","price":"1,89 €","offer_price":0,"offer_type":null,"stock":false,"super":"alcampo"},{"img":"https://www.alcampo.es/media/h42/h88/10253543407646.jpg","name":"Tiras empandas y ultracongeladas de potón del pacífico PRODUCTO ALCAMPO 400 g.","price":"1,64 €","offer_price":0,"offer_type":null,"stock":false,"super":"alcampo"},{"img":"https://www.alcampo.es/media/h44/hf1/10253544292382.jpg","name":"Anillas de calamar a la romana PRODUCTO ALCAMPO 400 g.","price":"2,69 €","offer_price":0,"offer_type":null,"stock":false,"super":"alcampo"},{"img":"https://www.alcampo.es/media/h77/h6b/10245567676446.jpg","name":"Chipirones enharinados prefritos, troceados y ultracongelados PRODUCTO ALCAMPO 300 g.","price":"3,10 €","offer_price":0,"offer_type":null,"stock":false,"super":"alcampo"},{"img":"https://www.alcampo.es/media/hc4/h62/9069026476062.jpg","name":"Colas de langostino rebozadas y ultracongeladas FRIPOZO de El pozo 200 g.","price":"3,80 €","offer_price":0,"offer_type":null,"stock":false,"super":"alcampo"},{"img":"https://www.alcampo.es/media/h4d/h85/8960015400990.jpg","name":"Mejillónes tigre FRIDELA 300 gr","price":"2,95 €","offer_price":0,"offer_type":null,"stock":false,"super":"alcampo"},{"img":"https://www.alcampo.es/media/h4b/ha8/9191635419166.jpg","name":"Langostinos ultracongelados con gabardinia SERPESKA 400 g (P.N.).","price":"4,50 €","offer_price":0,"offer_type":null,"stock":false,"super":"alcampo"},{"img":"https://www.alcampo.es/media/hd2/hac/9191657177118.jpg","name":"Rabas de calamar, empanadas y ultracongeladas SERPESKA 1000 g (P.N).","price":"6,85 €","offer_price":0,"offer_type":null,"stock":false,"super":"alcampo"},{"img":"https://www.alcampo.es/media/h82/ha7/9191688765470.jpg","name":"Mejillones tigre ultracongelados SERPESKA 400 G (P.N.)","price":"2,90 €","offer_price":0,"offer_type":null,"stock":false,"super":"alcampo"},{"img":"https://www.alcampo.es/media/h4f/h9b/10411474059294.jpg","name":"Langostinos envueltos en patata hilada (atadillo) ALCAMPO GOURMET 180 g.","price":"3,35 €","offer_price":0,"offer_type":null,"stock":false,"super":"alcampo"},{"img":"https://www.alcampo.es/media/hf0/h2e/10669958168606.jpg","name":"Palitos de surimi con cangrejo PRODUCTO ALCAMPO 450 g.","price":"2,25 €","offer_price":0,"offer_type":null,"stock":false,"super":"alcampo"},{"img":"https://www.alcampo.es/media/h6d/h8c/8959974932510.jpg","name":"Muslitos de mar rebozados PESCANOVA 250 gr","price":"1,38 €","offer_price":0,"offer_type":null,"stock":false,"super":"alcampo"},{"img":"https://www.alcampo.es/media/h60/hb1/10669949911070.jpg","name":"Palitos de surimi con cangrejo PRODUCTO ALCAMPO 240 g.","price":"2,07 €","offer_price":0,"offer_type":null,"stock":false,"super":"alcampo"},{"img":"https://www.alcampo.es/media/h9a/h83/10712333418526.jpg","name":"Barritas de surimi ultracongelado, 0% materia grasa KRISIA 12 uds.","price":"1,80 €","offer_price":0,"offer_type":null,"stock":false,"super":"alcampo"},{"img":"https://www.alcampo.es/media/h8b/hff/8891270365214.jpg","name":"Muslitos de mar ultracongelados PRODUCTO ALCAMPO 250 g.","price":"1,61 €","offer_price":0,"offer_type":null,"stock":false,"super":"alcampo"},{"img":"https://www.alcampo.es/media/h30/h29/10669960921118.jpg","name":"Palitos de surimi con sabor cangrejo PRODUCTO ECONÓMICO ALCAMPO 900 gr","price":"2,99 €","offer_price":0,"offer_type":null,"stock":false,"super":"alcampo"},{"img":"https://www.alcampo.es/media/h29/h08/9206122741790.jpg","name":"Rollitos de mar sin conservantes, ni colorantes PESCANOVA 450 g.","price":"2,40 €","offer_price":0,"offer_type":null,"stock":false,"super":"alcampo"},{"img":"https://www.alcampo.es/media/h3b/h86/8898195947550.jpg","name":"Colas de langosta ultracongeladas ALIGATOR 250 g.","price":"1,49 €","offer_price":0,"offer_type":null,"stock":false,"super":"alcampo"},{"img":"https://www.alcampo.es/media/hda/hd7/9415362412574.jpg","name":"Salchichas de salmón EMBUMAR 140 g.","price":"1 €","offer_price":0,"offer_type":null,"stock":false,"super":"alcampo"},{"img":"https://www.alcampo.es/media/h50/h38/8900150886430.jpg","name":"Muslitos de mar PRODUCTO ALCAMPO 1 kilogramo","price":"6,49 €","offer_price":0,"offer_type":null,"stock":false,"super":"alcampo"},{"img":"https://www.alcampo.es/media/h6e/h6c/10831631155230.jpg","name":"Surimi (sucedáneo de gulas) al ajillo ORBE 50 g.","price":"1,41 €","offer_price":0,"offer_type":null,"stock":false,"super":"alcampo"},{"img":"https://www.alcampo.es/media/h23/h16/8959968215070.jpg","name":"Tronquitos de Alaska FRUDESA 450 gr","price":"2,48 €","offer_price":0,"offer_type":null,"stock":false,"super":"alcampo"},{"img":"https://www.alcampo.es/media/h03/ha4/8959950389278.jpg","name":"Sucedáneo de angulas PESCANOVA 200 gr","price":"1,86 €","offer_price":0,"offer_type":null,"stock":false,"super":"alcampo"},{"img":"https://www.alcampo.es/media/h47/h0a/9539638362142.jpg","name":"Antojos de aguinaga ultracongeldos PRODUCTO ECONÓMICO ALCAMPO 200 g.","price":"1,47 €","offer_price":0,"offer_type":null,"stock":false,"super":"alcampo"},{"img":"https://www.alcampo.es/media/h9a/h83/10712333418526.jpg","name":"Barritas de surimi ultracongelado, 0% materia grasa KRISIA 12 uds.","price":"1,80 €","offer_price":0,"offer_type":null,"stock":false,"super":"alcampo"},{"img":"https://www.alcampo.es/media/h5a/hc0/10911502860318.jpg","name":"Sucedaneo de angulas ultracongelado LA GULA DEL NORTE 2 x 200 g.","price":"8,25 €","offer_price":0,"offer_type":null,"stock":false,"super":"alcampo"},{"img":"https://www.alcampo.es/media/h48/h92/9068258131998.jpg","name":"Sucedáneo de angulas LA GULA del NORTE 3 x 200 g.","price":"10,39 €","offer_price":0,"offer_type":null,"stock":false,"super":"alcampo"},{"img":"https://www.alcampo.es/media/hbb/h41/10784185253918.jpg","name":"Sucedáneo de angulas con gambas LA GULA DEL NORTE 2 x 125 g.","price":"4,28 €","offer_price":0,"offer_type":null,"stock":false,"super":"alcampo"},{"img":"https://www.alcampo.es/media/h83/h92/10231507779614.jpg","name":"Sucedaneo de angulas ultracongelado y elaborado sin gluten PRODUCTO ALCAMPO 200 g.","price":"2,14 €","offer_price":0,"offer_type":null,"stock":false,"super":"alcampo"},{"img":"https://www.alcampo.es/media/he2/h75/10867963428894.jpg","name":"Sucedáneo de angulas al ajillo LA GULA DEL NORTE Al minuto 2 x 125 g.","price":"4,28 €","offer_price":0,"offer_type":null,"stock":false,"super":"alcampo"},{"img":"https://www.alcampo.es/media/h1c/h4a/10481924833310.jpg","name":"Sucedaneo de angulas sin gluen y reducidas en sal LA GULA DEL NORTE 2 x 95 g.","price":"4,84 €","offer_price":0,"offer_type":null,"stock":false,"super":"alcampo"},{"img":"https://www.alcampo.es/media/he2/h23/9645019856926.jpg","name":"Anguriñas con gambas PESCANOVA 200 g.","price":"3,56 €","offer_price":0,"offer_type":null,"stock":false,"super":"alcampo"},{"img":"https://www.alcampo.es/media/h56/h5d/8884837449758.jpg","name":"Sucedáneo de angulas ANGULAS MAYOZ 400 gr","price":"3,75 €","offer_price":0,"offer_type":null,"stock":false,"super":"alcampo"}]