[{"img":"https://www.alcampo.es/media/hbe/he4/9657227968542.jpg","name":"Brócoli seleccionado y ultracongelado PRODUCTO ALCAMPO 1 Kg.","price":"1,34 €","offer_price":0,"offer_type":null,"stock":false,"super":"alcampo"},{"img":"https://www.alcampo.es/media/h20/h22/9712644522014.jpg","name":"Cebolla cortada en dados PRODUCTO ALCAMPO 400 g.","price":"0,61 €","offer_price":0,"offer_type":null,"stock":false,"super":"alcampo"},{"img":"https://www.alcampo.es/media/hbc/hb4/9771325358110.jpg","name":"Judías verdes planas seleccionadas y troceadas PRODUCTO ALCAMPO 1 kg.","price":"0,98 €","offer_price":0,"offer_type":null,"stock":false,"super":"alcampo"},{"img":"https://www.alcampo.es/media/h9c/h5e/9678989492254.jpg","name":"Guisantes finos PRODUCTO ALCAMPO 1 kg.","price":"1,07 €","offer_price":0,"offer_type":null,"stock":false,"super":"alcampo"},{"img":"https://www.alcampo.es/media/h77/hbf/9657373327390.jpg","name":"Coliflor seleccionada y ultracongelada PRODUCTO ALCAMPO 1 Kg.","price":"1,20 €","offer_price":0,"offer_type":null,"stock":false,"super":"alcampo"},{"img":"https://www.alcampo.es/media/h1c/hed/9679100870686.jpg","name":"Ensaladilla (menestra) de verduras PRODUCTO ALCAMPO 1 kg.","price":"0,66 €","offer_price":0,"offer_type":null,"stock":false,"super":"alcampo"},{"img":"https://www.alcampo.es/media/h5f/h8c/9678995849246.jpg","name":"Hojas de espinaca en porciones PRODUCTO ALCAMPO 1 Kg.","price":"1,08 €","offer_price":0,"offer_type":null,"stock":false,"super":"alcampo"},{"img":"https://www.alcampo.es/media/h93/h80/9678994472990.jpg","name":"Guisantes ultracongelados PRODUCTO ECONÓMICO ALCAMPO 750 g.","price":"0,80 €","offer_price":0,"offer_type":null,"stock":false,"super":"alcampo"},{"img":"https://www.alcampo.es/media/h02/h7f/9679068266526.jpg","name":"Menestra de verduras elaborada con verduras seleccionadas PRODUCTO ALCAMPO 1 kg.","price":"1,81 €","offer_price":0,"offer_type":null,"stock":false,"super":"alcampo"},{"img":"https://www.alcampo.es/media/h8a/hba/9537595801630.jpg","name":"Guisantes finos cosechados y congelados en menos de 1 día FINDUS 400 g.","price":"1,61 €","offer_price":0,"offer_type":null,"stock":false,"super":"alcampo"},{"img":"https://www.alcampo.es/media/he5/h38/8959966412830.jpg","name":"Verduras para hacer sofrito FINDUS 250 g.","price":"1,65 €","offer_price":0,"offer_type":null,"stock":false,"super":"alcampo"},{"img":"https://www.alcampo.es/media/h45/h2d/9712629284894.jpg","name":"Relleno para fajitas con verduras seleccionadas PRODUCTO ALCAMPO 250 g.","price":"1,26 €","offer_price":0,"offer_type":null,"stock":false,"super":"alcampo"},{"img":"https://www.alcampo.es/media/h10/hf3/9678998339614.jpg","name":"Espinacas ultracongeladas en porciones PRODUCTO ECONÓMICO ALCAMPO 750 g.","price":"0,80 €","offer_price":0,"offer_type":null,"stock":false,"super":"alcampo"},{"img":"https://www.alcampo.es/media/h84/h4d/9771332141086.jpg","name":"Parrillada de verduras al estilo campestre PRODUCTO ALCAMPO 250 g.","price":"1,22 €","offer_price":0,"offer_type":null,"stock":false,"super":"alcampo"},{"img":"https://www.alcampo.es/media/hcc/h2d/10801853464606.jpg","name":"Guisantes finos cosechados y congelados en menos de 1 día FINDUS 1 kg.","price":"3,75 €","offer_price":0,"offer_type":null,"stock":false,"super":"alcampo"},{"img":"https://www.alcampo.es/media/hae/hfa/9537524138014.jpg","name":"Espinacas cortadas, cosechadas y congeladas en menos de 1 día FINDUS 400 g.","price":"1,62 €","offer_price":0,"offer_type":null,"stock":false,"super":"alcampo"},{"img":"https://www.alcampo.es/media/hea/ha2/9678996701214.jpg","name":"Judías verdes redondas troceadas y ultracongeladas PRODUCTO ALCAMPO 1 kg.","price":"0,98 €","offer_price":0,"offer_type":null,"stock":false,"super":"alcampo"},{"img":"https://www.alcampo.es/media/hdb/h7f/9765843337246.jpg","name":"Coles de Bruselas enteras y seleccionadas PRODUCTO ALCAMPO 450 g.","price":"0,78 €","offer_price":0,"offer_type":null,"stock":false,"super":"alcampo"},{"img":"https://www.alcampo.es/media/h31/h8b/9712629678110.jpg","name":"Zanahorias baby enteras y limpias PRODUCTO ALCAMPO 400 g.","price":"0,73 €","offer_price":0,"offer_type":null,"stock":false,"super":"alcampo"},{"img":"https://www.alcampo.es/media/h5e/hde/10219908431902.jpg","name":"Ensaladilla (Patatas, guisantes, zanahorias y judias verdes) PRODUCTO ECONÓMICO ALCAMPO 750 g.","price":"1 €","offer_price":0,"offer_type":null,"stock":false,"super":"alcampo"},{"img":"https://www.alcampo.es/media/h8e/hc7/10261103738910.jpg","name":"Alcachofas seleccionadas, limpias y troceadas PRODUCTO ALCAMPO 450 g.","price":"1,75 €","offer_price":0,"offer_type":null,"stock":false,"super":"alcampo"},{"img":"https://www.alcampo.es/media/h94/h54/9712632135710.jpg","name":"Revuelto de ajetes, espárragos trigueros y gambas PRODUCTO ALCAMPO 400 g.","price":"2,03 €","offer_price":0,"offer_type":null,"stock":false,"super":"alcampo"},{"img":"https://www.alcampo.es/media/h49/h2f/9304869863454.jpg","name":"Calabaza pelada, troceada y ultracongelada CONGELADOS DE NAVARRA P.N. 400 g.","price":"1 €","offer_price":0,"offer_type":null,"stock":false,"super":"alcampo"},{"img":"https://www.alcampo.es/media/h16/hea/9679002435614.jpg","name":"Menestra de verduras ultracongelada PRODUCTO ECONÓMICO ALCAMPO 750 g.","price":"0,77 €","offer_price":0,"offer_type":null,"stock":false,"super":"alcampo"},{"img":"https://www.alcampo.es/media/h2e/h2a/8939953815582.jpg","name":"Ajo troceado ultracongelado FINDUS 75 g.","price":"1,72 €","offer_price":0,"offer_type":null,"stock":false,"super":"alcampo"},{"img":"https://www.alcampo.es/media/hd8/hde/9765849268254.jpg","name":"Guisantes muy finos y tiernos, ultracongelados ALCAMPO GOURMET 400 g.","price":"0,72 €","offer_price":0,"offer_type":null,"stock":false,"super":"alcampo"},{"img":"https://www.alcampo.es/media/h15/hb0/9743858728990.jpg","name":"Preparado de verduras para pisto PRODUCTO ALCAMPO 450 g.","price":"1,58 €","offer_price":0,"offer_type":null,"stock":false,"super":"alcampo"},{"img":"https://www.alcampo.es/media/hf2/hd5/9426975621150.jpg","name":"Edamame ultracongelado sin conservantes ni colorantes LA CUERVA 300 g.","price":"1,90 €","offer_price":0,"offer_type":null,"stock":false,"super":"alcampo"},{"img":"https://www.alcampo.es/media/h1b/ha2/9537530363934.jpg","name":"Guisantes superfinos seleccionados y congelados en pocas horas FINDUS 400 g.","price":"2,15 €","offer_price":0,"offer_type":null,"stock":false,"super":"alcampo"},{"img":"https://www.alcampo.es/media/h76/hf2/10801860575262.jpg","name":"Menestra de verduras ultracongelada FINDUS 1 kg.","price":"3,75 €","offer_price":0,"offer_type":null,"stock":false,"super":"alcampo"},{"img":"https://www.alcampo.es/media/h93/h53/10420606730270.jpg","name":"Salteado de espinacas, pasas y piñones PRODUCTO ALCAMPO 400 g.","price":"1,85 €","offer_price":0,"offer_type":null,"stock":false,"super":"alcampo"},{"img":"https://www.alcampo.es/media/hfe/hb9/10261100331038.jpg","name":"Corazones de alcachofas seleccionados PRODUCTO ALCAMPO 400 g.","price":"2,39 €","offer_price":0,"offer_type":null,"stock":false,"super":"alcampo"},{"img":"https://www.alcampo.es/media/hf6/h57/10801766465566.jpg","name":"Judías verdes planas cosechadas y congeladas en menos de 1 día FINDUS 1 kg.","price":"3,75 €","offer_price":0,"offer_type":null,"stock":false,"super":"alcampo"},{"img":"https://www.alcampo.es/media/hbb/hb3/9657372835870.jpg","name":"Acelgas seleccionadas en porciones PRODUCTO ALCAMPO 1 kg.","price":"1,64 €","offer_price":0,"offer_type":null,"stock":false,"super":"alcampo"},{"img":"https://www.alcampo.es/media/h8b/hd3/9465761628190.jpg","name":"Brócoli ultracongelado FINDUS 675 g.","price":"3,40 €","offer_price":0,"offer_type":null,"stock":false,"super":"alcampo"},{"img":"https://www.alcampo.es/media/h19/hea/9679066333214.jpg","name":"Judías verdes planas troceadas y ultracongeladas PRODUCTO ECONÓMICO ALCAMPO 750 g.","price":"0,73 €","offer_price":0,"offer_type":null,"stock":false,"super":"alcampo"},{"img":"https://www.alcampo.es/media/h57/h6a/9743854632990.jpg","name":"Maíz dulce en grano, ultracongelado PRODUCTO ALCAMPO 400 g.","price":"0,73 €","offer_price":0,"offer_type":null,"stock":false,"super":"alcampo"},{"img":"https://www.alcampo.es/media/h43/h7a/9771304452126.jpg","name":"Judías verde redondas y extrafinas PRODUCTO GOURMET 400 g.","price":"0,89 €","offer_price":0,"offer_type":null,"stock":false,"super":"alcampo"},{"img":"https://www.alcampo.es/media/h6b/h34/9156469587998.jpg","name":"Cebolla troceada y ultracongelada FINDUS 250 g.","price":"1,50 €","offer_price":0,"offer_type":null,"stock":false,"super":"alcampo"},{"img":"https://www.alcampo.es/media/he0/h9d/9679076687902.jpg","name":"Espárragos verdes (tallos y puntas) utracongelados PRODUCTO ALCAMPO 300 g.","price":"1,89 €","offer_price":0,"offer_type":null,"stock":false,"super":"alcampo"},{"img":"https://www.alcampo.es/media/hf4/h11/9679094906910.jpg","name":"Habas finas PRODUCTO ALCAMPO 450 g.","price":"1,09 €","offer_price":0,"offer_type":null,"stock":false,"super":"alcampo"},{"img":"https://www.alcampo.es/media/hb0/h5c/10483838877726.jpg","name":"Bolsa de espárragos verdes enteros FINDUS 200 g.","price":"2,70 €","offer_price":0,"offer_type":null,"stock":false,"super":"alcampo"},{"img":"https://www.alcampo.es/media/hd3/h84/8975046180894.jpg","name":"Verduras al vapor con un toque de aceite de oliva FINDUS Gourmet 350 g.","price":"2,34 €","offer_price":0,"offer_type":null,"stock":false,"super":"alcampo"},{"img":"https://www.alcampo.es/media/h36/hb6/9363279413278.jpg","name":"Coraznoes de alcachofas de origen nacional, troceados y ultracongelados FINDUS 300 g.","price":"2,90 €","offer_price":0,"offer_type":null,"stock":false,"super":"alcampo"},{"img":"https://www.alcampo.es/media/h04/h4f/9470680465438.jpg","name":"Pisto con tomate ultracongelado SALTO de Findus 450 g.","price":"2,63 €","offer_price":0,"offer_type":null,"stock":false,"super":"alcampo"},{"img":"https://www.alcampo.es/media/h72/hd7/9537513422878.jpg","name":"Ensaladilla de verduras (zanahoria, guistantes y judias verdes) con patata FINDUS 1 kg.","price":"3,52 €","offer_price":0,"offer_type":null,"stock":false,"super":"alcampo"},{"img":"https://www.alcampo.es/media/hf7/h48/10801847304222.jpg","name":"Espinacas en hojas cosechadas y congeladas en menos de 1 día FINDUS 1 kg.","price":"3,75 €","offer_price":0,"offer_type":null,"stock":false,"super":"alcampo"},{"img":"https://www.alcampo.es/media/h63/h54/9537492877342.jpg","name":"Ensaladilla de patata, zanahoria, judía verde redonda y guisantes FINDUS 400 g.","price":"1,65 €","offer_price":0,"offer_type":null,"stock":false,"super":"alcampo"},{"img":"https://www.alcampo.es/media/h69/h0d/10483614810142.jpg","name":"Menestra de la huerta (champiñones, cardo y zanahorias baby) FINDUS 750 g.","price":"3,40 €","offer_price":0,"offer_type":null,"stock":false,"super":"alcampo"},{"img":"https://www.alcampo.es/media/h9a/ha4/10420579729438.jpg","name":"Brócolí, coliflor y zanahorias, limpias, troceadas y ultracongeladas PRODUCTO ALCAMPO 1 kg.","price":"1,84 €","offer_price":0,"offer_type":null,"stock":false,"super":"alcampo"},{"img":"https://www.alcampo.es/media/hb0/h47/9537587511326.jpg","name":"Espinacas en hojas cosechadas y congeladas en menos de 1 día FINDUS 400 g.","price":"1,50 €","offer_price":0,"offer_type":null,"stock":false,"super":"alcampo"},{"img":"https://www.alcampo.es/media/h95/h64/8940056576030.jpg","name":"Selección ultracongelada de setas enteras FINDUS 300 g.","price":"2,63 €","offer_price":0,"offer_type":null,"stock":false,"super":"alcampo"},{"img":"https://www.alcampo.es/media/h9c/hdf/9031386333214.jpg","name":"Bolsa de espinacas a la crema, sin colorantes, ni conservantes FINDUS 450 g.","price":"2,72 €","offer_price":0,"offer_type":null,"stock":false,"super":"alcampo"},{"img":"https://www.alcampo.es/media/hb9/h21/10420703887390.jpg","name":"Alcachofas baby seleccionadas y ultracongeladas PRODUCTO ALCAMPO 300 g.","price":"2,49 €","offer_price":0,"offer_type":null,"stock":false,"super":"alcampo"},{"img":"https://www.alcampo.es/media/hfa/h13/10219861442590.jpg","name":"Selección ultracongelada de verduras para paella (judia verde plana, garrafón y alubia blanca) PRODUCTO ALCAMPO 450 g.","price":"0,74 €","offer_price":0,"offer_type":null,"stock":false,"super":"alcampo"},{"img":"https://www.alcampo.es/media/he7/hf4/10801825087518.jpg","name":"Judías verdes redondas y troceadas, cosechadas y congeladas en menos de 1 día FINDUS 1 kg.","price":"3,75 €","offer_price":0,"offer_type":null,"stock":false,"super":"alcampo"},{"img":"https://www.alcampo.es/media/h92/h28/9965383450654.jpg","name":"Sabrosa mezcla de setas, 100% naturales, sin conservantes ni colorantes LA CUERVA 300 g (P.N.)","price":"1,99 €","offer_price":0,"offer_type":null,"stock":false,"super":"alcampo"},{"img":"https://www.alcampo.es/media/h08/hc2/8939971510302.jpg","name":"Perejil troceado ultracongelado FINDUS 50 g.","price":"1,25 €","offer_price":0,"offer_type":null,"stock":false,"super":"alcampo"},{"img":"https://www.alcampo.es/media/hdb/h43/9042714886174.jpg","name":"Bolsa de cubitos de hielo PEÑA 2 kg.","price":"0,89 €","offer_price":0,"offer_type":null,"stock":false,"super":"alcampo"},{"img":"https://www.alcampo.es/media/h89/h1b/9470693834782.jpg","name":"Menestra tradicional de verduras SALTO de Findus 450 g.","price":"2,64 €","offer_price":0,"offer_type":null,"stock":false,"super":"alcampo"},{"img":"https://www.alcampo.es/media/h1a/ha0/9537528758302.jpg","name":"Judías verdes planas troceadas, cosechadas y congeladas en menos de 1 días FINDUS 400 g.","price":"1,55 €","offer_price":0,"offer_type":null,"stock":false,"super":"alcampo"},{"img":"https://www.alcampo.es/media/hdf/hfe/9537548386334.jpg","name":"Espinacas al ajillo, sin conservantes ni colorantes FINDUS 450 g.","price":"2,72 €","offer_price":0,"offer_type":null,"stock":false,"super":"alcampo"},{"img":"https://www.alcampo.es/media/h3f/h66/8902540132382.jpg","name":"Preparado de espinacas con pasas y piñones FINDUS 400 g.","price":"2,66 €","offer_price":0,"offer_type":null,"stock":false,"super":"alcampo"},{"img":"https://www.alcampo.es/media/h3e/hfc/9465737674782.jpg","name":"Floretes de coliflor ultracongelados FINDUS 400 g.","price":"1,74 €","offer_price":0,"offer_type":null,"stock":false,"super":"alcampo"},{"img":"https://www.alcampo.es/media/h65/h2a/9792539131934.jpg","name":"Garbanzos pre-cocidos y ultracongelados PRODUCTO ALCAMPO 400 g.","price":"1,04 €","offer_price":0,"offer_type":null,"stock":false,"super":"alcampo"},{"img":"https://www.alcampo.es/media/h78/hc3/9537563983902.jpg","name":"Menestra de verduras, sin conservantes y congelada FINDUS 400 g.","price":"1,89 €","offer_price":0,"offer_type":null,"stock":false,"super":"alcampo"},{"img":"https://www.alcampo.es/media/h48/hb5/9537545928734.jpg","name":"Acelgas en hojas seleccionadas y congeladas en menos de 1 día FINDUS 400 g.","price":"1,74 €","offer_price":0,"offer_type":null,"stock":false,"super":"alcampo"},{"img":"https://www.alcampo.es/media/hda/h80/9538231730206.jpg","name":"Habas baby tienras, seleccionadas y congeladas en pocas horas FINDUS 400 g.","price":"3,62 €","offer_price":0,"offer_type":null,"stock":false,"super":"alcampo"},{"img":"https://www.alcampo.es/media/h7a/hfb/8959931580446.jpg","name":"Preparado de tortilla de patata con cebolla FINDUS COCINA FÁCIL bolsa de 550 gr","price":"3,28 €","offer_price":0,"offer_type":null,"stock":false,"super":"alcampo"},{"img":"https://www.alcampo.es/media/hd1/h74/10577592057886.jpg","name":"Edamame (granos de soja con vaina) salado, cocido y congelado MINNAMAE 120 g.","price":"1,40 €","offer_price":0,"offer_type":null,"stock":false,"super":"alcampo"},{"img":"https://www.alcampo.es/media/hda/hac/9537528922142.jpg","name":"Coles de Bruselas seleccionadas y congeladas en menos de 1 días FINDUS 400 g.","price":"2,05 €","offer_price":0,"offer_type":null,"stock":false,"super":"alcampo"},{"img":"https://www.alcampo.es/media/h19/hd6/9537512603678.jpg","name":"Judías verdes redondas, troceadas y consechadas y congelaas en menos de 1 día FINDUS 400 g.","price":"1,89 €","offer_price":0,"offer_type":null,"stock":false,"super":"alcampo"},{"img":"https://www.alcampo.es/media/hf5/he7/9156342677534.jpg","name":"Zanahoria baby ultracongeladas FINDUS 300 g.","price":"1,65 €","offer_price":0,"offer_type":null,"stock":false,"super":"alcampo"},{"img":"https://www.alcampo.es/media/he4/hb7/8875197923358.jpg","name":"Bolsa de verduras cuatro estaciones al vapor FINDUS 400 g.","price":"2,34 €","offer_price":0,"offer_type":null,"stock":false,"super":"alcampo"},{"img":"https://www.alcampo.es/media/h5c/h3c/9470693670942.jpg","name":"Salteado de setas con ajo y perejil FINDUS 350 g","price":"2,69 €","offer_price":0,"offer_type":null,"stock":false,"super":"alcampo"},{"img":"https://www.alcampo.es/media/h8c/hb5/9770173759518.jpg","name":"Bolsa con salteado de patatas, carne (de origen nacional) y baicon SALTO de Findus 400 g.","price":"2,79 €","offer_price":0,"offer_type":null,"stock":false,"super":"alcampo"},{"img":"https://www.alcampo.es/media/hac/h73/9538213543966.jpg","name":"Judía entera extrafina seleccionadas y congeladas en pocas horas FINDUS 400 g.","price":"2,15 €","offer_price":0,"offer_type":null,"stock":false,"super":"alcampo"},{"img":"https://www.alcampo.es/media/hb8/h6a/9465768312862.jpg","name":"Pochas ultracongeladas FINDU 400 g.","price":"2,39 €","offer_price":0,"offer_type":null,"stock":false,"super":"alcampo"},{"img":"https://www.alcampo.es/media/hb0/h9e/9537494810654.jpg","name":"Guisantes con jamón ultracongelados FINDUS 450 g.","price":"2,66 €","offer_price":0,"offer_type":null,"stock":false,"super":"alcampo"},{"img":"https://www.alcampo.es/media/h3c/hc8/10829292896286.jpg","name":"Judia verde redonda de origen 100% ecológico VERLEAL Bio 400 g.","price":"2,30 €","offer_price":0,"offer_type":null,"stock":false,"super":"alcampo"},{"img":"https://www.alcampo.es/media/h57/h29/8960010813470.jpg","name":"Salteado de setas FINDUS COCINA FÁCIL bolsa de 300 gr","price":"2,75 €","offer_price":0,"offer_type":null,"stock":false,"super":"alcampo"},{"img":"https://www.alcampo.es/media/h7e/h20/9770029678622.jpg","name":"Bolsa con salteado de patatas, jamón y queso SALTO de Findus 400 g.","price":"2,79 €","offer_price":0,"offer_type":null,"stock":false,"super":"alcampo"},{"img":"https://www.alcampo.es/media/hda/h1f/9588964491294.jpg","name":"Brócoli congelado y cortado imitando la forma del arroz BONDUELLE 400 g.","price":"1,97 €","offer_price":0,"offer_type":null,"stock":false,"super":"alcampo"},{"img":"https://www.alcampo.es/media/h90/h6a/10829202292766.jpg","name":"Guisantes finos de origen 100% ecológico VERLEAL Bio 400 g.","price":"2,30 €","offer_price":0,"offer_type":null,"stock":false,"super":"alcampo"},{"img":"https://www.alcampo.es/media/h9e/hc0/10398805753886.jpg","name":"Maiz superdulce ultracongelado FINDUS 300 g.","price":"2,15 €","offer_price":0,"offer_type":null,"stock":false,"super":"alcampo"},{"img":"https://www.alcampo.es/media/hc0/hfd/9470654611486.jpg","name":"Habas con jamón ultracongeladas FINDUS 230 g.","price":"2,58 €","offer_price":0,"offer_type":null,"stock":false,"super":"alcampo"},{"img":"https://www.alcampo.es/media/h8b/h1f/9861315624990.jpg","name":"Brocoli de vendimia 100% ecológica, congelado VERLEAL 300 g.","price":"2,30 €","offer_price":0,"offer_type":null,"stock":false,"super":"alcampo"},{"img":"https://www.alcampo.es/media/h2a/h50/9155701768222.jpg","name":"Judias verdes planas y cortadas con patatas FINDUS 750 g.","price":"3,09 €","offer_price":0,"offer_type":null,"stock":false,"super":"alcampo"},{"img":"https://www.alcampo.es/media/ha7/h1b/9156363681822.jpg","name":"Cardo troceado y ultracongelado FINDUS 400 g.","price":"2,92 €","offer_price":0,"offer_type":null,"stock":false,"super":"alcampo"},{"img":"https://www.alcampo.es/media/h8e/h10/9304898863134.jpg","name":"Quinoa precocida y ultracongelada CONGELADOS DE NAVARRA 4 x 125 g.","price":"3,25 €","offer_price":0,"offer_type":null,"stock":false,"super":"alcampo"},{"img":"https://www.alcampo.es/media/ha3/hf3/9588981727262.jpg","name":"Espinacas en hojas superpuestas, cortadas en porciones y ultracongeladas BONDUELLE 400 g.","price":"1,74 €","offer_price":0,"offer_type":null,"stock":false,"super":"alcampo"},{"img":"https://www.alcampo.es/media/h13/ha1/8890812006430.jpg","name":"Bolsa de guisantes finos al vapor FINDUS 400 g.","price":"2,37 €","offer_price":0,"offer_type":null,"stock":false,"super":"alcampo"},{"img":"https://www.alcampo.es/media/h52/hec/9155662643230.jpg","name":"Grelos en cómodas y prácticas raciones FINDUS 400 g.","price":"1,95 €","offer_price":0,"offer_type":null,"stock":false,"super":"alcampo"},{"img":"https://www.alcampo.es/media/h0f/hb5/8900700405790.jpg","name":"Bolsa isotérmica PRODUCTO ALCAMPO 1 unidad","price":"2,29 €","offer_price":0,"offer_type":null,"stock":false,"super":"alcampo"},{"img":"https://www.alcampo.es/media/h6e/h86/10389368012830.jpg","name":"Bolsa de hielo picado VALMAR 2 kg.","price":"1,29 €","offer_price":0,"offer_type":null,"stock":false,"super":"alcampo"},{"img":"https://www.alcampo.es/media/h6d/h0b/8899286663198.jpg","name":"Bolsa isotérmica PINGÜIN 1 unidad","price":"1,39 €","offer_price":0,"offer_type":null,"stock":false,"super":"alcampo"},{"img":"https://www.alcampo.es/media/hea/ha2/9965506822174.jpg","name":"Boletus congelados, 100% naturales y sin conservantes ni colorantes LA CUERVA 300 g. (P.N.)","price":"3,99 €","offer_price":0,"offer_type":null,"stock":false,"super":"alcampo"},{"img":"https://www.alcampo.es/media/h15/hae/8960052625438.jpg","name":"Verduras de primavera ultracongeladas FINDUS 600 g","price":"2,99 €","offer_price":0,"offer_type":null,"stock":false,"super":"alcampo"}]