[{"img":"https://www.alcampo.es/media/h0c/h06/9367303651358.jpg","name":"Champiñón 350 g.","price":"1 €","offer_price":0,"offer_type":null,"stock":false,"super":"alcampo"},{"img":"https://www.alcampo.es/media/hba/hd3/8889270140958.jpg","name":"Champiñón laminado ALCAMPO PRODUCCIÓN CONTROLADA 250 g.","price":"1,39 €","offer_price":0,"offer_type":null,"stock":false,"super":"alcampo"},{"img":"https://www.alcampo.es/media/hca/h94/9776840998942.jpg","name":"Champiñones barqueta 600 g","price":"1,99 €","offer_price":0,"offer_type":null,"stock":false,"super":"alcampo"},{"img":"https://www.alcampo.es/media/h55/h66/8874112581662.jpg","name":"Champiñones Portobello ALCAMPO PRODUCCIÓN CONTROLADA 250 g.","price":"1,49 €","offer_price":0,"offer_type":null,"stock":false,"super":"alcampo"},{"img":"https://www.alcampo.es/media/h9b/hd0/9310973853726.jpg","name":"Setas 200 g.","price":"1,29 €","offer_price":0,"offer_type":null,"stock":false,"super":"alcampo"},{"img":"https://www.alcampo.es/media/h67/h5d/8898504032286.jpg","name":"Seta Shiitake ALCAMPO PRODUCCIÓN CONTROLADA 200 g.","price":"2,29 €","offer_price":0,"offer_type":null,"stock":false,"super":"alcampo"},{"img":"https://www.alcampo.es/media/h7d/hb3/9792527269918.jpg","name":"Setas barqueta 400 g.","price":"1,74 €","offer_price":0,"offer_type":null,"stock":false,"super":"alcampo"},{"img":"https://www.alcampo.es/media/hcf/h03/9227194728478.jpg","name":"Minisetas HONGOS Bandeja de 200 Gramos","price":"1,89 €","offer_price":0,"offer_type":null,"stock":false,"super":"alcampo"},{"img":"https://www.alcampo.es/media/h42/hb6/10788878123038.jpg","name":"Champiñón blanco ecológico ALCAMPO PRODUCCIÓN CONTROLADA ECOLÓGICO 250 g.","price":"2,29 €","offer_price":0,"offer_type":null,"stock":false,"super":"alcampo"},{"img":"https://www.alcampo.es/media/ha9/h19/9227245027358.jpg","name":"Combinado 4 setas 200 gramos","price":"2,49 €","offer_price":0,"offer_type":null,"stock":false,"super":"alcampo"},{"img":"https://www.alcampo.es/media/h81/hb8/8902032556062.jpg","name":"Setas surtidos ALCAMPO PRODUCCIÓN CONTROLADA 300 g.","price":"3,29 €","offer_price":0,"offer_type":null,"stock":false,"super":"alcampo"},{"img":"https://www.alcampo.es/media/h67/h23/10758620020766.jpg","name":"Mezcla de setas de cultivo para wok LAUMONT 150 g.","price":"3,05 €","offer_price":0,"offer_type":null,"stock":false,"super":"alcampo"},{"img":"https://www.alcampo.es/media/hd5/h2d/10788979703838.jpg","name":"Seta Ostra ecológica ALCAMPO PRODUCCIÓN CONTROLADA ECOLÓGICO 150 g.","price":"1,99 €","offer_price":0,"offer_type":null,"stock":false,"super":"alcampo"},{"img":"https://www.alcampo.es/media/hec/h62/10758628016158.jpg","name":"Mezcla de setas de cultivo para huevo LAUMONT 150 g.","price":"2,39 €","offer_price":0,"offer_type":null,"stock":false,"super":"alcampo"},{"img":"https://www.alcampo.es/media/h86/he8/9535333269534.jpg","name":"Boletus deshidratado TREVIJANO 40 g.","price":"4,99 €","offer_price":0,"offer_type":null,"stock":false,"super":"alcampo"},{"img":"https://www.alcampo.es/media/h41/h56/9302395060254.jpg","name":"Seta cardo ALCAMPO PRODUCCIÓN CONTROLADA 200 g.","price":"2,69 €","offer_price":0,"offer_type":null,"stock":false,"super":"alcampo"},{"img":"https://www.alcampo.es/media/h53/h1a/8962591686686.jpg","name":"Seta Chopo 250 gramos","price":"2,79 €","offer_price":0,"offer_type":null,"stock":false,"super":"alcampo"},{"img":"https://www.alcampo.es/media/he8/h38/9210801258526.jpg","name":"Setas de cardo mini (Pleurotuseryngii) CASTAÑÒN 200 g","price":"2,79 €","offer_price":0,"offer_type":null,"stock":false,"super":"alcampo"}]