[{"img":"https://www.alcampo.es/media/h88/h7f/10504533245982.jpg","name":"Ensalada Original FLORETTE GOURMET Bolsa de 175 g.","price":"1,71 €","offer_price":0,"offer_type":null,"stock":false,"super":"alcampo"},{"img":"https://www.alcampo.es/media/hab/hbe/10404267360286.jpg","name":"Espinacas troceadas PRODUCTO ECONÓMICO ALCAMPO 300 g.","price":"0,94 €","offer_price":0,"offer_type":null,"stock":false,"super":"alcampo"},{"img":"https://www.alcampo.es/media/hf4/h22/9807848636446.jpg","name":"Canónigo PRODUCTO ALCAMPO Bolsa de 125 g.","price":"0,88 €","offer_price":0,"offer_type":null,"stock":false,"super":"alcampo"},{"img":"https://www.alcampo.es/media/hf0/hf8/9807847063582.jpg","name":"Ensalada Mezcla Gourmet PRODUCTO ALCAMPO Bolsa de 175 g.","price":"1,03 €","offer_price":0,"offer_type":null,"stock":false,"super":"alcampo"},{"img":"https://www.alcampo.es/media/h71/h25/9888535379998.jpg","name":"Ensalada completa de pasta, rúcula, pollo y queso FLORETTE 320 g.","price":"2,72 €","offer_price":0,"offer_type":null,"stock":false,"super":"alcampo"},{"img":"https://www.alcampo.es/media/h41/h49/9888537739294.jpg","name":"Ensalada Classics FLORETTE PRIMEROS BROTES 100 g.","price":"1,68 €","offer_price":0,"offer_type":null,"stock":false,"super":"alcampo"},{"img":"https://www.alcampo.es/media/h23/h9d/10709485420574.jpg","name":"Ensalada Gourmet primeros brotes FLORETTE bolsa de 100 g.","price":"1,75 €","offer_price":0,"offer_type":null,"stock":false,"super":"alcampo"},{"img":"https://www.alcampo.es/media/h95/hd4/10819244589086.jpg","name":"Ensalad dúo canónigo y rúcula FLORETTE 100 g.","price":"1,49 €","offer_price":0,"offer_type":null,"stock":false,"super":"alcampo"},{"img":"https://www.alcampo.es/media/h36/h84/10404273553438.jpg","name":"Lechuga Iceberg PRODUCTO ALCAMPO 200 g.","price":"0,70 €","offer_price":0,"offer_type":null,"stock":false,"super":"alcampo"},{"img":"https://www.alcampo.es/media/h85/h65/9312780058654.jpg","name":"Calabaza limpia en tacos FRUJUCA 450 g.","price":"1,99 €","offer_price":0,"offer_type":null,"stock":false,"super":"alcampo"},{"img":"https://www.alcampo.es/media/h02/h3e/9582378450974.jpg","name":"Ensalada 4 estaciones PRODUCTO ECONÓMICO ALCAMPO 250 g.","price":"0,54 €","offer_price":0,"offer_type":null,"stock":false,"super":"alcampo"},{"img":"https://www.alcampo.es/media/h68/h75/9807847817246.jpg","name":"Rúcula PRODUCTO ALCAMPO bolsa de 100 g.","price":"0,99 €","offer_price":0,"offer_type":null,"stock":false,"super":"alcampo"},{"img":"https://www.alcampo.es/media/hb7/h30/9888552189982.jpg","name":"Espinacas FLORETTE PRIMEROS BROTES 125 g.","price":"1,78 €","offer_price":0,"offer_type":null,"stock":false,"super":"alcampo"},{"img":"https://www.alcampo.es/media/he0/h83/10404269654046.jpg","name":"Acelgas PRODUCTO ALCAMPO 300 g.","price":"0,99 €","offer_price":0,"offer_type":null,"stock":false,"super":"alcampo"},{"img":"https://www.alcampo.es/media/hde/hcf/9046030549022.jpg","name":"Tomate natural rallado VIBS 250 g ","price":"1,18 €","offer_price":0,"offer_type":null,"stock":false,"super":"alcampo"},{"img":"https://www.alcampo.es/media/hc2/h31/10404274372638.jpg","name":"Lechuga Romana PRODUCTO ALCAMPO 200 g","price":"1,04 €","offer_price":0,"offer_type":null,"stock":false,"super":"alcampo"},{"img":"https://www.alcampo.es/media/h5f/h73/10364211658782.jpg","name":"Ensalada de brotes de espinaca, brotes de lechuga verde y remolacha rallada PRODUCTO ALCAMPO 70 gramos","price":"0,71 €","offer_price":0,"offer_type":null,"stock":false,"super":"alcampo"},{"img":"https://www.alcampo.es/media/he8/h2c/9888522436638.jpg","name":"Ensalada Deluxe FLORETTE PRIMEROS BROTES 100 g.","price":"1,68 €","offer_price":0,"offer_type":null,"stock":false,"super":"alcampo"},{"img":"https://www.alcampo.es/media/h9a/h9d/8893513400350.jpg","name":"Brotes tiernos con rúcula PRODUCTO ALCAMPO bolsa de 100 g.","price":"1,58 €","offer_price":0,"offer_type":null,"stock":false,"super":"alcampo"},{"img":"https://www.alcampo.es/media/hb9/hca/9294094598174.jpg","name":"Brócoli preparado para microondas FLORETTE 225 g.","price":"1,59 €","offer_price":0,"offer_type":null,"stock":false,"super":"alcampo"},{"img":"https://www.alcampo.es/media/he7/h2e/9888539148318.jpg","name":"Ensalada César con pollo y queso FLORETTE 205 g.","price":"2,44 €","offer_price":0,"offer_type":null,"stock":false,"super":"alcampo"},{"img":"https://www.alcampo.es/media/h86/hf2/9295225683998.jpg","name":"Verduras para microondas al vapor (coliflor, brócoli y zanahoria) FLORETTE 275 g.","price":"1,55 €","offer_price":0,"offer_type":null,"stock":false,"super":"alcampo"},{"img":"https://www.alcampo.es/media/hbb/h9f/9888530858014.jpg","name":"Canónigos FLORETTE PRIMEROS BROTES 125 g.","price":"1,78 €","offer_price":0,"offer_type":null,"stock":false,"super":"alcampo"},{"img":"https://www.alcampo.es/media/he5/h7b/9302387327006.jpg","name":"Escarola Rizada PRODUCTO ALCAMPO Bolsa de 150 Gramos","price":"0,96 €","offer_price":0,"offer_type":null,"stock":false,"super":"alcampo"},{"img":"https://www.alcampo.es/media/h0e/ha6/10766030110750.jpg","name":"Ensalada César (salsa César, pechuga de pollo, picatostes y queso) PRODUCTO ALCAMPO 210 g.","price":"1,93 €","offer_price":0,"offer_type":null,"stock":false,"super":"alcampo"},{"img":"https://www.alcampo.es/media/h69/h5b/10231419502622.jpg","name":"Brotes de espinaca PRODUCTO ALCAMPO 150 g.","price":"1,59 €","offer_price":0,"offer_type":null,"stock":false,"super":"alcampo"},{"img":"https://www.alcampo.es/media/h57/h45/9807889268766.jpg","name":"Ensalada gourmet de escarola rizada, radicchio y canónigos ALCAMPO GOURMET bolsa de 320 g.","price":"1,64 €","offer_price":0,"offer_type":null,"stock":false,"super":"alcampo"},{"img":"https://www.alcampo.es/media/hd6/h67/9743707963422.jpg","name":"Ensalada Variada Maxi PRODUCTO ALCAMPO Bolsa de 300 g.","price":"1,24 €","offer_price":0,"offer_type":null,"stock":false,"super":"alcampo"},{"img":"https://www.alcampo.es/media/hab/h5b/9807875407902.jpg","name":"Ensalada variada (escarola lisa, escarola rizada y radicchio) PRODUCTO ALCAMPO bolsa de 200 g.","price":"0,99 €","offer_price":0,"offer_type":null,"stock":false,"super":"alcampo"},{"img":"https://www.alcampo.es/media/h2a/h0b/9186572730398.jpg","name":"Maíz cocido HUERCASA bolsa de 500 g.","price":"1,08 €","offer_price":0,"offer_type":null,"stock":false,"super":"alcampo"},{"img":"https://www.alcampo.es/media/h6e/hbe/10292639563806.jpg","name":"Canónigos Maxi PRODUCTO ALCAMPO Bolsa de 200 g.","price":"1,99 €","offer_price":0,"offer_type":null,"stock":false,"super":"alcampo"},{"img":"https://www.alcampo.es/media/hc0/h3d/9888517062686.jpg","name":"Ensalada rúcula FLORETTE PRIMEROS BROTES 100 g.","price":"1,78 €","offer_price":0,"offer_type":null,"stock":false,"super":"alcampo"},{"img":"https://www.alcampo.es/media/ha7/h50/8998719422494.jpg","name":"Brotes selectos de espinaca, rúcula y lechuga roja PRODUCTO ALCAMPO 70 g.","price":"0,69 €","offer_price":0,"offer_type":null,"stock":false,"super":"alcampo"},{"img":"https://www.alcampo.es/media/h09/h37/10292686356510.jpg","name":"Ensalada Maxi Iceberg PRODUCTO ALCAMPO 350 g.","price":"1,49 €","offer_price":0,"offer_type":null,"stock":false,"super":"alcampo"},{"img":"https://www.alcampo.es/media/h24/h45/10247785742366.jpg","name":"Ensalada 4 estaciones FLORETTE Bolsa de 250 g.","price":"0,93 €","offer_price":0,"offer_type":null,"stock":false,"super":"alcampo"},{"img":"https://www.alcampo.es/media/h02/hc2/10231426809886.jpg","name":"Mezcla de ensalada (hojas rojas y hojas verde listas para su consumo PRODUCTO ALCAMPO 70 gramos","price":"0,99 €","offer_price":0,"offer_type":null,"stock":false,"super":"alcampo"},{"img":"https://www.alcampo.es/media/hbc/hca/9888557793310.jpg","name":"Brotes de lechugas verdes y brote de lechuga roja Classics FLORETTE PRIMEROS BROTES 150 g.","price":"2,02 €","offer_price":0,"offer_type":null,"stock":false,"super":"alcampo"},{"img":"https://www.alcampo.es/media/h91/h9e/9144453398558.jpg","name":"Calabaza cortada rodajas FRUJUCA 500 Gramos","price":"1,59 €","offer_price":0,"offer_type":null,"stock":false,"super":"alcampo"},{"img":"https://www.alcampo.es/media/he4/h0f/9888520699934.jpg","name":"Ensalada Gourmet con nueces y queso de cabra FLORETTE 180 g.","price":"2,72 €","offer_price":0,"offer_type":null,"stock":false,"super":"alcampo"},{"img":"https://www.alcampo.es/media/h4e/h6e/10614109601822.jpg","name":"Escarola rizada PRODUCTO ALCAMPO 200 g.","price":"0,94 €","offer_price":0,"offer_type":null,"stock":false,"super":"alcampo"},{"img":"https://www.alcampo.es/media/h49/h5c/9888549044254.jpg","name":"Ensalada completa Ibérica con jamón y queso curado FLORETTE 200 g.","price":"2,72 €","offer_price":0,"offer_type":null,"stock":false,"super":"alcampo"},{"img":"https://www.alcampo.es/media/h3e/h71/9807872131102.jpg","name":"Maxi Ensalada 4 estaciones PRODUCTO ALCAMPO bolsa de 450 g.","price":"1,08 €","offer_price":0,"offer_type":null,"stock":false,"super":"alcampo"},{"img":"https://www.alcampo.es/media/hbb/ha9/10134154477598.jpg","name":"Ensalada completa con queso gorgonzola, membrilloa, pistachos, nueces y picos FLORETTE DELUXE 165 g.","price":"3,24 €","offer_price":0,"offer_type":null,"stock":false,"super":"alcampo"},{"img":"https://www.alcampo.es/media/hcb/hcc/9807864987678.jpg","name":"Zanahoria rallada PRODUCTO ALCAMPO bolsa de 150 g.","price":"0,74 €","offer_price":0,"offer_type":null,"stock":false,"super":"alcampo"},{"img":"https://www.alcampo.es/media/h25/h59/9312771244062.jpg","name":"Preparado de sopa juliana VEGAGREEN 400 g.","price":"1,34 €","offer_price":0,"offer_type":null,"stock":false,"super":"alcampo"},{"img":"https://www.alcampo.es/media/h6b/h7a/10285547683870.jpg","name":"Patatas al vapor, especial microondas UDAPA FÁCIL 400 g.","price":"1,69 €","offer_price":0,"offer_type":null,"stock":false,"super":"alcampo"},{"img":"https://www.alcampo.es/media/h66/h56/9888551469086.jpg","name":"Ensalada completa New Yorker FLORETTE barqueta 205 g.","price":"2,62 €","offer_price":0,"offer_type":null,"stock":false,"super":"alcampo"},{"img":"https://www.alcampo.es/media/h5a/h15/8869200527390.jpg","name":"Mini mazorcas cocidas de maíz dulce HUERCASA Easy eat 400 g.","price":"1,55 €","offer_price":0,"offer_type":null,"stock":false,"super":"alcampo"},{"img":"https://www.alcampo.es/media/he8/hea/10404276043806.jpg","name":"Ensalada de canónigo y rúcula Duet PRODUCTO ALCAMPO 50 g.","price":"0,59 €","offer_price":0,"offer_type":null,"stock":false,"super":"alcampo"},{"img":"https://www.alcampo.es/media/h15/hed/8962023522334.jpg","name":"Brotes tiernos de rúcula DIQUESÍ, bolsa de 50 g.","price":"0,74 €","offer_price":0,"offer_type":null,"stock":false,"super":"alcampo"},{"img":"https://www.alcampo.es/media/h25/h34/10614220324894.jpg","name":"Ensalada Primavera PRODUCTO ALCAMPO 200 g.","price":"1,10 €","offer_price":0,"offer_type":null,"stock":false,"super":"alcampo"},{"img":"https://www.alcampo.es/media/h2f/hf8/9294738980894.jpg","name":"Verduras para microondas al vapor ( Brocolí, zanahoria, puerro) FLORETTE 300 g.","price":"1,41 €","offer_price":0,"offer_type":null,"stock":false,"super":"alcampo"},{"img":"https://www.alcampo.es/media/hbd/h5f/8900914708510.jpg","name":"Ensalada de brotes de lechuga roja, brotes de lechuga verde y canónigos PRODUCTO ALCAMPO CAPRICCIO 50 gramos","price":"0,67 €","offer_price":0,"offer_type":null,"stock":false,"super":"alcampo"},{"img":"https://www.alcampo.es/media/he2/h49/10231428120606.jpg","name":"Ensalada Mezclum PRODUCTO ALCAMPO 150 g.","price":"1,10 €","offer_price":0,"offer_type":null,"stock":false,"super":"alcampo"},{"img":"https://www.alcampo.es/media/h13/h79/10292667023390.jpg","name":"Berros PRODUCTO ALCAMPO bolsa de 125 g.","price":"1,98 €","offer_price":0,"offer_type":null,"stock":false,"super":"alcampo"},{"img":"https://www.alcampo.es/media/h6e/he5/10224530554910.jpg","name":"Albahaca ALCAMPO PRODUCCIÓN CONTROLADA ECOLÓGICO","price":"1,39 €","offer_price":0,"offer_type":null,"stock":false,"super":"alcampo"},{"img":"https://www.alcampo.es/media/heb/h1b/9005876477982.jpg","name":"Ensalada tierna FLORETTE 110 g","price":"1,28 €","offer_price":0,"offer_type":null,"stock":false,"super":"alcampo"},{"img":"https://www.alcampo.es/media/h25/h72/8961996488734.jpg","name":"Brotes tiernos de canónigos DIQUESÍ, bolsa de 50 g.","price":"0,89 €","offer_price":0,"offer_type":null,"stock":false,"super":"alcampo"},{"img":"https://www.alcampo.es/media/h87/h8d/9312786743326.jpg","name":"Ensalada Mixta FRUJUCA 400 g.","price":"2,90 €","offer_price":0,"offer_type":null,"stock":false,"super":"alcampo"},{"img":"https://www.alcampo.es/media/he2/h19/9312772194334.jpg","name":"Zanahorias baby lista para consumir FRESQUIA bio 100 g.","price":"1,39 €","offer_price":0,"offer_type":null,"stock":false,"super":"alcampo"},{"img":"https://www.alcampo.es/media/h14/h23/9888528203806.jpg","name":"Ensalada completa con pavo y manzana FLORETTE ÓPTIMA 205 g,","price":"2,62 €","offer_price":0,"offer_type":null,"stock":false,"super":"alcampo"},{"img":"https://www.alcampo.es/media/h96/hbf/9888554811422.jpg","name":"Ensalada completa César American Style FLORETTE 200 g.","price":"2,72 €","offer_price":0,"offer_type":null,"stock":false,"super":"alcampo"},{"img":"https://www.alcampo.es/media/h5c/hbc/10884848451614.jpg","name":"Canónigo y ramillete rojo/verde FLORETTE 100 g. ","price":"1,68 €","offer_price":0,"offer_type":null,"stock":false,"super":"alcampo"},{"img":"https://www.alcampo.es/media/h28/h53/10404277747742.jpg","name":"Ensalada de brotes de lechuga roja, canónigos y rúcula Luxure PRODUCTO ALCAMPO 50 g.","price":"0,67 €","offer_price":0,"offer_type":null,"stock":false,"super":"alcampo"},{"img":"https://www.alcampo.es/media/h6f/h0d/10231420059678.jpg","name":"Ensalada Maxi Capriccio PRODUCTO ALCAMPO 150 g.","price":"1,89 €","offer_price":0,"offer_type":null,"stock":false,"super":"alcampo"},{"img":"https://www.alcampo.es/media/h72/h4e/9415361527838.jpg","name":"Enrollados de pollo PRIMAFLOR 300 g. ","price":"3 €","offer_price":0,"offer_type":null,"stock":false,"super":"alcampo"},{"img":"https://www.alcampo.es/media/h39/h73/8961987149854.jpg","name":"Rúcula DIQUESÍ 100 gramos","price":"1,45 €","offer_price":0,"offer_type":null,"stock":false,"super":"alcampo"},{"img":"https://www.alcampo.es/media/hcc/h0a/8895579881502.jpg","name":"Zanahoria baby, pelada, lavada y lista para consumir FRESQUIA 125 gramos","price":"0,94 €","offer_price":0,"offer_type":null,"stock":false,"super":"alcampo"},{"img":"https://www.alcampo.es/media/h4d/he7/10247894990878.jpg","name":"Ensalada Mezclum FLORETTE 150 g","price":"1,49 €","offer_price":0,"offer_type":null,"stock":false,"super":"alcampo"},{"img":"https://www.alcampo.es/media/h9d/hfe/8962004680734.jpg","name":"Mezcla de brotes de batavia verde y roja, rúcula,canónigos y espinaca baby DIQUESÍ, bolsa de 100 g.","price":"1,29 €","offer_price":0,"offer_type":null,"stock":false,"super":"alcampo"},{"img":"https://www.alcampo.es/media/h21/h9e/9290706223134.jpg","name":"Frutos secos, especial ensaladas FLORETTE 70 g.","price":"1,41 €","offer_price":0,"offer_type":null,"stock":false,"super":"alcampo"},{"img":"https://www.alcampo.es/media/hc6/h06/9312770129950.jpg","name":"Rabanitos rojos (lavados y listos para consumir) FRESQUIA 100 g.","price":"0,94 €","offer_price":0,"offer_type":null,"stock":false,"super":"alcampo"},{"img":"https://www.alcampo.es/media/h84/hb2/9312795328542.jpg","name":"Espinacas VITACRESS 300 g.","price":"1,49 €","offer_price":0,"offer_type":null,"stock":false,"super":"alcampo"},{"img":"https://www.alcampo.es/media/hdb/hf1/10240707493918.jpg","name":"Tomate rallado BABYFRESH 4 uds. x 55 g.","price":"1,99 €","offer_price":0,"offer_type":null,"stock":false,"super":"alcampo"},{"img":"https://www.alcampo.es/media/he8/h68/8959862308894.jpg","name":"Picatostes de ajo y finas hierbas ideal para ensaladas FLORETTE bolsa de 70 gramos","price":"0,99 €","offer_price":0,"offer_type":null,"stock":false,"super":"alcampo"},{"img":"https://www.alcampo.es/media/hc4/h99/9743878881310.jpg","name":"Ensalada Mediterránea PRODUCTO ALCAMPO bolsa de 200 g.","price":"1,15 €","offer_price":0,"offer_type":null,"stock":false,"super":"alcampo"},{"img":"https://www.alcampo.es/media/h77/hc5/10395493793822.jpg","name":"Ensalada mixta FLORETTE 150 g.","price":"1,49 €","offer_price":0,"offer_type":null,"stock":false,"super":"alcampo"},{"img":"https://www.alcampo.es/media/h70/h73/9888527056926.jpg","name":"Ensalada mixta con atún y aceitunas verdes FLORETTE 190 g.","price":"2,81 €","offer_price":0,"offer_type":null,"stock":false,"super":"alcampo"},{"img":"https://www.alcampo.es/media/h69/he0/10292681932830.jpg","name":"Sopa juliana PRODUCTO ALCAMPO 400 g.","price":"1,14 €","offer_price":0,"offer_type":null,"stock":false,"super":"alcampo"},{"img":"https://www.alcampo.es/media/h51/hd3/9290546249758.jpg","name":"Salsa César ideal para ensaladas FLORETTE 250 gramos","price":"1,42 €","offer_price":0,"offer_type":null,"stock":false,"super":"alcampo"},{"img":"https://www.alcampo.es/media/hdd/hcc/9888551206942.jpg","name":"Ensalada antioxidante FLORETTE ANTIOX 100 g.","price":"1,55 €","offer_price":0,"offer_type":null,"stock":false,"super":"alcampo"},{"img":"https://www.alcampo.es/media/h81/h16/10496679510046.jpg","name":"Ensalada lechuga iceberg FLORETTE ICEBERG 250 g.","price":"1,27 €","offer_price":0,"offer_type":null,"stock":false,"super":"alcampo"},{"img":"https://www.alcampo.es/media/h04/hcf/9807871180830.jpg","name":"Ensalada Mixticanza PRODUCTO ALCAMPO bolsa de 110 g.","price":"1,72 €","offer_price":0,"offer_type":null,"stock":false,"super":"alcampo"},{"img":"https://www.alcampo.es/media/he0/h98/9290524000286.jpg","name":"Salsa de módena y miel ideal para ensaladas FLORETTE 250 mililitros","price":"1,42 €","offer_price":0,"offer_type":null,"stock":false,"super":"alcampo"},{"img":"https://www.alcampo.es/media/heb/hd6/9312780845086.jpg","name":"Ensalada premium FRESQUIA 300 g.","price":"3,19 €","offer_price":0,"offer_type":null,"stock":false,"super":"alcampo"},{"img":"https://www.alcampo.es/media/h58/h48/9466048938014.jpg","name":"Picatostes naturales ideal para ensaladas FLORETTE bolsa de 65 g.","price":"0,93 €","offer_price":0,"offer_type":null,"stock":false,"super":"alcampo"},{"img":"https://www.alcampo.es/media/h1e/h5f/9155619782686.jpg","name":"Preparado para cocido bandeja TIERRA DE SABOR 1 kg. ","price":"1,49 €","offer_price":0,"offer_type":null,"stock":false,"super":"alcampo"},{"img":"https://www.alcampo.es/media/hb6/h38/10240581959710.jpg","name":"ensalada completa de patata y huevo duro con atún FLORETTE 335 g.","price":"3,28 €","offer_price":0,"offer_type":null,"stock":false,"super":"alcampo"},{"img":"https://www.alcampo.es/media/hbc/h10/8962010415134.jpg","name":"Espinacas DIQUESÍ, bolsa de 250 gramos.","price":"1,69 €","offer_price":0,"offer_type":null,"stock":false,"super":"alcampo"},{"img":"https://www.alcampo.es/media/hd6/ha9/10496685506590.jpg","name":"Verduras para preparar crema con calabacín FLORETTE 350 g.","price":"1,49 €","offer_price":0,"offer_type":null,"stock":false,"super":"alcampo"},{"img":"https://www.alcampo.es/media/ha7/hb3/9535364759582.jpg","name":"Sopa Juliana Deshidratada TREVIJANO Barqueta de 100 Gramos","price":"1,87 €","offer_price":0,"offer_type":null,"stock":false,"super":"alcampo"},{"img":"https://www.alcampo.es/media/h99/h03/9644181749790.jpg","name":"Ensalada queso de cabra PRODUCTO ALCAMPO 180 g.","price":"2,79 €","offer_price":0,"offer_type":null,"stock":false,"super":"alcampo"},{"img":"https://www.alcampo.es/media/h3c/h22/9312807223326.jpg","name":"Ensalada mezclum con brotes tiernos ecológica VITACRESS, 100 g.","price":"2,15 €","offer_price":0,"offer_type":null,"stock":false,"super":"alcampo"},{"img":"https://www.alcampo.es/media/hc5/hbe/10187104518174.jpg","name":"Pimientos rojos en tira asados al horno QDELICIAS 350 g.","price":"2,15 €","offer_price":0,"offer_type":null,"stock":false,"super":"alcampo"},{"img":"https://www.alcampo.es/media/h77/h7b/10247718305822.jpg","name":"Escarola Maxi Corazón FLORETTE 250 g.","price":"2,34 €","offer_price":0,"offer_type":null,"stock":false,"super":"alcampo"},{"img":"https://www.alcampo.es/media/h3c/hea/8875875368990.jpg","name":"Surtido de hortalizas (calabaza, calabacín, cebolla y puerro) listas para cocinar PRODUCTO ALCAMPO 200 gramos","price":"1,64 €","offer_price":0,"offer_type":null,"stock":false,"super":"alcampo"},{"img":"https://www.alcampo.es/media/hb7/h97/9748068302878.jpg","name":"Ensalada Lorena con queso de cabra DIQUESI 145 g.","price":"2,62 €","offer_price":0,"offer_type":null,"stock":false,"super":"alcampo"},{"img":"https://www.alcampo.es/media/h74/h32/9290562404382.jpg","name":"Salsa de yogurt ideal para ensaladas FLORETTE 250 gramos","price":"1,42 €","offer_price":0,"offer_type":null,"stock":false,"super":"alcampo"},{"img":"https://www.alcampo.es/media/h54/h23/10504559329310.jpg","name":"Escarola fina extrafina FLORETTE 150 g.","price":"1,93 €","offer_price":0,"offer_type":null,"stock":false,"super":"alcampo"},{"img":"https://www.alcampo.es/media/h71/h47/10292636352542.jpg","name":"Ensalada trio de brotes de lechuga roja, tatsoi y rúcula ALCAMPO GOURMET 100 g.","price":"1,79 €","offer_price":0,"offer_type":null,"stock":false,"super":"alcampo"},{"img":"https://www.alcampo.es/media/ha3/hc1/9312784580638.jpg","name":"Cebolla frita crujiente FRESQUIA 100 gramos","price":"1,49 €","offer_price":0,"offer_type":null,"stock":false,"super":"alcampo"},{"img":"https://www.alcampo.es/media/hff/h42/10869961064478.jpg","name":"Ensalada de atún con tenedor y salsa PRODUCTO ALCAMPO 205 g.","price":"2,57 €","offer_price":0,"offer_type":null,"stock":false,"super":"alcampo"},{"img":"https://www.alcampo.es/media/h68/hf3/9290697703454.jpg","name":"Cebolla crujiente ideal para ensalada FLORETTE bolsa de 70 g.","price":"0,93 €","offer_price":0,"offer_type":null,"stock":false,"super":"alcampo"},{"img":"https://www.alcampo.es/media/hf3/h0d/9534513348638.jpg","name":"Rabanitos TABUENCA 125 g. ","price":"0,99 €","offer_price":0,"offer_type":null,"stock":false,"super":"alcampo"},{"img":"https://www.alcampo.es/media/h0c/ha3/9290696556574.jpg","name":"Picatostes César de pan de trigo para ensaladas FLORETTE 70 g.","price":"0,94 €","offer_price":0,"offer_type":null,"stock":false,"super":"alcampo"},{"img":"https://www.alcampo.es/media/hb3/h4e/9888538394654.jpg","name":"Espinacas Maxo Ahorro FLORETTE 450 g.","price":"2,11 €","offer_price":0,"offer_type":null,"stock":false,"super":"alcampo"},{"img":"https://www.alcampo.es/media/h7b/h2d/9535334875166.jpg","name":"Risotto Hongos Deshidratados TREVIJANO Bandeja de 280 Gramos","price":"2,34 €","offer_price":0,"offer_type":null,"stock":false,"super":"alcampo"},{"img":"https://www.alcampo.es/media/h82/h6e/8929924481054.jpg","name":"Tubo Albahaca GOURMET GARDEN 80 Gramos","price":"2,81 €","offer_price":0,"offer_type":null,"stock":false,"super":"alcampo"},{"img":"https://www.alcampo.es/media/h7c/h60/10285488308254.jpg","name":"Patatas para guarnición UDAPA FÁCIL 450 g.","price":"1,87 €","offer_price":0,"offer_type":null,"stock":false,"super":"alcampo"},{"img":"https://www.alcampo.es/media/h7a/h84/9290718642206.jpg","name":"Semillas superalimentos 5 semillas FLORETTE 100 g.","price":"0,98 €","offer_price":0,"offer_type":null,"stock":false,"super":"alcampo"},{"img":"https://www.alcampo.es/media/hb6/h4a/9534528454686.jpg","name":"Zanahoria Baby TABUENCA 250 g.","price":"1,49 €","offer_price":0,"offer_type":null,"stock":false,"super":"alcampo"},{"img":"https://www.alcampo.es/media/h62/h06/9290707927070.jpg","name":"Frutos rojos y mango FLORETTE 55 g.","price":"1,41 €","offer_price":0,"offer_type":null,"stock":false,"super":"alcampo"},{"img":"https://www.alcampo.es/media/h36/hb2/10292682522654.jpg","name":"Ensalada Tentación PRODUCTO ALCAMPO Bolsa de 125 g.","price":"1,40 €","offer_price":0,"offer_type":null,"stock":false,"super":"alcampo"},{"img":"https://www.alcampo.es/media/he9/h6e/8897282048030.jpg","name":"Surtido de hortalizas (zanahoria, brócoli, cebolla y judía verde redonda) PRODUCTO ALCAMPO 200 gr.","price":"1,64 €","offer_price":0,"offer_type":null,"stock":false,"super":"alcampo"},{"img":"https://www.alcampo.es/media/he3/h04/8952056315934.jpg","name":"Canónigos DIQUESÍ, bolsa de 100 g.","price":"1,29 €","offer_price":0,"offer_type":null,"stock":false,"super":"alcampo"},{"img":"https://www.alcampo.es/media/hb5/h7c/8894014128158.jpg","name":"Surtido de hortalizas (zanahoria, calabaza, brócoli, coliflor y judía verde redonda) PRODUCTO ALCAMPO 1 unidad","price":"1,64 €","offer_price":0,"offer_type":null,"stock":false,"super":"alcampo"},{"img":"https://www.alcampo.es/media/h81/hd0/10233881362462.jpg","name":"Mezcla de hortalizas (zanahorias, calabaza, puerro y judías) listas para cocinar PRODUCTO ALCAMPO 200 g.","price":"1,64 €","offer_price":0,"offer_type":null,"stock":false,"super":"alcampo"},{"img":"https://www.alcampo.es/media/hd1/hcb/10083470802974.jpg","name":"Poke bowl de salmón con salsa de soja suave DIQUESÍ 225 g.","price":"3,99 €","offer_price":0,"offer_type":null,"stock":false,"super":"alcampo"},{"img":"https://www.alcampo.es/media/hd9/h67/10404268441630.jpg","name":"Ensalada surtida (escarola. brotes lechuga roja, redicchio, brotes de mizuma) Mezclum PRODUCTO ALCAMPO 50 g..","price":"0,67 €","offer_price":0,"offer_type":null,"stock":false,"super":"alcampo"},{"img":"https://www.alcampo.es/media/hf9/h4a/8929930051614.jpg","name":"Picada de ajo y perejil GOURMET GARDEN Tubo de 80 g","price":"2,81 €","offer_price":0,"offer_type":null,"stock":false,"super":"alcampo"},{"img":"https://www.alcampo.es/media/hba/hf6/9535363252254.jpg","name":"Alga Wakame deshidratada TREVIJANO 50 g","price":"2,29 €","offer_price":0,"offer_type":null,"stock":false,"super":"alcampo"},{"img":"https://www.alcampo.es/media/h5a/hdd/8929949876254.jpg","name":"Tubo Cilantro GOURMET GARDEN 80 g","price":"2,81 €","offer_price":0,"offer_type":null,"stock":false,"super":"alcampo"},{"img":"https://www.alcampo.es/media/hfd/h5b/10285487652894.jpg","name":"Patatas para tortilla UDAPA FÁCIL 450 g.","price":"1,78 €","offer_price":0,"offer_type":null,"stock":false,"super":"alcampo"},{"img":"https://www.alcampo.es/media/h2c/h44/10435522134046.jpg","name":"Zumo de limón ecológico POLENGHI 125 ml.","price":"1,48 €","offer_price":0,"offer_type":null,"stock":false,"super":"alcampo"},{"img":"https://www.alcampo.es/media/h13/h49/9712681877534.jpg","name":"Ensalada de quinoa con nueces y pasas ALCAMPO GOURMET 195 g.","price":"2,99 €","offer_price":0,"offer_type":null,"stock":false,"super":"alcampo"},{"img":"https://www.alcampo.es/media/hcf/he8/9535350341662.gif","name":"Rissotto Mediterráneo Deshidratados TREVIJANO Bandeja de 280 Gramos","price":"2,34 €","offer_price":0,"offer_type":null,"stock":false,"super":"alcampo"},{"img":"https://www.alcampo.es/media/h99/h36/9867993481246.jpg","name":"Espaguetis de calabacín FRUJUCA 200 g,","price":"2,29 €","offer_price":0,"offer_type":null,"stock":false,"super":"alcampo"},{"img":"https://www.alcampo.es/media/h2c/h46/8929935294494.jpg","name":"Ajo picado GOURMET GARDEN Tubo de 80 g","price":"2,81 €","offer_price":0,"offer_type":null,"stock":false,"super":"alcampo"},{"img":"https://www.alcampo.es/media/h4a/h70/9312773636126.jpg","name":"Rúcula selvática VITACRESS 100 g.","price":"1,49 €","offer_price":0,"offer_type":null,"stock":false,"super":"alcampo"},{"img":"https://www.alcampo.es/media/h88/h42/9312788185118.jpg","name":"Ensalada Ibérica VITACRESS 100 g.","price":"1,39 €","offer_price":0,"offer_type":null,"stock":false,"super":"alcampo"},{"img":"https://www.alcampo.es/media/hd9/h93/9312807714846.jpg","name":"Croutones (no fritos) con sabor salsa César FRESQUIA 70 gramos","price":"1,49 €","offer_price":0,"offer_type":null,"stock":false,"super":"alcampo"},{"img":"https://www.alcampo.es/media/h56/h8f/9290613555230.jpg","name":"Salsa Vinagreta FLORETTE Tarro de 250 Gramos","price":"1,68 €","offer_price":0,"offer_type":null,"stock":false,"super":"alcampo"},{"img":"https://www.alcampo.es/media/h02/h04/9755545305118.jpg","name":"Sopa Juliana deshidratada ALCAMPO PRODUCCIÓN CONTROLADA 80 g. ","price":"1,99 €","offer_price":0,"offer_type":null,"stock":false,"super":"alcampo"},{"img":"https://www.alcampo.es/media/h5a/h04/9580507168798.jpg","name":"Ensalada Gourmet PRIMAFLOR 175 g.","price":"1,69 €","offer_price":0,"offer_type":null,"stock":false,"super":"alcampo"},{"img":"https://www.alcampo.es/media/h4c/h9c/9535358042142.jpg","name":"Cous cous comida Marroquí TREVIJANO 250 g.","price":"2,43 €","offer_price":0,"offer_type":null,"stock":false,"super":"alcampo"},{"img":"https://www.alcampo.es/media/he6/h10/10187108286494.jpg","name":"Pimientos rojos y verdes en tiras asados al horno QDELICIAS 350 g.","price":"2,28 €","offer_price":0,"offer_type":null,"stock":false,"super":"alcampo"},{"img":"https://www.alcampo.es/media/h40/h66/9537342767134.jpg","name":"Bastones de batata FRUJUCA 350 g.","price":"2,43 €","offer_price":0,"offer_type":null,"stock":false,"super":"alcampo"},{"img":"https://www.alcampo.es/media/ha3/hcb/9556683096094.jpg","name":"Mix de frutos secos piña, coco, plátano, pistachos y almendras BORN 45 g.","price":"1,99 €","offer_price":0,"offer_type":null,"stock":false,"super":"alcampo"},{"img":"https://www.alcampo.es/media/hd1/ha1/9141416755230.jpg","name":"Coco semideshidratado BORN 80 gramos","price":"3,99 €","offer_price":0,"offer_type":null,"stock":false,"super":"alcampo"},{"img":"https://www.alcampo.es/media/h9f/h5f/9534499815454.jpg","name":"Fideos de zanahoria TABUENCA 150 g.","price":"0,99 €","offer_price":0,"offer_type":null,"stock":false,"super":"alcampo"},{"img":"https://www.alcampo.es/media/h55/h1a/10187197612062.jpg","name":"Pimientos rojos enteros asados al horno QDELICIAS 500 g.","price":"2,69 €","offer_price":0,"offer_type":null,"stock":false,"super":"alcampo"},{"img":"https://www.alcampo.es/media/h41/h8a/9868043190302.jpg","name":"Ensalada clásica (con vinagreta y tenedor) FRESQUIA 145 g.","price":"1,69 €","offer_price":0,"offer_type":null,"stock":false,"super":"alcampo"},{"img":"https://www.alcampo.es/media/h6d/hb2/9011568640030.jpg","name":"Ajo pelado, listo para usar PRIMAFLOR 100 gr.","price":"1,78 €","offer_price":0,"offer_type":null,"stock":false,"super":"alcampo"},{"img":"https://www.alcampo.es/media/h02/h18/9556721729566.jpg","name":"Mix de frutos secos piña, mango, pera, almendras y nueces BORN 45 g.","price":"1,99 €","offer_price":0,"offer_type":null,"stock":false,"super":"alcampo"},{"img":"https://www.alcampo.es/media/hb5/heb/9537350336542.jpg","name":"Láminas de calabaza (especial lasaña) FRUJUCA 300 g.","price":"2,59 €","offer_price":0,"offer_type":null,"stock":false,"super":"alcampo"},{"img":"https://www.alcampo.es/media/hbc/h69/9556703281182.jpg","name":"Mix de frutos secos piña, mango, manzana y almendras BORN 45 g.","price":"1,99 €","offer_price":0,"offer_type":null,"stock":false,"super":"alcampo"},{"img":"https://www.alcampo.es/media/h8f/hfb/9535349030942.jpg","name":"Arroz integral con trigueros TREVIJANO 250 g.","price":"3,29 €","offer_price":0,"offer_type":null,"stock":false,"super":"alcampo"},{"img":"https://www.alcampo.es/media/h2e/hc5/10364230631454.jpg","name":"Ensalada duo Tatsoi y savia roija ALCAMPO GOURMET 100 g.","price":"1,99 €","offer_price":0,"offer_type":null,"stock":false,"super":"alcampo"},{"img":"https://www.alcampo.es/media/hbc/ha4/9535354077214.jpg","name":"Quinoa tricolor con Shitake y avellana TREVIJANO 250 g.","price":"3,29 €","offer_price":0,"offer_type":null,"stock":false,"super":"alcampo"},{"img":"https://www.alcampo.es/media/he9/hc3/10285546405918.jpg","name":"Patatas para microondas con salsa alioli UDAPA FÁCIL 290 g.","price":"2,59 €","offer_price":0,"offer_type":null,"stock":false,"super":"alcampo"},{"img":"https://www.alcampo.es/media/hc5/h1e/10448429285406.jpg","name":"Mix de cereales (cereales y semillas ) BONDUELLE Un Toque de pack 2 uds. x 85 g.","price":"1,58 €","offer_price":0,"offer_type":null,"stock":false,"super":"alcampo"},{"img":"https://www.alcampo.es/media/hfe/hf3/9535351980062.jpg","name":"Sopa Juliana de Mar Deshidratada TREVIJANO Barqueta de 100 Gramos","price":"2,29 €","offer_price":0,"offer_type":null,"stock":false,"super":"alcampo"},{"img":"https://www.alcampo.es/media/h3a/hfb/9535336448030.jpg","name":"Cous Cous Mediterráneo TREVIJANO 300 g.","price":"2,84 €","offer_price":0,"offer_type":null,"stock":false,"super":"alcampo"},{"img":"https://www.alcampo.es/media/h1d/hbe/10411481104414.jpg","name":"Ensalada Inmuno FLORETTE 100 g.","price":"1,59 €","offer_price":0,"offer_type":null,"stock":false,"super":"alcampo"},{"img":"https://www.alcampo.es/media/h26/h95/9556681949214.jpg","name":"Mix de frutos secos piña, coco, plátano, pistachos y almendras BORN 45 g.","price":"1,99 €","offer_price":0,"offer_type":null,"stock":false,"super":"alcampo"},{"img":"https://www.alcampo.es/media/h40/h43/9141495496734.jpg","name":"Mango semideshidratado BORN bolsa de 80 g.","price":"3,99 €","offer_price":0,"offer_type":null,"stock":false,"super":"alcampo"},{"img":"https://www.alcampo.es/media/he2/hf4/9867991449630.jpg","name":"Espaguetis de batata FRUJUCA 200 g.","price":"2,43 €","offer_price":0,"offer_type":null,"stock":false,"super":"alcampo"},{"img":"https://www.alcampo.es/media/h11/ha2/9415349272606.jpg","name":"Ensalada fresca Caprese con atún Calvo PRIMAFLOR 160 g.","price":"2,79 €","offer_price":0,"offer_type":null,"stock":false,"super":"alcampo"},{"img":"https://www.alcampo.es/media/hc2/hd3/10285535723550.jpg","name":"Patata para microondas con salsa brava UDAPA FÁCIL 290 g.","price":"2,59 €","offer_price":0,"offer_type":null,"stock":false,"super":"alcampo"},{"img":"https://www.alcampo.es/media/h3d/h0e/10285542866974.jpg","name":"Patatas para guisos y tapas UDAPA FÁCIL 450 g.","price":"1,59 €","offer_price":0,"offer_type":null,"stock":false,"super":"alcampo"},{"img":"https://www.alcampo.es/media/hba/hda/10496732594206.jpg","name":"Ensalada mezcla FLORETTE MEZCLUM 500 g.","price":"2,68 €","offer_price":0,"offer_type":null,"stock":false,"super":"alcampo"},{"img":"https://www.alcampo.es/media/h5f/h2a/9141423702046.jpg","name":"Piña semideshidratada BORN bolsa de 80 g.","price":"3,99 €","offer_price":0,"offer_type":null,"stock":false,"super":"alcampo"},{"img":"https://www.alcampo.es/media/ha7/h11/9755363311646.jpg","name":"Crema de calabacín deshidratada ALCAMPO PRODUCCIÓN CONTROLADA 80 g.","price":"2,69 €","offer_price":0,"offer_type":null,"stock":false,"super":"alcampo"},{"img":"https://www.alcampo.es/media/hf0/ha3/9539659825182.jpg","name":"Lentejas Beluga con mijo y Shitake TREVIJANO 210 g.","price":"3,49 €","offer_price":0,"offer_type":null,"stock":false,"super":"alcampo"},{"img":"https://www.alcampo.es/media/hc3/hca/10734130692126.jpg","name":"Ensalada fresca Capriccio PRIMAFLOR 185 g.","price":"3,29 €","offer_price":0,"offer_type":null,"stock":false,"super":"alcampo"},{"img":"https://www.alcampo.es/media/h3f/haa/9259178033182.jpg","name":"Ensalada Campestre PRIMAFLOR 250 g.","price":"1,29 €","offer_price":0,"offer_type":null,"stock":false,"super":"alcampo"},{"img":"https://www.alcampo.es/media/h9a/hf1/9755468234782.jpg","name":"Guarnición deshidratada (patata, zanahoria y puerro) ALCAMPO PRODUCCIÓN CONTROLADA 130 g.","price":"2,69 €","offer_price":0,"offer_type":null,"stock":false,"super":"alcampo"},{"img":"https://www.alcampo.es/media/h9f/hfa/10083452944414.jpg","name":"Espinacas Baby DIQUESÍ 300 g.","price":"2,59 €","offer_price":0,"offer_type":null,"stock":false,"super":"alcampo"},{"img":"https://www.alcampo.es/media/h7d/h4a/9535339069470.jpg","name":"Sopa de quinoa deshidratada TREVIJANO 200 gramos","price":"2,81 €","offer_price":0,"offer_type":null,"stock":false,"super":"alcampo"},{"img":"https://www.alcampo.es/media/h21/h08/10448413687838.jpg","name":"Espelta BONDUELLE Un toque pack 2 uds. x 70 g.","price":"1,68 €","offer_price":0,"offer_type":null,"stock":false,"super":"alcampo"},{"img":"https://www.alcampo.es/media/h89/h31/9163414667294.jpg","name":"Sopa rústica verduras deshidratada NATEX 250 g.","price":"1,49 €","offer_price":0,"offer_type":null,"stock":false,"super":"alcampo"},{"img":"https://www.alcampo.es/media/he3/h11/9755528003614.jpg","name":"Crema de calabaza deshidratada ALCAMPO PRODUCCIÓN CONTROLADA 80 g.","price":"2,69 €","offer_price":0,"offer_type":null,"stock":false,"super":"alcampo"},{"img":"https://www.alcampo.es/media/h67/hb5/10734148681758.jpg","name":"Enrollados de York y queso PRIMAFLOR 285 g.","price":"3,69 €","offer_price":0,"offer_type":null,"stock":false,"super":"alcampo"},{"img":"https://www.alcampo.es/media/hb8/h16/9755514765342.jpg","name":"Crema de calabaza con cecina deshidratada ALCAMPO PRODUCCIÓN CONTROLADA 80 g.","price":"2,99 €","offer_price":0,"offer_type":null,"stock":false,"super":"alcampo"},{"img":"https://www.alcampo.es/media/hd4/h05/9755346796574.jpg","name":"Crema de zanahoria deshidratada ecológica ALCAMPO PRODUCCIÓN CONTROLADA 80 g.","price":"2,99 €","offer_price":0,"offer_type":null,"stock":false,"super":"alcampo"},{"img":"https://www.alcampo.es/media/hf1/hf4/9186560966686.jpg","name":"Garrofón seco desenvainado FRUTIFRESH 150 g","price":"2,59 €","offer_price":0,"offer_type":null,"stock":false,"super":"alcampo"},{"img":"https://www.alcampo.es/media/hfe/h29/9200700653598.jpg","name":"Guisantes frescos FRUTIFRESH 130 g","price":"3,99 €","offer_price":0,"offer_type":null,"stock":false,"super":"alcampo"},{"img":"https://www.alcampo.es/media/hb3/h52/9312795492382.jpg","name":"Judías verdes troceadas FRUJUCA 500 g.","price":"4,99 €","offer_price":0,"offer_type":null,"stock":false,"super":"alcampo"},{"img":"https://www.alcampo.es/media/h10/he2/9312805814302.jpg","name":"Preparado para pisto FRUJUCA 500 g.","price":"2,99 €","offer_price":0,"offer_type":null,"stock":false,"super":"alcampo"},{"img":"https://www.alcampo.es/media/h9c/h1d/9312808763422.jpg","name":"Ensalada Ativia ecológica VITACRESS 150 g.","price":"2,99 €","offer_price":0,"offer_type":null,"stock":false,"super":"alcampo"},{"img":"https://www.alcampo.es/media/h04/h8d/10491084931102.jpg","name":"Ensalda Vegan ecológica VITACREESS 180 g,","price":"4,49 €","offer_price":0,"offer_type":null,"stock":false,"super":"alcampo"},{"img":"https://www.alcampo.es/media/h33/h70/9312774094878.jpg","name":"Arroz de colifror FRUJUCA 300 g.","price":"2,09 €","offer_price":0,"offer_type":null,"stock":false,"super":"alcampo"}]