[{"img":"https://www.alcampo.es/media/hc9/hdc/9355463032862.jpg","name":"Brócoli filmado 500 g.","price":"1,17 €","offer_price":0,"offer_type":null,"stock":false,"super":"alcampo"},{"img":"https://www.alcampo.es/media/haa/hdd/8968821768222.jpg","name":"Lechuga iceberg","price":"0,74 €","offer_price":0,"offer_type":null,"stock":false,"super":"alcampo"},{"img":"https://www.alcampo.es/media/h49/hb3/8959186010142.jpg","name":"Coliflor 1 ud.","price":"0,95 €","offer_price":0,"offer_type":null,"stock":false,"super":"alcampo"},{"img":"https://www.alcampo.es/media/hd9/hb2/9151057199134.jpg","name":"Cogollos de lechuga bandeja de 3 Unidades","price":"0,85 €","offer_price":0,"offer_type":null,"stock":false,"super":"alcampo"},{"img":"https://www.alcampo.es/media/hbf/h18/9151121489950.jpg","name":"Endibia flow pack bandeja 450 g.","price":"1,41 €","offer_price":0,"offer_type":null,"stock":false,"super":"alcampo"},{"img":"https://www.alcampo.es/media/hdb/haa/8892892839966.jpg","name":"Repollo","price":"2,23 €","offer_price":0,"offer_type":null,"stock":false,"super":"alcampo"},{"img":"https://www.alcampo.es/media/h49/hf7/8962734686238.jpg","name":"Lechuga Batavia ","price":"1,29 €","offer_price":0,"offer_type":null,"stock":false,"super":"alcampo"},{"img":"https://www.alcampo.es/media/h58/h4f/9312778354718.jpg","name":"Lechuga mini romana FRESQUIA 2 uds.","price":"1,29 €","offer_price":0,"offer_type":null,"stock":false,"super":"alcampo"},{"img":"https://www.alcampo.es/media/h8d/h92/9312769212446.jpg","name":"Brócoli ecológico ACTITURE 500 g","price":"1,89 €","offer_price":0,"offer_type":null,"stock":false,"super":"alcampo"},{"img":"https://www.alcampo.es/media/h66/h19/9151100878878.jpg","name":"Corazones de lechuga bandeja de 6 Unidades","price":"1,88 €","offer_price":0,"offer_type":null,"stock":false,"super":"alcampo"},{"img":"https://www.alcampo.es/media/had/h1e/8928550813726.jpg","name":"Lechuga trocadero 1 Unidad","price":"1,79 €","offer_price":0,"offer_type":null,"stock":false,"super":"alcampo"},{"img":"https://www.alcampo.es/media/hf7/hfc/9151006507038.jpg","name":"Cogollos de lechuga Don Cogollo 2 ud","price":"1,09 €","offer_price":0,"offer_type":null,"stock":false,"super":"alcampo"},{"img":"https://www.alcampo.es/media/he9/h03/9151015321630.jpg","name":"Corazón de lechuga romana 2 uds","price":"1,40 €","offer_price":0,"offer_type":null,"stock":false,"super":"alcampo"},{"img":"https://www.alcampo.es/media/h77/hff/8898141683742.jpg","name":"Lombarda","price":"0,71 €","offer_price":0,"offer_type":null,"stock":false,"super":"alcampo"},{"img":"https://www.alcampo.es/media/hbc/hca/9888557793310.jpg","name":"Brotes de lechugas verdes y brote de lechuga roja Classics FLORETTE PRIMEROS BROTES 150 g.","price":"2,02 €","offer_price":0,"offer_type":null,"stock":false,"super":"alcampo"},{"img":"https://www.alcampo.es/media/h4a/h3b/9312769638430.jpg","name":"Cogollitos rojos de lechuga FRESQUIA 3 uds.","price":"1,39 €","offer_price":0,"offer_type":null,"stock":false,"super":"alcampo"},{"img":"https://www.alcampo.es/media/h43/hef/8928517718046.jpg","name":"Repollo rizado ","price":"1,39 €","offer_price":0,"offer_type":null,"stock":false,"super":"alcampo"},{"img":"https://www.alcampo.es/media/h3f/hd6/9151959662622.jpg","name":"Lechuga hoja de roble roja 1 ud.","price":"1,17 €","offer_price":0,"offer_type":null,"stock":false,"super":"alcampo"},{"img":"https://www.alcampo.es/media/hb9/hac/8962717483038.jpg","name":"Lechuga romana 1 Unidad","price":"1,09 €","offer_price":0,"offer_type":null,"stock":false,"super":"alcampo"},{"img":"https://www.alcampo.es/media/h02/h59/9151138758686.jpg","name":"Coles de Bruselas bandeja de 500 gr.","price":"3,28 €","offer_price":0,"offer_type":null,"stock":false,"super":"alcampo"},{"img":"https://www.alcampo.es/media/h91/h79/8896696287262.jpg","name":"Lechuga hoja de roble verde","price":"1,29 €","offer_price":0,"offer_type":null,"stock":false,"super":"alcampo"},{"img":"https://www.alcampo.es/media/h4a/h19/10857345744926.jpg","name":"Lechuga iceberg ecológica ","price":"1,79 €","offer_price":0,"offer_type":null,"stock":false,"super":"alcampo"},{"img":"https://www.alcampo.es/media/h38/h91/8962715222046.jpg","name":"Escarola HORTALIZA Barqueta 1 Unidad","price":"1,60 €","offer_price":0,"offer_type":null,"stock":false,"super":"alcampo"},{"img":"https://www.alcampo.es/media/h23/h62/9283953295390.jpg","name":"Lechuga Snack 2 uds","price":"0,99 €","offer_price":0,"offer_type":null,"stock":false,"super":"alcampo"},{"img":"https://www.alcampo.es/media/h50/h31/8928492159006.jpg","name":"Col China bandeja de 1 Unidad","price":"4,29 €","offer_price":0,"offer_type":null,"stock":false,"super":"alcampo"},{"img":"https://www.alcampo.es/media/h1a/h88/10857354559518.jpg","name":"Lechuga romana ecológica","price":"1,99 €","offer_price":0,"offer_type":null,"stock":false,"super":"alcampo"},{"img":"https://www.alcampo.es/media/hdb/h20/9241229426718.jpg","name":"Lechugas, corazones Fresh 4 uds","price":"2,29 €","offer_price":0,"offer_type":null,"stock":false,"super":"alcampo"},{"img":"https://www.alcampo.es/media/h76/hb6/9312787136542.jpg","name":"Corazones de lechuga rojos FRESQUIA 6 uds.","price":"2,49 €","offer_price":0,"offer_type":null,"stock":false,"super":"alcampo"},{"img":"https://www.alcampo.es/media/h97/h13/9151024005150.jpg","name":"Romanescu","price":"2,69 €","offer_price":0,"offer_type":null,"stock":false,"super":"alcampo"},{"img":"https://www.alcampo.es/media/h36/h9a/10857363210270.jpg","name":"Lechuga baby ecológica ","price":"1,69 €","offer_price":0,"offer_type":null,"stock":false,"super":"alcampo"},{"img":"https://www.alcampo.es/media/hef/hbb/9243884650526.jpg","name":"Lechuga romana filmada","price":"0,94 €","offer_price":0,"offer_type":null,"stock":false,"super":"alcampo"},{"img":"https://www.alcampo.es/media/h4e/h9c/9151058051102.jpg","name":"Achicoria bandeja 150 gr","price":"1,89 €","offer_price":0,"offer_type":null,"stock":false,"super":"alcampo"},{"img":"https://www.alcampo.es/media/ha2/h8a/9280119341086.gif","name":"Lechuga Lollo Verde ","price":"1 €","offer_price":0,"offer_type":null,"stock":false,"super":"alcampo"},{"img":"https://www.alcampo.es/media/hb2/hda/9566312988702.jpg","name":"Lechugas hidropónicas","price":"1,49 €","offer_price":0,"offer_type":null,"stock":false,"super":"alcampo"},{"img":"https://www.alcampo.es/media/hf6/h32/9253799821342.jpg","name":"Lombarda unidad","price":"0,95 €","offer_price":0,"offer_type":null,"stock":false,"super":"alcampo"},{"img":"https://www.alcampo.es/media/he6/hcc/9311010455582.jpg","name":"Judías verdes malla de 500 g.","price":"1,05 €","offer_price":0,"offer_type":null,"stock":false,"super":"alcampo"},{"img":"https://www.alcampo.es/media/h3d/hb9/9302404825118.jpg","name":"Judías verdes barqueta 500 gramos","price":"2,29 €","offer_price":0,"offer_type":null,"stock":false,"super":"alcampo"},{"img":"https://www.alcampo.es/media/hee/hb6/8930220671006.jpg","name":"Espárragos trigueros manojo de 320 g.","price":"2,29 €","offer_price":0,"offer_type":null,"stock":false,"super":"alcampo"},{"img":"https://www.alcampo.es/media/h2a/h2d/8968836513822.jpg","name":"Alcachofas, bandeja de 500 g.","price":"2,29 €","offer_price":0,"offer_type":null,"stock":false,"super":"alcampo"},{"img":"https://www.alcampo.es/media/h95/h3b/9144420368414.jpg","name":"Judía verde helda BIO barqueta de 300 g..","price":"1,99 €","offer_price":0,"offer_type":null,"stock":false,"super":"alcampo"},{"img":"https://www.alcampo.es/media/h1f/h68/9302390341662.jpg","name":"Judia boby bandeja de 300 Gramos","price":"2,39 €","offer_price":0,"offer_type":null,"stock":false,"super":"alcampo"},{"img":"https://www.alcampo.es/media/hc1/h27/10011644559390.jpg","name":"Espárragos verdes ALCAMPO PRODUCCIÓN CONTROLADA 400 g.","price":"3,29 €","offer_price":0,"offer_type":null,"stock":false,"super":"alcampo"},{"img":"https://www.alcampo.es/media/hbf/h7f/8959836422174.jpg","name":"Manojo de espárragos verdes JUMBO 420 g.","price":"3,98 €","offer_price":0,"offer_type":null,"stock":false,"super":"alcampo"},{"img":"https://www.alcampo.es/media/h03/hf2/8901418024990.jpg","name":"Tirabeques tarrina 250 gramos","price":"3,29 €","offer_price":0,"offer_type":null,"stock":false,"super":"alcampo"},{"img":"https://www.alcampo.es/media/h03/hdb/8898709422110.jpg","name":"Habas bandeja de 500 gramos","price":"1,99 €","offer_price":0,"offer_type":null,"stock":false,"super":"alcampo"},{"img":"https://www.alcampo.es/media/h28/hdc/8962594603038.jpg","name":"Guisante bandeja 250 g.","price":"2,29 €","offer_price":0,"offer_type":null,"stock":false,"super":"alcampo"},{"img":"https://www.alcampo.es/media/hb3/h52/9312795492382.jpg","name":"Judías verdes troceadas FRUJUCA 500 g.","price":"4,99 €","offer_price":0,"offer_type":null,"stock":false,"super":"alcampo"},{"img":"https://www.alcampo.es/media/hf1/hfa/9292116000798.jpg","name":"Zanahoria bolsa de1 kg.","price":"0,61 €","offer_price":0,"offer_type":null,"stock":false,"super":"alcampo"},{"img":"https://www.alcampo.es/media/h17/h0d/9355486363678.jpg","name":"Puerros manojo","price":"1,38 €","offer_price":0,"offer_type":null,"stock":false,"super":"alcampo"},{"img":"https://www.alcampo.es/media/h1f/h26/9359668314142.jpg","name":"Zanahorias bolsa de 500 g.","price":"0,42 €","offer_price":0,"offer_type":null,"stock":false,"super":"alcampo"},{"img":"https://www.alcampo.es/media/hf6/h41/10649506938910.jpg","name":"Puerros bandeja de 420 g.","price":"1,89 €","offer_price":0,"offer_type":null,"stock":false,"super":"alcampo"},{"img":"https://www.alcampo.es/media/h01/h1c/9292110888990.jpg","name":"Zanahorias tiernas ALCAMPO PRODUCCIÓN CONTROLADA bandeja de 500 g.","price":"1,19 €","offer_price":0,"offer_type":null,"stock":false,"super":"alcampo"},{"img":"https://www.alcampo.es/media/hb4/h3a/9355407491102.jpg","name":"Zanahoria manojo","price":"1,49 €","offer_price":0,"offer_type":null,"stock":false,"super":"alcampo"},{"img":"https://www.alcampo.es/media/hdd/h53/9145250381854.jpg","name":"Zanahorias ALCAMPO PRODUCCIÓN CONTROLADA ECOLÓGICO bandeja de 700 g.","price":"1,99 €","offer_price":0,"offer_type":null,"stock":false,"super":"alcampo"},{"img":"https://www.alcampo.es/media/h4a/ha1/9144405950494.jpg","name":"Puerros ALCAMPO PRODUCCIÓN CONTROLADA ECOLÓGICO 600 g.","price":"4,19 €","offer_price":0,"offer_type":null,"stock":false,"super":"alcampo"},{"img":"https://www.alcampo.es/media/h0e/hf1/8930834677790.jpg","name":"Puerro tierno ALCAMPO PRODUCCIÓN CONTROLADA Bandeja de 300 g.","price":"2,29 €","offer_price":0,"offer_type":null,"stock":false,"super":"alcampo"},{"img":"https://www.alcampo.es/media/h6b/h03/9312787300382.jpg","name":"Zanahoria baby lista para consumir FRESQUIA 250 g.","price":"1,99 €","offer_price":0,"offer_type":null,"stock":false,"super":"alcampo"},{"img":"https://www.alcampo.es/media/he2/h19/9312772194334.jpg","name":"Zanahorias baby lista para consumir FRESQUIA bio 100 g.","price":"1,39 €","offer_price":0,"offer_type":null,"stock":false,"super":"alcampo"},{"img":"https://www.alcampo.es/media/hcf/h5f/9220001300510.jpg","name":"Calabacín malla de 1 kg.","price":"0,89 €","offer_price":0,"offer_type":null,"stock":false,"super":"alcampo"},{"img":"https://www.alcampo.es/media/hbb/h9e/9155595632670.jpg","name":"Calabacín bandeja de 750 g.","price":"1,19 €","offer_price":0,"offer_type":null,"stock":false,"super":"alcampo"},{"img":"https://www.alcampo.es/media/ha7/hd0/8968823406622.jpg","name":"Berenjenas malla de 750 g.","price":"0,85 €","offer_price":0,"offer_type":null,"stock":false,"super":"alcampo"},{"img":"https://www.alcampo.es/media/h85/h65/9312780058654.jpg","name":"Calabaza limpia en tacos FRUJUCA 450 g.","price":"1,99 €","offer_price":0,"offer_type":null,"stock":false,"super":"alcampo"},{"img":"https://www.alcampo.es/media/heb/h86/8968826519582.jpg","name":"Calabaza entera","price":"4,38 €","offer_price":0,"offer_type":null,"stock":false,"super":"alcampo"},{"img":"https://www.alcampo.es/media/he1/h28/8968826191902.jpg","name":"Calabacín ecológico, bandeja de 600 g.","price":"1,49 €","offer_price":0,"offer_type":null,"stock":false,"super":"alcampo"},{"img":"https://www.alcampo.es/media/h5a/ha0/8877213941790.jpg","name":"Berenjena HORTALIZA barqueta 600 g.","price":"1,19 €","offer_price":0,"offer_type":null,"stock":false,"super":"alcampo"},{"img":"https://www.alcampo.es/media/hd7/hc9/8968816361502.gif","name":"Berenjena ecológica,bandeja de 600 g.","price":"1,49 €","offer_price":0,"offer_type":null,"stock":false,"super":"alcampo"},{"img":"https://www.alcampo.es/media/h91/h9e/9144453398558.jpg","name":"Calabaza cortada rodajas FRUJUCA 500 Gramos","price":"1,59 €","offer_price":0,"offer_type":null,"stock":false,"super":"alcampo"},{"img":"https://www.alcampo.es/media/h41/hf1/8934904201246.jpg","name":"Calabacín blanco 750 g.","price":"3,99 €","offer_price":0,"offer_type":null,"stock":false,"super":"alcampo"},{"img":"https://www.alcampo.es/media/h21/h79/8968830943262.jpg","name":"Berenjenas rayadas en bandeja HORTALIZA 600 g.","price":"2,99 €","offer_price":0,"offer_type":null,"stock":false,"super":"alcampo"},{"img":"https://www.alcampo.es/media/h0a/he9/8888402313246.jpg","name":"Calabaza ecológica, bandeja de 500 g.","price":"2,29 €","offer_price":0,"offer_type":null,"stock":false,"super":"alcampo"}]