[{"img":"https://www.alcampo.es/media/hff/hc5/9260141117470.jpg","name":"Cebolla tubo 1 kg","price":"0,99 €","offer_price":0,"offer_type":null,"stock":false,"super":"alcampo"},{"img":"https://www.alcampo.es/media/ha1/hda/9310985781278.jpg","name":"Patata malla de 5 kg","price":"2,29 €","offer_price":0,"offer_type":null,"stock":false,"super":"alcampo"},{"img":"https://www.alcampo.es/media/h4f/h78/8897833467934.jpg","name":"Patata lavada 3 kg","price":"3,99 €","offer_price":0,"offer_type":null,"stock":false,"super":"alcampo"},{"img":"https://www.alcampo.es/media/he2/hcf/8930828025886.jpg","name":"Cebolla dulce ALCAMPO PRODUCCIÓN CONTROLADA malla de 1 kg","price":"1,99 €","offer_price":0,"offer_type":null,"stock":false,"super":"alcampo"},{"img":"https://www.alcampo.es/media/hc3/hbb/9355403100190.jpg","name":"Cebolleta blanca, manojo de 350 g.","price":"1,19 €","offer_price":0,"offer_type":null,"stock":false,"super":"alcampo"},{"img":"https://www.alcampo.es/media/he1/hcf/8968822587422.jpg","name":"Cebolla malla de 2 kg","price":"1,69 €","offer_price":0,"offer_type":null,"stock":false,"super":"alcampo"},{"img":"https://www.alcampo.es/media/haa/h12/9046987866142.jpg","name":"Ajos 250 g","price":"1,69 €","offer_price":0,"offer_type":null,"stock":false,"super":"alcampo"},{"img":"https://www.alcampo.es/media/h2c/he5/9019635499038.jpg","name":"Ajo morado Peregrin GOLD 100 g.","price":"0,89 €","offer_price":0,"offer_type":null,"stock":false,"super":"alcampo"},{"img":"https://www.alcampo.es/media/ha9/he2/9144438226974.jpg","name":"Patatas ALCAMPO PRODUCCIÓN CONTROLADA ECOLÓGICO malla de 2 kg","price":"3,49 €","offer_price":0,"offer_type":null,"stock":false,"super":"alcampo"},{"img":"https://www.alcampo.es/media/h8b/h15/8894778638366.jpg","name":"Patata malla de 1 kg","price":"2,29 €","offer_price":0,"offer_type":null,"stock":false,"super":"alcampo"},{"img":"https://www.alcampo.es/media/hc5/hf3/10233845284894.jpg","name":"Patatas para freir ALCAMPO PRODUCCIÓN CONTROLADA 2,5 kg.","price":"2,49 €","offer_price":0,"offer_type":null,"stock":false,"super":"alcampo"},{"img":"https://www.alcampo.es/media/h31/h10/9031394066462.jpg","name":"Cebollas morada OSVI malla 500 g.","price":"1,49 €","offer_price":0,"offer_type":null,"stock":false,"super":"alcampo"},{"img":"https://www.alcampo.es/media/h88/h37/8892455387166.jpg","name":"Patatas de Galicia (Cachelos) HORTALIZA 3 kg","price":"3,99 €","offer_price":0,"offer_type":null,"stock":false,"super":"alcampo"},{"img":"https://www.alcampo.es/media/h34/hbe/9186572566558.jpg","name":"Ajos 500 g.","price":"2,49 €","offer_price":0,"offer_type":null,"stock":false,"super":"alcampo"},{"img":"https://www.alcampo.es/media/h26/h2e/8968837333022.jpg","name":"Patata para freír bolsa de 3 kg","price":"3,99 €","offer_price":0,"offer_type":null,"stock":false,"super":"alcampo"},{"img":"https://www.alcampo.es/media/hfe/h77/8923182530590.gif","name":"Patatas para asar bolsa de 2 kilogramos","price":"2,99 €","offer_price":0,"offer_type":null,"stock":false,"super":"alcampo"},{"img":"https://www.alcampo.es/media/h15/h7e/9566399397918.jpg","name":"Patatas princesa amandine 1,5 kg.","price":"2,39 €","offer_price":0,"offer_type":null,"stock":false,"super":"alcampo"},{"img":"https://www.alcampo.es/media/hba/hcf/8962588573726.jpg","name":"Patata de guarnición malla de 2 Kilos","price":"2,89 €","offer_price":0,"offer_type":null,"stock":false,"super":"alcampo"},{"img":"https://www.alcampo.es/media/h7e/h8b/9170035998750.jpg","name":"Patatas HORTALIZA bolsa 3 kg","price":"4,19 €","offer_price":0,"offer_type":null,"stock":false,"super":"alcampo"},{"img":"https://www.alcampo.es/media/h0c/hd7/9144480595998.jpg","name":"Cebollas ALCAMPO PRODUCCIÓN CONTROLADA ECOLÓGICO malla de 1 kg","price":"2,09 €","offer_price":0,"offer_type":null,"stock":false,"super":"alcampo"},{"img":"https://www.alcampo.es/media/h09/h74/8968814559262.jpg","name":"Cebolla dulce limpia 800 g.","price":"2,29 €","offer_price":0,"offer_type":null,"stock":false,"super":"alcampo"},{"img":"https://www.alcampo.es/media/hb1/hff/9050036338718.jpg","name":"Cebollas tiernas HORTALIZA bandeja 350 g.","price":"2,29 €","offer_price":0,"offer_type":null,"stock":false,"super":"alcampo"},{"img":"https://www.alcampo.es/media/he0/h83/9302375530526.jpg","name":"Ajo morado 500 gramos","price":"3,49 €","offer_price":0,"offer_type":null,"stock":false,"super":"alcampo"},{"img":"https://www.alcampo.es/media/h12/hbe/8928551469086.jpg","name":"Patata malla 5 kg","price":"5,99 €","offer_price":0,"offer_type":null,"stock":false,"super":"alcampo"},{"img":"https://www.alcampo.es/media/h73/hcc/8962571698206.jpg","name":"Patata roja bolsa de 2 Kilos","price":"2,99 €","offer_price":0,"offer_type":null,"stock":false,"super":"alcampo"},{"img":"https://www.alcampo.es/media/h95/h66/9042779111454.jpg","name":"Patata para cocer bolsa de 3 kg","price":"3,99 €","offer_price":0,"offer_type":null,"stock":false,"super":"alcampo"},{"img":"https://www.alcampo.es/media/h76/h04/9280124452894.jpg","name":"Ajos 500 g.","price":"3,29 €","offer_price":0,"offer_type":null,"stock":false,"super":"alcampo"},{"img":"https://www.alcampo.es/media/h6a/hf8/10233865469982.jpg","name":"Patatas para cocer ALCAMPO PRODUCCIÓN CONTROLADA 2,5 kg.","price":"3,69 €","offer_price":0,"offer_type":null,"stock":false,"super":"alcampo"},{"img":"https://www.alcampo.es/media/ha4/h26/10233866354718.jpg","name":"Batatas ALCAMPO PRODUCCIÓN CONTROLADA 1,5 kg.","price":"5,29 €","offer_price":0,"offer_type":null,"stock":false,"super":"alcampo"},{"img":"https://www.alcampo.es/media/h99/h43/8893149413406.jpg","name":"Cebollas de Figueras 1 kg.","price":"2,49 €","offer_price":0,"offer_type":null,"stock":false,"super":"alcampo"},{"img":"https://www.alcampo.es/media/h8f/h6f/9031384170526.jpg","name":"Cebolla chalota OSVI 250 g.","price":"1,49 €","offer_price":0,"offer_type":null,"stock":false,"super":"alcampo"},{"img":"https://www.alcampo.es/media/hce/h34/9277832986654.jpg","name":"Cebollita francesa 500 g.","price":"1,49 €","offer_price":0,"offer_type":null,"stock":false,"super":"alcampo"},{"img":"https://www.alcampo.es/media/h59/h62/9312765706270.jpg","name":"Patatas nuevas primor (35-45mm) VITACRESS 700 g.","price":"1,99 €","offer_price":0,"offer_type":null,"stock":false,"super":"alcampo"},{"img":"https://www.alcampo.es/media/h79/hb3/9144396218398.jpg","name":"Ajos Buti ALCAMPO PRODUCCIÓN CONTROLADA ECOLÓGICO 4 uds.","price":"1,99 €","offer_price":0,"offer_type":null,"stock":false,"super":"alcampo"},{"img":"https://www.alcampo.es/media/h80/h31/9031375224862.jpg","name":"Cebollas blancas OSVI malla 500 g.","price":"1,59 €","offer_price":0,"offer_type":null,"stock":false,"super":"alcampo"},{"img":"https://www.alcampo.es/media/ha5/hcc/8942169292830.jpg","name":"Combinado de ajo y cebolla 1 kg","price":"2,99 €","offer_price":0,"offer_type":null,"stock":false,"super":"alcampo"},{"img":"https://www.alcampo.es/media/hb2/h5e/8934910918686.jpg","name":"Cebolla roja barqueta 500 g.","price":"1,98 €","offer_price":0,"offer_type":null,"stock":false,"super":"alcampo"},{"img":"https://www.alcampo.es/media/hd3/h10/8961139245086.jpg","name":"Patatas cocidas bolsa de 500 g.","price":"1,96 €","offer_price":0,"offer_type":null,"stock":false,"super":"alcampo"},{"img":"https://www.alcampo.es/media/h55/hee/9312769802270.jpg","name":"Patata joven mini VITACRESS 500 g.","price":"2,29 €","offer_price":0,"offer_type":null,"stock":false,"super":"alcampo"},{"img":"https://www.alcampo.es/media/h4a/hbc/8934905020446.jpg","name":"Cebolla pelada 500 gramos","price":"1,09 €","offer_price":0,"offer_type":null,"stock":false,"super":"alcampo"},{"img":"https://www.alcampo.es/media/h07/hbb/9566333632542.jpg","name":"Patatas princesa amandine micro 1 kg.","price":"1,59 €","offer_price":0,"offer_type":null,"stock":false,"super":"alcampo"},{"img":"https://www.alcampo.es/media/hf9/h71/9323570266142.jpg","name":"Patatas malla 2 kg","price":"2,99 €","offer_price":0,"offer_type":null,"stock":false,"super":"alcampo"},{"img":"https://www.alcampo.es/media/hf9/hfc/9572406099998.jpg","name":"Dientes de ajo 250 g.","price":"1,69 €","offer_price":0,"offer_type":null,"stock":false,"super":"alcampo"},{"img":"https://www.alcampo.es/media/hb3/hca/9139070992414.jpg","name":"Cebolla tricolor Butti OSVI 700 gr. ","price":"2,09 €","offer_price":0,"offer_type":null,"stock":false,"super":"alcampo"},{"img":"https://www.alcampo.es/media/h8e/h33/8899583148062.jpg","name":"Ajo negro ecológicos 2 ud","price":"5,10 €","offer_price":0,"offer_type":null,"stock":false,"super":"alcampo"},{"img":"https://www.alcampo.es/media/h10/hfe/10138646839326.jpg","name":"Ajo negro ","price":"2,29 €","offer_price":0,"offer_type":null,"stock":false,"super":"alcampo"},{"img":"https://www.alcampo.es/media/hab/h30/9312783466526.jpg","name":"Brotes germinados de cebolla TUGAS 80 g.","price":"2,79 €","offer_price":0,"offer_type":null,"stock":false,"super":"alcampo"},{"img":"https://www.alcampo.es/media/hc0/h15/9323617124382.jpg","name":"Patatas Comunidad de Madrid. malla 3 kg.","price":"4,20 €","offer_price":0,"offer_type":null,"stock":false,"super":"alcampo"},{"img":"https://www.alcampo.es/media/h72/hbb/8898082373662.jpg","name":"Cebolleta dulce, manojo ALCAMPO PRODUCCIÓN CONTROLADA 3 unidades","price":"1,49 €","offer_price":0,"offer_type":null,"stock":false,"super":"alcampo"}]