[{"img":"https://www.alcampo.es/media/h26/h83/8928499040286.jpg","name":"Pimiento Italiano bolsa de 500 g.","price":"1,29 €","offer_price":0,"offer_type":null,"stock":false,"super":"alcampo"},{"img":"https://www.alcampo.es/media/h89/h5f/9311109414942.jpg","name":"Pimientos rojos, malla 750 g.","price":"2,69 €","offer_price":0,"offer_type":null,"stock":false,"super":"alcampo"},{"img":"https://www.alcampo.es/media/h90/h6d/8961292107806.jpg","name":"Tomate ensalada malla de 1 kg","price":"1,69 €","offer_price":0,"offer_type":null,"stock":false,"super":"alcampo"},{"img":"https://www.alcampo.es/media/hf4/h44/8928461127710.jpg","name":"Pimientos tricolor bandeja de 500 g.","price":"2,79 €","offer_price":0,"offer_type":null,"stock":false,"super":"alcampo"},{"img":"https://www.alcampo.es/media/h7b/ha7/9236440973342.jpg","name":"Tomates Kumato ALCAMPO PRODUCCIÓN CONTROLADA 500 g.","price":"1,99 €","offer_price":0,"offer_type":null,"stock":false,"super":"alcampo"},{"img":"https://www.alcampo.es/media/h1a/hd3/8962599551006.jpg","name":"Tomate bola de 1 kg.","price":"1,19 €","offer_price":0,"offer_type":null,"stock":false,"super":"alcampo"},{"img":"https://www.alcampo.es/media/hbb/h03/8928472432670.jpg","name":"Pepino malla de 1 Kilogramo","price":"1,19 €","offer_price":0,"offer_type":null,"stock":false,"super":"alcampo"},{"img":"https://www.alcampo.es/media/h91/h4a/9302401122334.jpg","name":"Tomate cherry bandeja de 500 Gramos","price":"2,29 €","offer_price":0,"offer_type":null,"stock":false,"super":"alcampo"},{"img":"https://www.alcampo.es/media/h0c/hd3/8962574811166.jpg","name":"Tomate pera bandeja de 800 g.","price":"1,99 €","offer_price":0,"offer_type":null,"stock":false,"super":"alcampo"},{"img":"https://www.alcampo.es/media/h0c/h5b/8931955933214.jpg","name":"Tomate cherry pera tarrina de 250 Gramos","price":"1,19 €","offer_price":0,"offer_type":null,"stock":false,"super":"alcampo"},{"img":"https://www.alcampo.es/media/h7d/h21/10138583498782.jpg","name":"Pepino Holandés 400 g.","price":"0,89 €","offer_price":0,"offer_type":null,"stock":false,"super":"alcampo"},{"img":"https://www.alcampo.es/media/h23/hcd/9246269931550.jpg","name":"Tomates en rama ALCAMPO PRODUCCIÓN CONTROLADA ECOLÓGICO 500 g.","price":"1,89 €","offer_price":0,"offer_type":null,"stock":false,"super":"alcampo"},{"img":"https://www.alcampo.es/media/h5b/hda/9629393125406.jpg","name":"Pimientos rojos y verdes bandeja de 600 g.","price":"4,29 €","offer_price":0,"offer_type":null,"stock":false,"super":"alcampo"},{"img":"https://www.alcampo.es/media/hed/hb2/9236440612894.jpg","name":"Tomates asurcado ALCAMPO PRODUCCIÓN CONTROLADA 500 g.","price":"2,39 €","offer_price":0,"offer_type":null,"stock":false,"super":"alcampo"},{"img":"https://www.alcampo.es/media/h70/h3f/8888152293406.jpg","name":"Tomates en rama cesta de 1 kg.","price":"1,95 €","offer_price":0,"offer_type":null,"stock":false,"super":"alcampo"},{"img":"https://www.alcampo.es/media/he1/h8b/8968829632542.jpg","name":"Tomate para untar bandeja de 400 Gramos","price":"1,89 €","offer_price":0,"offer_type":null,"stock":false,"super":"alcampo"},{"img":"https://www.alcampo.es/media/he6/h2c/8928522305566.jpg","name":"Tomate bola 1 kg.","price":"2,39 €","offer_price":0,"offer_type":null,"stock":false,"super":"alcampo"},{"img":"https://www.alcampo.es/media/h35/hc8/9036419956766.jpg","name":"Pimiento rojo barqueta de 600 gramos","price":"4,99 €","offer_price":0,"offer_type":null,"stock":false,"super":"alcampo"},{"img":"https://www.alcampo.es/media/h25/h5e/9302383984670.jpg","name":"Tomate ensalada HORTALIZA barqueta de 1 kg,","price":"2,19 €","offer_price":0,"offer_type":null,"stock":false,"super":"alcampo"},{"img":"https://www.alcampo.es/media/h36/hdd/8928486260766.jpg","name":"Pimiento Italiano bandeja de 500 Gramos","price":"2,29 €","offer_price":0,"offer_type":null,"stock":false,"super":"alcampo"},{"img":"https://www.alcampo.es/media/hbb/hd1/8968832745502.jpg","name":"Tomate Cherry 250 g","price":"1,19 €","offer_price":0,"offer_type":null,"stock":false,"super":"alcampo"},{"img":"https://www.alcampo.es/media/h60/hee/10184401092638.jpg","name":"Tomate azul ALCAMPO PRODUCCIÓN CONTROLADA 500 g.","price":"2,59 €","offer_price":0,"offer_type":null,"stock":false,"super":"alcampo"},{"img":"https://www.alcampo.es/media/h4a/h21/8968810135582.jpg","name":"Tomate ensalada producción ecológica, bandeja de 600 g.","price":"2,49 €","offer_price":0,"offer_type":null,"stock":false,"super":"alcampo"},{"img":"https://www.alcampo.es/media/h24/h3a/8893436297246.jpg","name":"Pepino bandeja de 700 grs","price":"2,99 €","offer_price":0,"offer_type":null,"stock":false,"super":"alcampo"},{"img":"https://www.alcampo.es/media/h30/h65/9144392253470.jpg","name":"Tomates Cherry rama ALCAMPO PRODUCCIÓN CONTROLADA ECOLÓGICO 400 g.","price":"2,29 €","offer_price":0,"offer_type":null,"stock":false,"super":"alcampo"},{"img":"https://www.alcampo.es/media/h71/h38/8890047201310.jpg","name":"Tomates de tipo raf asurcado ALCAMPO PRODUCCIÓN CONTROLADA barqueta de 500 g.","price":"4,99 €","offer_price":0,"offer_type":null,"stock":false,"super":"alcampo"},{"img":"https://www.alcampo.es/media/hc6/h0e/9302409150494.jpg","name":"Pimiento verde pequeño bandeja de 200 Gramos","price":"1,49 €","offer_price":0,"offer_type":null,"stock":false,"super":"alcampo"},{"img":"https://www.alcampo.es/media/h3e/hda/8968811773982.jpg","name":"Pimientos verdes bandeja de 600 g.","price":"4,99 €","offer_price":0,"offer_type":null,"stock":false,"super":"alcampo"},{"img":"https://www.alcampo.es/media/h13/h6b/8890239352862.jpg","name":"Tomate Cherry rama HORTALIZA 500 gramos","price":"2,29 €","offer_price":0,"offer_type":null,"stock":false,"super":"alcampo"},{"img":"https://www.alcampo.es/media/h04/ha3/9046960603166.jpg","name":"Tomate cocktail Kamonetti ALCAMPO PRODUCCION CONTROLADA 500 g","price":"1,99 €","offer_price":0,"offer_type":null,"stock":false,"super":"alcampo"},{"img":"https://www.alcampo.es/media/h7f/h50/9302416588830.jpg","name":"Tomate pera en rama natural cesta de 800 g.","price":"2,99 €","offer_price":0,"offer_type":null,"stock":false,"super":"alcampo"},{"img":"https://www.alcampo.es/media/h79/hea/8968811937822.jpg","name":"Pimiento rojo ecológico,bandeja de 400 g.","price":"2,59 €","offer_price":0,"offer_type":null,"stock":false,"super":"alcampo"},{"img":"https://www.alcampo.es/media/h42/h42/8971393237022.jpg","name":"Pimiento verde ecológico, bandeja de 400 g.","price":"1,99 €","offer_price":0,"offer_type":null,"stock":false,"super":"alcampo"},{"img":"https://www.alcampo.es/media/h5e/h1f/9312808370206.jpg","name":"Pimiento sweet Palermo 2 uds..","price":"1,29 €","offer_price":0,"offer_type":null,"stock":false,"super":"alcampo"},{"img":"https://www.alcampo.es/media/he1/hbb/8938584277022.jpg","name":"Pepino ecológico holandés, bandeja de 700 g.","price":"3,09 €","offer_price":0,"offer_type":null,"stock":false,"super":"alcampo"},{"img":"https://www.alcampo.es/media/h05/h7a/8870180618270.jpg","name":"Tomates asurcados corazón de buey, cesta de 800 g,","price":"3,29 €","offer_price":0,"offer_type":null,"stock":false,"super":"alcampo"},{"img":"https://www.alcampo.es/media/h41/h01/9312767377438.jpg","name":"Pepinos snack FRESQUIA 250 g.","price":"1,99 €","offer_price":0,"offer_type":null,"stock":false,"super":"alcampo"},{"img":"https://www.alcampo.es/media/h8f/h2d/9270336454686.jpg","name":"Tomate mini Kumato ALCAMPO PRODUCCIÓN CONTROLADA 250 g.","price":"1,89 €","offer_price":0,"offer_type":null,"stock":false,"super":"alcampo"},{"img":"https://www.alcampo.es/media/haa/h72/8968820293662.jpg","name":"Tomate pimiento tarrina de 225 g.","price":"1,89 €","offer_price":0,"offer_type":null,"stock":false,"super":"alcampo"},{"img":"https://www.alcampo.es/media/h6b/h0d/9218699591710.jpg","name":"Tomate cherry Naranja bandeja de 250 g","price":"1,19 €","offer_price":0,"offer_type":null,"stock":false,"super":"alcampo"},{"img":"https://www.alcampo.es/media/h90/hee/9699940728862.jpg","name":"Tomate Yoom ALCAMPO PRODUCCIÓN CONTROLADA 250 g.","price":"2,99 €","offer_price":0,"offer_type":null,"stock":false,"super":"alcampo"},{"img":"https://www.alcampo.es/media/hfd/hb2/9302361899038.jpg","name":"Tomate pera intense (ideal para hornear, freir y cocinar a la plancha) bandeja de 650g","price":"2,69 €","offer_price":0,"offer_type":null,"stock":false,"super":"alcampo"},{"img":"https://www.alcampo.es/media/hd1/hb9/9218653126686.jpg","name":"Pimientos de colores bandeja de 200 g","price":"1,39 €","offer_price":0,"offer_type":null,"stock":false,"super":"alcampo"},{"img":"https://www.alcampo.es/media/h44/h80/9302379823134.jpg","name":"Tomate en rama natural cesta de 500 Gramos","price":"2,69 €","offer_price":0,"offer_type":null,"stock":false,"super":"alcampo"},{"img":"https://www.alcampo.es/media/h5d/hd0/8928528531486.jpg","name":"Tomate seco tarrina de 200 Gramos","price":"2,29 €","offer_price":0,"offer_type":null,"stock":false,"super":"alcampo"},{"img":"https://www.alcampo.es/media/h79/hc2/8971141087262.jpg","name":"Tomate pera ecológicoBIOSABOR 400 g.","price":"1,89 €","offer_price":0,"offer_type":null,"stock":false,"super":"alcampo"},{"img":"https://www.alcampo.es/media/h12/he9/8901550145566.jpg","name":"Tomates en rama HORTALIZA barqueta de 500 g","price":"1,19 €","offer_price":0,"offer_type":null,"stock":false,"super":"alcampo"},{"img":"https://www.alcampo.es/media/hb4/hcd/8942130659358.jpg","name":"Guindilla roja tarrina de 150 gramos","price":"1,29 €","offer_price":0,"offer_type":null,"stock":false,"super":"alcampo"},{"img":"https://www.alcampo.es/media/he0/he9/8938592796702.jpg","name":"Pimiento de padrón tarrina de 200 Gramos","price":"0,96 €","offer_price":0,"offer_type":null,"stock":false,"super":"alcampo"},{"img":"https://www.alcampo.es/media/h0a/h09/8934908985374.jpg","name":"Tomate cherry amarillo rama 250 gramos","price":"1,59 €","offer_price":0,"offer_type":null,"stock":false,"super":"alcampo"},{"img":"https://www.alcampo.es/media/hcd/h8a/8968838971422.jpg","name":"Guindilla verde tarrina de 150 gramos","price":"0,99 €","offer_price":0,"offer_type":null,"stock":false,"super":"alcampo"},{"img":"https://www.alcampo.es/media/he6/hcf/9160520531998.jpg","name":"Chiles rojos bandeja de 100 g. ","price":"2,29 €","offer_price":0,"offer_type":null,"stock":false,"super":"alcampo"},{"img":"https://www.alcampo.es/media/h28/h24/10138616135710.jpg","name":"Pimiento Italiano ecológico 600 g. ","price":"3,49 €","offer_price":0,"offer_type":null,"stock":false,"super":"alcampo"},{"img":"https://www.alcampo.es/media/h33/h3a/8968827994142.jpg","name":"Tomate asurcado tarrina de 500 gramos.","price":"1,69 €","offer_price":0,"offer_type":null,"stock":false,"super":"alcampo"},{"img":"https://www.alcampo.es/media/h47/hf3/8928452280350.jpg","name":"Pimiento del piquillo barqueta de 500 gramos","price":"3,59 €","offer_price":0,"offer_type":null,"stock":false,"super":"alcampo"},{"img":"https://www.alcampo.es/media/he4/hcc/9566338351134.jpg","name":"Guindillas bandeja 200 g.","price":"2,69 €","offer_price":0,"offer_type":null,"stock":false,"super":"alcampo"},{"img":"https://www.alcampo.es/media/hdd/ha3/8883947765790.jpg","name":"Tomate Cherry Zebra HORTALIZA Bandeja de 250 Gramos","price":"1,29 €","offer_price":0,"offer_type":null,"stock":false,"super":"alcampo"}]