[{"img":"https://www.alcampo.es/media/h3c/hf2/9690824704030.jpg","name":"Bacon cocido cortado en lonchas, elaborado sin gluten y sin lactosa PRODUCTO ALCAMPO 200 g.","price":"1,74 €","offer_price":0,"offer_type":null,"stock":false,"super":"alcampo"},{"img":"https://www.alcampo.es/media/h2d/h34/9567084773406.jpg","name":"Bacon ahumado con humo de madera de haya, sin gluten y cortado en lonchas OSCAR MAYER 150 g.","price":"1,94 €","offer_price":0,"offer_type":null,"stock":false,"super":"alcampo"},{"img":"https://www.alcampo.es/media/h9f/h84/9538234875934.jpg","name":"Bacon cocido y ahumado sin gluten y sin lacotosa, cortado en lonchas MONELLS 110 g.","price":"1,39 €","offer_price":0,"offer_type":null,"stock":false,"super":"alcampo"},{"img":"https://www.alcampo.es/media/hc4/h2d/9605489655838.jpg","name":"Bacon cocido y ahumado, sin lactosa y sin gluten, cortado en lonchas EL POZO 150 g.","price":"1,56 €","offer_price":0,"offer_type":null,"stock":false,"super":"alcampo"},{"img":"https://www.alcampo.es/media/hd5/h1c/10749109534750.jpg","name":"Bacon semicocido y ahumado, sin gluten y cortado en lonchas gruesas OSCAR MAYER 175 g.","price":"2,23 €","offer_price":0,"offer_type":null,"stock":false,"super":"alcampo"},{"img":"https://www.alcampo.es/media/h10/h73/9605358059550.jpg","name":"Bacon de pavo, sin gluten y sin lactosa, cortado en lonchas EL POZO Bienstar 150 g.","price":"1,70 €","offer_price":0,"offer_type":null,"stock":false,"super":"alcampo"},{"img":"https://www.alcampo.es/media/h20/h77/9558001418270.jpg","name":"Bacon ahumado sin piel cortado en lonchas MONELLS Selección 140 g.","price":"1,55 €","offer_price":0,"offer_type":null,"stock":false,"super":"alcampo"},{"img":"https://www.alcampo.es/media/hf0/h3f/10911421890590.jpg","name":"Bacón ahumado de forma natural cortado en lonchas MONELLS 150 g.","price":"1,98 €","offer_price":0,"offer_type":null,"stock":false,"super":"alcampo"},{"img":"https://www.alcampo.es/media/ha1/h24/10354198315038.jpg","name":"Bacon tradicional cocido y ahumado, cortado en cómodas lonchas PLACERES Tradición 120 g. ","price":"1,09 €","offer_price":0,"offer_type":null,"stock":false,"super":"alcampo"},{"img":"https://www.alcampo.es/media/hc6/h33/9577647603742.jpg","name":"Panceta curada cortada en finas lonchas y envasada al vacio MONTE ARAGÓN 100 g.","price":"2,45 €","offer_price":0,"offer_type":null,"stock":false,"super":"alcampo"},{"img":"https://www.alcampo.es/media/h98/hf9/9801708994590.jpg","name":"Panceta adobada y curada cortada en finas lonchas IGLESIAS 80 g.","price":"1,90 €","offer_price":0,"offer_type":null,"stock":false,"super":"alcampo"},{"img":"https://www.alcampo.es/media/ha5/ha0/8900408770590.jpg","name":"Bacon loncheado ecológico BLANCAFORT 80 g.","price":"2,14 €","offer_price":0,"offer_type":null,"stock":false,"super":"alcampo"},{"img":"https://www.alcampo.es/media/h2a/h52/9520388112414.jpg","name":"Bacon cocido loncheado ecológico CASA BOIX 80 g.","price":"2,13 €","offer_price":0,"offer_type":null,"stock":false,"super":"alcampo"},{"img":"https://www.alcampo.es/media/h89/h10/9141435269150.jpg","name":"Panceta italiana cortada en finas lonchas FERRARINI 80 g.","price":"2,91 €","offer_price":0,"offer_type":null,"stock":false,"super":"alcampo"},{"img":"https://www.alcampo.es/media/ha2/h41/10011634204702.jpg","name":"Bacon elaborado sin gluten y cortado en finas lonchas EL CONCHEL Selección 100 g.","price":"1,19 €","offer_price":0,"offer_type":null,"stock":false,"super":"alcampo"},{"img":"https://www.alcampo.es/media/h25/h14/10493026304030.jpg","name":"Bacón ahumado con madera de Haya y cortado en lonchas, especial hamburguesas MONELLS Selección 140 g.","price":"1,99 €","offer_price":0,"offer_type":null,"stock":false,"super":"alcampo"},{"img":"https://www.alcampo.es/media/h69/h66/10754843705374.jpg","name":"Fiambre de bacon cocido y ahumando de forma natural, sin gluten, cortado en lonchas MONELLS 500 g.","price":"5,25 €","offer_price":0,"offer_type":null,"stock":false,"super":"alcampo"},{"img":"https://www.alcampo.es/media/h4b/h60/9581178191902.jpg","name":"Bacón ahumado natural con madera de haya, cortado en lonchas EL CHARCUTERO 2 x 100 g.","price":"2,89 €","offer_price":0,"offer_type":null,"stock":false,"super":"alcampo"},{"img":"https://www.alcampo.es/media/h1b/h18/10734122926110.jpg","name":"Taco de bacon con ahumado natural MONELLS 300 g.","price":"2,99 €","offer_price":0,"offer_type":null,"stock":false,"super":"alcampo"},{"img":"https://www.alcampo.es/media/h6c/h89/10740074348574.jpg","name":"Bandeja con torreznos de Soria precocinados VILLAR 230 g.","price":"4,25 €","offer_price":0,"offer_type":null,"stock":false,"super":"alcampo"},{"img":"https://www.alcampo.es/media/hb2/hed/10740065370142.jpg","name":"Taco de panceta envasada al vacio VALLINA 250 g.","price":"3,45 €","offer_price":0,"offer_type":null,"stock":false,"super":"alcampo"},{"img":"https://www.alcampo.es/media/h14/hd6/10740055179294.jpg","name":"Centro de panceta en taco, desalada y lista para cocinar EL CHICO 200 g.","price":"2,63 €","offer_price":0,"offer_type":null,"stock":false,"super":"alcampo"},{"img":"https://www.alcampo.es/media/h75/h00/8877972193310.jpg","name":"Panceta ibérica de bellota FARCEDO 400 gr","price":"3,90 €","offer_price":0,"offer_type":null,"stock":false,"super":"alcampo"},{"img":"https://www.alcampo.es/media/h95/h3b/10740064157726.jpg","name":"Bandeja con torreznos de Soria precocinados LA HOGUERA 215 g.","price":"4,23 €","offer_price":0,"offer_type":null,"stock":false,"super":"alcampo"},{"img":"https://www.alcampo.es/media/h72/h01/10740016349214.jpg","name":"Panceta curada deshuesada, sin gluten y envasada al vacio LA UNIÓN 450 g.","price":"6,47 €","offer_price":0,"offer_type":null,"stock":false,"super":"alcampo"},{"img":"https://www.alcampo.es/media/h22/hac/10740002062366.jpg","name":"Taco de tocino ibérico salado, envasado al vacio IGLESIAS 340 g.","price":"2,85 €","offer_price":0,"offer_type":null,"stock":false,"super":"alcampo"},{"img":"https://www.alcampo.es/media/hc4/h0e/9566388682782.jpg","name":"Taco de panceta curada, elaborada sin gluten y sin lactosa SEÑORA JULIA 250 g.","price":"3,50 €","offer_price":0,"offer_type":null,"stock":false,"super":"alcampo"},{"img":"https://www.alcampo.es/media/h04/h60/9566320197662.jpg","name":"Pacenta de cerdo adobada y en tacos, sin gluten y sin lactosa SEÑORA JULIA 250 g.","price":"4,13 €","offer_price":0,"offer_type":null,"stock":false,"super":"alcampo"},{"img":"https://www.alcampo.es/media/h06/hf6/9254700744734.jpg","name":"Taco de panceta ibérica salada IGLESIAS 340 g.","price":"3,25 €","offer_price":0,"offer_type":null,"stock":false,"super":"alcampo"},{"img":"https://www.alcampo.es/media/hc4/he8/9224056504350.jpg","name":"Taco de tocino ibérico salado, envasado al vacio y sin gluten DERAZA","price":"1,58 €","offer_price":0,"offer_type":null,"stock":false,"super":"alcampo"},{"img":"https://www.alcampo.es/media/h5d/h83/9478676742174.jpg","name":"Panceta baja en sal, sin gluten y sin lacteos EL CHICO 300 g.","price":"4,07 €","offer_price":0,"offer_type":null,"stock":false,"super":"alcampo"},{"img":"https://www.alcampo.es/media/h12/hd9/8974062911518.jpg","name":"Panceta al vacío ecológica LA MERENDOLA 120 g.","price":"2,46 €","offer_price":0,"offer_type":null,"stock":false,"super":"alcampo"},{"img":"https://www.alcampo.es/media/hf8/hd9/9478652526622.jpg","name":"Bacon al vacío cortado en lonchas, sin gluten ni lacteos EL CHICO 300 g.","price":"4,47 €","offer_price":0,"offer_type":null,"stock":false,"super":"alcampo"},{"img":"https://www.alcampo.es/media/ha3/ha0/10736718053406.jpg","name":"Panceta curada desalada, lista para cocinar COREN","price":"4,36 €","offer_price":0,"offer_type":null,"stock":false,"super":"alcampo"},{"img":"https://www.alcampo.es/media/hca/h3b/9321427468318.jpg","name":"Tiras de bacon elaboradas sin gluten y sin lactosa PRODUCTO ALCAMPO 2 x 100 g.","price":"1,38 €","offer_price":0,"offer_type":null,"stock":false,"super":"alcampo"},{"img":"https://www.alcampo.es/media/h02/hb6/9575669792798.jpg","name":"Bacon cortado en cómodas y practicas cintas, elaborado sin gluten CASA TARRADELLAS 2 x 100 g.","price":"1,80 €","offer_price":0,"offer_type":null,"stock":false,"super":"alcampo"},{"img":"https://www.alcampo.es/media/ha7/h8b/9893391532062.jpg","name":"Bacon cocido y con sabor ahumado, sin piel ni ternilla, cortado en prácticas tiras EL POZO 2 x 50 g.","price":"0,98 €","offer_price":0,"offer_type":null,"stock":false,"super":"alcampo"},{"img":"https://www.alcampo.es/media/hc5/he3/9579889098782.jpg","name":"Bacon de pavo cortado en cómodas y practicas tiras, elaboradas sin gluten y sin lactosa EL POZO 2 x 90 g.","price":"1,45 €","offer_price":0,"offer_type":null,"stock":false,"super":"alcampo"},{"img":"https://www.alcampo.es/media/hf3/ha5/9575641743390.jpg","name":"Bacon sin gluten y cortado en cómodas y prácticas cintas CASA TARRADELLAS 150 g.","price":"1,82 €","offer_price":0,"offer_type":null,"stock":false,"super":"alcampo"},{"img":"https://www.alcampo.es/media/ha9/hd4/10005910061086.jpg","name":"Bacon cocido y ahumado natural cortado en cómodas tiras MONELLS 2 x 75 g. ","price":"1,69 €","offer_price":0,"offer_type":null,"stock":false,"super":"alcampo"},{"img":"https://www.alcampo.es/media/h1b/h1c/10749186539550.jpg","name":"Bacón semicocido y ahumado natural, cortado en tiras OSCAR MAYER 2 x 65 g.","price":"1,79 €","offer_price":0,"offer_type":null,"stock":false,"super":"alcampo"},{"img":"https://www.alcampo.es/media/hf4/hfe/9138434474014.jpg","name":"Panceta cortada en taquitos y elaborada sin gluten PALCARSA 80 g.","price":"1,29 €","offer_price":0,"offer_type":null,"stock":false,"super":"alcampo"}]