[{"img":"https://www.alcampo.es/media/hf6/h46/9539619455006.jpg","name":"Lomo embuchado, sin gluten y cortado en lonchas PRODUCTO ALCAMPO 2 x 60 g.","price":"1,73 €","offer_price":0,"offer_type":null,"stock":false,"super":"alcampo"},{"img":"https://www.alcampo.es/media/h6e/h18/9539590422558.jpg","name":"Cabecero de lomo embuchado, sin gluten y cortado en lonchas PRODUCTO ALCAMPO 2 x 60 g.","price":"1,64 €","offer_price":0,"offer_type":null,"stock":false,"super":"alcampo"},{"img":"https://www.alcampo.es/media/h11/he4/9567032606750.jpg","name":"Caña de lomo cortada en finas lochas y elaborada sin gluten NAVIDUL 45 g.","price":"0,94 €","offer_price":0,"offer_type":null,"stock":false,"super":"alcampo"},{"img":"https://www.alcampo.es/media/hd2/hb7/9690787184670.jpg","name":"Lomo de cebo ibérico (50% raza ibérica), cortado en lonchas PRODUCTO ALCAMPO 100 g.","price":"3,09 €","offer_price":0,"offer_type":null,"stock":false,"super":"alcampo"},{"img":"https://www.alcampo.es/media/h7c/hca/9567058296862.jpg","name":"Caña de lomo embuchado sin gluten y reducida en sal, cortada en finas lonchas NAVIDUL 40 g.","price":"1,09 €","offer_price":0,"offer_type":null,"stock":false,"super":"alcampo"},{"img":"https://www.alcampo.es/media/he2/h43/10752062291998.jpg","name":"Lomo embuchado de origen extremeño, cortado en lonchas ARGAL Tradición 100 g.","price":"2,26 €","offer_price":0,"offer_type":null,"stock":false,"super":"alcampo"},{"img":"https://www.alcampo.es/media/hef/h8c/10598180945950.jpg","name":"Caña de lomo embuchado, sin gluten y cortada en prácticas lonchas NAVIDUL 110 g.","price":"2,90 €","offer_price":0,"offer_type":null,"stock":false,"super":"alcampo"},{"img":"https://www.alcampo.es/media/ha1/h52/10546621120542.jpg","name":"Caña de lomo de cebo ibérico (50% raza ibérica), cortada en lonchas SELECTOS PEÑARANDA 120 g.","price":"2,99 €","offer_price":0,"offer_type":null,"stock":false,"super":"alcampo"},{"img":"https://www.alcampo.es/media/h98/h6e/9484617056286.jpg","name":"Muslo curado de pavo (Lomo de pavo), sin gluten y cortado en finas lonchas BOADAS 2 x 40 g.","price":"1,75 €","offer_price":0,"offer_type":null,"stock":false,"super":"alcampo"},{"img":"https://www.alcampo.es/media/h14/h69/10746444742686.jpg","name":"Bresaola elaborada sin gluten y cortada en finas lonchas FERRARINI 90 g.","price":"4,60 €","offer_price":0,"offer_type":null,"stock":false,"super":"alcampo"},{"img":"https://www.alcampo.es/media/h01/hec/9811222364190.jpg","name":"Cabecero de lomo sin gluten y cortado en finas lonchas BOADAS 2 x 40 g.","price":"1,79 €","offer_price":0,"offer_type":null,"stock":false,"super":"alcampo"},{"img":"https://www.alcampo.es/media/hac/h3b/10752154796062.jpg","name":"Lomo de cerdo curado, elaborado sin alérgenos y cortado en finas lonchas MONELLS 2 x 60 g.","price":"2,35 €","offer_price":0,"offer_type":null,"stock":false,"super":"alcampo"},{"img":"https://www.alcampo.es/media/ha2/h23/10801843798046.jpg","name":"Lomo ibérico de cebo cortado en lonchas SIERRA AZUAGA 100 g.","price":"5,78 €","offer_price":0,"offer_type":null,"stock":false,"super":"alcampo"},{"img":"https://www.alcampo.es/media/h7f/h64/9804648022046.jpg","name":"Taco de lomo embuchado con sólo 6% de materia grasa, cortado en finas lonchas ESPAÑA 200 g.","price":"3,38 €","offer_price":0,"offer_type":null,"stock":false,"super":"alcampo"},{"img":"https://www.alcampo.es/media/hf7/he1/9588924940318.jpg","name":"Lomo de cebo ibérico (50% raza ibérica), cortado en finas lonchas NAVIDUL 10 g.","price":"6,45 €","offer_price":0,"offer_type":null,"stock":false,"super":"alcampo"},{"img":"https://www.alcampo.es/media/hca/hdc/10646224961566.jpg","name":"Lomo de bellota 100% ibérico, cortado en finas lonchas COVAP Esenciaúnica 60 g.","price":"6,90 €","offer_price":0,"offer_type":null,"stock":false,"super":"alcampo"},{"img":"https://www.alcampo.es/media/hfa/hdd/10754870444062.jpg","name":"Lomo blanco embuchado, cortado en lonchas VILLAR 45 g.","price":"1,09 €","offer_price":0,"offer_type":null,"stock":false,"super":"alcampo"},{"img":"https://www.alcampo.es/media/hd8/h5a/9303439114270.jpg","name":"Lomo embuchado cortado en lonchas SELECTOS PEÑARANDA 50 g.","price":"1 €","offer_price":0,"offer_type":null,"stock":false,"super":"alcampo"},{"img":"https://www.alcampo.es/media/h82/heb/9500071690270.jpg","name":"Lomo de cebo de campo ibérico (50% raza ibérica), cortado en finas lonchas ARDIO 100 g.","price":"2,95 €","offer_price":0,"offer_type":null,"stock":false,"super":"alcampo"},{"img":"https://www.alcampo.es/media/h54/h2b/9484645072926.jpg","name":"Lomo embuchado elaborado sin gluten y sin alérgenos, cortado en finas lonchas BOADAS Reserva 1880 80 g.","price":"2,15 €","offer_price":0,"offer_type":null,"stock":false,"super":"alcampo"},{"img":"https://www.alcampo.es/media/hb2/h80/9915995127838.jpg","name":"Caña de lomo curado cortada en lonchas LEGADO de El Pozo 45 g.","price":"0,98 €","offer_price":0,"offer_type":null,"stock":false,"super":"alcampo"},{"img":"https://www.alcampo.es/media/he0/h11/10758611402782.jpg","name":"Morcón ibérico cortado en lonchas VILLAR 50 g.","price":"1 €","offer_price":0,"offer_type":null,"stock":false,"super":"alcampo"},{"img":"https://www.alcampo.es/media/h83/h0a/10354213126174.jpg","name":"Lomo de cebo ibérico (50% raza ibérica) cortado en lonchas extrafinas SUPREMÉ DE PLACERES 90 g.","price":"3,29 €","offer_price":0,"offer_type":null,"stock":false,"super":"alcampo"},{"img":"https://www.alcampo.es/media/h6a/he9/10752020316190.jpg","name":"Lomo de cebo de campo ibérico (50% raza ibérica), cortado en lonchas CORTE NOBLE de Argal 75 g.","price":"4,99 €","offer_price":0,"offer_type":null,"stock":false,"super":"alcampo"},{"img":"https://www.alcampo.es/media/h7e/hc7/9426219663390.jpg","name":"Lomo de bellota ibérico (50% raza ibérica), sin gluen y sin lactosa y cortado a cuchillo VILLAR 100 g.","price":"6,25 €","offer_price":0,"offer_type":null,"stock":false,"super":"alcampo"},{"img":"https://www.alcampo.es/media/h0b/hca/9192623177758.jpg","name":"Lomo de bellota ibérico (50% raza ibérica), cortado en finas lonchas ARDIO 100 g.","price":"4,75 €","offer_price":0,"offer_type":null,"stock":false,"super":"alcampo"},{"img":"https://www.alcampo.es/media/hdd/hee/8969381216286.jpg","name":"Lomo ibérico de cebo (50% raza ibérica), cortado en finas lonchas MAFRESA 80 gr.","price":"3,29 €","offer_price":0,"offer_type":null,"stock":false,"super":"alcampo"},{"img":"https://www.alcampo.es/media/hec/h17/9069592674334.jpg","name":"Lomo embuchado ecológico en lonchas LA MERENDOLA 75 g.","price":"3,25 €","offer_price":0,"offer_type":null,"stock":false,"super":"alcampo"},{"img":"https://www.alcampo.es/media/h23/h3b/9659279409182.jpg","name":"Lomo ibérico de cebo (50% raza ibérica) cortado en lonchas VILLAR 50 g.","price":"2 €","offer_price":0,"offer_type":null,"stock":false,"super":"alcampo"},{"img":"https://www.alcampo.es/media/hb5/he1/10646128394270.jpg","name":"Lomo de cebo de campo ibérico (50% raza ibérica) cortado en lonchas COVAP Esenciaúnica 120 g.","price":"7,95 €","offer_price":0,"offer_type":null,"stock":false,"super":"alcampo"},{"img":"https://www.alcampo.es/media/h60/hfe/8898194702366.jpg","name":"Lomo ibérico de bellota en lonchas MONTE ROBLE 100 gr","price":"5,90 €","offer_price":0,"offer_type":null,"stock":false,"super":"alcampo"},{"img":"https://www.alcampo.es/media/hb6/hbe/10418263293982.jpg","name":"Lomo de bellota ibérico (100% raza ibérica), cortado en lonchas 5J 80 g.","price":"12,45 €","offer_price":0,"offer_type":null,"stock":false,"super":"alcampo"},{"img":"https://www.alcampo.es/media/h97/ha6/10411460952094.jpg","name":"Lomo curado (50% raza Duroc), cortado en lonchas ALCAMPO PRODUCCIÓN CONTROLADA 100 g.","price":"2,75 €","offer_price":0,"offer_type":null,"stock":false,"super":"alcampo"},{"img":"https://www.alcampo.es/media/h66/h98/9449779953694.jpg","name":"Cabecero de lomo blanco, cortado en finas lonchas RAZA Y SABOR 60 g.","price":"1,19 €","offer_price":0,"offer_type":null,"stock":false,"super":"alcampo"},{"img":"https://www.alcampo.es/media/h87/h6c/9449746890782.jpg","name":"Lomo de cebo ibérico (50% raza ibérica), cortado en finas lonchas RAZA Y SABOR 60 g.","price":"3,50 €","offer_price":0,"offer_type":null,"stock":false,"super":"alcampo"},{"img":"https://www.alcampo.es/media/h0f/ha6/8894578753566.jpg","name":"Lomo ibérico de cebo en lonchas SEÑORÍO DE OLIVENZA 100 gr","price":"4,99 €","offer_price":0,"offer_type":null,"stock":false,"super":"alcampo"},{"img":"https://www.alcampo.es/media/h9b/h10/9355574149150.jpg","name":"Lomo curado, sin gluten y cortado en finas lonchas ESPUÑA Tradition 80 g.","price":"2,30 €","offer_price":0,"offer_type":null,"stock":false,"super":"alcampo"},{"img":"https://www.alcampo.es/media/ha2/h77/10604204228638.jpg","name":"Lomo de cebo ibérico (50% raza ibérica), cortado en finas lonchas SÁNCHEZ ALCARAZ 120 g.","price":"4,80 €","offer_price":0,"offer_type":null,"stock":false,"super":"alcampo"},{"img":"https://www.alcampo.es/media/h60/h3d/10411502108702.jpg","name":"Cabecero de lomo (50% raza Duroc), cortado en lonchas ALCAMPO PRODUCCIÓN CONTROLADA 100 g.","price":"1,99 €","offer_price":0,"offer_type":null,"stock":false,"super":"alcampo"},{"img":"https://www.alcampo.es/media/ha0/hb3/10754786754590.jpg","name":"Cecina de vacuno ligeramente ahumada y cortada en finas lonchas PALCARSA 100 g.","price":"2,53 €","offer_price":0,"offer_type":null,"stock":false,"super":"alcampo"},{"img":"https://www.alcampo.es/media/hc3/h1f/10875116748830.jpg","name":"Cecina de vacuno de León, cortada en lonchas PRODUCTO ALCAMPO 100 g.","price":"2,82 €","offer_price":0,"offer_type":null,"stock":false,"super":"alcampo"},{"img":"https://www.alcampo.es/media/h70/hd7/10253597540382.jpg","name":"Cecina de vacuno elaborada sin gluten y cortada en lonchas CECINAS PABLO 100 g.","price":"3,81 €","offer_price":0,"offer_type":null,"stock":false,"super":"alcampo"},{"img":"https://www.alcampo.es/media/hfc/hf0/10250105651230.jpg","name":"Snack crujiente de vacuno deshidratado, no frito CRUCHIPS 25 g. ","price":"1,99 €","offer_price":0,"offer_type":null,"stock":false,"super":"alcampo"},{"img":"https://www.alcampo.es/media/ha9/h06/10253710426142.jpg","name":"Cecina de vacuno, elaborada en Astorga y cortada en medias lonchas CECINAS PABLO 100 g.","price":"3,99 €","offer_price":0,"offer_type":null,"stock":false,"super":"alcampo"},{"img":"https://www.alcampo.es/media/h87/h10/10418338824222.jpg","name":"Cecina de vacuno sin gluten y cortada en finas lonchas PALCARSA Cecinísimas 70 g.","price":"3,01 €","offer_price":0,"offer_type":null,"stock":false,"super":"alcampo"},{"img":"https://www.alcampo.es/media/ha6/hfc/10259874021406.jpg","name":"Snack crujiente de vacuno deshidratado, no frito, con sabor a barbacoa CRUCHIPS 25 g.","price":"1,75 €","offer_price":0,"offer_type":null,"stock":false,"super":"alcampo"},{"img":"https://www.alcampo.es/media/h00/h28/8929752088606.jpg","name":"Salchichón payes de categoria extra, cortado en finas lonchas CAN DURAN 90 g.","price":"2,35 €","offer_price":0,"offer_type":null,"stock":false,"super":"alcampo"},{"img":"https://www.alcampo.es/media/hc2/hfa/9659274592286.jpg","name":"Longaniza de categoria extra cortada en lonchas CAN DURAN Exentis 90 g.","price":"2,35 €","offer_price":0,"offer_type":null,"stock":false,"super":"alcampo"},{"img":"https://www.alcampo.es/media/h90/h12/9518745255966.jpg","name":"Salchichón payés de categoria extra, sin gluten y cortado en finas lonchas BOADAS 100 g.","price":"1,58 €","offer_price":0,"offer_type":null,"stock":false,"super":"alcampo"},{"img":"https://www.alcampo.es/media/h11/hb4/8960371294238.jpg","name":"Longaniza suprema en lonchas ESPUÑA 125 gr","price":"2,69 €","offer_price":0,"offer_type":null,"stock":false,"super":"alcampo"},{"img":"https://www.alcampo.es/media/h82/hbf/9163418140702.jpg","name":"Longaniza de la Cerdaña, sin gluten y cortada en lonchas CARLIT 100 g.","price":"2,45 €","offer_price":0,"offer_type":null,"stock":false,"super":"alcampo"},{"img":"https://www.alcampo.es/media/h49/h45/9567772246046.jpg","name":"Chorizo selecto, sin gluten y cortado en lonchas REVILLA 70 g.","price":"0,94 €","offer_price":0,"offer_type":null,"stock":false,"super":"alcampo"},{"img":"https://www.alcampo.es/media/hd4/h7b/10734150516766.jpg","name":"Chorizo extra sin gluten. cortado en lonchas PRODUCTO ALCAMPO 200 g.","price":"1,18 €","offer_price":0,"offer_type":null,"stock":false,"super":"alcampo"},{"img":"https://www.alcampo.es/media/h75/h43/10734158675998.jpg","name":"Chorizo de Pamplona extra sin gluten, corado en lonchas PRODUCTO ECONÓMICO ALCAMPO 200 g.","price":"1,23 €","offer_price":0,"offer_type":null,"stock":false,"super":"alcampo"},{"img":"https://www.alcampo.es/media/h94/hb3/9567027232798.jpg","name":"Chorizo de Pamplona, sin gluten y cortado en lonchas REVILLA 70 g.","price":"0,94 €","offer_price":0,"offer_type":null,"stock":false,"super":"alcampo"},{"img":"https://www.alcampo.es/media/h9f/hb6/9690776731678.jpg","name":"Chorizo ibérico de categoria extra, cortado en lonchas PRODUCTO ALCAMPO 100 g.","price":"1,49 €","offer_price":0,"offer_type":null,"stock":false,"super":"alcampo"},{"img":"https://www.alcampo.es/media/h1d/hc5/9465716670494.jpg","name":"Chorizo de pavo de calidad extra, sin gluten y cortado en lonchas EL POZO 80 g.","price":"0,95 €","offer_price":0,"offer_type":null,"stock":false,"super":"alcampo"},{"img":"https://www.alcampo.es/media/hb5/ha7/9965497679902.jpg","name":"Pepperoni cortado finas lonchas, especial para la elaboración de pizzas TELLO 75 g.","price":"1,12 €","offer_price":0,"offer_type":null,"stock":false,"super":"alcampo"},{"img":"https://www.alcampo.es/media/h2f/h80/9539641212958.jpg","name":"Chorizo de pavo, sin gluten y cortado en lonchas PRODUCTO ALCAMPO 100 g.","price":"1,25 €","offer_price":0,"offer_type":null,"stock":false,"super":"alcampo"},{"img":"https://www.alcampo.es/media/hf8/hf7/9539616800798.jpg","name":"Chorizo de categoria extra, sin gluten y cortado en lonchas PRODUCTO ALCAMPO 2 x 90 g.","price":"1,85 €","offer_price":0,"offer_type":null,"stock":false,"super":"alcampo"},{"img":"https://www.alcampo.es/media/hb4/h93/10740067500062.jpg","name":"Chorizo de Pamplona extra, origen Navarra, cortado en lonchas GOIKOA 2 x 90 g.","price":"2,25 €","offer_price":0,"offer_type":null,"stock":false,"super":"alcampo"},{"img":"https://www.alcampo.es/media/h1b/h0f/10740067172382.jpg","name":"Chorizo picante de León extra ahumado y cortado en lonchas PALCARSA 100 g.","price":"1,25 €","offer_price":0,"offer_type":null,"stock":false,"super":"alcampo"},{"img":"https://www.alcampo.es/media/hbc/he9/10660854726686.jpg","name":"Chorizo extra cortado en lonchas finas EL POZO 1954 70 g.","price":"0,94 €","offer_price":0,"offer_type":null,"stock":false,"super":"alcampo"},{"img":"https://www.alcampo.es/media/hd4/h59/10736740139038.jpg","name":"Chorizo de León extra, ahumado y dulce, cortado en lonchas PALCARSA 100 g.","price":"1,41 €","offer_price":0,"offer_type":null,"stock":false,"super":"alcampo"},{"img":"https://www.alcampo.es/media/ha6/h3e/9271029039134.jpg","name":"Chorizo de Pamplona de origen navarro, realizado sin gluten y cortado en finas lonchas ARGAL 80 g.","price":"1,19 €","offer_price":0,"offer_type":null,"stock":false,"super":"alcampo"},{"img":"https://www.alcampo.es/media/hb6/h40/10730940989470.jpg","name":"Chorizo troncal (tipo Pamplona) elaborado con ingredientes 100% naturales, cortado en lonchas ALEJANDRO 100 g.","price":"2,87 €","offer_price":0,"offer_type":null,"stock":false,"super":"alcampo"},{"img":"https://www.alcampo.es/media/ha4/hb9/10801849499678.jpg","name":"Chorizo de Pamplona y salchichón de categoria extra, cortados en lonchas GOIKOA 2 x 95 g.","price":"2,25 €","offer_price":0,"offer_type":null,"stock":false,"super":"alcampo"},{"img":"https://www.alcampo.es/media/h07/h1b/10740058783774.jpg","name":"Chorizo de pavo sin gluten, cortado en finas lonchas GOIKOA 2 X 75 g.","price":"2,45 €","offer_price":0,"offer_type":null,"stock":false,"super":"alcampo"},{"img":"https://www.alcampo.es/media/h14/hca/8895369969694.jpg","name":"Chorizo ibérico de categoria extra, cortado en lonchas SIERRA AZUAGA 100 g.","price":"2,11 €","offer_price":0,"offer_type":null,"stock":false,"super":"alcampo"},{"img":"https://www.alcampo.es/media/h6b/had/9567801966622.jpg","name":"Chorizo con carne de cerdo ibérico, sin gluten y cortado en lonchas NAVIDUL Gran selección 45 g.","price":"0,94 €","offer_price":0,"offer_type":null,"stock":false,"super":"alcampo"},{"img":"https://www.alcampo.es/media/h01/h32/10740078280734.jpg","name":"Chorizo magno elaborado con ingredientes 100% naturales, sin gluten y cortado en lonchas ALEJANDRO 100 g.","price":"2,73 €","offer_price":0,"offer_type":null,"stock":false,"super":"alcampo"},{"img":"https://www.alcampo.es/media/h9c/hae/8872117927966.jpg","name":"Chorizo ibérico cortado en finas lonchas NICO 100 gr.","price":"1,69 €","offer_price":0,"offer_type":null,"stock":false,"super":"alcampo"},{"img":"https://www.alcampo.es/media/h00/hf7/9811227705374.jpg","name":"Chorizo de categoria extra, sin gluten cortado en lonchas BOADAS 2 x 40 g.","price":"1,29 €","offer_price":0,"offer_type":null,"stock":false,"super":"alcampo"},{"img":"https://www.alcampo.es/media/h26/h85/9271054401566.jpg","name":"Chorizo de origen navarro, sin gluten y cortado en finas lonchas ARGAL Regio 80 g.","price":"1,25 €","offer_price":0,"offer_type":null,"stock":false,"super":"alcampo"},{"img":"https://www.alcampo.es/media/h0a/h57/9579233378334.jpg","name":"Chorizo ibércio (100% magro ibérico) cortado en finas lonchas RAZA Y SABOR 75 g.","price":"1,29 €","offer_price":0,"offer_type":null,"stock":false,"super":"alcampo"},{"img":"https://www.alcampo.es/media/hd4/hed/9811233865758.jpg","name":"Chorizo de Pamplona de categoria extra, sin gluten y cortado en lonchas BOADAS 2 x 40 g.","price":"1,29 €","offer_price":0,"offer_type":null,"stock":false,"super":"alcampo"},{"img":"https://www.alcampo.es/media/hd9/h5e/9541764218910.jpg","name":"Chorizo con carne de cerdo ibérico, sin gluten y cortado en lonchas NAVIDUL Gran selección 100 g.","price":"2,18 €","offer_price":0,"offer_type":null,"stock":false,"super":"alcampo"},{"img":"https://www.alcampo.es/media/hca/hea/10754860613662.jpg","name":"Chorizo y salchichón extra de origen Navarra, cortados en lonchas GOIKOA 180 g.","price":"2,25 €","offer_price":0,"offer_type":null,"stock":false,"super":"alcampo"},{"img":"https://www.alcampo.es/media/h85/h5d/9644092358686.jpg","name":"Chorizo de categoria extra, cortado en finas lonchas GOIKOA 2 x 90 g.","price":"2,25 €","offer_price":0,"offer_type":null,"stock":false,"super":"alcampo"},{"img":"https://www.alcampo.es/media/h6f/h29/8892806529054.jpg","name":"Chorizo ibérico cortado en lonchas SELECTOS PEÑARANDA 60 g.","price":"1 €","offer_price":0,"offer_type":null,"stock":false,"super":"alcampo"},{"img":"https://www.alcampo.es/media/h3d/h83/10752062783518.jpg","name":"Chorizo ibérico de Extremadura, cortado en lonchas CORTE NOBLE de Argal 75 g.","price":"1,75 €","offer_price":0,"offer_type":null,"stock":false,"super":"alcampo"},{"img":"https://www.alcampo.es/media/hc2/he7/9458194022430.jpg","name":"Chorizo de bellora ibérico (50% raza ibérica), cortado en finas lonchas RAZA Y SABOR 60 g.","price":"1,29 €","offer_price":0,"offer_type":null,"stock":false,"super":"alcampo"},{"img":"https://www.alcampo.es/media/h47/h5b/10646240722974.jpg","name":"Chorizo de bellota ibérico, cortado en finas lonchas COVAP Esenciaúnica 60 g.","price":"2,11 €","offer_price":0,"offer_type":null,"stock":false,"super":"alcampo"},{"img":"https://www.alcampo.es/media/h06/h4c/9539646193694.jpg","name":"Chorizo a la pimienta de categoria extra, sin gluten y cortado en lonchas PRODUCTO ALCAMPO 150 g.","price":"2,06 €","offer_price":0,"offer_type":null,"stock":false,"super":"alcampo"},{"img":"https://www.alcampo.es/media/h57/ha6/8900596793374.jpg","name":"Chorizo ibérico extra en lonchas MAFRESA 100 gr","price":"1,59 €","offer_price":0,"offer_type":null,"stock":false,"super":"alcampo"},{"img":"https://www.alcampo.es/media/h50/hed/10754847146014.jpg","name":"Chorizo ibérico extra cortado en lonchas VILLAR 45 g.","price":"1 €","offer_price":0,"offer_type":null,"stock":false,"super":"alcampo"},{"img":"https://www.alcampo.es/media/hed/hb7/9520452042782.jpg","name":"Chorizo vela loncheado ecológico CASA BOIX 80 g.","price":"2,95 €","offer_price":0,"offer_type":null,"stock":false,"super":"alcampo"},{"img":"https://www.alcampo.es/media/h69/he5/9804648513566.jpg","name":"Taco de chorizo de categoria extra, cortado en finas lonchas ESPAÑA 200 g.","price":"2,58 €","offer_price":0,"offer_type":null,"stock":false,"super":"alcampo"},{"img":"https://www.alcampo.es/media/hd4/h11/8959890161694.jpg","name":"Chorizo loncheado CANTIMPALOS 100 gr","price":"1,59 €","offer_price":0,"offer_type":null,"stock":false,"super":"alcampo"},{"img":"https://www.alcampo.es/media/heb/ha1/9484586549278.jpg","name":"Chorizo de bodega, categoria extra, sin gluten y sin alérgenos, cortado en lonchas BOADAS Reserva 1880 80 g.","price":"1,61 €","offer_price":0,"offer_type":null,"stock":false,"super":"alcampo"},{"img":"https://www.alcampo.es/media/h95/h65/10292669251614.jpg","name":"Chorizo de categoria extra, cortado en finas lonchas BOADAS 90 g.","price":"2,54 €","offer_price":0,"offer_type":null,"stock":false,"super":"alcampo"},{"img":"https://www.alcampo.es/media/hc5/hd4/10749127327774.jpg","name":"Chorizo de bellota ibérico, sin gluten y cortado en finas lonchas NAVIDUL 110 g.","price":"3,45 €","offer_price":0,"offer_type":null,"stock":false,"super":"alcampo"},{"img":"https://www.alcampo.es/media/h20/h96/9687721869342.jpg","name":"Chorizo tradicional, sin conservantes, ni colorantes, ni alérgenos, cortado en finas lonchas ESPUÑA Tradition 80 g.","price":"1,99 €","offer_price":0,"offer_type":null,"stock":false,"super":"alcampo"},{"img":"https://www.alcampo.es/media/hb3/h0e/9518688698398.jpg","name":"Caña de lomo de cebo ibérico NOBLEZA CASTELLANA pieza de 500 g (peso aproximado)<br>","price":"18,90 €","offer_price":0,"offer_type":null,"stock":false,"super":"alcampo"},{"img":"https://www.alcampo.es/media/h71/h0e/9539615457310.jpg","name":"Lomo embuchado en tacos PRODUCTO ALCAMPO 300 g.","price":"4,79 €","offer_price":0,"offer_type":null,"stock":false,"super":"alcampo"},{"img":"https://www.alcampo.es/media/hb9/h26/10172164997150.jpg","name":"Lomo embuchado gran reserva ESPAÑA 440 g.","price":"6,25 €","offer_price":0,"offer_type":null,"stock":false,"super":"alcampo"},{"img":"https://www.alcampo.es/media/hdd/ha6/8884295303198.jpg","name":"Lomo curado JAMONES EL CHATO","price":"14,90 €","offer_price":0,"offer_type":null,"stock":false,"super":"alcampo"},{"img":"https://www.alcampo.es/media/hf4/h62/9534578524190.jpg","name":"Taco de lomo embuchado, corte fresco, elaborado sin gluten BOADAS 300 g.","price":"5,95 €","offer_price":0,"offer_type":null,"stock":false,"super":"alcampo"},{"img":"https://www.alcampo.es/media/h39/hf5/9539635445790.jpg","name":"Cabecero de lomo embuchado en tacos PRODUCTO ALCAMPO 300 g.","price":"4,10 €","offer_price":0,"offer_type":null,"stock":false,"super":"alcampo"},{"img":"https://www.alcampo.es/media/hb0/hd0/10884860313630.jpg","name":"Lomo de cebo ibérico (50% raza ibérica) envasado al vacio PRODUCTO ALCAMPO 400 g.","price":"12,90 €","offer_price":0,"offer_type":null,"stock":false,"super":"alcampo"},{"img":"https://www.alcampo.es/media/h57/h37/9518617427998.jpg","name":"Lomo de cebo ibérico en trozos SELECTOS PEÑARANDA","price":"13,45 €","offer_price":0,"offer_type":null,"stock":false,"super":"alcampo"},{"img":"https://www.alcampo.es/media/h45/he6/9304082382878.jpg","name":"Lomo de cebo ibérico (50% raza ibérica) ALCAMPO PRODUCCIÓN CONTROLADA pieza de 380 a 420 g (peso aproximado).","price":"9,90 €","offer_price":0,"offer_type":null,"stock":false,"super":"alcampo"},{"img":"https://www.alcampo.es/media/h44/h6e/10740008091678.jpg","name":"Taco de lomo embuchado, elaborado sin gluten y sin lactosa VILLAR 320 g aproximadamente.","price":"5,75 €","offer_price":0,"offer_type":null,"stock":false,"super":"alcampo"},{"img":"https://www.alcampo.es/media/h13/h9b/8873416392734.jpg","name":"Lomo de cebo ibérico MONTEROBLE","price":"21,17 €","offer_price":0,"offer_type":null,"stock":false,"super":"alcampo"},{"img":"https://www.alcampo.es/media/hc2/h0e/9449775104030.jpg","name":"Cabecero de lomo blanco embuchado RAZA Y SABOR 450 g.","price":"6,45 €","offer_price":0,"offer_type":null,"stock":false,"super":"alcampo"},{"img":"https://www.alcampo.es/media/hb1/h63/9712646029342.jpg","name":"Taco de lomo embuchado (50% raza Duroc) y con un mínimo de 3 meses de curación ALCAMPO PRODUCCIÓN CONTROLADA 400 g.","price":"6,90 €","offer_price":0,"offer_type":null,"stock":false,"super":"alcampo"},{"img":"https://www.alcampo.es/media/h1e/h4b/9013871247390.jpg","name":"Lomo de bellota 100% raza ibérica COVAP Esenciaúnica pieza de 475 g aproximadamente.","price":"24,90 €","offer_price":0,"offer_type":null,"stock":false,"super":"alcampo"},{"img":"https://www.alcampo.es/media/he5/hbb/10746449920030.jpg","name":"Lomo embuchado cortado en tacos MILENA LEÓN 470 g.","price":"6,45 €","offer_price":0,"offer_type":null,"stock":false,"super":"alcampo"},{"img":"https://www.alcampo.es/media/hb6/h57/9449748168734.jpg","name":"Lomo de bellota ibérico (50% raza ibérica) ARDIO","price":"31,50 €","offer_price":0,"offer_type":null,"stock":false,"super":"alcampo"},{"img":"https://www.alcampo.es/media/hd4/ha7/9303336681502.jpg","name":"Lomo blanco SELECTOS PEÑARANDA","price":"10,32 €","offer_price":0,"offer_type":null,"stock":false,"super":"alcampo"},{"img":"https://www.alcampo.es/media/hc4/h75/8974029684766.jpg","name":"Lomo Curado Taco LA MERENDOLA 280 gr, Aproximados","price":"7,99 €","offer_price":0,"offer_type":null,"stock":false,"super":"alcampo"},{"img":"https://www.alcampo.es/media/h01/h81/9449750331422.jpg","name":"Lomo de cebo ibérico (50% raza ibérica) ARDIO ","price":"18 €","offer_price":0,"offer_type":null,"stock":false,"super":"alcampo"},{"img":"https://www.alcampo.es/media/h9c/h82/8967825227806.jpg","name":"Lomo de cebo ibérico (50% raza ibérica), sin gluten MAFRESA pieza de 500 g (peso aproximado)<br>","price":"14,99 €","offer_price":0,"offer_type":null,"stock":false,"super":"alcampo"},{"img":"https://www.alcampo.es/media/h9c/h92/9359502180382.jpg","name":"Lomito de cebo ibérico ALCAMPO PRODUCCIÓN CONTROLADA 380 g.","price":"19,90 €","offer_price":0,"offer_type":null,"stock":false,"super":"alcampo"},{"img":"https://www.alcampo.es/media/hdd/ha6/9449757311006.jpg","name":"Lomo de cebo ibérico (50% raza ibérica) RAZA Y SABOR ","price":"10,99 €","offer_price":0,"offer_type":null,"stock":false,"super":"alcampo"},{"img":"https://www.alcampo.es/media/h04/h7e/9584317530142.jpg","name":"Longaniza del Pirineo, sin gluten y cortado en lonchas NAVIDUL 45 g.","price":"0,98 €","offer_price":0,"offer_type":null,"stock":false,"super":"alcampo"},{"img":"https://www.alcampo.es/media/hcc/h62/10734117388318.jpg","name":"Longaniza de Pascua, elaborada sin gluten SERRANO 240 g.","price":"2,81 €","offer_price":0,"offer_type":null,"stock":false,"super":"alcampo"},{"img":"https://www.alcampo.es/media/h55/h08/10400726089758.jpg","name":"Longaniza imperial clásica de categoria extra EL POZO 230 g.","price":"2,95 €","offer_price":0,"offer_type":null,"stock":false,"super":"alcampo"},{"img":"https://www.alcampo.es/media/hed/h29/8960195592222.jpg","name":"Longaniza de Pages CAN DURAN 300 gr","price":"4,99 €","offer_price":0,"offer_type":null,"stock":false,"super":"alcampo"},{"img":"https://www.alcampo.es/media/hfc/h52/10730981752862.jpg","name":"Longaniza extra reserva, elaborada sin gluten, ni lacotsa ni soja CAN DURAN Exentis 280 g.","price":"4,61 €","offer_price":0,"offer_type":null,"stock":false,"super":"alcampo"},{"img":"https://www.alcampo.es/media/h7d/h7d/9259419598878.jpg","name":"Longaniza imperial de categpria extra PRODUCTO ALCAMPO 250 g.","price":"2,19 €","offer_price":0,"offer_type":null,"stock":false,"super":"alcampo"},{"img":"https://www.alcampo.es/media/h01/hd1/9465815334942.jpg","name":"Longaniza de Vic realizada sin alérgenos CAN DURAN 300 g.","price":"6,55 €","offer_price":0,"offer_type":null,"stock":false,"super":"alcampo"},{"img":"https://www.alcampo.es/media/hd7/hef/9051476295710.jpg","name":"Longaniza estilo payés de calidad extra y elaborada sin gluten BOADAS 300 gr.","price":"4,95 €","offer_price":0,"offer_type":null,"stock":false,"super":"alcampo"},{"img":"https://www.alcampo.es/media/h68/h09/9873445715998.jpg","name":"Longaniza imperial con pavo de categoria extra EL POZO Imperial 1954 240 g.","price":"2,39 €","offer_price":0,"offer_type":null,"stock":false,"super":"alcampo"},{"img":"https://www.alcampo.es/media/h66/h93/9584314384414.jpg","name":"Longaniza de payés NAVIDUL 250 g.","price":"4,25 €","offer_price":0,"offer_type":null,"stock":false,"super":"alcampo"},{"img":"https://www.alcampo.es/media/ha6/h79/10746466631710.jpg","name":"Longaniza imperial de Lorca LOS QUIJALES 250 g.","price":"2,99 €","offer_price":0,"offer_type":null,"stock":false,"super":"alcampo"},{"img":"https://www.alcampo.es/media/he4/he8/9287890436126.jpg","name":"Longaniza del payes, de calidad extra y elaborada sin gluten NAVIDUL 500 g.","price":"7,90 €","offer_price":0,"offer_type":null,"stock":false,"super":"alcampo"},{"img":"https://www.alcampo.es/media/h8c/hec/10318991884318.jpg","name":"Longaniza de pueblo picante PEÑA CRUZ 390 g.","price":"2,95 €","offer_price":0,"offer_type":null,"stock":false,"super":"alcampo"},{"img":"https://www.alcampo.es/media/h7d/h73/10730911465502.jpg","name":"Longaniza de pavo 100% CAN DURAN Exentis 230 g.","price":"4,50 €","offer_price":0,"offer_type":null,"stock":false,"super":"alcampo"},{"img":"https://www.alcampo.es/media/h33/h59/10730889478174.jpg","name":"Longaniza del Pirineo a la pimienta, embuchada en tripa natural de cerdo CAN DURAN 300 g.","price":"4,99 €","offer_price":0,"offer_type":null,"stock":false,"super":"alcampo"},{"img":"https://www.alcampo.es/media/h38/h18/8893537058846.jpg","name":"Longaniza ibérica de calidad extra VALLESANTINA 400 g.","price":"4,95 €","offer_price":0,"offer_type":null,"stock":false,"super":"alcampo"},{"img":"https://www.alcampo.es/media/h63/hed/9312932134942.jpg","name":"Longaniza ibérica blanca, elaborada sin gluten, sin lactosa y sin alérgenos SELECTOS PEÑARANDA 400 g.","price":"3,59 €","offer_price":0,"offer_type":null,"stock":false,"super":"alcampo"},{"img":"https://www.alcampo.es/media/h05/hc5/9312949174302.jpg","name":"Longaniza ibérica roja elaborada de forma tradicional SELECTOS PEÑARANDA Natural 400 g.","price":"2,99 €","offer_price":0,"offer_type":null,"stock":false,"super":"alcampo"},{"img":"https://www.alcampo.es/media/h56/h64/9631845810206.jpg","name":"Chorizo casero especial para cocinar PALACIOS 225 g.","price":"1,96 €","offer_price":0,"offer_type":null,"stock":false,"super":"alcampo"},{"img":"https://www.alcampo.es/media/h73/he7/10472602239006.jpg","name":"Sarta de chorizo dulce de categoria extra PRODUCTO ALCAMPO 280 g.","price":"1,87 €","offer_price":0,"offer_type":null,"stock":false,"super":"alcampo"},{"img":"https://www.alcampo.es/media/h37/h0f/10032184000542.jpg","name":"Chorizo casero dulce de categoria extra PALACIOS 250 g.","price":"2,75 €","offer_price":0,"offer_type":null,"stock":false,"super":"alcampo"},{"img":"https://www.alcampo.es/media/hc4/h9c/10456097718302.jpg","name":"Sarta de chorizo picante de categoria extra PRODUCTO ALCAMPO 280 g.","price":"1,87 €","offer_price":0,"offer_type":null,"stock":false,"super":"alcampo"},{"img":"https://www.alcampo.es/media/h03/hd2/10032339451934.jpg","name":"Chorizo casero picante de categoria extra PALACIOS 250 g.","price":"2,75 €","offer_price":0,"offer_type":null,"stock":false,"super":"alcampo"},{"img":"https://www.alcampo.es/media/h5d/hf4/10418266144798.jpg","name":"Chistorra navarra elaborada sin gluten PRODUCTO ALCAMPO 220 g.","price":"1,16 €","offer_price":0,"offer_type":null,"stock":false,"super":"alcampo"},{"img":"https://www.alcampo.es/media/ha5/ha0/10728297332766.jpg","name":"Chorizo oreado dulce de León, 100% natural PALCARSA 400 g","price":"3,25 €","offer_price":0,"offer_type":null,"stock":false,"super":"alcampo"},{"img":"https://www.alcampo.es/media/h6f/h2d/8927259656222.jpg","name":"Chorizo especial para guisos y comidas EMBUTIDOS MORENO PLAZA 450 gr","price":"2,89 €","offer_price":0,"offer_type":null,"stock":false,"super":"alcampo"},{"img":"https://www.alcampo.es/media/h63/h77/9567075631134.jpg","name":"Mini chorizos, ideales para picar CAMPOFRÍO Snack´in 50 g.","price":"1,02 €","offer_price":0,"offer_type":null,"stock":false,"super":"alcampo"},{"img":"https://www.alcampo.es/media/h22/h65/10746452934686.jpg","name":"Chistorra recera Navarra elaborada sin gluten y sin conservantes FLORISTÁN 200 g.","price":"1,49 €","offer_price":0,"offer_type":null,"stock":false,"super":"alcampo"},{"img":"https://www.alcampo.es/media/h17/h76/10184196096030.jpg","name":"Chorizo asturiano de categoria extra ahumado y elaborado sin gluten ni lactosa VALLINA 250 g.","price":"2,25 €","offer_price":0,"offer_type":null,"stock":false,"super":"alcampo"},{"img":"https://www.alcampo.es/media/hb4/h39/10740063895582.jpg","name":"Chorizo Oreado 100% natural, especial guisos y microondas PALACIOS 2 x 100 g.","price":"2,14 €","offer_price":0,"offer_type":null,"stock":false,"super":"alcampo"},{"img":"https://www.alcampo.es/media/hf4/h1a/10740001898526.jpg","name":"Chorizo ibérico 100% natural, sin conservantes ni colorantes PALACIOS 250 g.","price":"3,39 €","offer_price":0,"offer_type":null,"stock":false,"super":"alcampo"},{"img":"https://www.alcampo.es/media/haf/h78/9500095741982.jpg","name":"Chorizo ahumado Asturiano de categoria extra FAMILIA 230 g.","price":"2,75 €","offer_price":0,"offer_type":null,"stock":false,"super":"alcampo"},{"img":"https://www.alcampo.es/media/h84/hdb/9658644299806.jpg","name":"Chorizo ibérico, realizado sin gluten y cortado en finas lonchas LEGADO IBÉRICO Selección 75 g.","price":"1,76 €","offer_price":0,"offer_type":null,"stock":false,"super":"alcampo"},{"img":"https://www.alcampo.es/media/h36/h8f/10734165262366.jpg","name":"Chorizo gallego de 1ª calidad, elaborado con carnes seleccionadas COREN 500 g.","price":"4,50 €","offer_price":0,"offer_type":null,"stock":false,"super":"alcampo"},{"img":"https://www.alcampo.es/media/h01/hcb/10728308211742.jpg","name":"Chistorra elaborada con ingredientes 100% naturales ALEJANDRO 200 Gramos","price":"2,73 €","offer_price":0,"offer_type":null,"stock":false,"super":"alcampo"},{"img":"https://www.alcampo.es/media/h59/h4a/10740060160030.jpg","name":"Chorizo de León 100% natural PALCARSA 200 g.","price":"1,59 €","offer_price":0,"offer_type":null,"stock":false,"super":"alcampo"},{"img":"https://www.alcampo.es/media/h4c/h8c/10730898751518.jpg","name":"Chistorra picante receta Navarra, 100% natrual (sin conservantes) FLORISTÁN 200 g.","price":"1,49 €","offer_price":0,"offer_type":null,"stock":false,"super":"alcampo"},{"img":"https://www.alcampo.es/media/h44/h75/9322189619230.jpg","name":"Chorizo de categoria extra con IPG Cantimpalos CANTIMPALOS 350 g.","price":"3,99 €","offer_price":0,"offer_type":null,"stock":false,"super":"alcampo"},{"img":"https://www.alcampo.es/media/h3b/h5f/10728308867102.jpg","name":"Chorizo de León, ahumado y picante, sin gluten y de categoria extra PALCARSA 325 g. ","price":"3,25 €","offer_price":0,"offer_type":null,"stock":false,"super":"alcampo"},{"img":"https://www.alcampo.es/media/h89/h24/10730979393566.jpg","name":"Sarta de chorizo 100 % natural, sin gluten y sin lactosa ALEJANDRO 200 g.","price":"3,85 €","offer_price":0,"offer_type":null,"stock":false,"super":"alcampo"},{"img":"https://www.alcampo.es/media/h8a/hb0/9712634429470.jpg","name":"Sarta de chorizo dulce de categoría extra (50% raza Duroc) ALCAMPO PRODUCCIÓN CONTROLADA 280 g.","price":"2,89 €","offer_price":0,"offer_type":null,"stock":false,"super":"alcampo"},{"img":"https://www.alcampo.es/media/hee/hdb/9690809073694.jpg","name":"Chorizo dulce de León de categoria extra, elaborado sin gluten PRODUCTO ALCAMPO 450 g.","price":"4,24 €","offer_price":0,"offer_type":null,"stock":false,"super":"alcampo"},{"img":"https://www.alcampo.es/media/h41/h6b/10720937246750.jpg","name":"Chorizo para puchero, elaborado de forma tradicional con ingredientes 100% naturales ALEJANDRO 2 uds.","price":"3,52 €","offer_price":0,"offer_type":null,"stock":false,"super":"alcampo"},{"img":"https://www.alcampo.es/media/h04/h69/10734154383390.jpg","name":"Sarta de chorizo dulce extra, elaborado sin gluten, sin colorantes ni colorantes REVILLA 250 g.","price":"2,82 €","offer_price":0,"offer_type":null,"stock":false,"super":"alcampo"},{"img":"https://www.alcampo.es/media/hd6/h41/10736731947038.jpg","name":"Chorizo oreado picante, elaborado sin conservantes ni colorantes PALCARSA 400 g.","price":"3,25 €","offer_price":0,"offer_type":null,"stock":false,"super":"alcampo"},{"img":"https://www.alcampo.es/media/h1e/h44/9659322761246.jpg","name":"Sarta de chorizo dulce de calidad extra, sin lactosa, sin gluten y sin azúcares añadidos SEÑORA JULIA 250 g.","price":"3,47 €","offer_price":0,"offer_type":null,"stock":false,"super":"alcampo"},{"img":"https://www.alcampo.es/media/h9c/h84/9518759837726.jpg","name":"Chorizo ibérico campero MAFRESA 250 g.","price":"2,90 €","offer_price":0,"offer_type":null,"stock":false,"super":"alcampo"},{"img":"https://www.alcampo.es/media/h33/h22/8901965316126.jpg","name":"Sarta de chorizo dulce, de calidad extra e I.G.P Chorizo riojano DUROC 250 g.","price":"2,99 €","offer_price":0,"offer_type":null,"stock":false,"super":"alcampo"},{"img":"https://www.alcampo.es/media/h5d/h06/10740070121502.jpg","name":"Chorizo casero dulce de categoria extra, 100% natural HOGUERA 280 g.","price":"2,96 €","offer_price":0,"offer_type":null,"stock":false,"super":"alcampo"},{"img":"https://www.alcampo.es/media/h35/ha3/8975393259550.jpg","name":"Chorizo Sarta dulce ecológico LA MERENDOLA 200 g.","price":"2,67 €","offer_price":0,"offer_type":null,"stock":false,"super":"alcampo"},{"img":"https://www.alcampo.es/media/h2a/h78/9513475342366.jpg","name":"Sarta de chorizo de León dulce, de categoría extra y sin colorantes, ni conservantes, ni gluten ni lactosa PALCARSA 450 g.","price":"4,75 €","offer_price":0,"offer_type":null,"stock":false,"super":"alcampo"},{"img":"https://www.alcampo.es/media/hda/h20/10740061077534.jpg","name":"Chorizo asturiano extra ahumado con leñá de Roble y sin glutén LA UNIÓN 290 g.","price":"5,63 €","offer_price":0,"offer_type":null,"stock":false,"super":"alcampo"},{"img":"https://www.alcampo.es/media/h54/h7c/10730988765214.jpg","name":"Chorizo ahumado estilo leones, hecho con ingredientes 100% naturales PALACIOS 450 g.","price":"4,29 €","offer_price":0,"offer_type":null,"stock":false,"super":"alcampo"},{"img":"https://www.alcampo.es/media/h57/h66/10746370916382.jpg","name":"Chorizo ibérico extra de vela de Salamanca IGLESIAS 400 g.","price":"5,50 €","offer_price":0,"offer_type":null,"stock":false,"super":"alcampo"},{"img":"https://www.alcampo.es/media/h82/hc1/9146625523742.jpg","name":"Sarta de chorizo picante elaborado sin gluten y con ingredientes 100% naturales ALEJANDRO 200 g.","price":"3,85 €","offer_price":0,"offer_type":null,"stock":false,"super":"alcampo"},{"img":"https://www.alcampo.es/media/h21/hba/9712630005790.jpg","name":"Sarta de chorizo picante de categoría extra (50% raza Duroc) ALCAMPO PRODUCCIÓN CONTROLADA 280 g.","price":"2,89 €","offer_price":0,"offer_type":null,"stock":false,"super":"alcampo"},{"img":"https://www.alcampo.es/media/hbc/hb5/8897653178398.jpg","name":"Chorizo picante artesano, sin colorantes y sin gluten REVILLA 250 g.","price":"2,82 €","offer_price":0,"offer_type":null,"stock":false,"super":"alcampo"},{"img":"https://www.alcampo.es/media/hdc/h3a/10730888265758.jpg","name":"Chorizo de vela extra, 100% natural elaborado sin gluten ni lactosa PALACIOS 140 g ","price":"1,99 €","offer_price":0,"offer_type":null,"stock":false,"super":"alcampo"},{"img":"https://www.alcampo.es/media/h75/h2f/9459812270110.jpg","name":"Lote de salchichón (200 g) y chorizo velita ibérico (200 g) RAZA Y SABOR.","price":"4,50 €","offer_price":0,"offer_type":null,"stock":false,"super":"alcampo"},{"img":"https://www.alcampo.es/media/hfe/hd3/10032101785630.jpg","name":"Sarta de chorizo muy picante, 100% natural sin conservantes, ni colorantes PALACIOS 250 g.","price":"2,75 €","offer_price":0,"offer_type":null,"stock":false,"super":"alcampo"},{"img":"https://www.alcampo.es/media/h3f/h10/10793606905886.jpg","name":"Mini chorizos elaborados sin conservantes ni colorantes artificiales PRODUCTO ALCAMPO 50 g.","price":"0,99 €","offer_price":0,"offer_type":null,"stock":false,"super":"alcampo"},{"img":"https://www.alcampo.es/media/h1e/h0d/10184393621534.jpg","name":"Chorizo de 1ª en ristra, elaborado sin gluten VALLINA 400 g.","price":"3,75 €","offer_price":0,"offer_type":null,"stock":false,"super":"alcampo"},{"img":"https://www.alcampo.es/media/hf6/hdc/10418261622814.jpg","name":"Chorizo dulce de primera elaborado sin gluten PEÑA CRUZ 400 g.","price":"2,75 €","offer_price":0,"offer_type":null,"stock":false,"super":"alcampo"},{"img":"https://www.alcampo.es/media/h5c/h69/8902485671966.jpg","name":"Preparado vegetal con seitán y tofu tipo chorizo AHIMSA 200 g.","price":"4,25 €","offer_price":0,"offer_type":null,"stock":false,"super":"alcampo"},{"img":"https://www.alcampo.es/media/h74/hd1/8892076851230.jpg","name":"Sarta de chorizo picante de categoria extra DUROC 250 g.","price":"2,99 €","offer_price":0,"offer_type":null,"stock":false,"super":"alcampo"},{"img":"https://www.alcampo.es/media/hef/h80/9513488449566.jpg","name":"Sarta de chorizo de León picante, de categoría extra y sin colorantes, ni conservantes, ni gluten ni lactosa PALCARSA 450 g.","price":"4,75 €","offer_price":0,"offer_type":null,"stock":false,"super":"alcampo"},{"img":"https://www.alcampo.es/media/h6c/h71/10184330706974.jpg","name":"Compango asturiano para fabes (panceta curada, chorizo y morcilla asturianos ahumados) VALLINA 250 g.","price":"2,21 €","offer_price":0,"offer_type":null,"stock":false,"super":"alcampo"},{"img":"https://www.alcampo.es/media/hbf/hce/10736716513310.jpg","name":"Compango compuesto por chorizo, panceta y morcilla PALCARSA 200 g.","price":"1,59 €","offer_price":0,"offer_type":null,"stock":false,"super":"alcampo"},{"img":"https://www.alcampo.es/media/ha7/hb2/10736733257758.jpg","name":"Preparado para fabada asturiana con un ligero ahumado natural EL CHICO 250 g.","price":"2,82 €","offer_price":0,"offer_type":null,"stock":false,"super":"alcampo"},{"img":"https://www.alcampo.es/media/hd9/hbc/10187211440158.jpg","name":"Preparado para cocido o fabada asturiana VALLINA","price":"2,78 €","offer_price":0,"offer_type":null,"stock":false,"super":"alcampo"},{"img":"https://www.alcampo.es/media/h55/h83/9143457054750.jpg","name":"Morcillas de Burgos, sin conservantes, ni gluten, ni lactosa RIOS","price":"1,41 €","offer_price":0,"offer_type":null,"stock":false,"super":"alcampo"},{"img":"https://www.alcampo.es/media/h42/h6b/10802744393758.jpg","name":"Compango asturiano natural (moriclla, chorizo y panceta) EL CUCO 270 g.","price":"3,95 €","offer_price":0,"offer_type":null,"stock":false,"super":"alcampo"},{"img":"https://www.alcampo.es/media/hfc/h7a/8959180046366.jpg","name":"Morcilla burgos de cebolla AGUEDA 300 g.","price":"1,41 €","offer_price":0,"offer_type":null,"stock":false,"super":"alcampo"},{"img":"https://www.alcampo.es/media/h71/h6d/9470640914462.jpg","name":"Compango asturiano sin gluten, compuesto por chorizo, morcilla y lacon LA UNIÓN 350 g.","price":"3,99 €","offer_price":0,"offer_type":null,"stock":false,"super":"alcampo"},{"img":"https://www.alcampo.es/media/h71/hb0/10736734765086.jpg","name":"Morcilla asturiana embutida en tripa natural de cerdo PALCARSA 200 g.","price":"1,35 €","offer_price":0,"offer_type":null,"stock":false,"super":"alcampo"},{"img":"https://www.alcampo.es/media/h45/h66/10746465091614.jpg","name":"Morcilla ibérica achorizada MILENA LEÓN 400 g.","price":"2,45 €","offer_price":0,"offer_type":null,"stock":false,"super":"alcampo"},{"img":"https://www.alcampo.es/media/hda/h72/9191651311646.jpg","name":"Compango asturiano, sin gluten y sin lactosa FAMILIA 250 g.","price":"2,35 €","offer_price":0,"offer_type":null,"stock":false,"super":"alcampo"},{"img":"https://www.alcampo.es/media/h6c/hd7/9492711964702.jpg","name":"Morcilla ahumada asturiana, elaborada con ingredientes 100% naturales, sin gluten y sin lactosa FAMILIA 250 g.","price":"1,99 €","offer_price":0,"offer_type":null,"stock":false,"super":"alcampo"},{"img":"https://www.alcampo.es/media/hbf/ha0/10184377597982.jpg","name":"Morcilla asturiana ahumada, elaborada sin gluen y sin lactosa VALLINA 250 g.","price":"1,87 €","offer_price":0,"offer_type":null,"stock":false,"super":"alcampo"},{"img":"https://www.alcampo.es/media/haa/h50/9140373848094.jpg","name":"Morcilla patatera ibérica FARCEDO","price":"2,69 €","offer_price":0,"offer_type":null,"stock":false,"super":"alcampo"},{"img":"https://www.alcampo.es/media/hf3/h73/10740074840094.jpg","name":"Compango de chorizo, morcilla, panceta y lacón PALCARSA 200 g.","price":"3,69 €","offer_price":0,"offer_type":null,"stock":false,"super":"alcampo"},{"img":"https://www.alcampo.es/media/h04/hc9/9191686012958.jpg","name":"Preparado para fabada asturiana, sin gltuen y sin lactosa FAMILIA 400 g","price":"3,67 €","offer_price":0,"offer_type":null,"stock":false,"super":"alcampo"},{"img":"https://www.alcampo.es/media/h0d/hc0/10477576519710.jpg","name":"Preparado asturiano para cocidos y fabadas, sin gluten y sin lactosa LA BRAÑA 250 g.","price":"3,09 €","offer_price":0,"offer_type":null,"stock":false,"super":"alcampo"},{"img":"https://www.alcampo.es/media/hfb/hd3/10740057145374.jpg","name":"Compango asturiano (chorizo extra, morcilla asturiana y panceta), elaborados sin gluten LA UNIÓN 450 g.","price":"6,34 €","offer_price":0,"offer_type":null,"stock":false,"super":"alcampo"},{"img":"https://www.alcampo.es/media/hf6/h19/10740017430558.jpg","name":"Morcillas asturianas ahumadas con leña de Roble y sin gluten LA UNIÓN 400 g.","price":"4,46 €","offer_price":0,"offer_type":null,"stock":false,"super":"alcampo"},{"img":"https://www.alcampo.es/media/h69/hdd/8894131666974.jpg","name":"Morcilla de Burgos ecológica AHIMSA 230 g.","price":"3,71 €","offer_price":0,"offer_type":null,"stock":false,"super":"alcampo"},{"img":"https://www.alcampo.es/media/h79/hf4/9690809729054.jpg","name":"Compango asturiano, elaborado sin gluten y sin derivados lácteos PRODUCTO ALCAMPO 400 g.","price":"5,99 €","offer_price":0,"offer_type":null,"stock":false,"super":"alcampo"},{"img":"https://www.alcampo.es/media/h4d/hf9/8867368206366.jpg","name":"Morcilla MORENO PLAZA 375 gr","price":"1,89 €","offer_price":0,"offer_type":null,"stock":false,"super":"alcampo"},{"img":"https://www.alcampo.es/media/hfb/hdb/10418259034142.jpg","name":"Morcilla de Serón PEÑA CRUZ 400 g.","price":"2,25 €","offer_price":0,"offer_type":null,"stock":false,"super":"alcampo"},{"img":"https://www.alcampo.es/media/hf1/h52/9478665535518.jpg","name":"Preparado para realizar una autentica fabada asturiana, sin gluten y sin lacteos EL CHICHO 450 g.","price":"5,45 €","offer_price":0,"offer_type":null,"stock":false,"super":"alcampo"},{"img":"https://www.alcampo.es/media/h1c/h25/10740002324510.jpg","name":"Compango para fabada asturiana, elaborado sin gluten MIRAVEGA 600 g.","price":"8,90 €","offer_price":0,"offer_type":null,"stock":false,"super":"alcampo"},{"img":"https://www.alcampo.es/media/hdd/h7b/10740074512414.jpg","name":"Morcilla asturiana ahumada con leña de Roble y elaborada sin gluten MIRAVEGA 100 g.","price":"1,19 €","offer_price":0,"offer_type":null,"stock":false,"super":"alcampo"},{"img":"https://www.alcampo.es/media/h89/h07/10730881581086.jpg","name":"Morcilla extremeña ibérica FARCEDO","price":"2,69 €","offer_price":0,"offer_type":null,"stock":false,"super":"alcampo"},{"img":"https://www.alcampo.es/media/h89/hfa/10502707183646.jpg","name":"Compango Asturiano (Morcilla y chorizo asturiano, panceta salada y lacón salado) LA BRAÑA 500 g.","price":"5,12 €","offer_price":0,"offer_type":null,"stock":false,"super":"alcampo"},{"img":"https://www.alcampo.es/media/h33/h09/10734154219550.jpg","name":"Morcilla envasada al vacío PROLONGO 400 g.","price":"2,35 €","offer_price":0,"offer_type":null,"stock":false,"super":"alcampo"},{"img":"https://www.alcampo.es/media/h77/h33/9658642825246.jpg","name":"Morcilla de bellota ibérico, curada en tripa fibran COVAP Esenciaúnica 170 g.","price":"4,25 €","offer_price":0,"offer_type":null,"stock":false,"super":"alcampo"},{"img":"https://www.alcampo.es/media/h0b/h40/10740073299998.jpg","name":"Preparado para realizar una autentica fabada asturiana LA UNIÓN.","price":"24,43 €","offer_price":0,"offer_type":null,"stock":false,"super":"alcampo"},{"img":"https://www.alcampo.es/media/h5e/h15/9690766999582.jpg","name":"Compango asturiano, elaborado sin gluten y sin derivados lácteos PRODUCTO ALCAMPO 700 g.","price":"9,25 €","offer_price":0,"offer_type":null,"stock":false,"super":"alcampo"},{"img":"https://www.alcampo.es/media/h63/h39/10313176121374.jpg","name":"Morcilla picante de Serón PEÑA CRUZ 390 g.","price":"2,25 €","offer_price":0,"offer_type":null,"stock":false,"super":"alcampo"},{"img":"https://www.alcampo.es/media/hd5/h97/10600588967966.jpg","name":"Chorizo cortado en taquitos, elaborado sin gluten PRODUCTO ALCAMPO 2 x 50 g.","price":"1,09 €","offer_price":0,"offer_type":null,"stock":false,"super":"alcampo"},{"img":"https://www.alcampo.es/media/h5b/h87/10740061896734.jpg","name":"Taquitos de chorizo extra, envasados en atmosfera protectora REVILLA 2 x 750 g.","price":"1,68 €","offer_price":0,"offer_type":null,"stock":false,"super":"alcampo"},{"img":"https://www.alcampo.es/media/hbd/he8/9519036727326.jpg","name":"Chorizo de categoria extra, cortado en taquitos BOADAS 2 x 50 g.","price":"1,89 €","offer_price":0,"offer_type":null,"stock":false,"super":"alcampo"}]