[{"img":"https://www.alcampo.es/media/h23/h60/10444810387486.jpg","name":"Mousse de foie de pato AOSTE 100 g.","price":"1,75 €","offer_price":0,"offer_type":null,"stock":false,"super":"alcampo"},{"img":"https://www.alcampo.es/media/hf9/h6c/10911499812894.jpg","name":"Mousse de foie gras de pato en medallones, elaborado en Francia AOSTE 2 x 100 g.","price":"2,70 €","offer_price":0,"offer_type":null,"stock":false,"super":"alcampo"},{"img":"https://www.alcampo.es/media/ha3/h23/10752049872926.jpg","name":"Medallones de foie gras de pato (de Navarra) MARTIKO 2 x 40 g.","price":"3,90 €","offer_price":0,"offer_type":null,"stock":false,"super":"alcampo"},{"img":"https://www.alcampo.es/media/hfd/h17/8895473418270.jpg","name":"Bloc de foie gras de pato PRODUCTO ALCAMPO 150 g.","price":"4,45 €","offer_price":0,"offer_type":null,"stock":false,"super":"alcampo"},{"img":"https://www.alcampo.es/media/h3b/hc2/9690789642270.jpg","name":"Bloc de foie-gras de pato con trozos e IGP ALCAMPO GOURMET 200 g.","price":"9,50 €","offer_price":0,"offer_type":null,"stock":false,"super":"alcampo"},{"img":"https://www.alcampo.es/media/h94/hc5/10758615629854.jpg","name":"Mousse de foie de pato MALVASIA 100 g.","price":"3,40 €","offer_price":0,"offer_type":null,"stock":false,"super":"alcampo"},{"img":"https://www.alcampo.es/media/hb6/h6b/9633092435998.jpg","name":"Medallones de foie gras de pato de origen frances ALCAMPO GOURMET 2 x 40 g.","price":"4,69 €","offer_price":0,"offer_type":null,"stock":false,"super":"alcampo"},{"img":"https://www.alcampo.es/media/hbf/h62/9660186329118.jpg","name":"Paté mousse Mi-Cuit de higado de oca / ganso, elaborado sin gluiten CAPDEVILLA 55 g.","price":"0,99 €","offer_price":0,"offer_type":null,"stock":false,"super":"alcampo"},{"img":"https://www.alcampo.es/media/hc5/h8f/10752045907998.jpg","name":"Medallones de foie gras de oca MARTIKO 2 x 40 g.","price":"5,59 €","offer_price":0,"offer_type":null,"stock":false,"super":"alcampo"},{"img":"https://www.alcampo.es/media/h95/h95/10752004030494.jpg","name":"Medallón de foie gras de pato, elaborado sin gluten DELICASS 40 g.","price":"2,49 €","offer_price":0,"offer_type":null,"stock":false,"super":"alcampo"},{"img":"https://www.alcampo.es/media/h92/h3a/9690761232414.jpg","name":"Bloc de foie gras de pato, con trozos IGP ALCAMPO GOURMET 180 g.","price":"9,99 €","offer_price":0,"offer_type":null,"stock":false,"super":"alcampo"},{"img":"https://www.alcampo.es/media/hd0/hcb/9660232761374.jpg","name":"Mousse Mi-cuit de higado de pato, elaborado sin gluten CAPDEVILLA 55 g.","price":"1,35 €","offer_price":0,"offer_type":null,"stock":false,"super":"alcampo"},{"img":"https://www.alcampo.es/media/he9/h1e/9345288405022.jpg","name":"Foie Gras de pato LES TROIS CHEFS 90 g.","price":"3,16 €","offer_price":0,"offer_type":null,"stock":false,"super":"alcampo"},{"img":"https://www.alcampo.es/media/he6/h15/10746371473438.jpg","name":"Confitura de higos, especial para foie gras LABEYRE 50 g.","price":"1,99 €","offer_price":0,"offer_type":null,"stock":false,"super":"alcampo"},{"img":"https://www.alcampo.es/media/hc8/h6f/10752040173598.jpg","name":"Bloc de foie gras de pato, elaborado sin gluten, ni huevo ni leche DELICASS 130 g.","price":"6,76 €","offer_price":0,"offer_type":null,"stock":false,"super":"alcampo"},{"img":"https://www.alcampo.es/media/h9c/h7e/9654811394078.jpg","name":"Tabla de 4 patés de foie de pato (higo, naranja, finas hierbas, trufa y boletús) MARTIKO.","price":"4,46 €","offer_price":0,"offer_type":null,"stock":false,"super":"alcampo"},{"img":"https://www.alcampo.es/media/hf0/h5e/10752146178078.gif","name":"Bloc de foie gras de pato (de Navarra) MARTIKO 130 g.","price":"7 €","offer_price":0,"offer_type":null,"stock":false,"super":"alcampo"},{"img":"https://www.alcampo.es/media/hc3/h7c/10468046929950.jpg","name":"Medallones de foie gras de oca LABEYRIE 2 x 40 g.","price":"9,58 €","offer_price":0,"offer_type":null,"stock":false,"super":"alcampo"},{"img":"https://www.alcampo.es/media/h1e/hed/10749121462302.jpg","name":"Foie gras de pato fresco DELICASS 100 g.","price":"6,45 €","offer_price":0,"offer_type":null,"stock":false,"super":"alcampo"},{"img":"https://www.alcampo.es/media/h43/h70/9644985876510.jpg","name":"Bloc de foie gras de pato mi-cuit CAPDEVILA Nº1 40 g.","price":"2,09 €","offer_price":0,"offer_type":null,"stock":false,"super":"alcampo"},{"img":"https://www.alcampo.es/media/h9b/haa/9345263042590.jpg","name":"Foie Gras de pato entero LES TROIS CHEFS 125 g.","price":"7,31 €","offer_price":0,"offer_type":null,"stock":false,"super":"alcampo"},{"img":"https://www.alcampo.es/media/hea/h04/9465719029790.jpg","name":"Bloc de foie gras de pato trufado DELICASS 40 g.","price":"3 €","offer_price":0,"offer_type":null,"stock":false,"super":"alcampo"},{"img":"https://www.alcampo.es/media/hb7/hf3/10546386272286.jpg","name":"Foie gras de pato Bloc MALVASIA 130 g. ","price":"12,99 €","offer_price":0,"offer_type":null,"stock":false,"super":"alcampo"},{"img":"https://www.alcampo.es/media/h0f/h2d/10467960684574.jpg","name":"Medallones de foie gras de pato LABEYRIE 2 x 40 g.","price":"9,58 €","offer_price":0,"offer_type":null,"stock":false,"super":"alcampo"},{"img":"https://www.alcampo.es/media/hd8/ha9/10752159612958.jpg","name":"Foie gras de pato entero \"Mi cuit\" DELICASS 200 g.","price":"17,90 €","offer_price":0,"offer_type":null,"stock":false,"super":"alcampo"},{"img":"https://www.alcampo.es/media/h0c/h1d/10467975561246.jpg","name":"Lingote de foie gras de oca con cortador LABEYRIE 120 g.","price":"13,86 €","offer_price":0,"offer_type":null,"stock":false,"super":"alcampo"},{"img":"https://www.alcampo.es/media/h19/hd2/10758629589022.jpg","name":"Mousse de foie de pato con ciruelas MALVASIA 100 g.","price":"3,40 €","offer_price":0,"offer_type":null,"stock":false,"super":"alcampo"},{"img":"https://www.alcampo.es/media/h4a/hf7/9644998885406.jpg","name":"Bloc de foie gras de pato CAPVEVILLA Nº 9 135 g.","price":"6,90 €","offer_price":0,"offer_type":null,"stock":false,"super":"alcampo"},{"img":"https://www.alcampo.es/media/hc9/h0a/9168407167006.jpg","name":"Parfait de foie de oca MALVASIA 130 g.","price":"13,75 €","offer_price":0,"offer_type":null,"stock":false,"super":"alcampo"},{"img":"https://www.alcampo.es/media/h80/hcc/10752148897822.jpg","name":"Foie gras de pato (de Navarra) entero \"Mi cuit\" MARTIKO 250 g.","price":"18,75 €","offer_price":0,"offer_type":null,"stock":false,"super":"alcampo"},{"img":"https://www.alcampo.es/media/hb5/hfa/10758668779550.jpg","name":"Foie gras entero de pato Mi-cuit MALVASIA 100 g.","price":"14,90 €","offer_price":0,"offer_type":null,"stock":false,"super":"alcampo"},{"img":"https://www.alcampo.es/media/h96/ha7/8948344258590.jpg","name":"Foie gras de pato mi cuit en bloque DELPEYRAT 160 g.","price":"9,99 €","offer_price":0,"offer_type":null,"stock":false,"super":"alcampo"},{"img":"https://www.alcampo.es/media/h6e/h8d/10758680903710.jpg","name":"Mousse de pato con trufa MALVASIA 100 g.","price":"3,40 €","offer_price":0,"offer_type":null,"stock":false,"super":"alcampo"},{"img":"https://www.alcampo.es/media/h22/hc9/10547048382494.jpg","name":"Bloc de foie gras de pato especial para untar MALVASIA 100 gr.","price":"5,99 €","offer_price":0,"offer_type":null,"stock":false,"super":"alcampo"},{"img":"https://www.alcampo.es/media/h68/he1/10749239984158.jpg","name":"Foie gras de pato entero \"Micuit\" DELICASS 80 g.","price":"6,95 €","offer_price":0,"offer_type":null,"stock":false,"super":"alcampo"},{"img":"https://www.alcampo.es/media/he3/h32/10468031332382.jpg","name":"Mini bloques (12) de foie gras de pato con un toque de Armagnac LABEYRIE 90 g.","price":"8,70 €","offer_price":0,"offer_type":null,"stock":false,"super":"alcampo"},{"img":"https://www.alcampo.es/media/h00/hf5/9230253752350.jpg","name":"Parfait de foie de pato MALVASIA 130 g.","price":"7,74 €","offer_price":0,"offer_type":null,"stock":false,"super":"alcampo"},{"img":"https://www.alcampo.es/media/had/he9/9633075265566.jpg","name":"Foie gras de pato entero \"Mi-cuit\" de origen francés ALCAMPO GOURMET 300 g.","price":"21,95 €","offer_price":0,"offer_type":null,"stock":false,"super":"alcampo"},{"img":"https://www.alcampo.es/media/h33/h9d/10758683656222.jpg","name":"Parfati de foie de pato MALVASIA 100 g.","price":"6,59 €","offer_price":0,"offer_type":null,"stock":false,"super":"alcampo"},{"img":"https://www.alcampo.es/media/h09/he6/9323549360158.jpg","name":"Foie gras de pato entero DELPEYRAT Classic 300 g.","price":"11,49 €","offer_price":0,"offer_type":null,"stock":false,"super":"alcampo"},{"img":"https://www.alcampo.es/media/hf9/hc9/10468046372894.jpg","name":"Foie gras de oca con trozos y cortador para laminarlo LABEYRIE 300 g.","price":"27,87 €","offer_price":0,"offer_type":null,"stock":false,"super":"alcampo"},{"img":"https://www.alcampo.es/media/h67/hf8/10752054493214.jpg","name":"Foie gras de pato entero, elaborado sin gluten, sin huevo y sin leche DELICASS 130 g.","price":"9,90 €","offer_price":0,"offer_type":null,"stock":false,"super":"alcampo"},{"img":"https://www.alcampo.es/media/h89/h6a/9381125357598.jpg","name":"Lote mousse foie gras MALVASIA 3 ids. x 130 g.","price":"7,99 €","offer_price":0,"offer_type":null,"stock":false,"super":"alcampo"},{"img":"https://www.alcampo.es/media/hb2/h7d/9658574209054.jpg","name":"Lote con 3 mini bloc de foie gras de pato MALVASIA.","price":"18,90 €","offer_price":0,"offer_type":null,"stock":false,"super":"alcampo"},{"img":"https://www.alcampo.es/media/hd7/h08/9394895388702.jpg","name":"Patés surtidos (Jamón York, Jamón curado, pollo, pavo) IBERITOS 4 x 25 g.","price":"1,29 €","offer_price":0,"offer_type":null,"stock":false,"super":"alcampo"},{"img":"https://www.alcampo.es/media/hfd/h17/8895473418270.jpg","name":"Bloc de foie gras de pato PRODUCTO ALCAMPO 150 g.","price":"4,45 €","offer_price":0,"offer_type":null,"stock":false,"super":"alcampo"},{"img":"https://www.alcampo.es/media/hc1/hab/9389566951454.jpg","name":"Patés surtido IBERITOS 18 x 25 g.","price":"5,45 €","offer_price":0,"offer_type":null,"stock":false,"super":"alcampo"},{"img":"https://www.alcampo.es/media/ha1/hda/10911512395806.jpg","name":"Paté de pavo LA PIARA 2 x 77 g.","price":"2,95 €","offer_price":0,"offer_type":null,"stock":false,"super":"alcampo"},{"img":"https://www.alcampo.es/media/hf1/h0c/9721442205726.jpg","name":"Paté de morcilla y piñones ALCAMPO GOURMET 110 g.","price":"1,49 €","offer_price":0,"offer_type":null,"stock":false,"super":"alcampo"},{"img":"https://www.alcampo.es/media/h05/h4a/9721429098526.jpg","name":"Paté de salmón ALCAMPO GOURMET 110 g.","price":"1,49 €","offer_price":0,"offer_type":null,"stock":false,"super":"alcampo"},{"img":"https://www.alcampo.es/media/hcb/h5e/9188548214814.jpg","name":"Crema de chorizo a la sidra IBERITOS lata 140 g.","price":"1,65 €","offer_price":0,"offer_type":null,"stock":false,"super":"alcampo"},{"img":"https://www.alcampo.es/media/h39/h4a/10087912341534.jpg","name":"Peté de morcilla con cebolla y manzana LA PIARA Solo Natural 2 uds. x 75 g.","price":"3,20 €","offer_price":0,"offer_type":null,"stock":false,"super":"alcampo"},{"img":"https://www.alcampo.es/media/h9a/h39/8952455757854.jpg","name":"Manteca colorá IBERITOS lata de 250 g.","price":"1,99 €","offer_price":0,"offer_type":null,"stock":false,"super":"alcampo"},{"img":"https://www.alcampo.es/media/h00/hb0/9721430409246.jpg","name":"Paté de perdiz ALCAMPO GOURMET 110 g.","price":"1,49 €","offer_price":0,"offer_type":null,"stock":false,"super":"alcampo"},{"img":"https://www.alcampo.es/media/h48/had/9790129078302.jpg","name":"Paté picante a la pimienta LES TROIS CHEFS 170 g.","price":"1,05 €","offer_price":0,"offer_type":null,"stock":false,"super":"alcampo"},{"img":"https://www.alcampo.es/media/h76/hf5/9074262278174.jpg","name":"Pate iberico Pedro Ximenez con pasas IBERITOS 250 g.","price":"3,05 €","offer_price":0,"offer_type":null,"stock":false,"super":"alcampo"},{"img":"https://www.alcampo.es/media/h1f/hfc/8959735889950.jpg","name":"Paté de perdiz de monte IBERITOS lata de 140 g.","price":"2,58 €","offer_price":0,"offer_type":null,"stock":false,"super":"alcampo"},{"img":"https://www.alcampo.es/media/h23/h60/10444810387486.jpg","name":"Mousse de foie de pato AOSTE 100 g.","price":"1,75 €","offer_price":0,"offer_type":null,"stock":false,"super":"alcampo"},{"img":"https://www.alcampo.es/media/hf9/h6c/10911499812894.jpg","name":"Mousse de foie gras de pato en medallones, elaborado en Francia AOSTE 2 x 100 g.","price":"2,70 €","offer_price":0,"offer_type":null,"stock":false,"super":"alcampo"},{"img":"https://www.alcampo.es/media/ha3/h23/10752049872926.jpg","name":"Medallones de foie gras de pato (de Navarra) MARTIKO 2 x 40 g.","price":"3,90 €","offer_price":0,"offer_type":null,"stock":false,"super":"alcampo"},{"img":"https://www.alcampo.es/media/h3b/hc2/9690789642270.jpg","name":"Bloc de foie-gras de pato con trozos e IGP ALCAMPO GOURMET 200 g.","price":"9,50 €","offer_price":0,"offer_type":null,"stock":false,"super":"alcampo"},{"img":"https://www.alcampo.es/media/h94/hc5/10758615629854.jpg","name":"Mousse de foie de pato MALVASIA 100 g.","price":"3,40 €","offer_price":0,"offer_type":null,"stock":false,"super":"alcampo"},{"img":"https://www.alcampo.es/media/hb6/h6b/9633092435998.jpg","name":"Medallones de foie gras de pato de origen frances ALCAMPO GOURMET 2 x 40 g.","price":"4,69 €","offer_price":0,"offer_type":null,"stock":false,"super":"alcampo"},{"img":"https://www.alcampo.es/media/hbf/h62/9660186329118.jpg","name":"Paté mousse Mi-Cuit de higado de oca / ganso, elaborado sin gluiten CAPDEVILLA 55 g.","price":"0,99 €","offer_price":0,"offer_type":null,"stock":false,"super":"alcampo"},{"img":"https://www.alcampo.es/media/hc5/h8f/10752045907998.jpg","name":"Medallones de foie gras de oca MARTIKO 2 x 40 g.","price":"5,59 €","offer_price":0,"offer_type":null,"stock":false,"super":"alcampo"},{"img":"https://www.alcampo.es/media/h95/h95/10752004030494.jpg","name":"Medallón de foie gras de pato, elaborado sin gluten DELICASS 40 g.","price":"2,49 €","offer_price":0,"offer_type":null,"stock":false,"super":"alcampo"},{"img":"https://www.alcampo.es/media/h92/h3a/9690761232414.jpg","name":"Bloc de foie gras de pato, con trozos IGP ALCAMPO GOURMET 180 g.","price":"9,99 €","offer_price":0,"offer_type":null,"stock":false,"super":"alcampo"},{"img":"https://www.alcampo.es/media/hd0/hcb/9660232761374.jpg","name":"Mousse Mi-cuit de higado de pato, elaborado sin gluten CAPDEVILLA 55 g.","price":"1,35 €","offer_price":0,"offer_type":null,"stock":false,"super":"alcampo"},{"img":"https://www.alcampo.es/media/he6/h15/10746371473438.jpg","name":"Confitura de higos, especial para foie gras LABEYRE 50 g.","price":"1,99 €","offer_price":0,"offer_type":null,"stock":false,"super":"alcampo"},{"img":"https://www.alcampo.es/media/hc8/h6f/10752040173598.jpg","name":"Bloc de foie gras de pato, elaborado sin gluten, ni huevo ni leche DELICASS 130 g.","price":"6,76 €","offer_price":0,"offer_type":null,"stock":false,"super":"alcampo"},{"img":"https://www.alcampo.es/media/h9c/h7e/9654811394078.jpg","name":"Tabla de 4 patés de foie de pato (higo, naranja, finas hierbas, trufa y boletús) MARTIKO.","price":"4,46 €","offer_price":0,"offer_type":null,"stock":false,"super":"alcampo"},{"img":"https://www.alcampo.es/media/hf0/h5e/10752146178078.gif","name":"Bloc de foie gras de pato (de Navarra) MARTIKO 130 g.","price":"7 €","offer_price":0,"offer_type":null,"stock":false,"super":"alcampo"},{"img":"https://www.alcampo.es/media/hc3/h7c/10468046929950.jpg","name":"Medallones de foie gras de oca LABEYRIE 2 x 40 g.","price":"9,58 €","offer_price":0,"offer_type":null,"stock":false,"super":"alcampo"},{"img":"https://www.alcampo.es/media/h1e/hed/10749121462302.jpg","name":"Foie gras de pato fresco DELICASS 100 g.","price":"6,45 €","offer_price":0,"offer_type":null,"stock":false,"super":"alcampo"},{"img":"https://www.alcampo.es/media/h43/h70/9644985876510.jpg","name":"Bloc de foie gras de pato mi-cuit CAPDEVILA Nº1 40 g.","price":"2,09 €","offer_price":0,"offer_type":null,"stock":false,"super":"alcampo"},{"img":"https://www.alcampo.es/media/hea/h04/9465719029790.jpg","name":"Bloc de foie gras de pato trufado DELICASS 40 g.","price":"3 €","offer_price":0,"offer_type":null,"stock":false,"super":"alcampo"},{"img":"https://www.alcampo.es/media/h0f/h2d/10467960684574.jpg","name":"Medallones de foie gras de pato LABEYRIE 2 x 40 g.","price":"9,58 €","offer_price":0,"offer_type":null,"stock":false,"super":"alcampo"},{"img":"https://www.alcampo.es/media/hd8/ha9/10752159612958.jpg","name":"Foie gras de pato entero \"Mi cuit\" DELICASS 200 g.","price":"17,90 €","offer_price":0,"offer_type":null,"stock":false,"super":"alcampo"},{"img":"https://www.alcampo.es/media/h0c/h1d/10467975561246.jpg","name":"Lingote de foie gras de oca con cortador LABEYRIE 120 g.","price":"13,86 €","offer_price":0,"offer_type":null,"stock":false,"super":"alcampo"},{"img":"https://www.alcampo.es/media/h19/hd2/10758629589022.jpg","name":"Mousse de foie de pato con ciruelas MALVASIA 100 g.","price":"3,40 €","offer_price":0,"offer_type":null,"stock":false,"super":"alcampo"},{"img":"https://www.alcampo.es/media/h4a/hf7/9644998885406.jpg","name":"Bloc de foie gras de pato CAPVEVILLA Nº 9 135 g.","price":"6,90 €","offer_price":0,"offer_type":null,"stock":false,"super":"alcampo"},{"img":"https://www.alcampo.es/media/h80/hcc/10752148897822.jpg","name":"Foie gras de pato (de Navarra) entero \"Mi cuit\" MARTIKO 250 g.","price":"18,75 €","offer_price":0,"offer_type":null,"stock":false,"super":"alcampo"},{"img":"https://www.alcampo.es/media/h96/ha7/8948344258590.jpg","name":"Foie gras de pato mi cuit en bloque DELPEYRAT 160 g.","price":"9,99 €","offer_price":0,"offer_type":null,"stock":false,"super":"alcampo"},{"img":"https://www.alcampo.es/media/h6e/h8d/10758680903710.jpg","name":"Mousse de pato con trufa MALVASIA 100 g.","price":"3,40 €","offer_price":0,"offer_type":null,"stock":false,"super":"alcampo"},{"img":"https://www.alcampo.es/media/h22/hc9/10547048382494.jpg","name":"Bloc de foie gras de pato especial para untar MALVASIA 100 gr.","price":"5,99 €","offer_price":0,"offer_type":null,"stock":false,"super":"alcampo"},{"img":"https://www.alcampo.es/media/h68/he1/10749239984158.jpg","name":"Foie gras de pato entero \"Micuit\" DELICASS 80 g.","price":"6,95 €","offer_price":0,"offer_type":null,"stock":false,"super":"alcampo"},{"img":"https://www.alcampo.es/media/he3/h32/10468031332382.jpg","name":"Mini bloques (12) de foie gras de pato con un toque de Armagnac LABEYRIE 90 g.","price":"8,70 €","offer_price":0,"offer_type":null,"stock":false,"super":"alcampo"},{"img":"https://www.alcampo.es/media/had/he9/9633075265566.jpg","name":"Foie gras de pato entero \"Mi-cuit\" de origen francés ALCAMPO GOURMET 300 g.","price":"21,95 €","offer_price":0,"offer_type":null,"stock":false,"super":"alcampo"},{"img":"https://www.alcampo.es/media/h33/h9d/10758683656222.jpg","name":"Parfati de foie de pato MALVASIA 100 g.","price":"6,59 €","offer_price":0,"offer_type":null,"stock":false,"super":"alcampo"},{"img":"https://www.alcampo.es/media/h09/he6/9323549360158.jpg","name":"Foie gras de pato entero DELPEYRAT Classic 300 g.","price":"11,49 €","offer_price":0,"offer_type":null,"stock":false,"super":"alcampo"},{"img":"https://www.alcampo.es/media/hf9/hc9/10468046372894.jpg","name":"Foie gras de oca con trozos y cortador para laminarlo LABEYRIE 300 g.","price":"27,87 €","offer_price":0,"offer_type":null,"stock":false,"super":"alcampo"},{"img":"https://www.alcampo.es/media/h17/h40/9130878468126.jpg","name":"Mousse de oca MARTIKO 190 g.","price":"2,58 €","offer_price":0,"offer_type":null,"stock":false,"super":"alcampo"},{"img":"https://www.alcampo.es/media/h67/hf8/10752054493214.jpg","name":"Foie gras de pato entero, elaborado sin gluten, sin huevo y sin leche DELICASS 130 g.","price":"9,90 €","offer_price":0,"offer_type":null,"stock":false,"super":"alcampo"},{"img":"https://www.alcampo.es/media/hb2/h7d/9658574209054.jpg","name":"Lote con 3 mini bloc de foie gras de pato MALVASIA.","price":"18,90 €","offer_price":0,"offer_type":null,"stock":false,"super":"alcampo"},{"img":"https://www.alcampo.es/media/h5a/h88/9323660443678.jpg","name":"Paté al Oporto sin gluten y sin lactosa PRODUCTO ALCAMPO 75 g.","price":"0,95 €","offer_price":0,"offer_type":null,"stock":false,"super":"alcampo"},{"img":"https://www.alcampo.es/media/h0e/h15/10758627721246.jpg","name":"Tabla de patés: a la pimienta, a las finas hierbas, al oporto y de campaña PRODUCTO ALCAMPO 4 x 75 g.","price":"3,19 €","offer_price":0,"offer_type":null,"stock":false,"super":"alcampo"},{"img":"https://www.alcampo.es/media/h99/h65/9323685543966.jpg","name":"Paté a la pimienta, sin gluten y sin lactosa PRODUCTO ALCAMPO 75 g.","price":"0,95 €","offer_price":0,"offer_type":null,"stock":false,"super":"alcampo"},{"img":"https://www.alcampo.es/media/hbd/h79/9323546542110.jpg","name":"Paté a las finas hierbas, sin gluten y sin lactosa PRODUCTO ALCAMPO 75 g.","price":"0,95 €","offer_price":0,"offer_type":null,"stock":false,"super":"alcampo"},{"img":"https://www.alcampo.es/media/hc1/hfa/10752032243742.jpg","name":"Paté de hígado de oca MARTIKO 2 x 75 g.","price":"2,54 €","offer_price":0,"offer_type":null,"stock":false,"super":"alcampo"},{"img":"https://www.alcampo.es/media/h9e/h84/10752048889886.jpg","name":"Paté de hígado de pato MARTIKO 2 x 75 g.","price":"2,54 €","offer_price":0,"offer_type":null,"stock":false,"super":"alcampo"},{"img":"https://www.alcampo.es/media/hd8/hfb/9323552833566.jpg","name":"Paté de campaña sin gluten y sin lactosa PRODUCTO ALCAMPO 75 g.","price":"0,95 €","offer_price":0,"offer_type":null,"stock":false,"super":"alcampo"},{"img":"https://www.alcampo.es/media/h59/hba/10752073007134.jpg","name":"Tabla de patés de pato, pato con cebolla caramelizada, pato con carne de pato confitada y oca MARTIKO 4 x 75 g.","price":"5,12 €","offer_price":0,"offer_type":null,"stock":false,"super":"alcampo"},{"img":"https://www.alcampo.es/media/h78/h5d/10801877581854.jpg","name":"Mousse de higado de pato y pollo, sin gluten, sin huevo y sin leche DELICASS 130 g.","price":"2,75 €","offer_price":0,"offer_type":null,"stock":false,"super":"alcampo"},{"img":"https://www.alcampo.es/media/h13/h61/10749195780126.jpg","name":"Mousse de higado de oca y, pato DELICASS 130 g.","price":"2,75 €","offer_price":0,"offer_type":null,"stock":false,"super":"alcampo"},{"img":"https://www.alcampo.es/media/h21/h9f/8893269606430.jpg","name":"Paté de perdiz REAL CAROLINA 220 g.","price":"4,23 €","offer_price":0,"offer_type":null,"stock":false,"super":"alcampo"},{"img":"https://www.alcampo.es/media/h2f/h36/10752029949982.jpg","name":"Pate de pato (de Navarra) con cebolla caramelizada MARTIKO 75 g.","price":"1,64 €","offer_price":0,"offer_type":null,"stock":false,"super":"alcampo"},{"img":"https://www.alcampo.es/media/h2d/h4e/10749233594398.jpg","name":"Surtido de pates de pato y oca, elaborados sin gluten, sin huevo y sin leche DELICAS 4 x 90 g.","price":"4,90 €","offer_price":0,"offer_type":null,"stock":false,"super":"alcampo"},{"img":"https://www.alcampo.es/media/h8a/h0a/10444753764382.jpg","name":"Mousse de foie de hígado de pato al Oporto DELICASS 130 g,","price":"2,75 €","offer_price":0,"offer_type":null,"stock":false,"super":"alcampo"},{"img":"https://www.alcampo.es/media/hea/h3d/10801833443358.jpg","name":"Mousse de foie de hígado de pato al Pedro Ximenez DELICASS 130 g,","price":"2,75 €","offer_price":0,"offer_type":null,"stock":false,"super":"alcampo"},{"img":"https://www.alcampo.es/media/h77/hd1/10752064749598.jpg","name":"Paté de hígado de pato al Moscatel DELICASS 130 g,","price":"2,75 €","offer_price":0,"offer_type":null,"stock":false,"super":"alcampo"},{"img":"https://www.alcampo.es/media/hca/hf5/10664288878622.jpg","name":"Paté tradiconal a las finas hierbas CAPDEVILLA 100 g.","price":"1 €","offer_price":0,"offer_type":null,"stock":false,"super":"alcampo"},{"img":"https://www.alcampo.es/media/hcf/hc5/10664275345438.jpg","name":"Paté tradicional a la campaña CAPDEVILLA 100 g.","price":"1 €","offer_price":0,"offer_type":null,"stock":false,"super":"alcampo"},{"img":"https://www.alcampo.es/media/h06/haf/10664264073246.jpg","name":"Paté tradiconal a la pimienta verde CAPDEVILLA 100 g.","price":"1 €","offer_price":0,"offer_type":null,"stock":false,"super":"alcampo"},{"img":"https://www.alcampo.es/media/h67/he9/10418343084062.jpg","name":"Paté de pato de calidad superior con dulce de calabaza MARTIKO 75 g.","price":"1,64 €","offer_price":0,"offer_type":null,"stock":false,"super":"alcampo"},{"img":"https://www.alcampo.es/media/h67/he0/9960039317534.jpg","name":"Paté de higado de pato a la pimienta negra, elaborado sin gluten NATURAL FOODS 100 g.","price":"1,49 €","offer_price":0,"offer_type":null,"stock":false,"super":"alcampo"},{"img":"https://www.alcampo.es/media/hb1/hd3/9960034402334.jpg","name":"Lingotes de paté de ave NATURAL FOODS 2 x 80 g.","price":"1,99 €","offer_price":0,"offer_type":null,"stock":false,"super":"alcampo"},{"img":"https://www.alcampo.es/media/h5a/h88/9323660443678.jpg","name":"Paté al Oporto sin gluten y sin lactosa PRODUCTO ALCAMPO 75 g.","price":"0,95 €","offer_price":0,"offer_type":null,"stock":false,"super":"alcampo"},{"img":"https://www.alcampo.es/media/h0e/h15/10758627721246.jpg","name":"Tabla de patés: a la pimienta, a las finas hierbas, al oporto y de campaña PRODUCTO ALCAMPO 4 x 75 g.","price":"3,19 €","offer_price":0,"offer_type":null,"stock":false,"super":"alcampo"},{"img":"https://www.alcampo.es/media/h99/h65/9323685543966.jpg","name":"Paté a la pimienta, sin gluten y sin lactosa PRODUCTO ALCAMPO 75 g.","price":"0,95 €","offer_price":0,"offer_type":null,"stock":false,"super":"alcampo"},{"img":"https://www.alcampo.es/media/hbd/h79/9323546542110.jpg","name":"Paté a las finas hierbas, sin gluten y sin lactosa PRODUCTO ALCAMPO 75 g.","price":"0,95 €","offer_price":0,"offer_type":null,"stock":false,"super":"alcampo"},{"img":"https://www.alcampo.es/media/hc1/hfa/10752032243742.jpg","name":"Paté de hígado de oca MARTIKO 2 x 75 g.","price":"2,54 €","offer_price":0,"offer_type":null,"stock":false,"super":"alcampo"},{"img":"https://www.alcampo.es/media/h9e/h84/10752048889886.jpg","name":"Paté de hígado de pato MARTIKO 2 x 75 g.","price":"2,54 €","offer_price":0,"offer_type":null,"stock":false,"super":"alcampo"},{"img":"https://www.alcampo.es/media/hd8/hfb/9323552833566.jpg","name":"Paté de campaña sin gluten y sin lactosa PRODUCTO ALCAMPO 75 g.","price":"0,95 €","offer_price":0,"offer_type":null,"stock":false,"super":"alcampo"},{"img":"https://www.alcampo.es/media/h59/hba/10752073007134.jpg","name":"Tabla de patés de pato, pato con cebolla caramelizada, pato con carne de pato confitada y oca MARTIKO 4 x 75 g.","price":"5,12 €","offer_price":0,"offer_type":null,"stock":false,"super":"alcampo"},{"img":"https://www.alcampo.es/media/h78/h5d/10801877581854.jpg","name":"Mousse de higado de pato y pollo, sin gluten, sin huevo y sin leche DELICASS 130 g.","price":"2,75 €","offer_price":0,"offer_type":null,"stock":false,"super":"alcampo"},{"img":"https://www.alcampo.es/media/h13/h61/10749195780126.jpg","name":"Mousse de higado de oca y, pato DELICASS 130 g.","price":"2,75 €","offer_price":0,"offer_type":null,"stock":false,"super":"alcampo"},{"img":"https://www.alcampo.es/media/h21/h9f/8893269606430.jpg","name":"Paté de perdiz REAL CAROLINA 220 g.","price":"4,23 €","offer_price":0,"offer_type":null,"stock":false,"super":"alcampo"},{"img":"https://www.alcampo.es/media/h2f/h36/10752029949982.jpg","name":"Pate de pato (de Navarra) con cebolla caramelizada MARTIKO 75 g.","price":"1,64 €","offer_price":0,"offer_type":null,"stock":false,"super":"alcampo"},{"img":"https://www.alcampo.es/media/h2d/h4e/10749233594398.jpg","name":"Surtido de pates de pato y oca, elaborados sin gluten, sin huevo y sin leche DELICAS 4 x 90 g.","price":"4,90 €","offer_price":0,"offer_type":null,"stock":false,"super":"alcampo"},{"img":"https://www.alcampo.es/media/h8a/h0a/10444753764382.jpg","name":"Mousse de foie de hígado de pato al Oporto DELICASS 130 g,","price":"2,75 €","offer_price":0,"offer_type":null,"stock":false,"super":"alcampo"},{"img":"https://www.alcampo.es/media/hea/h3d/10801833443358.jpg","name":"Mousse de foie de hígado de pato al Pedro Ximenez DELICASS 130 g,","price":"2,75 €","offer_price":0,"offer_type":null,"stock":false,"super":"alcampo"},{"img":"https://www.alcampo.es/media/h77/hd1/10752064749598.jpg","name":"Paté de hígado de pato al Moscatel DELICASS 130 g,","price":"2,75 €","offer_price":0,"offer_type":null,"stock":false,"super":"alcampo"},{"img":"https://www.alcampo.es/media/hca/hf5/10664288878622.jpg","name":"Paté tradiconal a las finas hierbas CAPDEVILLA 100 g.","price":"1 €","offer_price":0,"offer_type":null,"stock":false,"super":"alcampo"},{"img":"https://www.alcampo.es/media/hcf/hc5/10664275345438.jpg","name":"Paté tradicional a la campaña CAPDEVILLA 100 g.","price":"1 €","offer_price":0,"offer_type":null,"stock":false,"super":"alcampo"},{"img":"https://www.alcampo.es/media/h06/haf/10664264073246.jpg","name":"Paté tradiconal a la pimienta verde CAPDEVILLA 100 g.","price":"1 €","offer_price":0,"offer_type":null,"stock":false,"super":"alcampo"},{"img":"https://www.alcampo.es/media/h67/he9/10418343084062.jpg","name":"Paté de pato de calidad superior con dulce de calabaza MARTIKO 75 g.","price":"1,64 €","offer_price":0,"offer_type":null,"stock":false,"super":"alcampo"},{"img":"https://www.alcampo.es/media/h67/he0/9960039317534.jpg","name":"Paté de higado de pato a la pimienta negra, elaborado sin gluten NATURAL FOODS 100 g.","price":"1,49 €","offer_price":0,"offer_type":null,"stock":false,"super":"alcampo"},{"img":"https://www.alcampo.es/media/hb1/hd3/9960034402334.jpg","name":"Lingotes de paté de ave NATURAL FOODS 2 x 80 g.","price":"1,99 €","offer_price":0,"offer_type":null,"stock":false,"super":"alcampo"},{"img":"https://www.alcampo.es/media/h81/hfa/9089251835934.jpg","name":"Paté de hígado de cerdo LA PIARA Tapa Negra 3 ud x 75 g.","price":"2,74 €","offer_price":0,"offer_type":null,"stock":false,"super":"alcampo"},{"img":"https://www.alcampo.es/media/hf1/hb3/9627341193246.jpg","name":"Paté de hígado de cerdo a las finas hierbas CASA TARRADELLAS frasco de 125 g.","price":"0,85 €","offer_price":0,"offer_type":null,"stock":false,"super":"alcampo"},{"img":"https://www.alcampo.es/media/hb5/h81/9617404067870.jpg","name":"Paté de atún CASA TARRADELLAS frasco de 125 g.","price":"0,91 €","offer_price":0,"offer_type":null,"stock":false,"super":"alcampo"},{"img":"https://www.alcampo.es/media/hf0/h5b/9687519363102.jpg","name":"Paté de hígado de cerdo PRODUCTO ALCAMPO pack 3 uds. x 80 g.","price":"0,99 €","offer_price":0,"offer_type":null,"stock":false,"super":"alcampo"},{"img":"https://www.alcampo.es/media/h84/h77/9627312979998.jpg","name":"Paté de salmón CASA TARRADELLAS frasco de 125 g.","price":"0,91 €","offer_price":0,"offer_type":null,"stock":false,"super":"alcampo"},{"img":"https://www.alcampo.es/media/hf3/h75/9627380351006.jpg","name":"Paté de hígado de cerdo a la pimienta CASA TARRADELLAS frasco de 125 g.","price":"0,85 €","offer_price":0,"offer_type":null,"stock":false,"super":"alcampo"},{"img":"https://www.alcampo.es/media/h88/h7f/9687411556382.jpg","name":"Paté de hígado de cerdo a las finas hierbas PRODUCTO ALCAMPO, tarro de 125 g.","price":"0,66 €","offer_price":0,"offer_type":null,"stock":false,"super":"alcampo"},{"img":"https://www.alcampo.es/media/h13/hd9/8892806004766.jpg","name":" Paté de hígado de cerdo APIS 3 uds x 80 g.","price":"1,72 €","offer_price":0,"offer_type":null,"stock":false,"super":"alcampo"},{"img":"https://www.alcampo.es/media/ha6/h85/9627374157854.jpg","name":"Paté de hígado de cerdo Ibérico CASA TARRADELLAS frasco de 125 g.","price":"0,91 €","offer_price":0,"offer_type":null,"stock":false,"super":"alcampo"},{"img":"https://www.alcampo.es/media/h57/hfe/10801886953502.jpg","name":"Paté de hígado de cerdo MINA pack de 3 uds de 70 g.","price":"1,46 €","offer_price":0,"offer_type":null,"stock":false,"super":"alcampo"},{"img":"https://www.alcampo.es/media/h83/h84/9687487184926.jpg","name":"Paté de hígado de cerdo de Campaña PRODUCTO ALCAMPO, tarro de 125 g.","price":"0,66 €","offer_price":0,"offer_type":null,"stock":false,"super":"alcampo"},{"img":"https://www.alcampo.es/media/h59/h09/9687495966750.jpg","name":"Paté de hígado de cerdo a la pimienta PRODUCTO ALCAMPO, tarro de 125 g.","price":"0,66 €","offer_price":0,"offer_type":null,"stock":false,"super":"alcampo"},{"img":"https://www.alcampo.es/media/h26/h50/9089252818974.jpg","name":"Paté de hígado de cerdo 50% de grasa LA PIARA Tapa Negra 2 ud x 73 g.","price":"2,54 €","offer_price":0,"offer_type":null,"stock":false,"super":"alcampo"},{"img":"https://www.alcampo.es/media/h26/hc5/9627380678686.jpg","name":"Paté de aceitunas negras (olivada) CASA TARRADELLAS frasco de 125 g.","price":"1,04 €","offer_price":0,"offer_type":null,"stock":false,"super":"alcampo"},{"img":"https://www.alcampo.es/media/h65/hdd/9089237549086.jpg","name":"Paté de hígado de cerdo LA PIARA Tapa Negra lata de 225 g.","price":"2,28 €","offer_price":0,"offer_type":null,"stock":false,"super":"alcampo"},{"img":"https://www.alcampo.es/media/hd3/ha8/9198828879902.jpg","name":"Paté Tapa Negra LA PIARA 6 x 75 g","price":"4,37 €","offer_price":0,"offer_type":null,"stock":false,"super":"alcampo"},{"img":"https://www.alcampo.es/media/hae/h0b/9627359707166.jpg","name":"Paté de hígado de cerdo y campaña CASA TARRADELLAS frasco de 125 g.","price":"0,85 €","offer_price":0,"offer_type":null,"stock":false,"super":"alcampo"},{"img":"https://www.alcampo.es/media/he5/h4e/9627327627294.jpg","name":"Paté de pollo CASA TARRADELLAS frasco de 125 g.","price":"0,85 €","offer_price":0,"offer_type":null,"stock":false,"super":"alcampo"},{"img":"https://www.alcampo.es/media/h23/hb9/9617383555102.jpg","name":"Paté de jamón CASA TARRADELLAS frasco de 125 g.","price":"0,85 €","offer_price":0,"offer_type":null,"stock":false,"super":"alcampo"},{"img":"https://www.alcampo.es/media/h1c/hf5/9089169227806.jpg","name":"Paté de atún en aceite de oliva LA PIARA Sólo Natural 2 ud x 75 g.","price":"2,84 €","offer_price":0,"offer_type":null,"stock":false,"super":"alcampo"},{"img":"https://www.alcampo.es/media/hc6/h3e/9356134285342.jpg","name":"Paté de hígado de cerdo MINA lata de 200 g.","price":"1,23 €","offer_price":0,"offer_type":null,"stock":false,"super":"alcampo"},{"img":"https://www.alcampo.es/media/h1a/h12/9659387510814.jpg","name":"Paté de hígado de cerdo LA PIARA Tapa Negra 2 ud x 115 g.","price":"2,64 €","offer_price":0,"offer_type":null,"stock":false,"super":"alcampo"},{"img":"https://www.alcampo.es/media/hc4/h7d/10911515672606.jpg","name":"Paté de pollo LA PIARA Sólo Natural 2 ud x 75 g.","price":"2,91 €","offer_price":0,"offer_type":null,"stock":false,"super":"alcampo"},{"img":"https://www.alcampo.es/media/hd7/h08/9394895388702.jpg","name":"Patés surtidos (Jamón York, Jamón curado, pollo, pavo) IBERITOS 4 x 25 g.","price":"1,29 €","offer_price":0,"offer_type":null,"stock":false,"super":"alcampo"},{"img":"https://www.alcampo.es/media/h17/h0d/8893801889822.jpg","name":"Paté de hígado de cerdo APIS lata de 200 g.","price":"1,39 €","offer_price":0,"offer_type":null,"stock":false,"super":"alcampo"},{"img":"https://www.alcampo.es/media/he9/h31/9236151992350.jpg","name":"Paté de hígado de cerdo ibérico COREN lata de 78 g. pack de 2 uds.","price":"1,32 €","offer_price":0,"offer_type":null,"stock":false,"super":"alcampo"},{"img":"https://www.alcampo.es/media/hfd/haf/9777676189726.jpg","name":"Paté de atún PRODUCTO ALCAMPO lata de 80 g. pack de 3 uds.","price":"1,78 €","offer_price":0,"offer_type":null,"stock":false,"super":"alcampo"},{"img":"https://www.alcampo.es/media/hb4/hca/9089237385246.jpg","name":"Paté de atún en escabeche LA PIARA Sólo Natural 2 ud 75 g.","price":"2,74 €","offer_price":0,"offer_type":null,"stock":false,"super":"alcampo"},{"img":"https://www.alcampo.es/media/hc9/h05/9659349762078.jpg","name":"Paté de atún en aceite LA PIARA Sólo Natural 2 uds x 75 g.","price":"2,74 €","offer_price":0,"offer_type":null,"stock":false,"super":"alcampo"},{"img":"https://www.alcampo.es/media/h68/h55/9089250164766.jpg","name":"Paté de hígado de cerdo picante LA PIARA Tapa Negra 2 ud x 73 g.","price":"2,54 €","offer_price":0,"offer_type":null,"stock":false,"super":"alcampo"},{"img":"https://www.alcampo.es/media/h55/h90/9089166278686.jpg","name":"Paté de hígado de cerdo ibérico LA PIARA Tapa Negra 2 ud x 73 g.","price":"2,54 €","offer_price":0,"offer_type":null,"stock":false,"super":"alcampo"},{"img":"https://www.alcampo.es/media/hc1/hab/9389566951454.jpg","name":"Patés surtido IBERITOS 18 x 25 g.","price":"5,45 €","offer_price":0,"offer_type":null,"stock":false,"super":"alcampo"},{"img":"https://www.alcampo.es/media/ha1/hda/10911512395806.jpg","name":"Paté de pavo LA PIARA 2 x 77 g.","price":"2,95 €","offer_price":0,"offer_type":null,"stock":false,"super":"alcampo"},{"img":"https://www.alcampo.es/media/ha3/h97/8896281247774.jpg","name":"Paté de jabalí JEAN BRUNET frasco de 180 g.","price":"3,34 €","offer_price":0,"offer_type":null,"stock":false,"super":"alcampo"},{"img":"https://www.alcampo.es/media/h1b/h1d/8935536853022.jpg","name":"Paté de hígado de cerdo LOURIÑO pack de 3 latas de 234 gramos.","price":"1,41 €","offer_price":0,"offer_type":null,"stock":false,"super":"alcampo"},{"img":"https://www.alcampo.es/media/h36/h60/8952616419358.jpg","name":"Paté de atún CALVO lata de 75 g. pack de 2 ud.","price":"2,81 €","offer_price":0,"offer_type":null,"stock":false,"super":"alcampo"},{"img":"https://www.alcampo.es/media/h1d/h5d/10911326699550.jpg","name":"Paté de jamón York LA PIARA 3 uds. x 77 g","price":"2,84 €","offer_price":0,"offer_type":null,"stock":false,"super":"alcampo"},{"img":"https://www.alcampo.es/media/h6d/hfd/9089169719326.jpg","name":"Paté de hígado de cerdo suave LA PIARA Sólo Natural pack de 2 uds.75 g.","price":"0,94 €","offer_price":0,"offer_type":null,"stock":false,"super":"alcampo"},{"img":"https://www.alcampo.es/media/h6c/h95/8871951925278.jpg","name":"Paté surtido IBERITOS lata 25 gr pack de 4 ud.","price":"0,99 €","offer_price":0,"offer_type":null,"stock":false,"super":"alcampo"},{"img":"https://www.alcampo.es/media/h77/hf0/9790109450270.jpg","name":"Paté de pato a la pimienta verde LES TROIS CHEFS 180 g.","price":"1,15 €","offer_price":0,"offer_type":null,"stock":false,"super":"alcampo"},{"img":"https://www.alcampo.es/media/h6c/h5f/9089238761502.jpg","name":"Paté de ancho LA PIARA Sólo Natural lata de 2ud x 77 g.","price":"1,94 €","offer_price":0,"offer_type":null,"stock":false,"super":"alcampo"},{"img":"https://www.alcampo.es/media/h56/he1/9790116003870.jpg","name":"Paté de campaña LES TROIS CHEFS 180 g","price":"1,05 €","offer_price":0,"offer_type":null,"stock":false,"super":"alcampo"},{"img":"https://www.alcampo.es/media/hd8/h0b/8952596627486.jpg","name":"Paté de atún con 0% de materia grasa CALVO lata de 75 g. pack de 2 ud.","price":"1,90 €","offer_price":0,"offer_type":null,"stock":false,"super":"alcampo"},{"img":"https://www.alcampo.es/media/hff/h95/9089254064158.jpg","name":"Paté de hígado de cerdo LA PIARA Tapa Negra lata de 75 g.","price":"1,59 €","offer_price":0,"offer_type":null,"stock":false,"super":"alcampo"},{"img":"https://www.alcampo.es/media/hf1/h0c/9721442205726.jpg","name":"Paté de morcilla y piñones ALCAMPO GOURMET 110 g.","price":"1,49 €","offer_price":0,"offer_type":null,"stock":false,"super":"alcampo"},{"img":"https://www.alcampo.es/media/h05/h4a/9721429098526.jpg","name":"Paté de salmón ALCAMPO GOURMET 110 g.","price":"1,49 €","offer_price":0,"offer_type":null,"stock":false,"super":"alcampo"},{"img":"https://www.alcampo.es/media/h28/hd3/8895292178462.jpg","name":"Paté de pato JEAN BRUNET frasco de 180 g.","price":"2,81 €","offer_price":0,"offer_type":null,"stock":false,"super":"alcampo"},{"img":"https://www.alcampo.es/media/h9f/hae/8925641211934.jpg","name":"Paté de jamón ibérico de bellota APIS frasco de 125 g.","price":"1,09 €","offer_price":0,"offer_type":null,"stock":false,"super":"alcampo"},{"img":"https://www.alcampo.es/media/h5a/h88/9323660443678.jpg","name":"Paté al Oporto sin gluten y sin lactosa PRODUCTO ALCAMPO 75 g.","price":"0,95 €","offer_price":0,"offer_type":null,"stock":false,"super":"alcampo"},{"img":"https://www.alcampo.es/media/h0e/h15/10758627721246.jpg","name":"Tabla de patés: a la pimienta, a las finas hierbas, al oporto y de campaña PRODUCTO ALCAMPO 4 x 75 g.","price":"3,19 €","offer_price":0,"offer_type":null,"stock":false,"super":"alcampo"},{"img":"https://www.alcampo.es/media/h99/h65/9323685543966.jpg","name":"Paté a la pimienta, sin gluten y sin lactosa PRODUCTO ALCAMPO 75 g.","price":"0,95 €","offer_price":0,"offer_type":null,"stock":false,"super":"alcampo"},{"img":"https://www.alcampo.es/media/hbd/h79/9323546542110.jpg","name":"Paté a las finas hierbas, sin gluten y sin lactosa PRODUCTO ALCAMPO 75 g.","price":"0,95 €","offer_price":0,"offer_type":null,"stock":false,"super":"alcampo"},{"img":"https://www.alcampo.es/media/hc1/hfa/10752032243742.jpg","name":"Paté de hígado de oca MARTIKO 2 x 75 g.","price":"2,54 €","offer_price":0,"offer_type":null,"stock":false,"super":"alcampo"},{"img":"https://www.alcampo.es/media/h9e/h84/10752048889886.jpg","name":"Paté de hígado de pato MARTIKO 2 x 75 g.","price":"2,54 €","offer_price":0,"offer_type":null,"stock":false,"super":"alcampo"},{"img":"https://www.alcampo.es/media/hd8/hfb/9323552833566.jpg","name":"Paté de campaña sin gluten y sin lactosa PRODUCTO ALCAMPO 75 g.","price":"0,95 €","offer_price":0,"offer_type":null,"stock":false,"super":"alcampo"},{"img":"https://www.alcampo.es/media/h59/hba/10752073007134.jpg","name":"Tabla de patés de pato, pato con cebolla caramelizada, pato con carne de pato confitada y oca MARTIKO 4 x 75 g.","price":"5,12 €","offer_price":0,"offer_type":null,"stock":false,"super":"alcampo"},{"img":"https://www.alcampo.es/media/h78/h5d/10801877581854.jpg","name":"Mousse de higado de pato y pollo, sin gluten, sin huevo y sin leche DELICASS 130 g.","price":"2,75 €","offer_price":0,"offer_type":null,"stock":false,"super":"alcampo"},{"img":"https://www.alcampo.es/media/h13/h61/10749195780126.jpg","name":"Mousse de higado de oca y, pato DELICASS 130 g.","price":"2,75 €","offer_price":0,"offer_type":null,"stock":false,"super":"alcampo"},{"img":"https://www.alcampo.es/media/h21/h9f/8893269606430.jpg","name":"Paté de perdiz REAL CAROLINA 220 g.","price":"4,23 €","offer_price":0,"offer_type":null,"stock":false,"super":"alcampo"},{"img":"https://www.alcampo.es/media/h2f/h36/10752029949982.jpg","name":"Pate de pato (de Navarra) con cebolla caramelizada MARTIKO 75 g.","price":"1,64 €","offer_price":0,"offer_type":null,"stock":false,"super":"alcampo"},{"img":"https://www.alcampo.es/media/h2d/h4e/10749233594398.jpg","name":"Surtido de pates de pato y oca, elaborados sin gluten, sin huevo y sin leche DELICAS 4 x 90 g.","price":"4,90 €","offer_price":0,"offer_type":null,"stock":false,"super":"alcampo"},{"img":"https://www.alcampo.es/media/h8a/h0a/10444753764382.jpg","name":"Mousse de foie de hígado de pato al Oporto DELICASS 130 g,","price":"2,75 €","offer_price":0,"offer_type":null,"stock":false,"super":"alcampo"},{"img":"https://www.alcampo.es/media/hea/h3d/10801833443358.jpg","name":"Mousse de foie de hígado de pato al Pedro Ximenez DELICASS 130 g,","price":"2,75 €","offer_price":0,"offer_type":null,"stock":false,"super":"alcampo"},{"img":"https://www.alcampo.es/media/h77/hd1/10752064749598.jpg","name":"Paté de hígado de pato al Moscatel DELICASS 130 g,","price":"2,75 €","offer_price":0,"offer_type":null,"stock":false,"super":"alcampo"},{"img":"https://www.alcampo.es/media/hca/hf5/10664288878622.jpg","name":"Paté tradiconal a las finas hierbas CAPDEVILLA 100 g.","price":"1 €","offer_price":0,"offer_type":null,"stock":false,"super":"alcampo"},{"img":"https://www.alcampo.es/media/hcf/hc5/10664275345438.jpg","name":"Paté tradicional a la campaña CAPDEVILLA 100 g.","price":"1 €","offer_price":0,"offer_type":null,"stock":false,"super":"alcampo"},{"img":"https://www.alcampo.es/media/h06/haf/10664264073246.jpg","name":"Paté tradiconal a la pimienta verde CAPDEVILLA 100 g.","price":"1 €","offer_price":0,"offer_type":null,"stock":false,"super":"alcampo"},{"img":"https://www.alcampo.es/media/h67/he9/10418343084062.jpg","name":"Paté de pato de calidad superior con dulce de calabaza MARTIKO 75 g.","price":"1,64 €","offer_price":0,"offer_type":null,"stock":false,"super":"alcampo"},{"img":"https://www.alcampo.es/media/h67/he0/9960039317534.jpg","name":"Paté de higado de pato a la pimienta negra, elaborado sin gluten NATURAL FOODS 100 g.","price":"1,49 €","offer_price":0,"offer_type":null,"stock":false,"super":"alcampo"},{"img":"https://www.alcampo.es/media/hb1/hd3/9960034402334.jpg","name":"Lingotes de paté de ave NATURAL FOODS 2 x 80 g.","price":"1,99 €","offer_price":0,"offer_type":null,"stock":false,"super":"alcampo"},{"img":"https://www.alcampo.es/media/h1b/h6a/10752024608798.jpg","name":"Tarrina de sobrasada elaborada sin gluten y sin lactosa EL POZO 250 g.","price":"1,33 €","offer_price":0,"offer_type":null,"stock":false,"super":"alcampo"},{"img":"https://www.alcampo.es/media/hf7/hc5/10506619912222.jpg","name":"Tarrina de sobrasada ibérica LEGADO IBÉRICO Selección 200 g.","price":"1,40 €","offer_price":0,"offer_type":null,"stock":false,"super":"alcampo"},{"img":"https://www.alcampo.es/media/hf3/h0b/9798041763870.jpg","name":"Tarrina de sobrasada de Mallorca con IGP Sobrasada de Mallorca EL ZAGAL Etiqueta negra 200 g.","price":"2,21 €","offer_price":0,"offer_type":null,"stock":false,"super":"alcampo"},{"img":"https://www.alcampo.es/media/h10/hbe/9797980782622.jpg","name":"Tarrina de sobrasada con IGP sobrasada de Mallorca EL ZAGAL 200 g.","price":"1,96 €","offer_price":0,"offer_type":null,"stock":false,"super":"alcampo"},{"img":"https://www.alcampo.es/media/hc7/hf7/9500286517278.jpg","name":"Tarrina de manteca de cerdo ibérico, sin gluten y sin lactosa e ideal para cocinar LEGADO IBÉRICO Selección 400 g.","price":"2,24 €","offer_price":0,"offer_type":null,"stock":false,"super":"alcampo"},{"img":"https://www.alcampo.es/media/h53/hea/10752032014366.jpg","name":"Sobrasada de Mallorca, con IGP Sobrassada de Mallorca CRISOL 2 x 40 g.","price":"0,99 €","offer_price":0,"offer_type":null,"stock":false,"super":"alcampo"},{"img":"https://www.alcampo.es/media/h5b/ha2/9798082986014.jpg","name":"Sobrasada picante con IGP sobrasada de Mallorca EL ZAGAL 200 g.","price":"1,86 €","offer_price":0,"offer_type":null,"stock":false,"super":"alcampo"},{"img":"https://www.alcampo.es/media/h7a/h4b/10746472890398.jpg","name":"Tarrina de manteca de cerdo CAMPOFRÍO 485 g.","price":"2,95 €","offer_price":0,"offer_type":null,"stock":false,"super":"alcampo"},{"img":"https://www.alcampo.es/media/h56/h53/9798092292126.jpg","name":"Sobrasada con IGP sobrasada de Mallorca EL ZAGAL Etiqueta oro 400 g.","price":"3,75 €","offer_price":0,"offer_type":null,"stock":false,"super":"alcampo"},{"img":"https://www.alcampo.es/media/hc0/hfa/10418262540318.jpg","name":"Tarrina de sobrasada PEÑA CRUZ 285 g.","price":"1,39 €","offer_price":0,"offer_type":null,"stock":false,"super":"alcampo"},{"img":"https://www.alcampo.es/media/h0f/h1f/10736742203422.jpg","name":"Sobrasada de Mallorca con IGP Sobrassada de Mallorca CRISOL 250 g.","price":"2,25 €","offer_price":0,"offer_type":null,"stock":false,"super":"alcampo"},{"img":"https://www.alcampo.es/media/hc0/h90/10736678404126.jpg","name":"Sobrasada de Mallorca con IGP Sobrassada de Mallorca CRISOL Etiqueta negra 250 g.","price":"4,50 €","offer_price":0,"offer_type":null,"stock":false,"super":"alcampo"},{"img":"https://www.alcampo.es/media/h06/hfe/10746457915422.jpg","name":"Sobrasada elaborada sin gluten LOS QUIJALES 250 g.","price":"1,19 €","offer_price":0,"offer_type":null,"stock":false,"super":"alcampo"},{"img":"https://www.alcampo.es/media/ha2/he5/9178486505502.jpg","name":"Manteca roja de cerdo ibérico MORENO PLAZA 220 g.","price":"1,69 €","offer_price":0,"offer_type":null,"stock":false,"super":"alcampo"},{"img":"https://www.alcampo.es/media/h50/hd0/10253637517342.jpg","name":"Crema de cecina para untar, envasada al vacio CECINAS PABLO 80 g.","price":"1,85 €","offer_price":0,"offer_type":null,"stock":false,"super":"alcampo"},{"img":"https://www.alcampo.es/media/h1a/h1d/9631864455198.jpg","name":"Sobrasada picante con IGP sobrasada de Mallorca CRISOL 160 g.","price":"1,69 €","offer_price":0,"offer_type":null,"stock":false,"super":"alcampo"}]