[{"img":"https://www.alcampo.es/media/he3/h30/9325642776606.jpg","name":"Jamón serrano curado y cortado en lonchas NAVIDUL","price":"4,98 €","offer_price":0,"offer_type":null,"stock":false,"super":"alcampo"},{"img":"https://www.alcampo.es/media/h4f/h78/9325646708766.jpg","name":"Jamón curado cortado en lonchas CAMPOFRÍO ","price":"3,98 €","offer_price":0,"offer_type":null,"stock":false,"super":"alcampo"},{"img":"https://www.alcampo.es/media/h4c/hc1/9658598326302.jpg","name":"Lonchas de jamón de cebo de campo ibérico (50% raza ibérica), COVAP Esenciaúnica","price":"22,25 €","offer_price":0,"offer_type":null,"stock":false,"super":"alcampo"},{"img":"https://www.alcampo.es/media/h11/h51/9325692420126.jpg","name":"Jamón de cebo de campo ibérico (50% raza ibérica) cortado en loncha COVAP Esenciaúnica","price":"22,25 €","offer_price":0,"offer_type":null,"stock":false,"super":"alcampo"},{"img":"https://www.alcampo.es/media/he4/he3/9631869960222.jpg","name":"Lonchas de jamón de bellota ibérico (50% raza ibérica) COVAP Esenciaúnica","price":"29,75 €","offer_price":0,"offer_type":null,"stock":false,"super":"alcampo"},{"img":"https://www.alcampo.es/media/hc7/h79/9690768146462.jpg","name":"Jamón serrano reserva (curación mínima de 12 meses) cortado en lonchas PRODUCTO ALCAMPO 250 g.","price":"3,62 €","offer_price":0,"offer_type":null,"stock":false,"super":"alcampo"},{"img":"https://www.alcampo.es/media/h5b/hbb/9737209708574.jpg","name":"Jamón curado, elaborado sin gluten y sin lactosa y cortado en lonchas NAVIDUL 50 g.","price":"0,94 €","offer_price":0,"offer_type":null,"stock":false,"super":"alcampo"},{"img":"https://www.alcampo.es/media/h00/h95/9567755239454.jpg","name":"Jamón curado con un 25% menos de sal, sin gluten y sin lactosa y cortado en lonchas NAVIDUL 50 g.","price":"0,94 €","offer_price":0,"offer_type":null,"stock":false,"super":"alcampo"},{"img":"https://www.alcampo.es/media/h2f/h79/9690766180382.jpg","name":"Jamón serrano reserva (curación mínima de 12 meses), cortado en finas lonchas PRODUCTO ALCAMPO 120 g.","price":"1,98 €","offer_price":0,"offer_type":null,"stock":false,"super":"alcampo"},{"img":"https://www.alcampo.es/media/h93/hcd/10034774769694.jpg","name":"Jamón curado en Extremadura, cortado en medias lonchas y elaborado sin gluten y sin lactosa NAVIDUL 2 x 69 g.","price":"2,99 €","offer_price":0,"offer_type":null,"stock":false,"super":"alcampo"},{"img":"https://www.alcampo.es/media/h4a/h23/9690781548574.jpg","name":"Jamón serrano reserva (curación mínima de 12 meses) cortado en lonchas PRODUCTO ALCAMPO 100 g.","price":"1,89 €","offer_price":0,"offer_type":null,"stock":false,"super":"alcampo"},{"img":"https://www.alcampo.es/media/hb8/h79/10752018448414.jpg","name":"Jamón serrano de reserva (12 meses de curación), cortado en lonchas muy finas ARGAL Tradición 80 g.","price":"2,15 €","offer_price":0,"offer_type":null,"stock":false,"super":"alcampo"},{"img":"https://www.alcampo.es/media/h8a/hfa/10034606964766.jpg","name":"Jamón curado en Extremadura, cortado en lonchas y elaborado sin gluen y sin lactosa NAVIDUL 138 g.","price":"2,90 €","offer_price":0,"offer_type":null,"stock":false,"super":"alcampo"},{"img":"https://www.alcampo.es/media/ha5/h6c/10043952791582.jpg","name":"Jamón serrano gran reserva, con curación de 18 meses y cortado en finas lonchas BOADAS 1880 80 g.","price":"2,26 €","offer_price":0,"offer_type":null,"stock":false,"super":"alcampo"},{"img":"https://www.alcampo.es/media/h86/h21/10364177612830.jpg","name":"Jamón serrano bodega (10 meses de curación) cortado en lonchas PRODUCTO ALCAMPO 250 g.","price":"3,35 €","offer_price":0,"offer_type":null,"stock":false,"super":"alcampo"},{"img":"https://www.alcampo.es/media/hda/h16/9515418255390.jpg","name":"Virutas curadas de jamón y paleta (50% cerdo blanco, 50% cerdo ibérico) MATORRAL 150 g.","price":"2,99 €","offer_price":0,"offer_type":null,"stock":false,"super":"alcampo"},{"img":"https://www.alcampo.es/media/h52/h02/10597887934494.jpg","name":"Jamón serrano curado cortado en lonchas con separador BOADAS 180 g.","price":"3,99 €","offer_price":0,"offer_type":null,"stock":false,"super":"alcampo"},{"img":"https://www.alcampo.es/media/h2c/he3/10400721862686.jpg","name":"Jamón curado y cortado en finas lonchas EL POZO Selección 90 g.","price":"1,42 €","offer_price":0,"offer_type":null,"stock":false,"super":"alcampo"},{"img":"https://www.alcampo.es/media/h06/h27/9177714524190.jpg","name":"Jamón serrano curado cortado en lonchas SELECTOS PEÑARANDA 100 g.","price":"1,75 €","offer_price":0,"offer_type":null,"stock":false,"super":"alcampo"},{"img":"https://www.alcampo.es/media/hd2/hb6/9567794561054.jpg","name":"Jamón curado de bodega, sin gluten y cortado en finas lonchas NAVIDUL 50 g.","price":"1,29 €","offer_price":0,"offer_type":null,"stock":false,"super":"alcampo"},{"img":"https://www.alcampo.es/media/h19/h87/8890805223454.jpg","name":"Jamón serrano cortado como en casa CAMPODULCE 120 g.","price":"2,19 €","offer_price":0,"offer_type":null,"stock":false,"super":"alcampo"},{"img":"https://www.alcampo.es/media/hb7/h51/9477141626910.jpg","name":"Jamón curado cortado en lonchas PRODUCTO ECONÓMICO ALCAMPO 90 g.","price":"1,28 €","offer_price":0,"offer_type":null,"stock":false,"super":"alcampo"},{"img":"https://www.alcampo.es/media/hfd/hda/9177627328542.jpg","name":"Jamón serrano curado de reserva, cortado en finas lonchas SELECTOS PEÑARANDA 150g.","price":"1,99 €","offer_price":0,"offer_type":null,"stock":false,"super":"alcampo"},{"img":"https://www.alcampo.es/media/h5c/h0a/10749242998814.jpg","name":"Jamón serrano reserva (12 meses de curación), cortado en lonchas ARGAL Tradición 90 g.","price":"2,25 €","offer_price":0,"offer_type":null,"stock":false,"super":"alcampo"},{"img":"https://www.alcampo.es/media/h68/h8e/10752009142302.jpg","name":"Jamón curado de pavo cortado en lonchas ARGAL 2 x 40 g.","price":"1,88 €","offer_price":0,"offer_type":null,"stock":false,"super":"alcampo"},{"img":"https://www.alcampo.es/media/had/h3d/9355443044382.jpg","name":"Jamón serrano bodega en lonchas CAMPODULCE 200 gr","price":"3,45 €","offer_price":0,"offer_type":null,"stock":false,"super":"alcampo"},{"img":"https://www.alcampo.es/media/heb/h53/9427901906974.jpg","name":"Jamón curado en taquitos EL POZO Selección 2 x 65 g.","price":"2,75 €","offer_price":0,"offer_type":null,"stock":false,"super":"alcampo"},{"img":"https://www.alcampo.es/media/h41/he2/10749059268638.jpg","name":" Jamón curado con un 25% menos de sal, cortado en lonchas NAVIDUL 150 g.","price":"2,82 €","offer_price":0,"offer_type":null,"stock":false,"super":"alcampo"},{"img":"https://www.alcampo.es/media/hef/he3/10610881789982.jpg","name":"Jamón serrano reserva (más de 12 meses de curación), cortado en lonchas ESPUÑA 200 g.","price":"4,45 €","offer_price":0,"offer_type":null,"stock":false,"super":"alcampo"},{"img":"https://www.alcampo.es/media/h93/h31/9690808090654.jpg","name":"Jamón serrano curado (siete meses de curación) cortado en lonchas PRODUCTO ECONÓMICO ALCAMPO 500 g.","price":"6,25 €","offer_price":0,"offer_type":null,"stock":false,"super":"alcampo"},{"img":"https://www.alcampo.es/media/hb2/h97/8899499524126.jpg","name":"Paleta serrana en lonchas DUROC 150 gr","price":"3,50 €","offer_price":0,"offer_type":null,"stock":false,"super":"alcampo"},{"img":"https://www.alcampo.es/media/hc7/he0/9178381615134.jpg","name":"Jamón serrano en salchichón para comer como snack SERRANO U snack! 60 g","price":"0,98 €","offer_price":0,"offer_type":null,"stock":false,"super":"alcampo"},{"img":"https://www.alcampo.es/media/hbd/hda/9633099481118.jpg","name":"Jamón de pato de origen francés cortado en finas lonchas ALCAMPO GOURMET 60 g.","price":"3,79 €","offer_price":0,"offer_type":null,"stock":false,"super":"alcampo"},{"img":"https://www.alcampo.es/media/h78/hf4/10754834956318.jpg","name":"Jamón reserva de hembra, con curación natural, cortado en lonchas MILENA LEÓN 200 g.","price":"2,99 €","offer_price":0,"offer_type":null,"stock":false,"super":"alcampo"},{"img":"https://www.alcampo.es/media/h5b/h86/9539629154334.jpg","name":"Jamón curado (7 meses de curación) cortado en lonchas PRODUCTO ECONÓMICO ALCAMPO 250 g.","price":"3,25 €","offer_price":0,"offer_type":null,"stock":false,"super":"alcampo"},{"img":"https://www.alcampo.es/media/h95/h78/10746370490398.jpg","name":"Jamón curado bodega, cortado en lonchas extrafinas ESPUÑA 120 g.","price":"3,24 €","offer_price":0,"offer_type":null,"stock":false,"super":"alcampo"},{"img":"https://www.alcampo.es/media/h1c/h55/9960049573918.jpg","name":"Jamón curado reserva, cortado en lonchas ARDIO 100 g.","price":"1,69 €","offer_price":0,"offer_type":null,"stock":false,"super":"alcampo"},{"img":"https://www.alcampo.es/media/h23/h79/10802618269726.jpg","name":"Jamón serrano bodega con más de 9 meses de curación, cortado en lonchas ESPUÑA 360 g.","price":"7,50 €","offer_price":0,"offer_type":null,"stock":false,"super":"alcampo"},{"img":"https://www.alcampo.es/media/hf7/h11/10032058105886.jpg","name":"Jamón curado sin gluten y sin lactosa, cortado en lonchas EL POZO Selección 180 g.","price":"2,91 €","offer_price":0,"offer_type":null,"stock":false,"super":"alcampo"},{"img":"https://www.alcampo.es/media/h50/h08/9475641835550.jpg","name":"Jamón serrano gran reserva (curación mínima de 15 meses), cortado en finas lonchas MONTESANO Gourmet 120 g.","price":"3,99 €","offer_price":0,"offer_type":null,"stock":false,"super":"alcampo"},{"img":"https://www.alcampo.es/media/hc3/hf0/10632090877982.jpg","name":"Jamón serrano el lonchas ecológico BLANCAFORT BIO ORGANIC 80 g.","price":"4,24 €","offer_price":0,"offer_type":null,"stock":false,"super":"alcampo"},{"img":"https://www.alcampo.es/media/h34/hf3/9484654116894.jpg","name":"Jamón serrado reserva selección, con curación mínima de 12 meses y cortado en finas lonchas BOADAS 110 g.","price":"3 €","offer_price":0,"offer_type":null,"stock":false,"super":"alcampo"},{"img":"https://www.alcampo.es/media/h06/h7e/9595641659422.jpg","name":"Jamón serrano curado (11 meses), sin gluten y cortado en lonchas con separador ARGAL Premier 2 x 190 g.","price":"7,02 €","offer_price":0,"offer_type":null,"stock":false,"super":"alcampo"},{"img":"https://www.alcampo.es/media/h2f/h50/10749041639454.jpg","name":"Jamón curado reserva, cortado en finas lonchas de fácil separación NAVIDUL La charcuteria selecta 90 g.","price":"2,41 €","offer_price":0,"offer_type":null,"stock":false,"super":"alcampo"},{"img":"https://www.alcampo.es/media/h13/h1f/10034541723678.jpg","name":"Jamón curado en Extremadura, sin gluten y cortado en cómods lonchas NAVIDUL 104 g.","price":"2,50 €","offer_price":0,"offer_type":null,"stock":false,"super":"alcampo"},{"img":"https://www.alcampo.es/media/h78/ha8/9470700978206.jpg","name":"Jamón curado de reserva (curación de 12 meses), cortado en cómodas lonchas BOADAS 100 g.","price":"2,50 €","offer_price":0,"offer_type":null,"stock":false,"super":"alcampo"},{"img":"https://www.alcampo.es/media/h97/hde/9069619445790.jpg","name":"Jamón Serrano Ecológico Lonchas LA MERENDOLA 75 g.","price":"3,49 €","offer_price":0,"offer_type":null,"stock":false,"super":"alcampo"},{"img":"https://www.alcampo.es/media/hb9/h02/10354220826654.jpg","name":"Jamón gran reserva (50% raza Duroc), cortado en lonchas extrafinas SUPREMÉ DE PLACERES 90 g.","price":"2,45 €","offer_price":0,"offer_type":null,"stock":false,"super":"alcampo"},{"img":"https://www.alcampo.es/media/h0c/h79/9712640884766.jpg","name":"Jamón gran reserva (50% raza Duroc), cortado en lonchas ALCAMPO PRODUCCIÓN CONTROLADA 100 g.","price":"2,25 €","offer_price":0,"offer_type":null,"stock":false,"super":"alcampo"},{"img":"https://www.alcampo.es/media/h30/h57/9743698788382.jpg","name":"Jamón gran reserva (+ de 15 meses de curación) cortado en lonchas con separador VALJA 150 g.","price":"3,67 €","offer_price":0,"offer_type":null,"stock":false,"super":"alcampo"},{"img":"https://www.alcampo.es/media/h4e/h9a/9690783416350.jpg","name":"Jamón de cebo ibérico (50% raza ibérica), cortado en lonchas PRODUCTO ALCAMPO 100 g.","price":"4,24 €","offer_price":0,"offer_type":null,"stock":false,"super":"alcampo"},{"img":"https://www.alcampo.es/media/h92/ha6/10034771066910.jpg","name":"Jamón de cebo ibérico (50% raza ibérica) cortado en lonchas con separador NAVIDUL 110 g.","price":"6,45 €","offer_price":0,"offer_type":null,"stock":false,"super":"alcampo"},{"img":"https://www.alcampo.es/media/hc0/h33/8893708304414.jpg","name":"Jamón de cebo ibérico (50% raza ibérica), cortado en lonchas SIERRA AZUAGA 100 g.","price":"5,94 €","offer_price":0,"offer_type":null,"stock":false,"super":"alcampo"},{"img":"https://www.alcampo.es/media/hd7/h42/9518685323294.jpg","name":"Jamón de cebo Ibérico (50% raza ibérica), cortado en finas lonchas PEÑARANDA 250 g.","price":"7,90 €","offer_price":0,"offer_type":null,"stock":false,"super":"alcampo"},{"img":"https://www.alcampo.es/media/hd1/h35/10187106975774.jpg","name":"Jamón de cebo ibérico (50% raza ibérica) cortado a lascas LEGADO IBÉRICO 90 g.","price":"3,94 €","offer_price":0,"offer_type":null,"stock":false,"super":"alcampo"},{"img":"https://www.alcampo.es/media/hd6/h32/9427915243550.jpg","name":"Jamón de cebo ibérico (50% raza ibérica), cortado en lonchas finas con separador EL POZO Legado ibérico 60 g.","price":"2,99 €","offer_price":0,"offer_type":null,"stock":false,"super":"alcampo"},{"img":"https://www.alcampo.es/media/h03/h39/10754849374238.jpg","name":"Jamón de cebo ibérico (50% raza ibérica) cortado en lonchas ALCARAZ 200 g.","price":"9,35 €","offer_price":0,"offer_type":null,"stock":false,"super":"alcampo"},{"img":"https://www.alcampo.es/media/h11/h19/8894705827870.jpg","name":"Jamón de cebo ibérico (50% raza ibérica) SIERRA AZUAGA 100 g.","price":"5,99 €","offer_price":0,"offer_type":null,"stock":false,"super":"alcampo"},{"img":"https://www.alcampo.es/media/hf8/h57/10754791473182.jpg","name":"Jamón de cebo ibérico (50% raza ibérica), cortado en lonchas ALCARAZ 100 g.","price":"6,45 €","offer_price":0,"offer_type":null,"stock":false,"super":"alcampo"},{"img":"https://www.alcampo.es/media/h48/h72/8878339850270.jpg","name":"Jamón ibérico de cebo (50% raza ibérica), cortada en lonchas SIERRA AZUAGA 200 g.","price":"10,17 €","offer_price":0,"offer_type":null,"stock":false,"super":"alcampo"},{"img":"https://www.alcampo.es/media/hd1/h64/9304139497502.jpg","name":"Jamón de cebo ibérico (50% raza ibérica) ALCAMPO PRODUCCIÓN CONTROLADA 80 g.","price":"6,45 €","offer_price":0,"offer_type":null,"stock":false,"super":"alcampo"},{"img":"https://www.alcampo.es/media/h4c/h7b/10754799632414.jpg","name":"Jamón de bellota ibérico (50% raza ibérica), cortado en lonchas corte de cuchillo VILLAR Sabores de la dehesa 100 g.","price":"12,50 €","offer_price":0,"offer_type":null,"stock":false,"super":"alcampo"},{"img":"https://www.alcampo.es/media/h5a/h74/8893926801438.jpg","name":"Jamón ibérico de bellota cortado a cuchillo MONTE ROBLE 100 g.","price":"13,99 €","offer_price":0,"offer_type":null,"stock":false,"super":"alcampo"},{"img":"https://www.alcampo.es/media/heb/h4a/9500084207646.jpg","name":"Jamón de cebo ibérico (50% raza ibérica), cortado en finas lonchas ARDIO 100 g.","price":"4,75 €","offer_price":0,"offer_type":null,"stock":false,"super":"alcampo"},{"img":"https://www.alcampo.es/media/h50/h0c/9249280622622.jpg","name":"Jamón de cebo ibérico (50% raza ibérica), cortado en lonchas SELECTOS PEÑARANDA 150 g.","price":"5,50 €","offer_price":0,"offer_type":null,"stock":false,"super":"alcampo"},{"img":"https://www.alcampo.es/media/h6b/h9c/10354216566814.jpg","name":"Jamón de cebo ibérico (50% raza ibérica), cortado en lochas extrafinas SUPREMÉ DE PLACERES 90 g.","price":"4,23 €","offer_price":0,"offer_type":null,"stock":false,"super":"alcampo"},{"img":"https://www.alcampo.es/media/hac/h76/10754864971806.jpg","name":"Jamón de cebo ibérico (50% raza ibérica), cortado en lonchas VILLAR 50 g.","price":"2,90 €","offer_price":0,"offer_type":null,"stock":false,"super":"alcampo"},{"img":"https://www.alcampo.es/media/ha3/hc8/10749062348830.jpg","name":"Jamón de bellota ibérico (50% raza ibérica), cortado a mano NAVIDUL 80 g.","price":"12,83 €","offer_price":0,"offer_type":null,"stock":false,"super":"alcampo"},{"img":"https://www.alcampo.es/media/hfc/h68/9304007573534.jpg","name":"Jamón de bellota ibérico (50% raza ibérica) AUCHAN PRODUCCIÓN CONTROLADA 80 g.","price":"8,90 €","offer_price":0,"offer_type":null,"stock":false,"super":"alcampo"},{"img":"https://www.alcampo.es/media/h56/h92/9518975713310.jpg","name":"Jamón de cebo ibérico (50% raza ibérica), cortado en lonchas FLOR SIERRA DE JABUGO 90 g.","price":"3,99 €","offer_price":0,"offer_type":null,"stock":false,"super":"alcampo"},{"img":"https://www.alcampo.es/media/h66/h94/10646126952478.jpg","name":"Jamón de cebo de campo ibérico (50% raza iberica), cortado en finas lonchas COVAP Esenciaúnica 120 g.","price":"10,90 €","offer_price":0,"offer_type":null,"stock":false,"super":"alcampo"},{"img":"https://www.alcampo.es/media/h31/h16/9500075917342.jpg","name":"Jamón de bellota ibérico (50% raza ibérica), cortado en finas lonchas ARDIO 100 g.","price":"6,90 €","offer_price":0,"offer_type":null,"stock":false,"super":"alcampo"},{"img":"https://www.alcampo.es/media/hf0/hcb/10245475893278.jpg","name":"Jamón de cebo de campo ibérico (50% raza ibérica), cortado en tapas ALCAMPO GOURMET 100g.","price":"7,29 €","offer_price":0,"offer_type":null,"stock":false,"super":"alcampo"},{"img":"https://www.alcampo.es/media/h96/hbc/10604134793246.jpg","name":"Jamón de cebo ibérico (50% raza ibérica), cortado en tapas SANCHEZ ALCARAZ 90 g.","price":"5,44 €","offer_price":0,"offer_type":null,"stock":false,"super":"alcampo"},{"img":"https://www.alcampo.es/media/h71/hd0/10646232432670.jpg","name":"Jamón de bellota ibérico (50 % raza ibérica), cortado en finas lonchas COVAP Esenciaúnica 60 g.","price":"9,99 €","offer_price":0,"offer_type":null,"stock":false,"super":"alcampo"},{"img":"https://www.alcampo.es/media/ha3/h93/10646261694494.jpg","name":"Jamón ibérico de bellota (50% raza ibérica) cortado a cuchillo COVAP Esenciaúnica 120 g.","price":"28,20 €","offer_price":0,"offer_type":null,"stock":false,"super":"alcampo"},{"img":"https://www.alcampo.es/media/h6f/h20/10911500042270.jpg","name":"Jamón de cebo ibérico (50% raza ibérica), cortado en finas lonchas IGLESIAS 150 g.","price":"7,99 €","offer_price":0,"offer_type":null,"stock":false,"super":"alcampo"},{"img":"https://www.alcampo.es/media/hcc/he5/9658609991710.jpg","name":"Jamón de bellota ibérico (50% raza ibérica), cortado en finas lonchas COVAP Esseniaúnica 120 g.","price":"19,65 €","offer_price":0,"offer_type":null,"stock":false,"super":"alcampo"},{"img":"https://www.alcampo.es/media/hd5/h1a/8983439769630.jpg","name":"Jamón de cebo ibérico (50% raza ibérica), cortado en finas lonchas MATORRAL 2 x 200 g.","price":"22,99 €","offer_price":0,"offer_type":null,"stock":false,"super":"alcampo"},{"img":"https://www.alcampo.es/media/h4e/h84/10245516460062.jpg","name":"Jamón de bellota ibérico (50% raza ibérica), cortado en tapas ALCAMPO GOURMET 100 g.","price":"10,99 €","offer_price":0,"offer_type":null,"stock":false,"super":"alcampo"},{"img":"https://www.alcampo.es/media/h38/h94/9646423474206.jpg","name":"Paleta de cebo ibérica (50% raza ibérica), cortada en lonchas PRODUCTO ALCAMPO 100 g.","price":"3,98 €","offer_price":0,"offer_type":null,"stock":false,"super":"alcampo"},{"img":"https://www.alcampo.es/media/h44/hfa/10911320277022.jpg","name":"Paleta de cebo ibérica (50% raza ibérica), cortada en lonchas SIERRA AZUAGA 100 g.","price":"3,99 €","offer_price":0,"offer_type":null,"stock":false,"super":"alcampo"},{"img":"https://www.alcampo.es/media/hdb/h56/10187027644446.jpg","name":"Paleta de cebo ibérica (50% raza ibérica) cortada a lascas LEGADO IBÉRICO 110 g.","price":"3,94 €","offer_price":0,"offer_type":null,"stock":false,"super":"alcampo"},{"img":"https://www.alcampo.es/media/h8b/h83/10354204377118.jpg","name":"Paleta de bellota (100% raza ibérica) cortada en lonchas extrafinas SUPREMÉ DE PLACERES 90 g.","price":"5,90 €","offer_price":0,"offer_type":null,"stock":false,"super":"alcampo"},{"img":"https://www.alcampo.es/media/h12/h33/10754840854558.jpg","name":"Paleta de cebo ibérica (50% raza ibérica) cortada en lonchas ALCARAZ 200 g.","price":"8,37 €","offer_price":0,"offer_type":null,"stock":false,"super":"alcampo"},{"img":"https://www.alcampo.es/media/h2e/h59/10754869624862.jpg","name":"Paleta de cebo ibérica (50% raza ibérica), cortada en lonchas SÁNCHEZ ALCARAZ 100 g.","price":"5,99 €","offer_price":0,"offer_type":null,"stock":false,"super":"alcampo"},{"img":"https://www.alcampo.es/media/h41/hfd/9518699642910.jpg","name":"Paleta de cebo ibérica (50% raza ibérica), cortada en lonchas SELECTOS PEÑARANDA 250 g.","price":"7,90 €","offer_price":0,"offer_type":null,"stock":false,"super":"alcampo"},{"img":"https://www.alcampo.es/media/h80/h93/10034601492510.jpg","name":"Paleta de cebo ibérica (50% raza ibérica), cortada en lonchas con separador NAVIDUL 104 g.","price":"5,63 €","offer_price":0,"offer_type":null,"stock":false,"super":"alcampo"},{"img":"https://www.alcampo.es/media/h5c/hfc/10646256451614.jpg","name":"Paleta de cebo de campo ibérica (50% raza ibérica) cortada en finas lonchas COVAP Esenciaúnica 120 g.","price":"7,90 €","offer_price":0,"offer_type":null,"stock":false,"super":"alcampo"},{"img":"https://www.alcampo.es/media/h60/h27/9304000036894.jpg","name":"Paleta de bellota ibérica (50% raza ibérica) ALCAMPO PRODUCCIÓN CONTROLADA 80 g.","price":"7,90 €","offer_price":0,"offer_type":null,"stock":false,"super":"alcampo"},{"img":"https://www.alcampo.es/media/hea/h80/10758620872734.jpg","name":"Paleta de cebo ibérica (50% raza ibérica), cortada en finas lonchas MATORRAL 2 x 200 g.","price":"15,90 €","offer_price":0,"offer_type":null,"stock":false,"super":"alcampo"},{"img":"https://www.alcampo.es/media/hca/hca/9220061265950.jpg","name":"Paleta ibérica de cebo (50% raza ibérica), cortada en lonchas ALCAMPO PRODUCCIÓN CONTROLADA 80 g.","price":"5,75 €","offer_price":0,"offer_type":null,"stock":false,"super":"alcampo"},{"img":"https://www.alcampo.es/media/hc8/hcd/9218518351902.jpg","name":"Paleta ibérica de bellota cortada en lonchas SELECTOS PEÑARANDA 100 g.","price":"7,50 €","offer_price":0,"offer_type":null,"stock":false,"super":"alcampo"},{"img":"https://www.alcampo.es/media/hbb/hee/9249276559390.jpg","name":"Paleta iberica de cebo, cortada en lonchas SELECTOS PEÑARANDA 150 g.","price":"5,70 €","offer_price":0,"offer_type":null,"stock":false,"super":"alcampo"},{"img":"https://www.alcampo.es/media/h0f/h48/9427863273502.jpg","name":"Paleta de cebo ibérico (50% raza ibérica), cortada en lonchas finas con separador EL POZO Legado ibérico 70 g.","price":"3,75 €","offer_price":0,"offer_type":null,"stock":false,"super":"alcampo"},{"img":"https://www.alcampo.es/media/h97/hde/10752031522846.jpg","name":"Paleta de cebo de campo ibérica (50% raza ibérica), cortada en lonchas CORTE NOBLE de Argal 70 g.","price":"4,90 €","offer_price":0,"offer_type":null,"stock":false,"super":"alcampo"},{"img":"https://www.alcampo.es/media/h78/h00/9676343509022.jpg","name":"Paleta de cebo ibérica (50% raza ibérica) cortada en lonchas y envasadas al vacio SELECTOS PEÑARANDA.","price":"27 €","offer_price":0,"offer_type":null,"stock":false,"super":"alcampo"},{"img":"https://www.alcampo.es/media/h72/hd8/9519036006430.jpg","name":"Paleta de cebo ibérica (50% raza ibérica), cortada en lonchas FLOR SIERRA DE JABUGO 90 g.","price":"3,99 €","offer_price":0,"offer_type":null,"stock":false,"super":"alcampo"},{"img":"https://www.alcampo.es/media/hd2/ha2/9658607403038.jpg","name":"Paleta de bellota ibérica (50% raza ibérica), cortada en finas lonchas COVAP Esseniaúnica 120 g.","price":"14,50 €","offer_price":0,"offer_type":null,"stock":false,"super":"alcampo"},{"img":"https://www.alcampo.es/media/h02/hfc/8961622376478.gif","name":"Paleta Ibérica de cebo en lonchas MAFRESA 100 gr","price":"3,90 €","offer_price":0,"offer_type":null,"stock":false,"super":"alcampo"},{"img":"https://www.alcampo.es/media/h86/h72/10600541421598.jpg","name":"Paleta curada reserva, cortada en finas lonchas PRODUCTO ALCAMPO 220 g.","price":"3,18 €","offer_price":0,"offer_type":null,"stock":false,"super":"alcampo"},{"img":"https://www.alcampo.es/media/h1d/h35/9068234309662.jpg","name":"Paleta serrana gran reserva (más de 9 meses de curación), cortada en lonchas IGLESIAS 150 g. ","price":"3,90 €","offer_price":0,"offer_type":null,"stock":false,"super":"alcampo"},{"img":"https://www.alcampo.es/media/hd7/had/9712623648798.jpg","name":"Paleta gran reserva (50% raza Duroc), cortada en lonchas ALCAMPO PRODUCCIÓN CONTROLADA 100 g.","price":"2,15 €","offer_price":0,"offer_type":null,"stock":false,"super":"alcampo"},{"img":"https://www.alcampo.es/media/h18/hb4/8896668237854.jpg","name":"Paleta curada partida en medias lonchas NICO JAMONES 150 g","price":"2,69 €","offer_price":0,"offer_type":null,"stock":false,"super":"alcampo"},{"img":"https://www.alcampo.es/media/h5a/h2a/10184386838558.jpg","name":"Paleta de cerdo curada. sin gluten y cortada en lonchas ESPUÑA 105 g.","price":"2,75 €","offer_price":0,"offer_type":null,"stock":false,"super":"alcampo"},{"img":"https://www.alcampo.es/media/hb5/h56/9484626165790.jpg","name":"Paleta curada gran reserva, sin gluten y sin alérgenos, cortada en lonchas BOADAS 1880 80 g.","price":"2,21 €","offer_price":0,"offer_type":null,"stock":false,"super":"alcampo"},{"img":"https://www.alcampo.es/media/ha3/h39/10600409923614.jpg","name":"Paleta curada de reserva, cortada en finas lonchas PRODUCTO ALCAMPO 100 g.","price":"2,19 €","offer_price":0,"offer_type":null,"stock":false,"super":"alcampo"},{"img":"https://www.alcampo.es/media/hab/h08/9659260993566.jpg","name":"Paleta curada en lonchas, separadas mediante separador BOADAS 180 g.","price":"3,90 €","offer_price":0,"offer_type":null,"stock":false,"super":"alcampo"},{"img":"https://www.alcampo.es/media/h2c/h1c/10754874605598.jpg","name":"Paleta curada reserva, cortada en finas lonchas VILLAR 50 g.","price":"1 €","offer_price":0,"offer_type":null,"stock":false,"super":"alcampo"},{"img":"https://www.alcampo.es/media/h97/h82/9971640172574.jpg","name":"Paleta serrana curada en bodega y cortada en 12 finas lonchas PONT Pro natur 110 g.","price":"2,95 €","offer_price":0,"offer_type":null,"stock":false,"super":"alcampo"},{"img":"https://www.alcampo.es/media/hb6/h6f/9515415404574.jpg","name":"Paleta curada gran reserva de cerdo blanco, cortada en lonchas MATORRAL 150 g.","price":"2,99 €","offer_price":0,"offer_type":null,"stock":false,"super":"alcampo"},{"img":"https://www.alcampo.es/media/h71/h83/9743787753502.jpg","name":"Paleta Duroc reserva, reducida en sal y cortada en lonchas con separador VALJA 150 g.","price":"2,96 €","offer_price":0,"offer_type":null,"stock":false,"super":"alcampo"},{"img":"https://www.alcampo.es/media/h04/h8d/9304089952286.jpg","name":"Paleta curada con denominación de origen protegida Paleta de Teruel AIRESANO 8 Estaciones 100 g.","price":"1,99 €","offer_price":0,"offer_type":null,"stock":false,"super":"alcampo"},{"img":"https://www.alcampo.es/media/h8e/h39/9690722467870.jpg","name":"Taco de jamón serrano reserva (12 meses de curación) PRODUCTO ALCAMPO 370 g.","price":"5,39 €","offer_price":0,"offer_type":null,"stock":false,"super":"alcampo"},{"img":"https://www.alcampo.es/media/h40/h22/10730888036382.jpg","name":"Taco de jamón curado ESPUÑA 360 g.","price":"8,50 €","offer_price":0,"offer_type":null,"stock":false,"super":"alcampo"},{"img":"https://www.alcampo.es/media/h93/h00/10734113816606.jpg","name":"Codillo de jamón curado, precortado EL POZO Selección 860 g.","price":"2,45 €","offer_price":0,"offer_type":null,"stock":false,"super":"alcampo"},{"img":"https://www.alcampo.es/media/h38/he6/8966472859678.jpg","name":"Taco de jamón gran reserva CAMPODULCE 370 gr.","price":"5,95 €","offer_price":0,"offer_type":null,"stock":false,"super":"alcampo"},{"img":"https://www.alcampo.es/media/hd5/h17/10730906746910.jpg","name":"Taco de jamón curado en bodega ESPUÑA 550 g.","price":"10,45 €","offer_price":0,"offer_type":null,"stock":false,"super":"alcampo"},{"img":"https://www.alcampo.es/media/h22/h73/9478676906014.jpg","name":"Tacos de paleta curadas y desaladas, envasadas al vacio EL CHICO 300 g.","price":"3,99 €","offer_price":0,"offer_type":null,"stock":false,"super":"alcampo"},{"img":"https://www.alcampo.es/media/hdf/h34/10740077133854.jpg","name":"Taco de jamón de bodega, con contenido reducido en sal VILLAR","price":"15,90 €","offer_price":0,"offer_type":null,"stock":false,"super":"alcampo"},{"img":"https://www.alcampo.es/media/h84/h78/8960251035678.jpg","name":"Jamón curado de reserva NAVIDUL 4 estaciones pieza de 7 kilos (peso aproximado)","price":"59 €","offer_price":0,"offer_type":null,"stock":false,"super":"alcampo"},{"img":"https://www.alcampo.es/media/hbd/h9d/9160547467294.jpg","name":"Jamón serrano de reserva CUMBRE REAL pieza de 7 kilos (peso aproximado).","price":"39 €","offer_price":0,"offer_type":null,"stock":false,"super":"alcampo"},{"img":"https://www.alcampo.es/media/h34/hb0/9690808909854.jpg","name":"Jamón serrano reserva con 12 meses de curación PRODUCTO ALCAMPO pieza de 6 a 7 kilos (peso aproximado).","price":"49 €","offer_price":0,"offer_type":null,"stock":false,"super":"alcampo"},{"img":"https://www.alcampo.es/media/h81/h76/8922622165022.jpg","name":"Jamón de cebo ibérico (50% raza ibérica) EL MONTE pieza de 7 kilos (peso aproximado).","price":"89 €","offer_price":0,"offer_type":null,"stock":false,"super":"alcampo"},{"img":"https://www.alcampo.es/media/h05/h32/8897402175518.jpg","name":"Jamón curado de bodega SELECTOS PEÑARANDA pieza de 7,5 kilo (peso aproximado)","price":"49 €","offer_price":0,"offer_type":null,"stock":false,"super":"alcampo"},{"img":"https://www.alcampo.es/media/h6e/hbf/9465062785054.jpg","name":"Paleta curada MILENA LEÓN pieza de 4,5 kilos (peso aproximado).","price":"25 €","offer_price":0,"offer_type":null,"stock":false,"super":"alcampo"},{"img":"https://www.alcampo.es/media/h49/h8c/9508200972318.jpg","name":"Paleta de bellota ibérica (50% raza ibérica) JARACENA pieza de 4 kilos (peso aproximado)","price":"79 €","offer_price":0,"offer_type":null,"stock":false,"super":"alcampo"},{"img":"https://www.alcampo.es/media/h10/hea/9248173096990.jpg","name":"Paleta extremena de bodega RAZIBEX pieza de 4,5 kilos (peso aproximado)","price":"24 €","offer_price":0,"offer_type":null,"stock":false,"super":"alcampo"},{"img":"https://www.alcampo.es/media/hd5/h59/8899720249374.jpg","name":"Jamón de cebo ibérico (50% raza ibérica) CUMBRE REAL pieza de 7 a 7.5 kilos (peso aproximado).","price":"89 €","offer_price":0,"offer_type":null,"stock":false,"super":"alcampo"},{"img":"https://www.alcampo.es/media/h1d/hfb/8892529180702.jpg","name":"Jamón curado en bodega con piel CUMBRE REAL pieza de 6.5 kilos (peso aproximado)","price":"39 €","offer_price":0,"offer_type":null,"stock":false,"super":"alcampo"},{"img":"https://www.alcampo.es/media/hed/h96/8897748664350.jpg","name":"Paleta de cebo ibérica (50% raza ibérica) CUMBRE REAL pieza de 4 kilos (peso aproximado)","price":"49 €","offer_price":0,"offer_type":null,"stock":false,"super":"alcampo"},{"img":"https://www.alcampo.es/media/h17/haf/9208307220510.jpg","name":"Jamón curado hembra gran reserva MILENA LEON pieza de 7 kilos (peso aproximado)","price":"79 €","offer_price":0,"offer_type":null,"stock":false,"super":"alcampo"},{"img":"https://www.alcampo.es/media/h1d/h63/9062321684510.jpg","name":"Jamón de bellota ibérico (50% raza ibérica) RAZIBEZ pieza de 7.5 kilos (peso aproximado)","price":"245 €","offer_price":0,"offer_type":null,"stock":false,"super":"alcampo"},{"img":"https://www.alcampo.es/media/h58/hbb/8892047687710.jpg","name":"Jamón de cebo ibérico (50% raza ibérica) JARACENA pieza de 7 kilos (peso aproximado).","price":"109 €","offer_price":0,"offer_type":null,"stock":false,"super":"alcampo"},{"img":"https://www.alcampo.es/media/hd3/h9a/8891286749214.jpg","name":"Paleta de cebo ibérica (50% raza ibérica) JARACENA pieza de 4 kilos (peso aproximado)","price":"49 €","offer_price":0,"offer_type":null,"stock":false,"super":"alcampo"},{"img":"https://www.alcampo.es/media/h06/h22/10597965922334.jpg","name":"Jamón de cebo ibérico (50% raza ibérica) RAZIBEX pieza de 7.5 kilos (peso aproximado)","price":"99 €","offer_price":0,"offer_type":null,"stock":false,"super":"alcampo"},{"img":"https://www.alcampo.es/media/h6d/h77/9359480684574.jpg","name":"Paleta de cebo ibérica (50% raza ibérica) ALCAMPO PRODUCCIÓN CONTROLADA pieza de 5 a 5.5 kilos (peso aproximado).","price":"69 €","offer_price":0,"offer_type":null,"stock":false,"super":"alcampo"},{"img":"https://www.alcampo.es/media/h2e/h0c/10138659225630.jpg","name":"Jamón curado reserva (curación mínima de 12 meses) BONJAMÓN Selección especial pieza de 6.8 kilos (peso aproximado).","price":"45 €","offer_price":0,"offer_type":null,"stock":false,"super":"alcampo"},{"img":"https://www.alcampo.es/media/h00/h42/8894280171550.jpg","name":"Jamón curado reserva MILENA LEÓN pieza de 7 kilos (peso aproximado)","price":"59 €","offer_price":0,"offer_type":null,"stock":false,"super":"alcampo"},{"img":"https://www.alcampo.es/media/h41/ha2/10034470223902.jpg","name":"Jamón de cebo ibérico (50% raza ibérica) NAVIDUL pieza de 7 kilos (peso aproximado).","price":"175 €","offer_price":0,"offer_type":null,"stock":false,"super":"alcampo"},{"img":"https://www.alcampo.es/media/h84/h69/8898275704862.jpg","name":"Paleta de cebo ibérica (50% raza ibérica) SELECTOS PEÑARANDA pieza de 4 kilos (peso aproximado)","price":"55 €","offer_price":0,"offer_type":null,"stock":false,"super":"alcampo"},{"img":"https://www.alcampo.es/media/h95/h37/9653714747422.jpg","name":"Jamón de cebo ibérico (50% raza ibérica) SIERRA AZUAGA pieza de 7 a 7.5 kilos (peso aproximado)","price":"139 €","offer_price":0,"offer_type":null,"stock":false,"super":"alcampo"},{"img":"https://www.alcampo.es/media/h23/hc3/8900673077278.jpg","name":"Jamón de bellota ibérico (100% raza ibérica) 5J pieza de 6 a 7 kilos (peso aproximado).","price":"499 €","offer_price":0,"offer_type":null,"stock":false,"super":"alcampo"},{"img":"https://www.alcampo.es/media/h0c/h98/10865470406686.jpg","name":"Jamón de cebo ibérico (50% raza ibérica) AUCHAN Gourmet pieza de 7 a 7.5 kilos (peso aproximado).","price":"105 €","offer_price":0,"offer_type":null,"stock":false,"super":"alcampo"},{"img":"https://www.alcampo.es/media/h4c/h91/8948183924766.jpg","name":"Paleta curada con denominación de origen protegida Teruel AIRESANO pieza de 5 a 5.5 kilos (peso aproximado)","price":"49 €","offer_price":0,"offer_type":null,"stock":false,"super":"alcampo"},{"img":"https://www.alcampo.es/media/hfd/h0c/9206298869790.jpg","name":"Jamón curado de reserva extremeña RAZIBEX pieza de 7 kilos (peso aproximado).","price":"54 €","offer_price":0,"offer_type":null,"stock":false,"super":"alcampo"},{"img":"https://www.alcampo.es/media/h4e/h47/8900555571230.jpg","name":"Jamón curado reserva EL POZO Selección pieza de 7 kilos (peso aproximado).","price":"79 €","offer_price":0,"offer_type":null,"stock":false,"super":"alcampo"},{"img":"https://www.alcampo.es/media/he3/hf2/9365499936798.jpg","name":"Jamón serrano curado en bodega EL POZO Selección pieza de 7 kilos (peso aproximado).","price":"49 €","offer_price":0,"offer_type":null,"stock":false,"super":"alcampo"},{"img":"https://www.alcampo.es/media/h6c/h59/8901748523038.jpg","name":"Paleta curada serrana sin abanico CAMPODULCE pieza de 4,7 kilos (peso aproximado)","price":"39 €","offer_price":0,"offer_type":null,"stock":false,"super":"alcampo"},{"img":"https://www.alcampo.es/media/h23/he6/8930157756446.jpg","name":"Jamón serrano con denominación de origen Teruel AIRESANO pieza de 6 a 7 kilos (peso aproximado).","price":"105 €","offer_price":0,"offer_type":null,"stock":false,"super":"alcampo"},{"img":"https://www.alcampo.es/media/haa/h95/8895552487454.jpg","name":"Jamón de bellota ibérico (50% raza ibérica), reserva 32 meses JARACENA pieza de 7 kilos (peso aproximado).","price":"250 €","offer_price":0,"offer_type":null,"stock":false,"super":"alcampo"},{"img":"https://www.alcampo.es/media/h9b/hca/9518751580190.jpg","name":"Taco de jamón curado, elaborado sin gluten ARGAL","price":"32,11 €","offer_price":0,"offer_type":null,"stock":false,"super":"alcampo"},{"img":"https://www.alcampo.es/media/hd1/hbd/9062317719582.jpg","name":"Jamón de bellota ibérica (50% raza ibérica) SELECTOS PEÑARANDA pieza de 7 kilos (peso aproximado).","price":"329 €","offer_price":0,"offer_type":null,"stock":false,"super":"alcampo"},{"img":"https://www.alcampo.es/media/h4e/h98/9233510170654.jpg","name":"Jamón serrano gran reserva COREN Selecta pieza de 8 kilos (peso aproximado)","price":"105 €","offer_price":0,"offer_type":null,"stock":false,"super":"alcampo"},{"img":"https://www.alcampo.es/media/he0/h4e/9063764000798.jpg","name":"Lote de jamón de bodega COREN pieza de 6.5 kilos (peso aproximado)","price":"55 €","offer_price":0,"offer_type":null,"stock":false,"super":"alcampo"},{"img":"https://www.alcampo.es/media/h35/hb2/8895488196638.jpg","name":"Jamón de bellota ibérica con denominación de origen Dehesa de Extremadura LOS ARTILLEROS pieza de 7 kilos (peso aproximado).","price":"490 €","offer_price":0,"offer_type":null,"stock":false,"super":"alcampo"},{"img":"https://www.alcampo.es/media/h49/h5b/8887047356446.jpg","name":"Jamón de cebo ibérico (50% raza ibérica) MILENA LEÓN pieza de 7,3 kilos (peso aproximado)","price":"129 €","offer_price":0,"offer_type":null,"stock":false,"super":"alcampo"},{"img":"https://www.alcampo.es/media/h84/hc8/9208279859230.jpg","name":"Jamón serrano curado gran reserva ESTIRPE SERRAN pieza de 7 kilos (peso aproximado)","price":"79 €","offer_price":0,"offer_type":null,"stock":false,"super":"alcampo"},{"img":"https://www.alcampo.es/media/h49/h13/9465051316254.jpg","name":"Jamón de bellota ibérico (50% raza ibérica) LOS ARTILLEROS pieza de 7 kilos (peso aproximado).","price":"269 €","offer_price":0,"offer_type":null,"stock":false,"super":"alcampo"},{"img":"https://www.alcampo.es/media/he5/h82/10467974086686.jpg","name":"Lote de jamón curado reserva, embutidos ibéricos y vino NAVIDUL.","price":"89 €","offer_price":0,"offer_type":null,"stock":false,"super":"alcampo"},{"img":"https://www.alcampo.es/media/h60/h5b/9062350585886.jpg","name":"Jamón serrano de bodega, de origen extremeño RAZIBEX pieza de 7 a 8 kilos (peso aproximado)","price":"49 €","offer_price":0,"offer_type":null,"stock":false,"super":"alcampo"},{"img":"https://www.alcampo.es/media/h6e/h63/9658553827358.jpg","name":"Jamón de cebo ibérico (50 % de raza ibérica) COVAP Esenciaúnica pieza de 7 a 8 kilos (peso aproximado).","price":"245 €","offer_price":0,"offer_type":null,"stock":false,"super":"alcampo"},{"img":"https://www.alcampo.es/media/h38/h5c/8897771470878.jpg","name":"Paleta de cebo ibérica (50% raza ibérica) CAMPODULCE pieza de 4,5 kilos (peso aproximado)","price":"65 €","offer_price":0,"offer_type":null,"stock":false,"super":"alcampo"},{"img":"https://www.alcampo.es/media/hd7/hf3/10464058802206.jpg","name":"Lote de paleta de cebo ibérica, embutidos y vino NAVIDUL.","price":"69 €","offer_price":0,"offer_type":null,"stock":false,"super":"alcampo"},{"img":"https://www.alcampo.es/media/h0b/hb3/9062319390750.jpg","name":"Jamón de cebo ibérico (50% raza ibérica) ARDIO pieza de 7 a 7.5 kilos (peso aproximado)","price":"125 €","offer_price":0,"offer_type":null,"stock":false,"super":"alcampo"},{"img":"https://www.alcampo.es/media/he8/h35/9465038012446.jpg","name":"Paleta de bellota ibérica (50% raza ibérica) LOS ARTILLEROS pieza de 4.5 a 5 kg la pieza (peso aproximado).","price":"105 €","offer_price":0,"offer_type":null,"stock":false,"super":"alcampo"},{"img":"https://www.alcampo.es/media/h7a/hcb/9359490547742.jpg","name":"Jamón de cebo ibérico (50% raza ibérica) ALCAMPO PRODUCCIÓN CONTROLADA pieza de 7 a 8 kilos (peso aproximado).","price":"149 €","offer_price":0,"offer_type":null,"stock":false,"super":"alcampo"},{"img":"https://www.alcampo.es/media/hb9/h74/8948753858590.jpg","name":"Paleta de cebo ibérica (50% raza ibérica) SIERRA AZUAGA pieza de 4 kilos (peso aproximado).","price":"65 €","offer_price":0,"offer_type":null,"stock":false,"super":"alcampo"},{"img":"https://www.alcampo.es/media/h4f/h04/10231503421470.jpg","name":"Paleta de bellota ibérica (50% raza ibérica) ALCAMPO PRODUCCIÓN CONTROLADA Pieza de 5.5 kilos (peso aproximado).","price":"119 €","offer_price":0,"offer_type":null,"stock":false,"super":"alcampo"},{"img":"https://www.alcampo.es/media/h50/h6c/9062228230174.jpg","name":"Jamón de bellota ibérico con más de 36 meses de curación ARDIO pieza de 6.5 a 7.5 kilos (peso aproximado)","price":"249 €","offer_price":0,"offer_type":null,"stock":false,"super":"alcampo"},{"img":"https://www.alcampo.es/media/ha6/h8e/9316103028766.jpg","name":"Jamón curado en bodega, cortado en mini taquitos PRODUCTO ALCAMPO 2 x 75 g.","price":"1,78 €","offer_price":0,"offer_type":null,"stock":false,"super":"alcampo"},{"img":"https://www.alcampo.es/media/h64/h81/9352977350686.jpg","name":"Taquitos de jamón curado en bodega PRODUCTO ALCAMPO 2 x 75 g.","price":"1,90 €","offer_price":0,"offer_type":null,"stock":false,"super":"alcampo"},{"img":"https://www.alcampo.es/media/hec/he8/9567053316126.jpg","name":"Taquitos de jamón curado sin gluten NAVIDUL 2 x 60 g.","price":"1,99 €","offer_price":0,"offer_type":null,"stock":false,"super":"alcampo"},{"img":"https://www.alcampo.es/media/h96/ha2/9567066161182.jpg","name":"Jamón curado cortado en tiras, elaborado sin gluten NAVIDUL 60 g.","price":"0,94 €","offer_price":0,"offer_type":null,"stock":false,"super":"alcampo"},{"img":"https://www.alcampo.es/media/h84/hae/9776715333662.jpg","name":"Jamón curado cortado en mini taquitos SÁNCHEZ ALCARAZ 2 x 40 g.","price":"0,89 €","offer_price":0,"offer_type":null,"stock":false,"super":"alcampo"},{"img":"https://www.alcampo.es/media/hfd/hd3/10734132527134.jpg","name":"Tiras de jamón curado, especial ensaladas SÁNCHEZ ALCARAZ 150 g.","price":"1,99 €","offer_price":0,"offer_type":null,"stock":false,"super":"alcampo"},{"img":"https://www.alcampo.es/media/h3f/hdb/10911309266974.jpg","name":"Jamón curado sin gluten en mini - taquitos ESPUÑA 2 x 50 g.","price":"1,70 €","offer_price":0,"offer_type":null,"stock":false,"super":"alcampo"},{"img":"https://www.alcampo.es/media/h48/h94/9465762578462.jpg","name":"Taquitos de jamón curado con un 5% de grasa SÁNCHEZ ALACARAZ 2 x 50 g.","price":"2,16 €","offer_price":0,"offer_type":null,"stock":false,"super":"alcampo"},{"img":"https://www.alcampo.es/media/h6a/h75/10801903403038.jpg","name":"Jamón curado cortado en hilos y elaborado sin gluten ESPUÑA 2 x 50 g.","price":"1,24 €","offer_price":0,"offer_type":null,"stock":false,"super":"alcampo"},{"img":"https://www.alcampo.es/media/hde/h46/10772085375006.jpg","name":"Jammón y paleta curados, reducidos en sal y cortado en taquitos NAVIDUL 60 g.","price":"1,39 €","offer_price":0,"offer_type":null,"stock":false,"super":"alcampo"},{"img":"https://www.alcampo.es/media/hcd/h08/10328027660318.jpg","name":"Virutas de paleta de bellota 100% ibérica COVAP Esenciaúnica 2 x 40 g.","price":"2,99 €","offer_price":0,"offer_type":null,"stock":false,"super":"alcampo"},{"img":"https://www.alcampo.es/media/h82/h42/9565457809438.jpg","name":"Mini taquitos de jamón curado EL POZO Selección 2 x 65 g.","price":"2,75 €","offer_price":0,"offer_type":null,"stock":false,"super":"alcampo"},{"img":"https://www.alcampo.es/media/h74/h5a/9552601907230.jpg","name":"Bastones de jamón serrano (5 / 6 piezas), sin gluten e idelaes para tomar como snacks SERRANO 50 g.","price":"1,02 €","offer_price":0,"offer_type":null,"stock":false,"super":"alcampo"},{"img":"https://www.alcampo.es/media/hc6/h52/9271011115038.jpg","name":"Jamón curado cortado en taquitos, sin gluten y con un 40% menos de grasa ARGAL 80 g.","price":"1,99 €","offer_price":0,"offer_type":null,"stock":false,"super":"alcampo"},{"img":"https://www.alcampo.es/media/h94/h51/10746474397726.jpg","name":"Cecina cortada en mini taquitos y elaborada sin gluten PALCARSA 60 g.","price":"1,19 €","offer_price":0,"offer_type":null,"stock":false,"super":"alcampo"},{"img":"https://www.alcampo.es/media/ha5/h74/8940730023966.jpg","name":"Taquitos de jamón curado de pavo BOADAS 1880 50 gr pack de 2 uds","price":"1,78 €","offer_price":0,"offer_type":null,"stock":false,"super":"alcampo"}]