[{"img":"https://www.alcampo.es/media/haa/h2c/9333385723934.jpg","name":"Jamón cocido de categoria extra cortado en lonchas ARGAL Bonnatur","price":"3,23 €","offer_price":0,"offer_type":null,"stock":false,"super":"alcampo"},{"img":"https://www.alcampo.es/media/h94/hac/9325660831774.jpg","name":"Jamón cocido de calidad extra, elaborado sin soja, sin lactosa, ni gluten y cortado en lonchas CAMPOFRÍO","price":"2,73 €","offer_price":0,"offer_type":null,"stock":false,"super":"alcampo"},{"img":"https://www.alcampo.es/media/h3a/h7b/9660171845662.jpg","name":"Jamón cocido de categoria extra cortado en lonchas EL POZO Edición 1954","price":"2,98 €","offer_price":0,"offer_type":null,"stock":false,"super":"alcampo"},{"img":"https://www.alcampo.es/media/h1b/h92/9327196536862.jpg","name":"Jamón cocido de categoria extra, cocido en su jugo y cortado en lonchas EL POZO Receta original","price":"2,73 €","offer_price":0,"offer_type":null,"stock":false,"super":"alcampo"},{"img":"https://www.alcampo.es/media/h7e/h3c/10506671554590.jpg","name":"Jamón cocido de categoria extra, cortado en lonchas EL POZO Bienstar","price":"2,73 €","offer_price":0,"offer_type":null,"stock":false,"super":"alcampo"},{"img":"https://www.alcampo.es/media/h4e/h12/10479916548126.jpg","name":"Jamón cocido de categoria extra, cortado en lonchas TELLO","price":"2,85 €","offer_price":0,"offer_type":null,"stock":false,"super":"alcampo"},{"img":"https://www.alcampo.es/media/h7d/h3a/9333356789790.jpg","name":"Pechuga de pavo cortada en lonchas ARGAL Bonnatur","price":"3,23 €","offer_price":0,"offer_type":null,"stock":false,"super":"alcampo"},{"img":"https://www.alcampo.es/media/h93/hc7/9325608239134.jpg","name":"Pechuga de pavo braseada elaborada sin gluten y sin lactosa y cortada en lonchas CAMPOFRÍO Pavofrío","price":"2,38 €","offer_price":0,"offer_type":null,"stock":false,"super":"alcampo"},{"img":"https://www.alcampo.es/media/h6d/hbb/10506652942366.jpg","name":"Pechuga de pavo, sin fécula, cortada en lonchas EL POZO Bienstar","price":"3 €","offer_price":0,"offer_type":null,"stock":false,"super":"alcampo"},{"img":"https://www.alcampo.es/media/h57/h3a/10506648453150.jpg","name":"Pechuga de pavo, sin fécula ni azúcar, cortada en lonchas EL POZO Bienstar","price":"3 €","offer_price":0,"offer_type":null,"stock":false,"super":"alcampo"},{"img":"https://www.alcampo.es/media/hdd/he8/10479961014302.jpg","name":"Chopped de pavo sin gluten y cortado en lonchas TELLO","price":"1,34 €","offer_price":0,"offer_type":null,"stock":false,"super":"alcampo"},{"img":"https://www.alcampo.es/media/h20/h31/9771328372766.jpg","name":"Jamón cocido de categoria extra, cortado en lonchas PRODUCTO ALCAMPO 150 g.","price":"1,45 €","offer_price":0,"offer_type":null,"stock":false,"super":"alcampo"},{"img":"https://www.alcampo.es/media/h6e/h96/10547076399134.jpg","name":"Jamón cocido de categoria exta, cortado en lonchas BONNATUR de Argal 140 g.","price":"1,99 €","offer_price":0,"offer_type":null,"stock":false,"super":"alcampo"},{"img":"https://www.alcampo.es/media/hbc/h51/10801878073374.jpg","name":"Jamón cocido de calidad extra, cortado en lonchas CAMPOFRÍO Finissimas 115 g.","price":"1,85 €","offer_price":0,"offer_type":null,"stock":false,"super":"alcampo"},{"img":"https://www.alcampo.es/media/h2a/he4/9465772113950.jpg","name":"Jamón cocido de categoria extra, cortado en finas lonchas y con contenido reducido en sal PRODUCTO ALCAMPO 150 g.","price":"1,49 €","offer_price":0,"offer_type":null,"stock":false,"super":"alcampo"},{"img":"https://www.alcampo.es/media/he6/hc4/9424739860510.jpg","name":"Jamón cocido de calidad extra, cortado en lonchas CAMPOFRÍO Finissimas 170 g.","price":"2,44 €","offer_price":0,"offer_type":null,"stock":false,"super":"alcampo"},{"img":"https://www.alcampo.es/media/h86/h29/9575683063838.jpg","name":"Jamón cocido de categoria extra, sin gluten y cortado en lonchas finas CASA TARRADELLAS 125 g.","price":"1,81 €","offer_price":0,"offer_type":null,"stock":false,"super":"alcampo"},{"img":"https://www.alcampo.es/media/h8c/h1c/9575627849758.jpg","name":"Jamón cocido de categoria extra y cortado en finas lonchas CASA TARRADELLAS 150 g.","price":"1,73 €","offer_price":0,"offer_type":null,"stock":false,"super":"alcampo"},{"img":"https://www.alcampo.es/media/h67/h49/9659283963934.jpg","name":"Jamón cocido de categoria extra, elaborado sin fosfatos FERRARINI 100 g.","price":"2,73 €","offer_price":0,"offer_type":null,"stock":false,"super":"alcampo"},{"img":"https://www.alcampo.es/media/h8c/h5d/10752017530910.jpg","name":"Jamón cocido cortado en lonchas, sin gluten y sin lactosa PRODUCTO ECONÓMICO ALCAMPO 200 g.","price":"1,42 €","offer_price":0,"offer_type":null,"stock":false,"super":"alcampo"},{"img":"https://www.alcampo.es/media/hd2/h3b/9771304943646.jpg","name":"Jamón cocido de categoria extra, cortado en lonchas PRODUCTO ALCAMPO 250 g.","price":"2,22 €","offer_price":0,"offer_type":null,"stock":false,"super":"alcampo"},{"img":"https://www.alcampo.es/media/h9e/h1c/9567074320414.jpg","name":"Jamón cocido extrajugoso, sin gluten y sin lactosa, cortado en lonchas CAMPOFRÍO 90 g.","price":"0,97 €","offer_price":0,"offer_type":null,"stock":false,"super":"alcampo"},{"img":"https://www.alcampo.es/media/hea/hde/9554375770142.jpg","name":"Jamón cocido de categoria extra, cortado en lonchas finas y enteras BONNATUR de Argal 160 g.","price":"1,95 €","offer_price":0,"offer_type":null,"stock":false,"super":"alcampo"},{"img":"https://www.alcampo.es/media/h3c/hd6/9538213052446.jpg","name":"Jamón cocido extrajugoso, cortado en finas lonchas MONELLS 230 g.","price":"1,88 €","offer_price":0,"offer_type":null,"stock":false,"super":"alcampo"},{"img":"https://www.alcampo.es/media/hfc/ha7/9549365772318.jpg","name":"Jamón cocido y asado de categoria extra, cortado en lonchas BONNATUR de Argal 140 g.","price":"1,95 €","offer_price":0,"offer_type":null,"stock":false,"super":"alcampo"},{"img":"https://www.alcampo.es/media/h10/ha5/10758683099166.jpg","name":"Jamón cocido extra, sin gluten y sin lactosa, cortado en lonchs URKABE 200 g.","price":"2,25 €","offer_price":0,"offer_type":null,"stock":false,"super":"alcampo"},{"img":"https://www.alcampo.es/media/h3f/h75/9554440060958.jpg","name":"Jamón cocido de categoria extra, reducido en sal y cortado en lonchas finas y enteras BONNATUR de Argal 100 g.","price":"1,95 €","offer_price":0,"offer_type":null,"stock":false,"super":"alcampo"},{"img":"https://www.alcampo.es/media/hc0/h79/10547054575646.jpg","name":"Jamón cocido de categoria extra con contenido reducido en sal EL POZO Bienstar 85 g.","price":"0,94 €","offer_price":0,"offer_type":null,"stock":false,"super":"alcampo"},{"img":"https://www.alcampo.es/media/haa/h1a/9771319001118.jpg","name":"Jamón cocido de categoria extra, cortado en finas lonchas PRODUCTO ALCAMPO 150 g.","price":"1,55 €","offer_price":0,"offer_type":null,"stock":false,"super":"alcampo"},{"img":"https://www.alcampo.es/media/hd5/h01/10546708938782.jpg","name":"Fiambre de York, especial sándwich, sin gluten y sin lactosa y cortado en lonchas EL POZO 250 g.","price":"1,63 €","offer_price":0,"offer_type":null,"stock":false,"super":"alcampo"},{"img":"https://www.alcampo.es/media/h47/h4a/9538227372062.jpg","name":"Jamón cocido de categoria extra, cortado en finas lonchas MONELLS 2 x 180 g.","price":"3,50 €","offer_price":0,"offer_type":null,"stock":false,"super":"alcampo"},{"img":"https://www.alcampo.es/media/h72/h93/10801776984094.gif","name":"Jamón cocido braseado de categoria extra y cortado en lonchas CAMPOFRÍO Finissimas 115 g.","price":"1,85 €","offer_price":0,"offer_type":null,"stock":false,"super":"alcampo"},{"img":"https://www.alcampo.es/media/h9a/ha5/10802528813086.jpg","name":"Jamón cócido, sin lactosa y sin colorantes, cortado en finas lonchas EL POZO 1954 Corte fresco 120 g.","price":"1,70 €","offer_price":0,"offer_type":null,"stock":false,"super":"alcampo"},{"img":"https://www.alcampo.es/media/h5a/hdf/10400722026526.jpg","name":"Fiambre York loncha especial para sándwich, elaborado sin gluten EL POZO 375 g.","price":"1,90 €","offer_price":0,"offer_type":null,"stock":false,"super":"alcampo"},{"img":"https://www.alcampo.es/media/hb7/hc8/9605392924702.jpg","name":"Jamón cocido de categoria extra, sin gluten y cortado en finas lonchas EL POZO 180 g.","price":"1,99 €","offer_price":0,"offer_type":null,"stock":false,"super":"alcampo"},{"img":"https://www.alcampo.es/media/h8c/h3c/10445203570718.jpg","name":"Jamón cocido de categoria extra, cortado en cómodas lonchas EL POZO 200 g.","price":"1,98 €","offer_price":0,"offer_type":null,"stock":false,"super":"alcampo"},{"img":"https://www.alcampo.es/media/hd7/hd5/10547056214046.jpg","name":"Jamón cocido de categoria extra, cortado en finas lonchas EL POZO 85 g.","price":"0,94 €","offer_price":0,"offer_type":null,"stock":false,"super":"alcampo"},{"img":"https://www.alcampo.es/media/hf0/h57/9771315167262.jpg","name":"Jamón cocido de categoria extra, sin fosfatos añadidos y cortado en lonchas PRODUCTO ALCAMPO 200 g.","price":"2,05 €","offer_price":0,"offer_type":null,"stock":false,"super":"alcampo"},{"img":"https://www.alcampo.es/media/hba/h8e/9893424037918.jpg","name":"Jamón cocido reducido en sal y cortado en finas lonchas CAMPOFRÍO Cuida-t+ 75 g.","price":"0,99 €","offer_price":0,"offer_type":null,"stock":false,"super":"alcampo"},{"img":"https://www.alcampo.es/media/hae/h8b/9581285998622.jpg","name":"Lacón ahumado natural cortado a mano y elaborado sin gluten NAVIDUL 150 g.","price":"1,95 €","offer_price":0,"offer_type":null,"stock":false,"super":"alcampo"},{"img":"https://www.alcampo.es/media/h2d/ha0/9811218202654.jpg","name":"Jamón cocido, sin gluten y cortado en lonchas MONELLS 150 g.","price":"1,39 €","offer_price":0,"offer_type":null,"stock":false,"super":"alcampo"},{"img":"https://www.alcampo.es/media/h90/hd4/9465772933150.jpg","name":"Lacón de calidad extra, sin gluten y cortado a cuchillo en tapas MRM 200 g.","price":"2,84 €","offer_price":0,"offer_type":null,"stock":false,"super":"alcampo"},{"img":"https://www.alcampo.es/media/hd4/h02/10134022389790.jpg","name":"Jamón cocido sin gluten y sin lactosa, cortado en lonchas EL POZO 110 g.","price":"0,94 €","offer_price":0,"offer_type":null,"stock":false,"super":"alcampo"},{"img":"https://www.alcampo.es/media/hd9/h9e/10802722406430.jpg","name":"Jamón cocido braseado extra cortado en finas lonchas EL POZO 1954 Corte fresco 120 g.","price":"1,95 €","offer_price":0,"offer_type":null,"stock":false,"super":"alcampo"},{"img":"https://www.alcampo.es/media/h5d/h20/10752032997406.jpg","name":"Jamón cocido extra braseado, sin gluten y cortado en lonchas MONELLS 100 g.","price":"0,99 €","offer_price":0,"offer_type":null,"stock":false,"super":"alcampo"},{"img":"https://www.alcampo.es/media/hca/h56/9586260770846.jpg","name":"Jamón cocido extrajugoso, cortado en finas lonchas MONELLS 110 g.","price":"1,29 €","offer_price":0,"offer_type":null,"stock":false,"super":"alcampo"},{"img":"https://www.alcampo.es/media/h5f/hb2/9150360649758.jpg","name":"Lacón cocido cortado a mano, sin gluten y sin lactosa EL CHARCUTERO 200 g.","price":"2,25 €","offer_price":0,"offer_type":null,"stock":false,"super":"alcampo"},{"img":"https://www.alcampo.es/media/h59/hb6/10506673618974.jpg","name":"Jamón cocido de categoria extra, sin gluten y sin lactosa, cortado en finas lonchas EL POZO Bienstar nude 85 g.","price":"0,94 €","offer_price":0,"offer_type":null,"stock":false,"super":"alcampo"},{"img":"https://www.alcampo.es/media/h6d/hd8/9524137263134.jpg","name":"Jamón cocido de categoria extra, cortado en lonchas BONNATUR de Argal 125 g.","price":"1,69 €","offer_price":0,"offer_type":null,"stock":false,"super":"alcampo"},{"img":"https://www.alcampo.es/media/he1/h69/10746469384222.jpg","name":"Jamón cocido sin fostatos añadidos, cortado en lonchas ESPUÑA Reserva 150 g.","price":"2,69 €","offer_price":0,"offer_type":null,"stock":false,"super":"alcampo"},{"img":"https://www.alcampo.es/media/haf/h64/9631896961054.jpg","name":"Jamón cocido de categoria extra, cortado en finísimas lonchas CAMPOFRÍO Finissimas 100 g.","price":"1,60 €","offer_price":0,"offer_type":null,"stock":false,"super":"alcampo"},{"img":"https://www.alcampo.es/media/h6c/h06/10459848081438.jpg","name":"Jamón cocido Duroc de categoria extra, cortado en lonchas EL POZO Edición 1954 170 g.","price":"2,11 €","offer_price":0,"offer_type":null,"stock":false,"super":"alcampo"},{"img":"https://www.alcampo.es/media/hce/h41/9633064550430.jpg","name":"Jamón cocido braseado de categoria extra, sin gluten y cortado en lonchas PRODUCTO ALCAMPO 250 g.","price":"2,39 €","offer_price":0,"offer_type":null,"stock":false,"super":"alcampo"},{"img":"https://www.alcampo.es/media/hb7/h13/9567051939870.jpg","name":"Fiambre de jamón york cocido, sin gluten y cortado en lonchas para sandwich CAMPOFRÍO 2 x 150 g.","price":"1,97 €","offer_price":0,"offer_type":null,"stock":false,"super":"alcampo"},{"img":"https://www.alcampo.es/media/h22/h47/10911809077278.jpg","name":"Jamón cocido extra, sin gluten y sin lactosa, cortado en lonchas MONELLS Selección 140 g.","price":"2,25 €","offer_price":0,"offer_type":null,"stock":false,"super":"alcampo"},{"img":"https://www.alcampo.es/media/hf8/hb2/9532260974622.jpg","name":"Jamón asado de categoria extra y sabor ahumado, cortado en lonchas LEGADO Westfalia 160 g.","price":"1,99 €","offer_price":0,"offer_type":null,"stock":false,"super":"alcampo"},{"img":"https://www.alcampo.es/media/h70/h0c/8901798068254.jpg","name":"Jamón cocido loncheado ecológico BLANCAFORT 80 g.","price":"2,77 €","offer_price":0,"offer_type":null,"stock":false,"super":"alcampo"},{"img":"https://www.alcampo.es/media/hc5/hcb/10506636197918.jpg","name":"Jamón cocido de categoria extra, cortado en finas lonchas EL POZO Bienstar Pro 130 g.","price":"1,90 €","offer_price":0,"offer_type":null,"stock":false,"super":"alcampo"},{"img":"https://www.alcampo.es/media/h96/h13/9303997612062.jpg","name":"Lacón en tapas cortado a mano EL CHARCUTERO 120 g.","price":"1,49 €","offer_price":0,"offer_type":null,"stock":false,"super":"alcampo"},{"img":"https://www.alcampo.es/media/h8e/h83/10749065592862.jpg","name":"Mini porciones de fiambre de York CAMPOFRÍO 125 g.","price":"1,98 €","offer_price":0,"offer_type":null,"stock":false,"super":"alcampo"},{"img":"https://www.alcampo.es/media/hb9/hc1/10911314182174.jpg","name":"Jamón cocido de categoria extra, bajo en grasas y contenido reducido en sal EL POZO Bienstar 340 g.","price":"3,45 €","offer_price":0,"offer_type":null,"stock":false,"super":"alcampo"},{"img":"https://www.alcampo.es/media/h8c/hb5/9500292382750.jpg","name":"Fiambre de york, sin gluten y sin lactosa EL POZO 380 g.","price":"2,25 €","offer_price":0,"offer_type":null,"stock":false,"super":"alcampo"},{"img":"https://www.alcampo.es/media/h44/hac/10639704162334.jpg","name":"Fiambre de cerdo cocido XXL, elaborado sin gluen y sin lactosa SERRANO 1.5 Kg.","price":"5,12 €","offer_price":0,"offer_type":null,"stock":false,"super":"alcampo"},{"img":"https://www.alcampo.es/media/h55/h12/10190727675934.jpg","name":"Lacón curado y troceado, envasado al vacio VALLINA 350 g.","price":"3,75 €","offer_price":0,"offer_type":null,"stock":false,"super":"alcampo"},{"img":"https://www.alcampo.es/media/h59/h70/10740056817694.jpg","name":"Taco de lacon curado sin gluten, envasado al vacio MIRAVEGA 265 g.","price":"3,29 €","offer_price":0,"offer_type":null,"stock":false,"super":"alcampo"},{"img":"https://www.alcampo.es/media/h46/hb0/10752051904542.jpg","name":"Jamón cocido extra, sin gluten y sin lactosa SERRANO 1 Kg.","price":"6,99 €","offer_price":0,"offer_type":null,"stock":false,"super":"alcampo"},{"img":"https://www.alcampo.es/media/hfe/h36/9500291825694.jpg","name":"Fiambre de york, con bajo contenido en grasas y sin gluten ni lactosa EL POZO 1 kg.","price":"5,95 €","offer_price":0,"offer_type":null,"stock":false,"super":"alcampo"},{"img":"https://www.alcampo.es/media/h37/hf2/9191672152094.jpg","name":"Lacón asturiano curado, en trozos, sin gluten y sin lactosa FAMILIA 300 g.","price":"4,32 €","offer_price":0,"offer_type":null,"stock":false,"super":"alcampo"},{"img":"https://www.alcampo.es/media/h4b/h50/9500286681118.jpg","name":"Fiambre de york, con bajo contenido en grasas y sin gluten ni lactosa EL POZO 2 kg.","price":"10,99 €","offer_price":0,"offer_type":null,"stock":false,"super":"alcampo"},{"img":"https://www.alcampo.es/media/hd7/h57/10752047317022.jpg","name":"Fiambre de paleta York, baja en grasa SERRANO 1 Kg.","price":"6,50 €","offer_price":0,"offer_type":null,"stock":false,"super":"alcampo"},{"img":"https://www.alcampo.es/media/h94/he1/9125186175006.jpg","name":"Mini lacón curado y desalado, sin gluten y sin lactosa RIVERO","price":"4,49 €","offer_price":0,"offer_type":null,"stock":false,"super":"alcampo"},{"img":"https://www.alcampo.es/media/h02/hd5/9168512843806.jpg","name":"Jamón cocido ecológico taco LA MERENDOLA 200 g.","price":"6,99 €","offer_price":0,"offer_type":null,"stock":false,"super":"alcampo"},{"img":"https://www.alcampo.es/media/hee/hdc/10481916706846.jpg","name":"Tiras de pechuga de pollo asado ideales para ensaladas, arroces y pizzas LA BROCHE 125 g.","price":"1,66 €","offer_price":0,"offer_type":null,"stock":false,"super":"alcampo"},{"img":"https://www.alcampo.es/media/hbd/h01/10652717973534.jpg","name":"Pechuga de pavo cocida y braseada, cortada en tiras y elaborada sin gluten y sin lactosa PRODUCTO ALCAMPO 2 x 100 g.","price":"1,88 €","offer_price":0,"offer_type":null,"stock":false,"super":"alcampo"},{"img":"https://www.alcampo.es/media/h60/h78/9546912006174.jpg","name":"Fiambre de pechuga de pollo al horno, cortada en tiras SERRANO Toppings 140 g.","price":"1,78 €","offer_price":0,"offer_type":null,"stock":false,"super":"alcampo"},{"img":"https://www.alcampo.es/media/hc7/h5f/9567061803038.jpg","name":"Paleta cocida, sin gluten y cortada en taquitos CAMPOFRÍO Mi toque 2 x 75 g.","price":"1,74 €","offer_price":0,"offer_type":null,"stock":false,"super":"alcampo"},{"img":"https://www.alcampo.es/media/h5a/hf7/9546811277342.jpg","name":"Fiambre de pechuga de pollo al natural, cortada en tiras SERRANO Toppings 140 g.","price":"1,78 €","offer_price":0,"offer_type":null,"stock":false,"super":"alcampo"},{"img":"https://www.alcampo.es/media/he8/hd2/10752149880862.jpg","name":"Tiras de pechuga de pavo braseada, sin gluten y sin lactosa MONELLS 2 x 100 g.","price":"2,19 €","offer_price":0,"offer_type":null,"stock":false,"super":"alcampo"},{"img":"https://www.alcampo.es/media/h55/h37/10652712828958.jpg","name":"Jamón cocido braseado cortado en tiras y elaborado sin gluten y sin lactosa PRODUCTO ALCAMPO 2 x 100 g.","price":"1,94 €","offer_price":0,"offer_type":null,"stock":false,"super":"alcampo"},{"img":"https://www.alcampo.es/media/h4b/h13/9546876911646.jpg","name":"Tiras de pechuga de pavo al horno, sin gluten y sin colorantes LA CARLOTEÑA 100 g.","price":"2,25 €","offer_price":0,"offer_type":null,"stock":false,"super":"alcampo"},{"img":"https://www.alcampo.es/media/h4c/h2c/10709382889502.jpg","name":"Carne de cerdo asada y desmigada con sabor a barbacoa SERRANO 140 g.","price":"1,78 €","offer_price":0,"offer_type":null,"stock":false,"super":"alcampo"},{"img":"https://www.alcampo.es/media/hf7/h43/9262139899934.jpg","name":"Taquitos de lacón, especiales para ensalada, sin gluten y sin lactosa EL CHARCUTERO 2 x 55 g.","price":"1,18 €","offer_price":0,"offer_type":null,"stock":false,"super":"alcampo"}]