[{"img":"https://www.alcampo.es/media/hbe/h40/9770042097694.jpg","name":"Mortadela siciliana, sin gluten y cortada en lonchas EL POZO 250 g.","price":"1,46 €","offer_price":0,"offer_type":null,"stock":false,"super":"alcampo"},{"img":"https://www.alcampo.es/media/h41/h51/9770044784670.jpg","name":"Mortadela con aceitunas, sin gluten y cortada en lonchas EL POZO 250 g.","price":"1,53 €","offer_price":0,"offer_type":null,"stock":false,"super":"alcampo"},{"img":"https://www.alcampo.es/media/h9f/h22/10546613387294.jpg","name":"Mortadela de pavo, sin gluten y cortada en lonchas EL POZO 250 g.","price":"1,60 €","offer_price":0,"offer_type":null,"stock":false,"super":"alcampo"},{"img":"https://www.alcampo.es/media/h5a/h59/9567090049054.jpg","name":"Mortadela clásica sin gluten y cortadas en lonchas especiales para bocadillo CAMPOFRÍO 115 g.","price":"0,94 €","offer_price":0,"offer_type":null,"stock":false,"super":"alcampo"},{"img":"https://www.alcampo.es/media/h00/hef/8894122426398.jpg","name":"Mortadela con IGP Bologna, cortada en finas lonchas FERRARINI 100 g.","price":"2,16 €","offer_price":0,"offer_type":null,"stock":false,"super":"alcampo"},{"img":"https://www.alcampo.es/media/ha4/hc9/9567071666206.gif","name":"Chopped pork sin gluten y cortado en lonchas especiales para bocadillo CAMPOFRÍO 115 g.","price":"0,94 €","offer_price":0,"offer_type":null,"stock":false,"super":"alcampo"},{"img":"https://www.alcampo.es/media/h7f/h06/9567079792670.jpg","name":"Mortadela con aceitunas sin gluten y cortada lonchas especiales para bocadillo CAMPOFRÍO 115 g.","price":"0,94 €","offer_price":0,"offer_type":null,"stock":false,"super":"alcampo"},{"img":"https://www.alcampo.es/media/h80/h37/10553998245918.jpg","name":"Mortadela sin gluten y sin lactosa, cortada en finas lonchas PRODUCTO ALCAMPO 150 g.","price":"0,92 €","offer_price":0,"offer_type":null,"stock":false,"super":"alcampo"},{"img":"https://www.alcampo.es/media/h05/h2a/10546857934878.jpg","name":"Chopped pork de lata, de categoria extra, sin gluten y crotado en lonchas EL POZO 250 g.","price":"1,60 €","offer_price":0,"offer_type":null,"stock":false,"super":"alcampo"},{"img":"https://www.alcampo.es/media/h4d/h99/9770176938014.jpg","name":"Chopped pork, sin gluten y cortado en lonchas EL POZO 250 g.","price":"1,46 €","offer_price":0,"offer_type":null,"stock":false,"super":"alcampo"},{"img":"https://www.alcampo.es/media/hf7/h20/8890807549982.jpg","name":"Mortadela ahumada en lonchas MRM 150 gr","price":"1,45 €","offer_price":0,"offer_type":null,"stock":false,"super":"alcampo"},{"img":"https://www.alcampo.es/media/he4/hc5/10546700484638.jpg","name":"Mortadela de pavo con aceitunas, sin gluten y cortada en finas lonchas EL POZO 250 g.","price":"1,60 €","offer_price":0,"offer_type":null,"stock":false,"super":"alcampo"},{"img":"https://www.alcampo.es/media/h04/h85/9565449158686.jpg","name":"Mortadela ibérica cortada en lonchas finas LEGADO IBÉRICO Corte fresco 150 g.","price":"1,48 €","offer_price":0,"offer_type":null,"stock":false,"super":"alcampo"},{"img":"https://www.alcampo.es/media/h08/h27/10546757435422.jpg","name":"Choped cocido en lata y cortado en lonchas FRIMANCHA Placeres 150 g.","price":"1,19 €","offer_price":0,"offer_type":null,"stock":false,"super":"alcampo"},{"img":"https://www.alcampo.es/media/hb9/h0b/10746448609310.jpg","name":"Mortadela italiana con IGP Morteadella de Bologna, cortada en finas lonchas FIORUCCI 100 g.","price":"1,93 €","offer_price":0,"offer_type":null,"stock":false,"super":"alcampo"},{"img":"https://www.alcampo.es/media/hab/h71/10546878906398.jpg","name":"Chopped de pavo, sin gluten y cortado en lonchas EL POZO 250 g.","price":"1,60 €","offer_price":0,"offer_type":null,"stock":false,"super":"alcampo"},{"img":"https://www.alcampo.es/media/h86/hbf/10754797469726.jpg","name":"Lunch de origen Navarra, cortado en lonchas y elaborado sin lactosa ni gluten GOIKOA 125 g.","price":"1,35 €","offer_price":0,"offer_type":null,"stock":false,"super":"alcampo"},{"img":"https://www.alcampo.es/media/h49/h12/10752010518558.jpg","name":"Chopped cocido en lata y cortado en lonchas SERRANO 130 g.","price":"1,12 €","offer_price":0,"offer_type":null,"stock":false,"super":"alcampo"},{"img":"https://www.alcampo.es/media/he0/h15/10398810898462.jpg","name":"Mortadela de pavo extrasabrosa, cortada en finas lonchas CAMPOFRÍO 130 g.","price":"0,98 €","offer_price":0,"offer_type":null,"stock":false,"super":"alcampo"},{"img":"https://www.alcampo.es/media/h92/h51/9633071530014.jpg","name":"Chopped de pavo sin gluten y sin lactosa, cortado en finas lonchas PRODUCTO ALCAMPO 200 g.","price":"1,18 €","offer_price":0,"offer_type":null,"stock":false,"super":"alcampo"},{"img":"https://www.alcampo.es/media/h97/h1d/10398797627422.jpg","name":"Chopped de pavo extrasabroso, cortado en finas lonchas CAMPOFRÍO 130 g.","price":"0,98 €","offer_price":0,"offer_type":null,"stock":false,"super":"alcampo"},{"img":"https://www.alcampo.es/media/h83/hdd/9602125791262.jpg","name":"Mortadela de pavo cortada en finas lonchas PRODUCTO ALCAMPO 2 x 100 g.","price":"1,18 €","offer_price":0,"offer_type":null,"stock":false,"super":"alcampo"},{"img":"https://www.alcampo.es/media/h8a/hc6/9567066488862.gif","name":"Chopped con vacuno sin gluten y cortado en lonchas especiales para el bocadillo CAMPOFRÍO 115 g.","price":"0,94 €","offer_price":0,"offer_type":null,"stock":false,"super":"alcampo"},{"img":"https://www.alcampo.es/media/h6a/h32/9538229305374.jpg","name":"Mortadela suprema cortada en finas lonchas EL POZO Corte fresco 150 g.","price":"1,99 €","offer_price":0,"offer_type":null,"stock":false,"super":"alcampo"},{"img":"https://www.alcampo.es/media/h4a/h51/10758631587870.jpg","name":"Mortadela ahumda, sin gluten y sin lactosa, cortada en lonchas SERRANO 100 g.","price":"1 €","offer_price":0,"offer_type":null,"stock":false,"super":"alcampo"},{"img":"https://www.alcampo.es/media/h2a/hce/10752155746334.jpg","name":"Mortadela de pavo cortada en finas lonchas SERRANO 2 x 100 g.","price":"1,25 €","offer_price":0,"offer_type":null,"stock":false,"super":"alcampo"},{"img":"https://www.alcampo.es/media/h6e/h98/10752043417630.jpg","name":"Mortadela de pollo, con garantia Halal ARGAL 400 g.","price":"1,69 €","offer_price":0,"offer_type":null,"stock":false,"super":"alcampo"},{"img":"https://www.alcampo.es/media/h3d/h34/9596479111198.jpg","name":"Mortadela siciliana elaborada sin gluten y sin lactosa PRODUCTO ALCAMPO 800 g.","price":"1,99 €","offer_price":0,"offer_type":null,"stock":false,"super":"alcampo"},{"img":"https://www.alcampo.es/media/h87/h5e/10749128376350.jpg","name":"Mortadela siciliana clásica CAMPOFRÍO 330 g.","price":"1,49 €","offer_price":0,"offer_type":null,"stock":false,"super":"alcampo"},{"img":"https://www.alcampo.es/media/h57/ha7/10749295820830.jpg","name":"Chopped pork CAMPOFRÍO 330 g.","price":"1,49 €","offer_price":0,"offer_type":null,"stock":false,"super":"alcampo"},{"img":"https://www.alcampo.es/media/h47/h3f/10547020922910.jpg","name":"Chopped pork mini, sin gluten y con sabor tradicional EL POZO 300 g.","price":"1,35 €","offer_price":0,"offer_type":null,"stock":false,"super":"alcampo"},{"img":"https://www.alcampo.es/media/h92/hf3/10749173170206.jpg","name":"Mortadela siciliana clásica con aceitunas CAMPOFRÍO 330 g.","price":"1,45 €","offer_price":0,"offer_type":null,"stock":false,"super":"alcampo"},{"img":"https://www.alcampo.es/media/hab/h59/9596430745630.jpg","name":"Mortadela con aceitunas elaborada sin gluten y sin lactosa PRODUCTO ALCAMPO 800 g.","price":"1,85 €","offer_price":0,"offer_type":null,"stock":false,"super":"alcampo"},{"img":"https://www.alcampo.es/media/h71/hcb/10547035635742.jpg","name":"Mortadela con aceitunas mini, sin gluten y con sabor tradicional EL POZO 300 g.","price":"1,45 €","offer_price":0,"offer_type":null,"stock":false,"super":"alcampo"},{"img":"https://www.alcampo.es/media/h33/h8a/10547036618782.jpg","name":"Mortadela siciliana mini, elaborada sin gluten y con sabor tradicional EL POZO 300 g.","price":"1,35 €","offer_price":0,"offer_type":null,"stock":false,"super":"alcampo"},{"img":"https://www.alcampo.es/media/hf6/h33/10749219340318.jpg","name":"Chopped con vacuno CAMPOFRÍO 330 g.","price":"1,69 €","offer_price":0,"offer_type":null,"stock":false,"super":"alcampo"},{"img":"https://www.alcampo.es/media/h3d/h32/10752049217566.jpg","name":"Mortadela de pavo, con garantia Halal ARGAL 400 g.","price":"1,59 €","offer_price":0,"offer_type":null,"stock":false,"super":"alcampo"},{"img":"https://www.alcampo.es/media/h0f/hbd/9915972321310.jpg","name":"Fiambre de jamón de pavo cocido (mortadela) mini, sin gluten y con sabor tradicional EL POZO 360 g.","price":"1,49 €","offer_price":0,"offer_type":null,"stock":false,"super":"alcampo"},{"img":"https://www.alcampo.es/media/h7d/hbc/10411515445278.jpg","name":"Mortadela de verano CASA ROMANIA 440 g","price":"2,89 €","offer_price":0,"offer_type":null,"stock":false,"super":"alcampo"},{"img":"https://www.alcampo.es/media/h7c/hf7/8902408405022.jpg","name":"Chopped vegetal AHIMSA 750 g.","price":"7,99 €","offer_price":0,"offer_type":null,"stock":false,"super":"alcampo"}]