[{"img":"https://www.alcampo.es/media/h30/h0c/9712624140318.jpg","name":"Salchichas cocida de pavo y cerdo tipo Frankfurt y sabor ahumado PRODUCTO ECONÓMICO ALCAMPO 160 g.","price":"0,42 €","offer_price":0,"offer_type":null,"stock":false,"super":"alcampo"},{"img":"https://www.alcampo.es/media/hba/h16/9567079956510.jpg","name":"Salchichas cocidas tipo Frankfurt, sabor ahumado CAMPOFRÍO 4 x 140 g.","price":"1,78 €","offer_price":0,"offer_type":null,"stock":false,"super":"alcampo"},{"img":"https://www.alcampo.es/media/h72/h3f/10546618433566.jpg","name":"Salchichas de cerdo y pollo, cocidas y con sabor ahumado OSCAR MAYER Wieners 200 g.","price":"1,15 €","offer_price":0,"offer_type":null,"stock":false,"super":"alcampo"},{"img":"https://www.alcampo.es/media/hc0/h82/10546587861022.jpg","name":"Salchichas cocidas de cerdo y pollo con queso fundido y sabor ahumado OSCAR MAYER Wieners 200 g.","price":"1,15 €","offer_price":0,"offer_type":null,"stock":false,"super":"alcampo"},{"img":"https://www.alcampo.es/media/h3e/h34/9605357731870.jpg","name":"Salchichas tipo Frankfurt OSCAR MAYER Jumbo 350 g.","price":"1,68 €","offer_price":0,"offer_type":null,"stock":false,"super":"alcampo"},{"img":"https://www.alcampo.es/media/hdf/h5e/10546586451998.jpg","name":"Salchichas cocidas de pavo, sin gluten y con sabor ahumado OSCAR MAYER Todo ave 200 g.","price":"1,15 €","offer_price":0,"offer_type":null,"stock":false,"super":"alcampo"},{"img":"https://www.alcampo.es/media/h62/h04/10734143569950.jpg","name":"Salchichas cocidas tipo Frankfurt con doble de leche CAMPOFRÍO 140 g.","price":"0,71 €","offer_price":0,"offer_type":null,"stock":false,"super":"alcampo"},{"img":"https://www.alcampo.es/media/ha4/h5c/10734163197982.jpg","name":"Salchichas cocidas tipo Viena de pollo y cerdo sabor ahumado OSCAR MAYER Bocadillo 275 g.","price":"1,48 €","offer_price":0,"offer_type":null,"stock":false,"super":"alcampo"},{"img":"https://www.alcampo.es/media/h72/h68/9605355110430.jpg","name":"Salchichas cocidas con queso y sabor ahumado OSCAR MAYER Jumbo 350 g.","price":"1,68 €","offer_price":0,"offer_type":null,"stock":false,"super":"alcampo"},{"img":"https://www.alcampo.es/media/h0a/h21/8899333390366.jpg","name":"Salchichas tipo Frankfurt de pollo y pavo con queso WUDY 150 g.","price":"0,89 €","offer_price":0,"offer_type":null,"stock":false,"super":"alcampo"},{"img":"https://www.alcampo.es/media/h65/h8e/10546618859550.jpg","name":"Salchichas cocidas y ahumadas de pollo OSCAR MAYER Todo ave 200 g","price":"1,15 €","offer_price":0,"offer_type":null,"stock":false,"super":"alcampo"},{"img":"https://www.alcampo.es/media/h79/hf7/10444795019294.jpg","name":"Salchichas de pollo, pavo y cerdo, tipo Frankfurt cocidas, ahumadas y con queso CAMPOFRÍO Campesan 2 x 170 g.","price":"1,55 €","offer_price":0,"offer_type":null,"stock":false,"super":"alcampo"},{"img":"https://www.alcampo.es/media/hac/h4f/9770123526174.jpg","name":"Salchichas cocidas y ahumadas estilo Baviera CAMPOFRÍO 260 g.","price":"2,04 €","offer_price":0,"offer_type":null,"stock":false,"super":"alcampo"},{"img":"https://www.alcampo.es/media/h46/hb7/9220020109342.jpg","name":"Salchichas de pollo y pavo WUDY 250 g","price":"1,17 €","offer_price":0,"offer_type":null,"stock":false,"super":"alcampo"},{"img":"https://www.alcampo.es/media/h18/hb6/9971573522462.jpg","name":"Salchichas cocidas de pavo y cerdo con sabor ahumado, sin gluten y sin colorantes EL POZO 6 x 140 g.","price":"2,25 €","offer_price":0,"offer_type":null,"stock":false,"super":"alcampo"},{"img":"https://www.alcampo.es/media/hdc/h2f/9605487689758.jpg","name":"Salchichas cocidas con bacon y queso y sabor ahumado OSCAR MAYER Jumbo 335 g.","price":"1,75 €","offer_price":0,"offer_type":null,"stock":false,"super":"alcampo"},{"img":"https://www.alcampo.es/media/h42/h42/9567034834974.jpg","name":"Salchichas cocidas tipo Frankfurt, de pollo y cerdo y elaboradas sin gluten CAMPOFRÍO 140 g.","price":"0,52 €","offer_price":0,"offer_type":null,"stock":false,"super":"alcampo"},{"img":"https://www.alcampo.es/media/h9f/h8e/10444751372318.jpg","name":"Salchichas tipo Frankfurt con jamón CAMPOFRÍO Jamongús 2 x 170 g.","price":"1,55 €","offer_price":0,"offer_type":null,"stock":false,"super":"alcampo"},{"img":"https://www.alcampo.es/media/ha7/h41/9639221297182.jpg","name":"Salchichas cocidas y ahumadas tipo Frankfurt, especiales para parrilla SCHARA 275 g.","price":"3,57 €","offer_price":0,"offer_type":null,"stock":false,"super":"alcampo"},{"img":"https://www.alcampo.es/media/h41/h77/9770024894494.jpg","name":"Salchichas cocidas Bratwurst tipo Aleman, elaboradas sin gluten CAMPOFRÍO 260 g.","price":"2,04 €","offer_price":0,"offer_type":null,"stock":false,"super":"alcampo"},{"img":"https://www.alcampo.es/media/he9/he1/10734117978142.jpg","name":"Salchichas tipo Frankfurt cocidas y ahumadas de pollo y cerdo con queso cheddar OSCAR MAYER Rolling cheedar 215 g","price":"1,77 €","offer_price":0,"offer_type":null,"stock":false,"super":"alcampo"},{"img":"https://www.alcampo.es/media/ha3/hcc/9639043629086.jpg","name":"Salchichas cocidas y ahumadas tipo Frankfurt de sabor suave SCHARA 155 g.","price":"2,21 €","offer_price":0,"offer_type":null,"stock":false,"super":"alcampo"},{"img":"https://www.alcampo.es/media/h26/hd8/9605332500510.jpg","name":"Salchichas cocidas de pavo con sabor ahumado OSCAR MAYER Jumbo 350 g.","price":"1,75 €","offer_price":0,"offer_type":null,"stock":false,"super":"alcampo"},{"img":"https://www.alcampo.es/media/hae/h97/9639155531806.jpg","name":"Salchichas cocidas y ahumadas picantes y elaboradas artesanalmente en tripa natural SCHARA Creaciones 170 g.","price":"2,43 €","offer_price":0,"offer_type":null,"stock":false,"super":"alcampo"},{"img":"https://www.alcampo.es/media/hab/h97/10734148878366.jpg","name":"Salchichas de Frankfurt, elaboradas con solo carne de cerdo, sin fécula y sin gluten PICKEN 340 g.","price":"2,68 €","offer_price":0,"offer_type":null,"stock":false,"super":"alcampo"},{"img":"https://www.alcampo.es/media/h0f/hef/10749226319902.jpg","name":"Salchichas vegetariana tipo Viena, elaboradas sin carne y sin gluten CAMPOFRÍO Vegalia 200 g.","price":"2,34 €","offer_price":0,"offer_type":null,"stock":false,"super":"alcampo"},{"img":"https://www.alcampo.es/media/h4f/h60/10801857626142.jpg","name":"Salchichas cocidas tipo Frankfurt de pollo, pavo y cerdo con queso CAMPOFRIO 3 x 140 g.","price":"1,62 €","offer_price":0,"offer_type":null,"stock":false,"super":"alcampo"},{"img":"https://www.alcampo.es/media/ha5/hda/9639178338334.jpg","name":"Salchichas cocidas y ahumadas tipo Frankfurt, elaboradas artesanalmente en tripa natural SCHARA 170 g.","price":"2,54 €","offer_price":0,"offer_type":null,"stock":false,"super":"alcampo"},{"img":"https://www.alcampo.es/media/h84/h05/10261050523678.jpg","name":"Salchichas alemanas de cerdo, cocidas y ahumadas, tipo Bockwurst (extra largas) ALCAMPO GOURMET 3 x 180 g.","price":"3,52 €","offer_price":0,"offer_type":null,"stock":false,"super":"alcampo"},{"img":"https://www.alcampo.es/media/h64/h1f/10734142980126.jpg","name":"Salchichas cocidas y ahumadas de pavo, pollo y cerdo CAMPOFRÍO Hot dog 1 kg.","price":"3,34 €","offer_price":0,"offer_type":null,"stock":false,"super":"alcampo"},{"img":"https://www.alcampo.es/media/h82/h1a/10884853923870.jpg","name":"Salchichas alemanas cocidas con sabor ahumado tipo Bockwürstchen ALCAMPO GOURMET 200 g.","price":"1,45 €","offer_price":0,"offer_type":null,"stock":false,"super":"alcampo"},{"img":"https://www.alcampo.es/media/h5f/hb5/10801877745694.jpg","name":"Salchichas cocidas de pollo sabor ahumado, tipo Frankfurt CAMPOFRÍO 3 x 140 g.","price":"1,83 €","offer_price":0,"offer_type":null,"stock":false,"super":"alcampo"},{"img":"https://www.alcampo.es/media/h48/h85/9605365399582.jpg","name":"Salchichas cocidas de pollo con sabor ahumado OSCAR MAYER Jumbo 350 g.","price":"1,75 €","offer_price":0,"offer_type":null,"stock":false,"super":"alcampo"},{"img":"https://www.alcampo.es/media/h7c/hdd/10231427727390.jpg","name":"Salchichas alemanas cocidas de cerdo, tipo Bratwurst ALCAMPO GOURMET 4 x 90 g.","price":"3,29 €","offer_price":0,"offer_type":null,"stock":false,"super":"alcampo"},{"img":"https://www.alcampo.es/media/hb1/hdd/10734144847902.jpg","name":"Salchichas cocidas de pavo sabor ahumado, sin gluten EL POZO Big pavo 3 x 200 g.","price":"1,90 €","offer_price":0,"offer_type":null,"stock":false,"super":"alcampo"},{"img":"https://www.alcampo.es/media/ha4/h81/9303332159518.jpg","name":"Salchichas Bratwurst BARO 400 gr","price":"2,45 €","offer_price":0,"offer_type":null,"stock":false,"super":"alcampo"},{"img":"https://www.alcampo.es/media/h32/hfc/10749295329310.jpg","name":"Salchichas vegetarianas tipo Bratwurst, elaboradas sin carne y sin gluten CAMPOFRÍO Vegalia 200 g.","price":"2,34 €","offer_price":0,"offer_type":null,"stock":false,"super":"alcampo"},{"img":"https://www.alcampo.es/media/hb4/h20/10801901568030.jpg","name":"Salchichas de pavo y pollo tipo Frankfurt, cocidas y ahumadas, con queso fundido CAMPOFRÍO 3 x 140 g.","price":"1,83 €","offer_price":0,"offer_type":null,"stock":false,"super":"alcampo"},{"img":"https://www.alcampo.es/media/hdb/hb2/9157119574046.jpg","name":"Salchichas mini de carnes italianas de pollo y pavo WUDY 2 x 120 g","price":"1,39 €","offer_price":0,"offer_type":null,"stock":false,"super":"alcampo"},{"img":"https://www.alcampo.es/media/hb3/hc9/9639157006366.jpg","name":"Salchichas cocidas y ahumadas tipo Frankfurt, especiales para parrilla SCHARA 400 g","price":"4,84 €","offer_price":0,"offer_type":null,"stock":false,"super":"alcampo"},{"img":"https://www.alcampo.es/media/h5c/h1b/9500286058526.jpg","name":"Salchichas cocidas de pavo con queso, sin gluten y sin colorantes EL POZO Big 3 x 180 g.","price":"1,91 €","offer_price":0,"offer_type":null,"stock":false,"super":"alcampo"},{"img":"https://www.alcampo.es/media/hdc/had/10734115061790.jpg","name":"Salchichas cocidas de pollo sabor ahumado EL POZO Big 3 x 200 g.","price":"1,90 €","offer_price":0,"offer_type":null,"stock":false,"super":"alcampo"},{"img":"https://www.alcampo.es/media/h80/hca/10826888380446.jpg","name":"Salchichas cocidas alemanas tipo Bockwurst CASA WESTFALIA 2 x 90 g.","price":"2,88 €","offer_price":0,"offer_type":null,"stock":false,"super":"alcampo"},{"img":"https://www.alcampo.es/media/h31/h4c/10826952966174.jpg","name":"Salchichas blancas alemanas tipo Weisswurst, típica de Múnich WOLF 4 uds.","price":"3,94 €","offer_price":0,"offer_type":null,"stock":false,"super":"alcampo"},{"img":"https://www.alcampo.es/media/hd6/h1a/10632100806686.jpg","name":"Salchichas alemanas de cerdo, cocidas y ahumadas, tipo Bockwurst ALCAMPO GOURMET 4 x 90 g.","price":"3,29 €","offer_price":0,"offer_type":null,"stock":false,"super":"alcampo"},{"img":"https://www.alcampo.es/media/h0b/hfb/9770135814174.jpg","name":"Salchichas cocidas de jamón de cerdo, con sabor ahumado EL POZO King 330 g.","price":"1,60 €","offer_price":0,"offer_type":null,"stock":false,"super":"alcampo"},{"img":"https://www.alcampo.es/media/h90/he8/10734141800478.jpg","name":"Salchichas alemanas tipo Bratwurst, sin gluten y sin fécula PICKEN 340 g.","price":"2,68 €","offer_price":0,"offer_type":null,"stock":false,"super":"alcampo"},{"img":"https://www.alcampo.es/media/ha9/hf3/9271038869534.jpg","name":"Salchichas cocidas y ahumadas tipo Frankfurt ARGAL 4 x 140 g.","price":"2,25 €","offer_price":0,"offer_type":null,"stock":false,"super":"alcampo"},{"img":"https://www.alcampo.es/media/h92/h8c/9605371068446.jpg","name":"Salchichas rellenas de jalapeños y queso cheddar OSCAR MAYER Jumbo 335 g.","price":"1,99 €","offer_price":0,"offer_type":null,"stock":false,"super":"alcampo"},{"img":"https://www.alcampo.es/media/ha0/h71/9658641154078.jpg","name":"Salchicha vegetariana cocida y ahumada tipo Viena, con queso Cheddar CAMPOFRÍO Vegalia 200 g.","price":"2,34 €","offer_price":0,"offer_type":null,"stock":false,"super":"alcampo"},{"img":"https://www.alcampo.es/media/h78/hd0/10734137278494.jpg","name":"Salchichas cocidas de pavo y cerdo sabor ahumado, sin gluten EL POZO Big classic 3 x 180 g.","price":"1,90 €","offer_price":0,"offer_type":null,"stock":false,"super":"alcampo"},{"img":"https://www.alcampo.es/media/hd3/ha2/9554419384350.jpg","name":"Salchichas cocidas y ahumadas de cerdo y pavo, tipo Viena ARGAL Bocata club 230 g.","price":"1,33 €","offer_price":0,"offer_type":null,"stock":false,"super":"alcampo"},{"img":"https://www.alcampo.es/media/h5a/h50/9554430165022.jpg","name":"Salchichas cocidas tipo Frankfurt a la barbacoa, ideales para bocadillos ARGAL Bocata club 230 g","price":"1,42 €","offer_price":0,"offer_type":null,"stock":false,"super":"alcampo"},{"img":"https://www.alcampo.es/media/haf/ha3/10734141243422.jpg","name":"Salchichas alemanas con ternera tipo Bockwurst, sin gluten y fécula PICKEN 340 g.","price":"2,68 €","offer_price":0,"offer_type":null,"stock":false,"super":"alcampo"},{"img":"https://www.alcampo.es/media/h97/h3b/8894036377630.jpg","name":"Salchichas Viena BARO 400 gr","price":"2,45 €","offer_price":0,"offer_type":null,"stock":false,"super":"alcampo"},{"img":"https://www.alcampo.es/media/hce/h9e/9873409966110.jpg","name":"Salchichas cocidas y con sabor ahumado tipo Bockwurst EL POZO King 330 g.","price":"1,60 €","offer_price":0,"offer_type":null,"stock":false,"super":"alcampo"},{"img":"https://www.alcampo.es/media/h83/hd6/10826924589086.jpg","name":"Salchichas cocidas alemanas tipo Bratwurst CASA WESTFALIA 2 x 90 g.","price":"2,81 €","offer_price":0,"offer_type":null,"stock":false,"super":"alcampo"},{"img":"https://www.alcampo.es/media/h64/he1/10212378968094.jpg","name":"Salchichas cocidas de pollo ecológico, tipo Frankfurt CAMPOS 250 G.","price":"4,70 €","offer_price":0,"offer_type":null,"stock":false,"super":"alcampo"},{"img":"https://www.alcampo.es/media/h87/h6c/9470666965022.jpg","name":"Salchichas cocidas y ahumadas de pavo, elaboradas sin gluten OSCAR MAYER Bocadillo 275 g.","price":"1,68 €","offer_price":0,"offer_type":null,"stock":false,"super":"alcampo"},{"img":"https://www.alcampo.es/media/h82/h35/9605501583390.jpg","name":"Salchichas tex mex OSCAR MAYER Jumbo 335 g.","price":"1,99 €","offer_price":0,"offer_type":null,"stock":false,"super":"alcampo"},{"img":"https://www.alcampo.es/media/heb/h0d/9518709866526.jpg","name":"Salchichas mixtas de pavo y cerdo DAKOTA 360 g.","price":"2,16 €","offer_price":0,"offer_type":null,"stock":false,"super":"alcampo"},{"img":"https://www.alcampo.es/media/h81/h45/10212388765726.jpg","name":"Salchichas cocidas ecológicas de pavo, tipo Frankfurt CAMPOS 250 g.","price":"5,98 €","offer_price":0,"offer_type":null,"stock":false,"super":"alcampo"},{"img":"https://www.alcampo.es/media/h10/hfa/9470644650014.jpg","name":"Salchichas vegetales con seitán y tofu tipo salchicha AHIMSA 200 g.","price":"3,25 €","offer_price":0,"offer_type":null,"stock":false,"super":"alcampo"},{"img":"https://www.alcampo.es/media/h66/hf3/10734124236830.jpg","name":"Salchichas cocidas de cerdo tipo Bratwurst CAMPOFRÍO Grand 400 g.","price":"3,04 €","offer_price":0,"offer_type":null,"stock":false,"super":"alcampo"},{"img":"https://www.alcampo.es/media/hc3/hbf/9769952346142.jpg","name":"Salchichas cocidas con bacon y queso y sabor ahumado EL POZO King 300 g.","price":"1,60 €","offer_price":0,"offer_type":null,"stock":false,"super":"alcampo"},{"img":"https://www.alcampo.es/media/h9b/h75/10712266801182.jpg","name":"Salchichas alemanas de carne de cerdo (100%) tipo Fleischwurst ALCAMPO GOURMET 2 x 325 g.","price":"3,95 €","offer_price":0,"offer_type":null,"stock":false,"super":"alcampo"},{"img":"https://www.alcampo.es/media/h9a/h6d/10614291693598.jpg","name":"Surtido de salchichas alemanas Bratwurst (1), Bockwurst (1) y Bratwurst estilo Thüringer (1) CASA WESTFALIA Selección.","price":"3,62 €","offer_price":0,"offer_type":null,"stock":false,"super":"alcampo"},{"img":"https://www.alcampo.es/media/h0b/h12/9676344688670.jpg","name":"Salchichas cocidas de pavo y cerdo con queso, tipo Frankfurt EL POZO 5 x 140 g.","price":"2,25 €","offer_price":0,"offer_type":null,"stock":false,"super":"alcampo"},{"img":"https://www.alcampo.es/media/h21/h1e/9518053490718.jpg","name":"Salchichas cocidas y ahumadas con queso chedar fundido en su interior OSCAR MAYER Cheeselover 275 g.","price":"1,87 €","offer_price":0,"offer_type":null,"stock":false,"super":"alcampo"},{"img":"https://www.alcampo.es/media/hb8/h82/9639044775966.jpg","name":"Salchicha cocida y ahumada elaborada de forma artesanal con tripa natural SCHARA 125 g.","price":"2,25 €","offer_price":0,"offer_type":null,"stock":false,"super":"alcampo"},{"img":"https://www.alcampo.es/media/he3/h8d/9832615149598.jpg","name":"Salchichas cocidas y ahumadas tipo Bockwurst SCHARA 4 x 100 g.","price":"4,13 €","offer_price":0,"offer_type":null,"stock":false,"super":"alcampo"},{"img":"https://www.alcampo.es/media/h44/he7/9770155212830.jpg","name":"Salchichas cocidas de jamón de cerdo y queso mozzarella, con sabor ahumado EL POZO King 330 g.","price":"1,60 €","offer_price":0,"offer_type":null,"stock":false,"super":"alcampo"},{"img":"https://www.alcampo.es/media/ha0/ha7/10734152056862.jpg","name":"Salchichas cocidas con cerdo y pavo con queso EL POZO Big queso 3 x 200 g.","price":"1,90 €","offer_price":0,"offer_type":null,"stock":false,"super":"alcampo"},{"img":"https://www.alcampo.es/media/he0/h17/9654755131422.jpg","name":"Salchichas de pavo cocidas y ahumadas con sólo un 3% de grasa CAMPOFRÍO 200 g.","price":"1,64 €","offer_price":0,"offer_type":null,"stock":false,"super":"alcampo"},{"img":"https://www.alcampo.es/media/h31/hc7/9639044284446.jpg","name":"Salchichas cocidas y ahumadas, elaboradas artesanalmente en tripa natural SCHARA Klassik 1955 120 g.","price":"1,69 €","offer_price":0,"offer_type":null,"stock":false,"super":"alcampo"},{"img":"https://www.alcampo.es/media/h7c/hd6/9554392776734.jpg","name":"Salchichas cocidas con jamón y queso y sabor ahumado ARGAL Bocata club 230 g.","price":"1,49 €","offer_price":0,"offer_type":null,"stock":false,"super":"alcampo"},{"img":"https://www.alcampo.es/media/h14/h9b/10027604279326.jpg","name":"Salchichas cocidas y con sabor ahumado de cerdo ibérico LEGADO IBÉRICO Selección 330 g.","price":"1,98 €","offer_price":0,"offer_type":null,"stock":false,"super":"alcampo"},{"img":"https://www.alcampo.es/media/hc1/hf3/9659284946974.jpg","name":"Salchichas tipo Frankfurt de pollo y pavo HOT DOG 1 kg.","price":"3,28 €","offer_price":0,"offer_type":null,"stock":false,"super":"alcampo"},{"img":"https://www.alcampo.es/media/h4d/hdc/10496723386398.jpg","name":"Salchichas de cerdo cocidas y con sabor ahumado, especiales para perritos calientes OSCAR MAYER The new yorker hot dog 3 x 220 g.","price":"2,25 €","offer_price":0,"offer_type":null,"stock":false,"super":"alcampo"},{"img":"https://www.alcampo.es/media/h61/h29/9770014081054.jpg","name":"Salchichas cocidas de pechuga de pavo, con sabor ahumado EL POZO King 330 g.","price":"1,60 €","offer_price":0,"offer_type":null,"stock":false,"super":"alcampo"},{"img":"https://www.alcampo.es/media/he6/h91/10546619252766.jpg","name":"Salchichas cocidas y ahumadas de pavo y pollo, sin gluten FRIMANCHA 300 g.","price":"1,25 €","offer_price":0,"offer_type":null,"stock":false,"super":"alcampo"},{"img":"https://www.alcampo.es/media/h7a/hb4/10734119026718.jpg","name":"Salchichas cocidas y ahumadas de cerdo tipo Bockwurst CAMPOFRÍO Grand 400 g.","price":"3,04 €","offer_price":0,"offer_type":null,"stock":false,"super":"alcampo"},{"img":"https://www.alcampo.es/media/h1b/h57/9530432356382.jpg","name":"Salchichas cocidas y ahumadas de pollo y pavo ARGAN Bocata club 230 g.","price":"1,31 €","offer_price":0,"offer_type":null,"stock":false,"super":"alcampo"},{"img":"https://www.alcampo.es/media/h69/ha3/10664194703390.jpg","name":"Salchichas cocidas de pollo con sabor ahumado CAMPOFRÍO 2 x 140 g.","price":"0,98 €","offer_price":0,"offer_type":null,"stock":false,"super":"alcampo"},{"img":"https://www.alcampo.es/media/h96/h30/9639180042270.jpg","name":"Salchichas cocidas, ahumadas y embuchadas en tripa natural, con dos de queso Emmental SCARA Creaciones 170 g. ","price":"2,90 €","offer_price":0,"offer_type":null,"stock":false,"super":"alcampo"},{"img":"https://www.alcampo.es/media/hbf/h78/10734128431134.jpg","name":"Salchichas alemanas tipo Grand Wienerwust, cocidas y ahumadas CAMPOFRÍO Grand 400 g.","price":"3,09 €","offer_price":0,"offer_type":null,"stock":false,"super":"alcampo"},{"img":"https://www.alcampo.es/media/h63/h96/9470710972446.jpg","name":"Salchichas Alemanas ecológicas AHIMSA 200 g.","price":"3,71 €","offer_price":0,"offer_type":null,"stock":false,"super":"alcampo"},{"img":"https://www.alcampo.es/media/h62/hde/10467877388318.jpg","name":"Salchichas de cerdo cocidas y ahumadas tipo Viena, bajas en grasa (sólo 3% grasa) CAMPOFRÍO 200 g.","price":"1,83 €","offer_price":0,"offer_type":null,"stock":false,"super":"alcampo"},{"img":"https://www.alcampo.es/media/h05/h7a/9470678073374.jpg","name":"Salchichas vegetales de cultivo ecológico AHIMSA 230 g.","price":"3,99 €","offer_price":0,"offer_type":null,"stock":false,"super":"alcampo"},{"img":"https://www.alcampo.es/media/h8c/h0d/9782943711262.jpg","name":"Salchichas blancas de cerdo tipo Bratwurst, cocidas y de sabor suave SCHARA Regionales 170 g.","price":"2,49 €","offer_price":0,"offer_type":null,"stock":false,"super":"alcampo"},{"img":"https://www.alcampo.es/media/h85/h74/8902042517534.jpg","name":"Salchichas cocktail de pollo y pavo WUDY 1 kilogramo","price":"5,50 €","offer_price":0,"offer_type":null,"stock":false,"super":"alcampo"},{"img":"https://www.alcampo.es/media/h2e/he9/9470707892254.jpg","name":"Salchichas vegetales de queso de cultivo ecológico AHIMSA 230 g.","price":"3,90 €","offer_price":0,"offer_type":null,"stock":false,"super":"alcampo"},{"img":"https://www.alcampo.es/media/h6e/he3/10425231409182.jpg","name":"Salchichas 100% vegetales, elaboradas sin huevo ARGAL Viva la huerta 230 g.","price":"2,59 €","offer_price":0,"offer_type":null,"stock":false,"super":"alcampo"},{"img":"https://www.alcampo.es/media/h78/h53/9470614536222.jpg","name":"Salchichas Frankfurt ecológicas AHIMSA 230 g.","price":"3,99 €","offer_price":0,"offer_type":null,"stock":false,"super":"alcampo"},{"img":"https://www.alcampo.es/media/h60/h9e/9146606780446.jpg","name":"Salchichas de pollo y pavo, elaborada sin gluten WUDY Pop! 500 g.","price":"1,69 €","offer_price":0,"offer_type":null,"stock":false,"super":"alcampo"},{"img":"https://www.alcampo.es/media/h0c/h49/10734125219870.jpg","name":"Salchichas cocidas y ahumadas de pavo, sin gluten, sin lactosa y sin huevo ARGAL Superpavo 1 Kg.","price":"4,50 €","offer_price":0,"offer_type":null,"stock":false,"super":"alcampo"},{"img":"https://www.alcampo.es/media/hce/hf8/9659340029982.jpg","name":"Salchichas cocidas tipo Frankfurt de pollo y pavo WUDY XXL 360 g.","price":"2,91 €","offer_price":0,"offer_type":null,"stock":false,"super":"alcampo"},{"img":"https://www.alcampo.es/media/hd4/hc6/9639158153246.jpg","name":"Salchicha con granos de mostaza, picado medio, cocida y ahumada, embuchada en tripa natural SCHARA Creaciones 170 g.","price":"2,49 €","offer_price":0,"offer_type":null,"stock":false,"super":"alcampo"},{"img":"https://www.alcampo.es/media/h4f/h5f/10882249818142.jpg","name":"Salchichas alemanas cocidas y ahumadas con queso Cheddar CAMPOFRÍO Käsekrainer 260 g.","price":"2,40 €","offer_price":0,"offer_type":null,"stock":false,"super":"alcampo"},{"img":"https://www.alcampo.es/media/h27/hf2/10913680982046.jpg","name":"Salchichas cocidas y ahumadas de cerdo 50% raza Duroc CAMPOFRÍO 260 g.","price":"2,89 €","offer_price":0,"offer_type":null,"stock":false,"super":"alcampo"},{"img":"https://www.alcampo.es/media/h48/hf8/10913659781150.jpg","name":"Salchichas cocidas y ahumadas de pollo de estirpe rústica CAMPOFRÍO 260 g.","price":"2,89 €","offer_price":0,"offer_type":null,"stock":false,"super":"alcampo"}]