[{"img":"https://www.alcampo.es/media/ha1/h07/10734159659038.jpg","name":"Salchichón extra elaborado sin gluten y cortado en lonchas PRODUCTO ALCAMPO 200 g.","price":"1,19 €","offer_price":0,"offer_type":null,"stock":false,"super":"alcampo"},{"img":"https://www.alcampo.es/media/hc4/h58/9465793806366.jpg","name":"Salchichón de pavo de calidad extra, sin gluten y cortado en finas lonchas EL POZO 80 g.","price":"0,95 €","offer_price":0,"offer_type":null,"stock":false,"super":"alcampo"},{"img":"https://www.alcampo.es/media/hb2/h3b/9539631611934.jpg","name":"Salchichón de pavo, sin gluten y cortado en lonchas PRODUCTO ALCAMPO 100 g.","price":"1,25 €","offer_price":0,"offer_type":null,"stock":false,"super":"alcampo"},{"img":"https://www.alcampo.es/media/h71/h68/9567786237982.jpg","name":"Salchichón de calidad extra, sin gluten y cortado en lonchas REVILLA 70 g.","price":"0,94 €","offer_price":0,"offer_type":null,"stock":false,"super":"alcampo"},{"img":"https://www.alcampo.es/media/hef/h5f/10660802166814.jpg","name":"Salchichón extra cortado en finas lonchas EL POZO 1954 70 g.","price":"0,94 €","offer_price":0,"offer_type":null,"stock":false,"super":"alcampo"},{"img":"https://www.alcampo.es/media/h10/h3c/10600566685726.jpg","name":"Salchichón de categoria extra, elaborado sin gluten y cortado en lonchas PRODUCTO ALCAMPO 2 x 90 g.","price":"1,85 €","offer_price":0,"offer_type":null,"stock":false,"super":"alcampo"},{"img":"https://www.alcampo.es/media/ha4/hb9/10801849499678.jpg","name":"Chorizo de Pamplona y salchichón de categoria extra, cortados en lonchas GOIKOA 2 x 95 g.","price":"2,25 €","offer_price":0,"offer_type":null,"stock":false,"super":"alcampo"},{"img":"https://www.alcampo.es/media/h69/h0b/9271011442718.jpg","name":"Salchichón de origen navarro, sin gluten y cortado en finas lonchas ARGAR Regio 80 g.","price":"1,16 €","offer_price":0,"offer_type":null,"stock":false,"super":"alcampo"},{"img":"https://www.alcampo.es/media/h87/h7c/9539623387166.jpg","name":"Salchichón a la pimienta de categoria extra, sin gluten y cortado en lonchas PRODUCTO ALCAMPO 150 g.","price":"2,06 €","offer_price":0,"offer_type":null,"stock":false,"super":"alcampo"},{"img":"https://www.alcampo.es/media/hbe/ha1/9811220267038.jpg","name":"Salchichón de categoria extra, sin gluten y cortado en lonchas BOADAS 2 x 40 g.","price":"1,29 €","offer_price":0,"offer_type":null,"stock":false,"super":"alcampo"},{"img":"https://www.alcampo.es/media/h38/hbb/10740074020894.jpg","name":"Salchichón de pavo sin gluten y cortado en finas lonchas GOIKOA 2 X 75 g.","price":"2,45 €","offer_price":0,"offer_type":null,"stock":false,"super":"alcampo"},{"img":"https://www.alcampo.es/media/hb4/h81/8893158522910.jpg","name":"Salchichón de calidad extra cortado en lonchas SALA RIERA 150 g.","price":"1,99 €","offer_price":0,"offer_type":null,"stock":false,"super":"alcampo"},{"img":"https://www.alcampo.es/media/hca/hea/10754860613662.jpg","name":"Chorizo y salchichón extra de origen Navarra, cortados en lonchas GOIKOA 180 g.","price":"2,25 €","offer_price":0,"offer_type":null,"stock":false,"super":"alcampo"},{"img":"https://www.alcampo.es/media/h04/he5/10736730701854.jpg","name":"Salchichón de León extra, ahumado y cortado en lonchas PALCARSA 100 g.","price":"1,36 €","offer_price":0,"offer_type":null,"stock":false,"super":"alcampo"},{"img":"https://www.alcampo.es/media/hf4/hbe/9484618203166.jpg","name":"Salchichón de pavo de categoria extra, sin gluten y cortado en lonchas BOADAS 2 x 50 g.","price":"1,99 €","offer_price":0,"offer_type":null,"stock":false,"super":"alcampo"},{"img":"https://www.alcampo.es/media/h8d/h24/9520431562782.jpg","name":"Salchichón vela loncheado ecológico CASA BOIX 80 g.","price":"3,28 €","offer_price":0,"offer_type":null,"stock":false,"super":"alcampo"},{"img":"https://www.alcampo.es/media/h1f/h13/9659276787742.jpg","name":"Salchichón IGP Vic, cortado en finas lonchas CAN DURA Exentis 80 g.","price":"2,25 €","offer_price":0,"offer_type":null,"stock":false,"super":"alcampo"},{"img":"https://www.alcampo.es/media/he0/h90/9804686819358.jpg","name":"Taco de salchichón de categoria extra, cortado en finas lonchas ESPAÑA 200 g.","price":"2,58 €","offer_price":0,"offer_type":null,"stock":false,"super":"alcampo"},{"img":"https://www.alcampo.es/media/hc1/h32/10292673118238.jpg","name":"Salchichón de categoria extra, cortado en finas lonchas BOADAS 90 g.","price":"2,54 €","offer_price":0,"offer_type":null,"stock":false,"super":"alcampo"},{"img":"https://www.alcampo.es/media/hff/hb5/9690797211678.jpg","name":"Salchichón ibérico de categoria extra, cortado en lonchas PRODUCTO ALCAMPO 100 g.","price":"1,49 €","offer_price":0,"offer_type":null,"stock":false,"super":"alcampo"},{"img":"https://www.alcampo.es/media/he1/h29/8901160665118.jpg","name":"Salchichón ibérico de calidad extra, cortado en lonchas SIERRA AZUAGA 100 g.","price":"2,11 €","offer_price":0,"offer_type":null,"stock":false,"super":"alcampo"},{"img":"https://www.alcampo.es/media/hde/ha6/9567050792990.jpg","name":"Salchichón con carne de cerdo ibérico, sin gluten y cortado en lonchas NAVIDUL Gran selección 45 g.","price":"0,94 €","offer_price":0,"offer_type":null,"stock":false,"super":"alcampo"},{"img":"https://www.alcampo.es/media/h95/h3b/9541785583646.jpg","name":"Salchichón con carne de cerdo ibérico, sin gluten y cortado en lonchas NAVIDUL Gran selección 100 g.","price":"2,18 €","offer_price":0,"offer_type":null,"stock":false,"super":"alcampo"},{"img":"https://www.alcampo.es/media/hd8/h1e/9559822401566.jpg","name":"Salchichón ibérico (100% raza ibérica) cortado en finas lonchas RAZA Y SABOR 75 g.","price":"1,29 €","offer_price":0,"offer_type":null,"stock":false,"super":"alcampo"},{"img":"https://www.alcampo.es/media/hef/hb3/10752045678622.jpg","name":"Salchichón ibérico de Extremadura, cortado en lonchas CORTE NOBLE de Argal 75 g.","price":"1,75 €","offer_price":0,"offer_type":null,"stock":false,"super":"alcampo"},{"img":"https://www.alcampo.es/media/h3a/h38/8898436202526.jpg","name":"Salchichón ibérico, cortado en lonchas JAMONES NICO 100 gr.","price":"1,69 €","offer_price":0,"offer_type":null,"stock":false,"super":"alcampo"},{"img":"https://www.alcampo.es/media/h92/hb7/9308418867230.jpg","name":"Salchichón ibérico, cortado en lonchas SELECTOS PEÑARANDA 60 g.","price":"1 €","offer_price":0,"offer_type":null,"stock":false,"super":"alcampo"},{"img":"https://www.alcampo.es/media/h1e/h97/8894291247134.jpg","name":"Salchichón ibérico extra en lonchas MAFRESA 100 gr","price":"1,59 €","offer_price":0,"offer_type":null,"stock":false,"super":"alcampo"},{"img":"https://www.alcampo.es/media/hf0/h25/10754864119838.jpg","name":"Salchichón ibérico de categoria extra, cortado en lonchas VILLAR 50 g.","price":"1 €","offer_price":0,"offer_type":null,"stock":false,"super":"alcampo"},{"img":"https://www.alcampo.es/media/hf9/h48/9458194677790.jpg","name":"Salchichón de bellota ibérico (50% raza ibérica), cortado en finas lonchas RAZA Y SABOR 60 g.","price":"1,29 €","offer_price":0,"offer_type":null,"stock":false,"super":"alcampo"},{"img":"https://www.alcampo.es/media/hab/hb6/9465721946142.jpg","name":"Salchichón ibérico de bellota cortado en lonchas NICO JAMONES 150 gr","price":"2,90 €","offer_price":0,"offer_type":null,"stock":false,"super":"alcampo"},{"img":"https://www.alcampo.es/media/h37/hf3/10749249716254.jpg","name":"Salchichón de bellota ibérico, sin gluten y cortado en finas lonchas NAVIDUL 110 g.","price":"3,75 €","offer_price":0,"offer_type":null,"stock":false,"super":"alcampo"},{"img":"https://www.alcampo.es/media/h71/h47/10646162669598.jpg","name":"Salchichón de bellota ibérico, cortado en finas lonchas COVAP Esenciaúnica 60 g.","price":"2,11 €","offer_price":0,"offer_type":null,"stock":false,"super":"alcampo"},{"img":"https://www.alcampo.es/media/h6d/h43/10416165191710.jpg","name":"Salchichón ibérico cortado en finas lonchas AIRESANO 50 g.","price":"1 €","offer_price":0,"offer_type":null,"stock":false,"super":"alcampo"},{"img":"https://www.alcampo.es/media/h00/h28/8929752088606.jpg","name":"Salchichón payes de categoria extra, cortado en finas lonchas CAN DURAN 90 g.","price":"2,35 €","offer_price":0,"offer_type":null,"stock":false,"super":"alcampo"},{"img":"https://www.alcampo.es/media/hc2/hfa/9659274592286.jpg","name":"Longaniza de categoria extra cortada en lonchas CAN DURAN Exentis 90 g.","price":"2,35 €","offer_price":0,"offer_type":null,"stock":false,"super":"alcampo"},{"img":"https://www.alcampo.es/media/h90/h12/9518745255966.jpg","name":"Salchichón payés de categoria extra, sin gluten y cortado en finas lonchas BOADAS 100 g.","price":"1,58 €","offer_price":0,"offer_type":null,"stock":false,"super":"alcampo"},{"img":"https://www.alcampo.es/media/h11/hb4/8960371294238.jpg","name":"Longaniza suprema en lonchas ESPUÑA 125 gr","price":"2,69 €","offer_price":0,"offer_type":null,"stock":false,"super":"alcampo"},{"img":"https://www.alcampo.es/media/h82/hbf/9163418140702.jpg","name":"Longaniza de la Cerdaña, sin gluten y cortada en lonchas CARLIT 100 g.","price":"2,45 €","offer_price":0,"offer_type":null,"stock":false,"super":"alcampo"},{"img":"https://www.alcampo.es/media/h52/h7a/10411474452510.jpg","name":"Salami de jamón CASA ROMANIA 440 g.","price":"3,19 €","offer_price":0,"offer_type":null,"stock":false,"super":"alcampo"},{"img":"https://www.alcampo.es/media/hd0/h1e/10411470323742.jpg","name":"Salami de cerdo CASA ROMANIA 440 g.","price":"3,19 €","offer_price":0,"offer_type":null,"stock":false,"super":"alcampo"},{"img":"https://www.alcampo.es/media/he4/h7e/10734120894494.jpg","name":"Salami di Parma, elaborado sin gluten y sin lactosa FERRARINI 250 g.","price":"4,40 €","offer_price":0,"offer_type":null,"stock":false,"super":"alcampo"},{"img":"https://www.alcampo.es/media/hec/hec/9466043039774.jpg","name":"Salchichón cular elaborado con cerdos de la raza Duroc LA HOGUERA 340 g.","price":"3,95 €","offer_price":0,"offer_type":null,"stock":false,"super":"alcampo"},{"img":"https://www.alcampo.es/media/h89/hb3/9069585956894.jpg","name":"Salchichón sarta ecológico LA MERENDOLA 200 g.","price":"3,28 €","offer_price":0,"offer_type":null,"stock":false,"super":"alcampo"},{"img":"https://www.alcampo.es/media/hf1/h6a/8881950949406.jpg","name":"Mini salchichón casero de categoria extra PEÑA CRUZ 180 g.","price":"1,49 €","offer_price":0,"offer_type":null,"stock":false,"super":"alcampo"},{"img":"https://www.alcampo.es/media/h10/h99/9518641381406.jpg","name":"Salchichón casero envasado al vacío MILENA LEÓN 300 g.","price":"3,25 €","offer_price":0,"offer_type":null,"stock":false,"super":"alcampo"},{"img":"https://www.alcampo.es/media/h5e/hc3/9260111790110.jpg","name":"Salchichón casero chapado, de elaboración tradicional y sin gluten PEÑA CRUZ 300 g.","price":"2,95 €","offer_price":0,"offer_type":null,"stock":false,"super":"alcampo"},{"img":"https://www.alcampo.es/media/h2a/he8/10740056981534.jpg","name":"Salchichón curado de calidad extra y origen Salamanca IGLESIAS pieza de 450 g","price":"5,90 €","offer_price":0,"offer_type":null,"stock":false,"super":"alcampo"},{"img":"https://www.alcampo.es/media/hf8/h54/10746375372830.jpg","name":"Salchichón original de Toledo ESPAÑA 260 g.","price":"3,40 €","offer_price":0,"offer_type":null,"stock":false,"super":"alcampo"},{"img":"https://www.alcampo.es/media/h67/h19/10734131380254.jpg","name":"Salchichón Carrascoy EL POZO 1 kg.","price":"8,99 €","offer_price":0,"offer_type":null,"stock":false,"super":"alcampo"},{"img":"https://www.alcampo.es/media/hb6/h2a/10734122205214.jpg","name":"Salchichón casero de calidad extra PROLONGO 200 g.","price":"2,65 €","offer_price":0,"offer_type":null,"stock":false,"super":"alcampo"},{"img":"https://www.alcampo.es/media/h5c/ha5/9588943093790.jpg","name":"Salchichón de pueblo MORENO PLAZA 250 g.","price":"3,25 €","offer_price":0,"offer_type":null,"stock":false,"super":"alcampo"},{"img":"https://www.alcampo.es/media/h30/h98/10313077817374.jpg","name":"Salchichón cocido del Serón PEÑA CRUZ 390 g.","price":"2,50 €","offer_price":0,"offer_type":null,"stock":false,"super":"alcampo"},{"img":"https://www.alcampo.es/media/hbf/hc7/9567074484254.jpg","name":"Mini fuet, ideal para tomar como snack CAMPOFRÍO Snack´in 50 g.","price":"0,99 €","offer_price":0,"offer_type":null,"stock":false,"super":"alcampo"},{"img":"https://www.alcampo.es/media/heb/hca/9567067111454.jpg","name":"Mini fuet de pavo, ideal para tomarlo como snack CAMPOFRÍO Snack´in 50 g.","price":"0,99 €","offer_price":0,"offer_type":null,"stock":false,"super":"alcampo"},{"img":"https://www.alcampo.es/media/hf0/h21/10793604841502.jpg","name":"Mini fuets elaborados sin colorantes artificiales PRODUCTO ALCAMPO 50 g.","price":"0,99 €","offer_price":0,"offer_type":null,"stock":false,"super":"alcampo"},{"img":"https://www.alcampo.es/media/hee/ha2/9807887695902.jpg","name":"Mini cañitas de fuet, de curación lenta en bodega ESPUÑA Minuets 5 uds.","price":"1,13 €","offer_price":0,"offer_type":null,"stock":false,"super":"alcampo"},{"img":"https://www.alcampo.es/media/hd5/h6d/9552600367134.jpg","name":"Bastones de salchichón (5 / 6 piezas), sin gluten e idelaes para tomar como snacks SERRANO 50 g.","price":"1,02 €","offer_price":0,"offer_type":null,"stock":false,"super":"alcampo"},{"img":"https://www.alcampo.es/media/hce/hf0/9542466437150.jpg","name":"Mini fuets de categoría extra, ideales cono snacks CAN DURAN Urban picnic exentis 50 g.","price":"1,45 €","offer_price":0,"offer_type":null,"stock":false,"super":"alcampo"},{"img":"https://www.alcampo.es/media/h74/h5a/9552601907230.jpg","name":"Bastones de jamón serrano (5 / 6 piezas), sin gluten e idelaes para tomar como snacks SERRANO 50 g.","price":"1,02 €","offer_price":0,"offer_type":null,"stock":false,"super":"alcampo"},{"img":"https://www.alcampo.es/media/h1b/h29/9567756681246.jpg","name":"Mini fuets, ideales para tomar como snack CAMPOFRÍO Snack´in Aproximadamente 40 uds.","price":"4,99 €","offer_price":0,"offer_type":null,"stock":false,"super":"alcampo"},{"img":"https://www.alcampo.es/media/h4b/h82/9542470271006.jpg","name":"Mini fuets de categoría extra, ideales cono snacks CAN DURAN Urban picnic exentis 50 g.","price":"1,45 €","offer_price":0,"offer_type":null,"stock":false,"super":"alcampo"},{"img":"https://www.alcampo.es/media/h3f/h10/10793606905886.jpg","name":"Mini chorizos elaborados sin conservantes ni colorantes artificiales PRODUCTO ALCAMPO 50 g.","price":"0,99 €","offer_price":0,"offer_type":null,"stock":false,"super":"alcampo"},{"img":"https://www.alcampo.es/media/h6d/h6e/10496677806110.jpg","name":"Mini fuets al queso brie, ideales para tomar como snacks CAMPOFRÍO Snack´in 50 g.","price":"1,38 €","offer_price":0,"offer_type":null,"stock":false,"super":"alcampo"},{"img":"https://www.alcampo.es/media/h63/h7a/9552595386398.jpg","name":"Bastones de chorizo (5 / 6 piezas), sin gluten e idelaes para tomar como snacks SERRANO 50 g.","price":"1 €","offer_price":0,"offer_type":null,"stock":false,"super":"alcampo"},{"img":"https://www.alcampo.es/media/h6a/h22/10853409226782.jpg","name":"Mini fuets extra y crujientes palitos de pan, ideales para tomar como snacks ARGAL 56 g.","price":"1,44 €","offer_price":0,"offer_type":null,"stock":false,"super":"alcampo"},{"img":"https://www.alcampo.es/media/hd2/hce/9658617954334.jpg","name":"Salchichón ibérico, realizado sin gluten y cortado en finas lonchas EL POZO Selección legado ibérico 75 g.","price":"1,76 €","offer_price":0,"offer_type":null,"stock":false,"super":"alcampo"},{"img":"https://www.alcampo.es/media/h73/h5c/10884850417694.jpg","name":"Salchichón cular ibérico extra envasado al vacio PRODUCTO ALCAMPO 450 g.","price":"5,95 €","offer_price":0,"offer_type":null,"stock":false,"super":"alcampo"},{"img":"https://www.alcampo.es/media/h75/h2f/9459812270110.jpg","name":"Lote de salchichón (200 g) y chorizo velita ibérico (200 g) RAZA Y SABOR.","price":"4,50 €","offer_price":0,"offer_type":null,"stock":false,"super":"alcampo"},{"img":"https://www.alcampo.es/media/h56/hce/8899868295198.jpg","name":"Salchichón ibérico campero al vacío MAFRESA 250 gr","price":"2,90 €","offer_price":0,"offer_type":null,"stock":false,"super":"alcampo"},{"img":"https://www.alcampo.es/media/h1f/h24/10734167195678.jpg","name":"Salchichón con carne de cerdo ibérico NAVIDUL Gran selección 225 g.","price":"3,75 €","offer_price":0,"offer_type":null,"stock":false,"super":"alcampo"},{"img":"https://www.alcampo.es/media/hde/h2d/8928755712030.jpg","name":"Salchichón ibérico de bellota VALLESANTINA","price":"13,99 €","offer_price":0,"offer_type":null,"stock":false,"super":"alcampo"},{"img":"https://www.alcampo.es/media/h66/h7f/10746473316382.jpg","name":"Salchichón ibérico extra vela IGLESIAS 400 g.","price":"5,20 €","offer_price":0,"offer_type":null,"stock":false,"super":"alcampo"},{"img":"https://www.alcampo.es/media/h1f/h58/9008592912414.jpg","name":"Salchichón cular ibérico, realizado sin gluten VILLAR.","price":"6,90 €","offer_price":0,"offer_type":null,"stock":false,"super":"alcampo"},{"img":"https://www.alcampo.es/media/h99/h51/8893518708766.jpg","name":"Salchichón ibérico VALLESANTINA","price":"10,79 €","offer_price":0,"offer_type":null,"stock":false,"super":"alcampo"},{"img":"https://www.alcampo.es/media/hd1/h68/9658568212510.jpg","name":"Salchichón de bellota ibérico, curado en tripa fibran COVAP Esenciaúnica 170 g.","price":"4,65 €","offer_price":0,"offer_type":null,"stock":false,"super":"alcampo"},{"img":"https://www.alcampo.es/media/h21/hd4/10801858543646.jpg","name":"Salchichón cular ibérico de calidad extra, sin gluten SELECTOS PEÑARANDA ","price":"5,10 €","offer_price":0,"offer_type":null,"stock":false,"super":"alcampo"},{"img":"https://www.alcampo.es/media/h60/h4a/10598079561758.jpg","name":"Salchichón de bellota ibérico (50% raza ibérica) RARA Y SABOR 350 g.","price":"6,50 €","offer_price":0,"offer_type":null,"stock":false,"super":"alcampo"},{"img":"https://www.alcampo.es/media/h9a/h17/8966485966878.jpg","name":"Salchichón de cebo ibérico ALCAMPO PRODUCCIÓN CONTROLADA 475 g.","price":"6,75 €","offer_price":0,"offer_type":null,"stock":false,"super":"alcampo"},{"img":"https://www.alcampo.es/media/h2f/h3e/9658564608030.jpg","name":"Salchichón de bellota ibérico COVAP Esenciaúnica 600 g.","price":"9,80 €","offer_price":0,"offer_type":null,"stock":false,"super":"alcampo"},{"img":"https://www.alcampo.es/media/hc6/hb0/8970041032734.jpg","name":"Salchichón cular ibérico de calidad extra (3 meses de curación) y sin gluten IGLESIAS 500 gr.","price":"7,25 €","offer_price":0,"offer_type":null,"stock":false,"super":"alcampo"},{"img":"https://www.alcampo.es/media/hb2/h6a/9575657013278.jpg","name":"Espetec de categoria extra CASA TARRADELLAS 2 x 170 g.","price":"3,93 €","offer_price":0,"offer_type":null,"stock":false,"super":"alcampo"},{"img":"https://www.alcampo.es/media/h8f/hbe/9575641972766.jpg","name":"Espetec de categoria extra CASA TARRADELLAS 180 g.","price":"1,97 €","offer_price":0,"offer_type":null,"stock":false,"super":"alcampo"},{"img":"https://www.alcampo.es/media/h98/ha1/9487827009566.jpg","name":"Espetec (fuet) de categoria extra, elaborados sin gluten PRODUCTO ALCAMPO 2 x 180 g.","price":"2,87 €","offer_price":0,"offer_type":null,"stock":false,"super":"alcampo"},{"img":"https://www.alcampo.es/media/h1b/he8/9487711567902.jpg","name":"Espetec (fuet) de categoria extra, elaborado sin gluten PRODUCTO ALCAMPO 180 g.","price":"1,48 €","offer_price":0,"offer_type":null,"stock":false,"super":"alcampo"},{"img":"https://www.alcampo.es/media/hb2/h4e/10032229711902.jpg","name":"Fuet casero de categoria extra, embuchado en tripa natural y sin colorantes EL POZO 2 x 150 g.","price":"3,75 €","offer_price":0,"offer_type":null,"stock":false,"super":"alcampo"},{"img":"https://www.alcampo.es/media/h6a/h0f/9525308719134.jpg","name":"Fuet de categoria extra AUCHAN Económico 160 g.","price":"1,35 €","offer_price":0,"offer_type":null,"stock":false,"super":"alcampo"},{"img":"https://www.alcampo.es/media/ha6/h33/9660194586654.jpg","name":"Espetec de categoria extra CAN DURAN 180 g.","price":"1,98 €","offer_price":0,"offer_type":null,"stock":false,"super":"alcampo"},{"img":"https://www.alcampo.es/media/h17/hfe/9558009544734.jpg","name":"Fuet de categoria extra, sin gluten, sin lactosa, sin soja ni colorantes CAN DURA Exentis 170 g.","price":"2,21 €","offer_price":0,"offer_type":null,"stock":false,"super":"alcampo"},{"img":"https://www.alcampo.es/media/h44/h79/10801771773982.jpg","name":"Fuet casero de calidad extra, sin colorante y embuchado en tripa natual EL POZO 150 g.","price":"1,68 €","offer_price":0,"offer_type":null,"stock":false,"super":"alcampo"},{"img":"https://www.alcampo.es/media/h09/h43/10546599526430.jpg","name":"Fuet casero con pavo, de categoria extra, sin colorantes y embuchado en tripa natural EL POZO 150 g.","price":"1,69 €","offer_price":0,"offer_type":null,"stock":false,"super":"alcampo"},{"img":"https://www.alcampo.es/media/h23/h14/9271032119326.jpg","name":"Fuet de calidad extra, cortado en tapas y sin piel ARGAL 80 g.","price":"1,69 €","offer_price":0,"offer_type":null,"stock":false,"super":"alcampo"},{"img":"https://www.alcampo.es/media/ha4/h37/9659255160862.jpg","name":"Fuet nobleza EL POZO 200 g.","price":"1,68 €","offer_price":0,"offer_type":null,"stock":false,"super":"alcampo"},{"img":"https://www.alcampo.es/media/h8d/h26/10734145110046.jpg","name":"Fuet de pavo extrasabroso PAVOFRÍO de Campofrío 170 g.","price":"2,11 €","offer_price":0,"offer_type":null,"stock":false,"super":"alcampo"},{"img":"https://www.alcampo.es/media/h15/h53/10734152220702.jpg","name":"Fuet de calidad extra, elaborado sin gluten y sin colorantes ARGAL 2 x 120 g.","price":"2,69 €","offer_price":0,"offer_type":null,"stock":false,"super":"alcampo"},{"img":"https://www.alcampo.es/media/he5/h5f/10734162051102.jpg","name":"Fuet extra receta original NAVIDUL La fueteria 170 g.","price":"1,97 €","offer_price":0,"offer_type":null,"stock":false,"super":"alcampo"},{"img":"https://www.alcampo.es/media/h47/hb1/10734125056030.jpg","name":"Fuet ibérico elaborado sin gluten, ni soja, ni colorantes, ni sulfitos ARGAL 150 g.","price":"2,40 €","offer_price":0,"offer_type":null,"stock":false,"super":"alcampo"},{"img":"https://www.alcampo.es/media/h59/hc7/10730979721246.jpg","name":"Fuet de pavo, elaborado sin lactosa, ni gluten ni soja CAN DURAN Exentis 150 g.","price":"2,44 €","offer_price":0,"offer_type":null,"stock":false,"super":"alcampo"},{"img":"https://www.alcampo.es/media/hcd/hf8/10506625318942.jpg","name":"Fuet de calidad extra de cerdos cruce Duroc EL POZO 170 g.","price":"1,90 €","offer_price":0,"offer_type":null,"stock":false,"super":"alcampo"},{"img":"https://www.alcampo.es/media/hc7/ha5/10734162214942.jpg","name":"Fuet de sabor intenso con carne de cerdo ibérico NAVIDUL La fuetería 150 g.","price":"2,11 €","offer_price":0,"offer_type":null,"stock":false,"super":"alcampo"},{"img":"https://www.alcampo.es/media/hdc/hde/9683541917726.jpg","name":"Fuet realizado sin soja, ni gluten, ni colorantes, ni sulfitos ARGAL 160 g.","price":"1,99 €","offer_price":0,"offer_type":null,"stock":false,"super":"alcampo"},{"img":"https://www.alcampo.es/media/h4b/h2c/10802634129438.jpg","name":"Fuet extra a la pimienta, elaborado sin colorantes, ni gluten, ni soja CASADEMONT 170 g.","price":"2,06 €","offer_price":0,"offer_type":null,"stock":false,"super":"alcampo"},{"img":"https://www.alcampo.es/media/h1c/h0d/10717920854046.jpg","name":"Fuet (espetec) de categoria extra con contenido reducido en sal CASADEMONT 2 x 170 g.","price":"3,28 €","offer_price":0,"offer_type":null,"stock":false,"super":"alcampo"},{"img":"https://www.alcampo.es/media/hb8/h42/10418344493086.jpg","name":"Fuet de categoria extra, elaborado sin gluten SOLÁ 175 g.","price":"1,89 €","offer_price":0,"offer_type":null,"stock":false,"super":"alcampo"},{"img":"https://www.alcampo.es/media/hc4/h53/10717939892254.jpg","name":"Fuet (espetec) de categoria extra y con contenido reducido en sal CASADEMONT 170 g.","price":"1,73 €","offer_price":0,"offer_type":null,"stock":false,"super":"alcampo"},{"img":"https://www.alcampo.es/media/h12/h50/9051501101086.jpg","name":"Espetec de calidad extra, realizado sin gluten BOADAS 170 gr.","price":"2,45 €","offer_price":0,"offer_type":null,"stock":false,"super":"alcampo"},{"img":"https://www.alcampo.es/media/h85/he0/8964879908894.jpg","name":"Fuet extra sin lactosa, proteinas de leche, gluten, soja ni colorantes EXENTIS Zero 165 gr.","price":"2,49 €","offer_price":0,"offer_type":null,"stock":false,"super":"alcampo"},{"img":"https://www.alcampo.es/media/ha3/h57/10802765791262.jpg","name":"Fuet enriquecido con Probióticos, elaborado sin colorantes ni gluten ni soja CASADEMONT 170 g.","price":"1,79 €","offer_price":0,"offer_type":null,"stock":false,"super":"alcampo"},{"img":"https://www.alcampo.es/media/he3/ha9/10802540904478.jpg","name":"Fuet de pollo, elaborado sin colorantes, ni gluten ni soja CASADEMONT 150 g.","price":"1,79 €","offer_price":0,"offer_type":null,"stock":false,"super":"alcampo"},{"img":"https://www.alcampo.es/media/h68/hd8/9168416768030.jpg","name":"Fuet Ecológico LA MERENDOLA 130 g.","price":"2,79 €","offer_price":0,"offer_type":null,"stock":false,"super":"alcampo"},{"img":"https://www.alcampo.es/media/he3/h29/10467962159134.jpg","name":"Fuet con boluetus y trufa NAVIDUL La fueteria 150 g.","price":"2,39 €","offer_price":0,"offer_type":null,"stock":false,"super":"alcampo"}]